time,flux,flux_err
1354.1074113410245,24635.42,18.856627
1354.1088002024744,24656.008,18.861403
1354.110189063866,24635.62,18.864876
1354.1129667867635,24621.027,18.853863
1354.1143556482134,24617.4,18.859161
1354.1157445097215,24630.531,18.860582
1354.117133371171,24625.502,18.855038
1354.118522232678,24619.252,18.856379
1354.1199110941275,24591.127,18.846928
1354.1212999556355,24608.816,18.850521
1354.1226888171436,24626.053,18.85594
1354.1240776786503,24591.582,18.844854
1354.1254665402157,24614.99,18.854813
1354.1268554017238,24644.342,18.858902
1354.12824426329,24625.61,18.854614
1354.129633124856,24569.107,18.83508
1354.1310219864208,24603.941,18.852089
1354.132410847987,24626.0,18.856173
1354.1337997095534,24632.547,18.868769
1354.1351885711779,24608.371,18.86289
1354.1365774327437,24632.928,18.860384
1354.1379662943668,24623.742,18.860605
1354.1393551559913,24631.67,18.859589
1354.1407440176158,24648.238,18.869524
1354.142132879239,24569.453,18.845726
1354.1435217408625,24641.586,18.865444
1354.1449106025452,24618.771,18.859709
1354.1462994641697,24630.043,18.856024
1354.1476883258524,24626.652,18.863256
1354.1490771875337,24639.95,18.858992
1354.150466049216,24631.836,18.862316
1354.1518549108987,24622.502,18.852022
1354.1532437726396,24637.525,18.85762
1354.1546326343214,24599.926,18.855206
1354.156021496061,24621.11,18.851
1354.1574103578018,24599.65,18.855406
1354.1587992195427,24632.008,18.858007
1354.1601880812832,24612.682,18.854565
1354.1615769430232,24668.326,18.867262
1354.1629658048219,24590.404,18.849808
1354.1643546665628,24667.969,18.869453
1354.1657435283619,24598.283,18.851732
1354.1671323901596,24651.244,18.864258
1354.1685212519583,24664.352,18.866749
1354.1699101137574,24626.73,18.858599
1354.1712989755565,24567.402,18.845001
1354.1726878374138,24631.396,18.857113
1354.1740766992116,24620.61,18.849585
1354.175465561068,24605.0,18.844799
1354.1768544229253,24600.7,18.853205
1354.1782432847822,24595.557,18.8466
1354.1796321466395,24593.828,18.850018
1354.1810210085541,24626.402,18.854494
1354.182409870411,24628.715,18.85726
1354.1837987323265,24634.814,18.852745
1354.185187594183,24620.45,18.859552
1354.186576456098,24621.586,18.853148
1354.1879653180126,24627.557,18.860052
1354.1893541799864,24609.873,18.853508
1354.190743041902,24595.102,18.849466
1354.192131903817,24616.943,18.86078
1354.1935207657903,24626.602,18.852886
1354.194909627763,24628.252,18.851517
1354.1962984897364,24615.627,18.851255
1354.19768735171,24634.566,18.862103
1354.199076213683,24611.816,18.850046
1354.2004650756562,24626.852,18.859465
1354.2018539376882,24635.156,18.857895
1354.2032427997192,24619.025,18.861498
1354.204631661693,24642.516,18.854929
1354.2060205237244,24650.705,18.859367
1354.2074093857555,24594.271,18.853052
1354.2087982477874,24618.916,18.855654
1354.210187109877,24594.309,18.84625
1354.2115759719081,24614.926,18.850933
1354.2129648339978,24618.021,18.851711
1354.214353696087,24615.297,18.860376
1354.2157425581772,24641.223,18.861635
1354.2171314202674,24623.277,18.864504
1354.218520282357,24625.264,18.853895
1354.2199091444463,24634.084,18.857494
1354.2212980065942,24598.717,18.84576
1354.2226868686844,24641.428,18.853613
1354.224075730832,24614.752,18.855982
1354.2254645929797,24625.055,18.860624
1354.226853455128,24606.947,18.850815
1354.228242317276,24626.723,18.867573
1354.2296311794244,24599.691,18.847464
1354.23102004163,24621.969,18.854557
1354.232408903777,24634.441,18.864086
1354.2337977659836,24621.404,18.85355
1354.2351866281901,24601.846,18.855417
1354.2365754903967,24601.018,18.846367
1354.2379643526028,24629.822,18.864738
1354.239353214808,24616.912,18.85408
1354.2407420770728,24613.297,18.849945
1354.2421309392794,24633.486,18.8547
1354.2435198015432,24634.678,18.862984
1354.2449086638076,24627.549,18.856405
1354.2462975260714,24599.676,18.841814
1354.2476863883362,24597.299,18.845688
1354.249075250601,24591.969,18.845615
1354.2504641129226,24601.875,18.84919
1354.251852975187,24599.379,18.85331
1354.25324183751,24632.166,18.853144
1354.2546306997747,24613.623,18.862253
1354.2560195620972,24620.549,18.85134
1354.2574084244188,24631.598,18.853891
1354.2587972868,24624.916,18.85952
1354.260186149123,24621.922,18.857372
1354.261575011446,24633.496,18.85148
1354.2629638738263,24608.139,18.855867
1354.264352736206,24617.3,18.856318
1354.265741598529,24615.557,18.853714
1354.2671304609103,24598.44,18.849688
1354.26851932329,24586.049,18.845907
1354.269908185729,24662.059,18.86088
1354.2712970481102,24609.357,18.847355
1354.2726859105496,24609.998,18.84662
1354.2740747729308,24601.947,18.850525
1354.2754636353689,24574.047,18.836985
1354.2768524978073,24597.625,18.840097
1354.2782413602467,24613.676,18.851274
1354.2796302226861,24619.074,18.859695
1354.281019085125,24624.09,18.849112
1354.2824079476213,24643.586,18.861593
1354.2837968100607,24640.852,18.855507
1354.2851856725583,24607.352,18.854193
1354.2865745350555,24649.52,18.859642
1354.2879633975522,24617.672,18.84858
1354.2893522600493,24627.293,18.857494
1354.290741122547,24633.137,18.856491
1354.2921299850445,24630.25,18.856897
1354.293518847599,24622.05,18.854412
1354.2949077100957,24633.428,18.853611
1354.2962965726515,24648.709,18.857702
1354.2976854352073,24601.598,18.848942
1354.2990742977631,24629.42,18.84974
1354.3004631603176,24596.396,18.844126
1354.301852022873,24634.943,18.854748
1354.303240885487,24621.422,18.844292
1354.3046297480419,24641.5,18.86665
1354.3060186106559,24614.672,18.855846
1354.3074074732694,24627.354,18.852736
1354.3087963358244,24603.998,18.851152
1354.3101851984384,24593.47,18.845661
1354.3115740611102,24605.135,18.850332
1354.3129629237233,24623.346,18.849892
1354.3143517863368,24607.586,18.848776
1354.315740649009,24637.1,18.86336
1354.317129511623,24634.596,18.865414
1354.3185183742949,24644.023,18.858017
1354.3199072369662,24656.38,18.85741
1354.321296099638,24638.518,18.852736
1354.3226849623093,24631.957,18.862566
1354.3240738249815,24636.135,18.861351
1354.3254626877115,24661.44,18.8633
1354.3268515503828,24647.785,18.861364
1354.3282404131132,24651.775,18.85188
1354.3296292758432,24610.271,18.859709
1354.3310181385737,24595.055,18.844076
1354.3324070013032,24648.398,18.860342
1354.3337958640332,24604.469,18.846836
1354.3351847267636,24651.049,18.868113
1354.3365735894931,24635.473,18.855385
1354.3379624522813,24612.873,18.848574
1354.3393513150108,24646.072,18.860136
1354.340740177799,24645.738,18.856804
1354.3421290405877,24603.133,18.85199
1354.3435179033763,24593.818,18.842813
1354.344906766164,24586.072,18.852186
1354.3462956289522,24610.299,18.851622
1354.3476844917986,24666.172,18.861105
1354.3490733545873,24647.244,18.859388
1354.3504622174332,24608.861,18.843733
1354.3518510802214,24600.127,18.84979
1354.3532399430683,24631.355,18.854338
1354.3546288059142,24642.627,18.863625
1354.356017668761,24623.848,18.851824
1354.3574065316657,24641.438,18.858732
1354.3587953945112,24587.152,18.843151
1354.360184257358,24627.012,18.857943
1354.361573120263,24654.834,18.856962
1354.3629619831681,24623.367,18.855577
1354.364350846014,24606.469,18.840855
1354.3657397089178,24597.385,18.842443
1354.3671285718228,24605.916,18.847336
1354.368517434728,24609.709,18.848625
1354.3699062976907,24599.414,18.853012
1354.3712951605949,24624.668,18.854208
1354.3726840235577,24595.75,18.83975
1354.3740728864627,24561.955,18.836493
1354.375461749426,24627.412,18.85518
1354.376850612388,24615.457,18.851015
1354.3782394753505,24640.41,18.862097
1354.379628338314,24621.137,18.860048
1354.3810172012772,24616.604,18.84912
1354.3824060642396,24631.002,18.854124
1354.3837949272597,24630.375,18.855404
1354.385183790223,24619.91,18.846666
1354.3865726532445,24598.154,18.845114
1354.3879615162655,24614.217,18.85277
1354.389350379286,24609.117,18.848944
1354.390739242307,24613.17,18.845118
1354.3921281053285,24640.912,18.857182
1354.39351696835,24624.65,18.846518
1354.3949058314283,24627.688,18.85528
1354.396294694449,24588.348,18.843727
1354.3976835575286,24628.709,18.85872
1354.39907242055,24644.746,18.852108
1354.4004612836297,24661.469,18.866564
1354.401850146708,24634.848,18.854212
1354.4032390097873,24607.531,18.844624
1354.404627872867,24589.32,18.843084
1354.406016736004,24627.578,18.849802
1354.4074055990839,24610.94,18.848406
1354.408794462221,24613.033,18.84661
1354.4101833253003,24623.809,18.857347
1354.4115721884382,24611.633,18.847387
1354.4129610515752,24599.309,18.845469
1354.4143499147126,24609.904,18.844004
1354.4157387778496,24650.61,18.86184
1354.4171276409875,24611.316,18.850925
1354.4185165041254,24650.863,18.866524
1354.419905367321,24641.17,18.860247
1354.421294230458,24636.148,18.858032
1354.4226830936536,24632.336,18.848959
1354.4240719568488,24630.842,18.857029
1354.425460820045,24589.834,18.845177
1354.4268496832406,24625.152,18.85078
1354.4282385464358,24614.426,18.85563
1354.4296274096318,24622.553,18.846495
1354.4310162728275,24607.018,18.849976
1354.4324051360818,24634.465,18.866894
1354.433793999277,24614.268,18.844471
1354.4351828625308,24589.47,18.840544
1354.436571725727,24622.299,18.848898
1354.4379605889806,24625.645,18.858253
1354.4393494522342,24606.994,18.848291
1354.440738315488,24589.996,18.838749
1354.4421271787414,24627.115,18.851954
1354.443516042054,24650.6,18.855436
1354.4449049053082,24609.562,18.842205
1354.4462937686203,24608.305,18.844706
1354.4476826318737,24612.045,18.86178
1354.4490714951858,24618.518,18.845442
1354.4504603584983,24630.4,18.85676
1354.4518492218108,24594.75,18.845203
1354.4532380851224,24639.996,18.857708
1354.4546269484345,24635.527,18.85462
1354.456015811746,24623.785,18.853037
1354.4574046751168,24593.6,18.849003
1354.4587935384288,24620.357,18.850895
1354.4601824017982,24607.875,18.853558
1354.4615712651107,24588.047,18.844315
1354.4629601284814,24620.637,18.847433
1354.4643489918521,24635.23,18.850477
1354.465737855222,24625.305,18.851494
1354.4671267185913,24618.553,18.842726
1354.4685155819623,24637.418,18.854126
1354.4699044453914,24617.496,18.844389
1354.4712933087612,24635.682,18.854496
1354.4726821721897,24643.271,18.861343
1354.4740710355595,24601.197,18.849901
1354.4754598989884,24598.602,18.849733
1354.4768487624174,24614.19,18.848253
1354.478237625845,24653.646,18.87054
1354.4796264892734,24624.24,18.844341
1354.4810153527023,24617.943,18.85347
1354.4824042161313,24606.766,18.851587
1354.4837930796175,24625.979,18.852999
1354.485181943045,24604.8,18.851973
1354.4865708065322,24633.361,18.847015
1354.4879596699611,24608.35,18.851276
1354.4893485334483,24622.715,18.852335
1354.490737396935,24602.111,18.844011
1354.4921262604207,24643.826,18.849226
1354.4935151239079,24630.25,18.848251
1354.494903987395,24615.676,18.849014
1354.4962928508812,24592.514,18.839863
1354.497681714426,24623.008,18.851597
1354.4990705779123,24653.977,18.85801
1354.500459441458,24643.105,18.853527
1354.5018483050035,24597.107,18.852745
1354.5032371684892,24618.96,18.851284
1354.5046260320337,24648.527,18.853876
1354.506014895579,24620.654,18.854876
1354.5074037591244,24590.193,18.846832
1354.508792622728,24630.727,18.855284
1354.510181486272,24635.625,18.860945
1354.5115703498168,24606.957,18.845022
1354.5129592134203,24596.564,18.846046
1354.5143480769648,24619.594,18.8493
1354.5157369405679,24644.357,18.86298
1354.5171258041705,24599.914,18.84454
1354.518514667774,24601.0,18.849503
1354.5199035313776,24581.771,18.831684
1354.5212923949807,24668.008,18.869303
1354.5226812585834,24629.64,18.846514
1354.5240701221865,24627.656,18.851955
1354.5254589858482,24593.227,18.84049
1354.5268478494518,24617.535,18.847841
1354.5282367131122,24603.414,18.849443
1354.529625576715,24630.902,18.848652
1354.531014440377,24614.322,18.847095
1354.5324033040379,24626.416,18.84922
1354.5337921676996,24607.709,18.843828
1354.535181031361,24604.291,18.845488
1354.5365698950218,24620.139,18.848495
1354.5379587587418,24606.574,18.848799
1354.539347622403,24633.846,18.855335
1354.5407364860648,24606.053,18.84007
1354.5421253497839,24623.59,18.84625
1354.5435142135034,24596.236,18.842503
1354.5449030771651,24619.666,18.850046
1354.5462919408842,24621.33,18.84922
1354.5476808046037,24613.486,18.844507
1354.5490696683228,24636.81,18.852272
1354.5504585320423,24640.375,18.85684
1354.5518473958205,24592.994,18.845999
1354.5532362595404,24605.941,18.847122
1354.5546251232595,24611.44,18.850067
1354.5560139870372,24624.04,18.850172
1354.5574028507563,24615.87,18.848173
1354.5587917145344,24590.443,18.83892
1354.5601805783122,24622.686,18.852919
1354.5615694420896,24626.287,18.8501
1354.562958305868,24615.375,18.849842
1354.5643471696453,24586.77,18.835165
1354.5657360334235,24629.748,18.848154
1354.5671248972012,24615.6,18.847591
1354.5685137610362,24613.348,18.852184
1354.5699026248144,24609.133,18.845966
1354.5712914886508,24614.117,18.85102
1354.572680352428,24623.11,18.849691
1354.574069216264,24604.803,18.840485
1354.5754580800995,24624.477,18.851871
1354.5768469439358,24638.227,18.861729
1354.5782358077722,24640.559,18.85382
1354.5796246716081,24604.967,18.843218
1354.5810135354436,24628.066,18.853529
1354.5824023992795,24628.191,18.849049
1354.5837912631741,24631.844,18.856031
1354.5851801270105,24626.947,18.856668
1354.5865689909037,24576.39,18.835197
1354.5879578547392,24608.678,18.84367
1354.5893467186338,24633.684,18.857521
1354.5907355825286,24621.586,18.85491
1354.5921244464225,24611.938,18.84544
1354.5935133103158,24609.787,18.849892
1354.5949021742103,24620.207,18.853281
1354.596291038105,24630.137,18.85093
1354.5976799020577,24616.69,18.843527
1354.5990687659519,24616.53,18.853558
1354.600457629845,24589.154,18.840498
1354.601846493798,24589.443,18.839207
1354.6032353577507,24574.553,18.844997
1354.604624221644,24624.408,18.847528
1354.6060130855958,24589.207,18.842243
1354.6074019495486,24603.367,18.855963
1354.6087908135014,24613.16,18.844444
1354.6101796774542,24625.455,18.853403
1354.6115685414056,24619.719,18.852291
1354.6129574054162,24591.285,18.837559
1354.614346269369,24620.107,18.856155
1354.6157351333218,24620.912,18.849298
1354.6171239973319,24632.807,18.854914
1354.6185128613415,24621.291,18.849903
1354.6199017252943,24617.713,18.847483
1354.6212905893055,24635.518,18.852877
1354.6226794533159,24630.379,18.855755
1354.6240683173264,24637.297,18.854673
1354.6254571813365,24639.217,18.856543
1354.6268460453475,24646.527,18.858864
1354.6282349093585,24647.727,18.859177
1354.6296237734273,24633.459,18.851461
1354.6310126374374,24608.662,18.8529
1354.6324015015061,24633.783,18.846718
1354.6337903655171,24614.326,18.844223
1354.6351792295864,24637.09,18.853743
1354.6365680936542,24610.914,18.83518
1354.6379569576643,24617.527,18.844614
1354.6393458217335,24593.734,18.842651
1354.6407346858023,24649.79,18.859812
1354.6421235499297,24610.082,18.849737
1354.643512413998,24613.72,18.84229
1354.6449012780668,24576.473,18.84423
1354.646290142136,24616.367,18.84488
1354.6476790062625,24597.59,18.845507
1354.6490678703312,24629.842,18.85165
1354.6504567344577,24627.379,18.85721
1354.6518455985854,24612.45,18.851305
1354.6532344626548,24612.182,18.851492
1354.6546233267813,24640.252,18.86098
1354.6560121909083,24615.004,18.848045
1354.6574010550348,24607.568,18.84333
1354.6587899191618,24641.863,18.860043
1354.6601787833474,24604.428,18.855791
1354.6615676474748,24639.1,18.859056
1354.6629565116014,24604.648,18.852203
1354.6643453757865,24637.586,18.854315
1354.665734239913,24620.762,18.852882
1354.6671231040987,24602.695,18.847492
1354.6685119682256,24630.186,18.853464
1354.6699008324103,24604.025,18.836811
1354.671289696596,24608.318,18.84516
1354.6726785607812,24630.398,18.847395
1354.6740674249668,24611.49,18.843658
1354.6754562891515,24621.945,18.845636
1354.6768451533358,24617.258,18.847218
1354.6782340175796,24592.41,18.83842
1354.6796228817652,24614.19,18.846758
1354.6810117459504,24620.076,18.855473
1354.6824006101933,24624.576,18.85456
1354.6837894744367,24617.652,18.849545
1354.6851783386223,24605.88,18.858175
1354.6865672028662,24609.717,18.84315
1354.6879560671086,24614.227,18.846361
1354.689344931352,24632.838,18.8472
1354.6907337955959,24632.615,18.856281
1354.6921226598397,24568.258,18.838457
1354.6935115240826,24595.14,18.841936
1354.694900388325,24607.549,18.842672
1354.6962892526271,24631.812,18.849106
1354.697678116871,24608.979,18.859205
1354.6990669811148,24611.277,18.847506
1354.7004558454164,24600.715,18.843447
1354.701844709717,24602.342,18.84116
1354.703233573961,24625.613,18.858585
1354.704622438263,24620.906,18.84748
1354.706011302564,24644.465,18.855284
1354.7074001668657,24601.367,18.848223
1354.7087890311668,24646.262,18.859377
1354.7101778954689,24603.232,18.85098
1354.711566759771,24601.205,18.84078
1354.7129556241298,24624.195,18.85423
1354.7143444884314,24625.703,18.85592
1354.7157333527334,24636.664,18.849308
1354.7171222170937,24620.398,18.843828
1354.718511081454,24586.53,18.836304
1354.7198999457546,24599.87,18.844917
1354.7212888101144,24629.44,18.854687
1354.7226776744747,24589.654,18.840334
1354.724066538834,24651.484,18.858803
1354.7254554031938,24633.342,18.854004
1354.7268442675531,24624.992,18.847288
1354.7282331319134,24620.584,18.847454
1354.7296219962736,24606.805,18.852121
1354.7310108606334,24597.225,18.853569
1354.732399725051,24628.14,18.851114
1354.7337885894108,24622.814,18.850565
1354.7351774538292,24619.396,18.85146
1354.7365663181895,24569.197,18.833422
1354.737955182607,24667.979,18.860935
1354.739344047025,24636.934,18.846506
1354.7407329113844,24614.57,18.849123
1354.7421217758024,24596.957,18.837275
1354.7435106402208,24625.031,18.849865
1354.7448995046386,24606.887,18.852106
1354.7462883690564,24624.635,18.84541
1354.747677233533,24601.553,18.848278
1354.749066097951,24615.209,18.845808
1354.7504549623695,24652.41,18.862331
1354.7518438268453,24667.479,18.862263
1354.7532326912633,24598.729,18.842646
1354.75462155574,24624.06,18.855246
1354.7560104201575,24614.365,18.847116
1354.7573992846337,24618.242,18.852272
1354.7587881491095,24595.584,18.843744
1354.7601770135857,24623.414,18.851751
1354.7615658780624,24621.035,18.851799
1354.762954742539,24633.768,18.851185
1354.7643436070148,24621.54,18.859327
1354.765732471491,24655.324,18.8604
1354.7671213359667,24634.746,18.856098
1354.7685102005016,24624.459,18.85065
1354.7698990649783,24612.441,18.851307
1354.7712879294545,24603.746,18.84416
1354.7726767939885,24658.225,18.854376
1354.7740656585229,24612.809,18.851538
1354.7754545229996,24631.605,18.855923
1354.776843387534,24651.229,18.857317
1354.7782322520675,24649.627,18.8585
1354.7796211166024,24608.89,18.846527
1354.7810099811372,24631.158,18.84954
1354.782398845672,24622.406,18.848717
1354.783787710206,24615.643,18.846134
1354.7851765747396,24622.404,18.853962
1354.7865654392745,24615.82,18.851728
1354.7879543038675,24607.25,18.844551
1354.789343168402,24611.479,18.850262
1354.7907320329941,24647.305,18.856758
1354.7921208975285,24617.453,18.84909
1354.7935097621216,24596.695,18.849955
1354.7948986266565,24633.018,18.855303
1354.7962874912482,24637.857,18.84918
1354.7976763558404,24616.05,18.845654
1354.7990652204335,24634.004,18.851156
1354.8004540850266,24625.365,18.854546
1354.8018429496196,24617.729,18.84304
1354.8032318142114,24592.273,18.84412
1354.804620678804,24622.445,18.85349
1354.806009543397,24649.39,18.866707
1354.8073984080484,24627.373,18.848145
1354.808787272641,24605.057,18.844873
1354.810176137291,24600.6,18.851276
1354.811565001884,24607.775,18.846651
1354.8129538665353,24617.994,18.839796
1354.8143427311275,24586.287,18.837982
1354.8157315957783,24631.547,18.850235
1354.8171204604287,24623.72,18.847233
1354.81850932508,24606.05,18.840786
1354.8198981897312,24608.852,18.844305
1354.8212870543812,24608.342,18.84766
1354.822675919032,24609.14,18.851248
1354.8240647836833,24632.455,18.84859
1354.8254536483346,24622.38,18.85546
1354.826842513044,24622.93,18.848097
1354.828231377694,24638.295,18.859251
1354.8296202423444,24628.848,18.852806
1354.831009107054,24609.662,18.841255
1354.8323979717047,24626.297,18.853096
1354.8337868364142,24614.867,18.846203
1354.8351757011228,24623.979,18.85704
1354.8365645657736,24660.389,18.865992
1354.8379534304831,24606.479,18.83794
1354.8393422951922,24620.52,18.852016
1354.8407311599008,24626.178,18.849577
1354.8421200246098,24592.762,18.838314
1354.8435088893193,24636.58,18.85578
1354.844897754087,24613.367,18.849491
1354.8462866187956,24642.383,18.857702
1354.8476754835046,24602.23,18.840384
1354.8490643482132,24597.545,18.847658
1354.8504532129805,24609.799,18.849337
1354.85184207769,24607.932,18.847881
1354.8532309424568,24646.584,18.858494
1354.854619807224,24637.31,18.858206
1354.8560086719335,24604.178,18.85171
1354.8573975367003,24617.816,18.848316
1354.858786401468,24602.635,18.851088
1354.8601752662353,24615.273,18.857574
1354.861564131002,24621.32,18.860954
1354.8629529957698,24620.488,18.843351
1354.864341860537,24660.58,18.862173
1354.8657307253047,24569.34,18.8364
1354.867119590072,24573.717,18.84271
1354.8685084548965,24612.068,18.857042
1354.8698973196642,24619.977,18.845331
1354.871286184432,24603.34,18.850025
1354.872675049257,24622.21,18.843058
1354.8740639140242,24611.371,18.853098
1354.8754527788492,24610.922,18.840515
1354.876841643675,24661.484,18.862936
1354.878230508501,24623.182,18.86022
1354.8796193732683,24605.46,18.839985
1354.8810082380933,24624.547,18.852165
1354.8823971029187,24626.873,18.84951
1354.8837859677446,24624.816,18.851465
1354.8851748325696,24604.523,18.847654
1354.8865636973942,24654.885,18.857243
1354.8879525622783,24628.83,18.8547
1354.8893414271042,24584.414,18.841618
1354.8907302919301,24597.9,18.838308
1354.8921191568138,24585.867,18.837776
1354.8935080216384,24555.46,18.83762
1354.8948968865225,24594.873,18.833702
1354.8962857513484,24606.486,18.84748
1354.8976746162325,24585.082,18.842978
1354.8990634811162,24592.719,18.840532
1354.9004523459407,24611.8,18.854935
1354.9018412108248,24613.979,18.84984
1354.903230075709,24604.307,18.845316
1354.9046189405917,24611.027,18.848347
1354.906007805475,24577.39,18.838917
1354.907396670359,24593.03,18.847256
1354.9087855352432,24586.717,18.839806
1354.9101744001273,24610.3,18.84427
1354.9115632650683,24649.611,18.861898
1354.912952129952,24631.037,18.851292
1354.914340994836,24592.287,18.837011
1354.9157298597784,24640.701,18.856657
1354.9171187246616,24626.373,18.849789
1354.9185075896025,24631.635,18.85281
1354.9198964545449,24575.518,18.838522
1354.921285319429,24610.541,18.840784
1354.9226741843709,24606.266,18.848064
1354.9240630493123,24622.93,18.84887
1354.9254519142542,24638.236,18.85213
1354.9268407791965,24622.678,18.853159
1354.9282296441388,24618.793,18.851622
1354.9296185090807,24619.326,18.846104
1354.931007374022,24627.223,18.856253
1354.9337851039063,24640.406,18.858206
1354.9351739689068,24602.299,18.846527
1354.9365628338478,24628.883,18.850586
1354.9379516988474,24617.219,18.84991
1354.9393405637898,24633.625,18.852365
1354.9407294287898,24616.32,18.855463
1354.9421182937322,24579.627,18.844921
1354.9435071587318,24627.104,18.851929
1354.9448960237319,24614.902,18.848747
1354.9462848886742,24650.47,18.858782
1354.9476737536738,24617.826,18.851418
1354.9490626186744,24644.4,18.85227
1354.9504514836744,24604.11,18.846933
1354.951840348674,24596.094,18.837109
1354.9532292136746,24639.623,18.853924
1354.9546180786747,24654.697,18.868246
1354.9560069437325,24619.738,18.84443
1354.9573958087326,24599.992,18.843666
1354.9587846737325,24620.06,18.852875
1354.9601735387914,24603.486,18.845606
1354.961562403792,24615.213,18.84935
1354.9629512688498,24671.695,18.87342
1354.9643401338499,24584.959,18.841366
1354.9657289989077,24617.3,18.849543
1354.9671178639082,24666.027,18.864521
1354.9685067289665,24593.96,18.837763
1354.969895594024,24598.098,18.841743
1354.9712844590827,24612.486,18.846333
1354.9726733241414,24627.467,18.853176
1354.9740621892001,24616.93,18.851305
1354.975451054258,24635.65,18.856369
1354.9768399193154,24608.365,18.854338
1354.978228784374,24654.018,18.862303
1354.9796176494328,24633.062,18.850536
1354.9810065144916,24625.617,18.851244
1354.982395379608,24612.525,18.845549
1354.9837842446655,24622.86,18.848246
1354.9851731097242,24591.99,18.83922
1354.9865619748412,24608.79,18.847023
1354.9879508399567,24631.432,18.85054
1354.9893397050148,24637.607,18.85531
1354.990728570132,24640.164,18.858788
1354.9921174351907,24615.236,18.84715
1354.9935063003077,24625.219,18.858702
1354.9948951654233,24596.98,18.853247
1354.9962840305393,24640.49,18.852003
1354.9976728956563,24604.227,18.847294
1354.9990617607732,24598.93,18.844803
1355.0004506258897,24656.986,18.859632
1355.0018394910053,24614.213,18.850237
1355.0032283561222,24614.637,18.855787
1355.0046172212392,24627.54,18.857256
1355.0060060864134,24616.086,18.850298
1355.00739495153,24584.127,18.849377
1355.008783816646,24612.361,18.842464
1355.0101726818211,24608.283,18.84594
1355.011561546938,24621.205,18.855309
1355.0129504121128,24625.94,18.852388
1355.0143392772288,24609.732,18.85334
1355.0157281424035,24616.457,18.85097
1355.0171170075787,24598.68,18.847464
1355.0185058727538,24596.297,18.843903
1355.0198947378694,24650.613,18.857033
1355.021283603044,24601.738,18.851118
1355.0226724682193,24592.55,18.834309
1355.0240613333935,24593.15,18.841782
1355.0254501985687,24620.963,18.847536
1355.0268390637434,24626.523,18.845346
1355.0282279289759,24635.787,18.860098
1355.029616794151,24591.082,18.840755
1355.0310056593257,24595.398,18.844807
1355.032394524501,24628.441,18.854918
1355.0337833897333,24632.715,18.853529
1355.035172254908,24642.227,18.85542
1355.0365611201414,24599.453,18.84253
1355.0379499853157,24616.438,18.84561
1355.0393388505486,24601.057,18.844585
1355.0407277157228,24643.32,18.866169
1355.0421165809557,24624.982,18.843676
1355.043505446189,24604.344,18.843838
1355.0448943114225,24666.14,18.864035
1355.0462831765967,24628.814,18.855713
1355.0476720418296,24584.684,18.841614
1355.049060907062,24625.865,18.852531
1355.0504497722957,24619.773,18.856533
1355.0518386375284,24630.08,18.849352
1355.0532275027613,24629.584,18.853352
1355.0546163680528,24636.629,18.853428
1355.0560052332853,24618.293,18.849905
1355.0573940985187,24603.871,18.84467
1355.0587829637516,24633.012,18.86143
1355.0601718290418,24638.336,18.854342
1355.0615606942752,24606.818,18.843407
1355.0629495595667,24649.932,18.857523
1355.0643384248,24582.996,18.836622
1355.0657272900908,24612.559,18.84971
1355.067116155381,24618.486,18.854795
1355.0685050206143,24633.588,18.859377
1355.069893885906,24617.11,18.84528
1355.071282751197,24599.725,18.84367
1355.0726716164877,24606.752,18.852081
1355.0740604817788,24616.271,18.846972
1355.0754493470122,24627.783,18.850025
1355.0768382123038,24650.416,18.859974
1355.0782270776522,24626.828,18.854591
1355.0796159429428,24633.525,18.854939
1355.0810048082346,24577.004,18.839699
1355.0823936735264,24632.441,18.854206
1355.083782538817,24639.809,18.85012
1355.0851714041655,24657.871,18.861576
1355.086560269457,24626.262,18.8555
1355.0879491347487,24632.04,18.856367
1355.0893380000985,24659.53,18.85977
1355.0907268653896,24624.332,18.849035
1355.092115730738,24606.396,18.844461
1355.0935045960878,24612.348,18.848013
1355.0948934613793,24624.338,18.847788
1355.0962823267282,24609.46,18.844772
1355.0976711920775,24628.992,18.85475
1355.0990600573682,24627.213,18.850574
1355.100448922718,24607.633,18.841589
1355.1018377880678,24637.518,18.859898
1355.1032266534162,24618.484,18.848372
1355.1046155187655,24605.05,18.841963
1355.1060043841153,24630.797,18.855051
1355.107393249465,24634.375,18.857466
1355.108782114873,24633.244,18.850935
1355.1101709802215,24620.615,18.850103
1355.1115598455706,24596.564,18.846539
1355.1129487109206,24630.41,18.856003
1355.1143375763277,24643.668,18.8527
1355.1157264416775,24622.488,18.858177
1355.117115307085,24609.664,18.845222
1355.1185041724339,24614.336,18.845219
1355.1198930378418,24606.55,18.850758
1355.1212819031912,24622.602,18.846836
1355.1226707685983,24613.924,18.848581
1355.1240596340058,24629.336,18.860159
1355.1254484993556,24618.03,18.848185
1355.1268373647636,24601.912,18.845938
1355.1282262301706,24647.738,18.85971
1355.1296150955782,24619.086,18.850094
1355.1310039609853,24655.076,18.860872
1355.1323928263928,24630.584,18.845652
1355.1337816918008,24615.764,18.845343
1355.1351705572079,24624.395,18.855888
1355.1365594226154,24644.352,18.853277
1355.1379482880234,24577.828,18.844395
1355.1393371534887,24612.107,18.852064
1355.1407260188969,24620.36,18.856867
1355.1421148843042,24613.457,18.847383
1355.14350374977,24618.668,18.853256
1355.144892615178,24636.19,18.859118
1355.1462814806432,24653.12,18.868988
1355.1476703460512,24630.842,18.84604
1355.149059211517,24609.283,18.854603
1355.1504480769236,24619.395,18.851954
1355.1518369423898,24618.902,18.846462
1355.153225807856,24623.496,18.849365
1355.1546146733212,24609.912,18.846428
1355.1560035387288,24628.229,18.848162
1355.157392404194,24620.715,18.84925
1355.1587812696603,24625.053,18.849195
1355.1601701351265,24651.32,18.85938
1355.1615590005922,24637.484,18.852251
1355.1629478660575,24648.238,18.853043
1355.1643367315232,24602.713,18.841475
1355.1657255969894,24649.598,18.860317
1355.1671144625138,24641.992,18.849659
1355.1685033279787,24589.166,18.845478
1355.169892193444,24601.883,18.840292
1355.1712810589102,24640.254,18.854422
1355.1726699244348,24622.275,18.846584
1355.1740587899003,24621.072,18.852087
1355.1754476554233,24627.777,18.856178
1355.1768365208895,24623.146,18.849173
1355.178225386414,24608.51,18.849304
1355.1796142518801,24640.229,18.846876
1355.181003117404,24623.977,18.85257
1355.1823919829271,24628.332,18.850557
1355.1837808483933,24649.957,18.860249
1355.1851697139177,24651.818,18.858767
1355.1865585794412,24639.48,18.857977
1355.1879474449652,24633.412,18.85304
1355.1893363104887,24623.076,18.84487
1355.190725176013,24615.406,18.85131
1355.1921140415375,24644.662,18.855165
1355.1935029070605,24646.652,18.856405
1355.1948917725845,24607.113,18.849436
1355.1962806381089,24621.607,18.85338
1355.1976695036333,24578.625,18.840977
1355.199058369216,24627.088,18.854557
1355.200447234739,24638.916,18.861994
1355.2018361002627,24605.08,18.843811
1355.2032249658455,24602.611,18.856148
1355.204613831369,24617.521,18.852346
1355.206002696893,24632.531,18.861753
1355.2073915624746,24632.32,18.856773
1355.208780427999,24596.14,18.846087
1355.2101692935817,24618.531,18.845098
1355.2115581591638,24580.547,18.838522
1355.2129470246873,24635.518,18.854816
1355.2143358902695,24627.592,18.852312
1355.215724755852,24633.77,18.859362
1355.2171136214347,24658.473,18.861794
1355.2185024870164,24645.266,18.856632
1355.2198913525986,24618.498,18.850266
1355.221280218122,24607.404,18.84179
1355.2226690837042,24609.732,18.85093
1355.224057949345,24648.648,18.85504
1355.2254468149267,24617.205,18.848328
1355.2268356805089,24616.578,18.861141
1355.2282245460915,24657.266,18.858164
1355.2296134116732,24632.904,18.857445
1355.231002277256,24631.818,18.84866
1355.2323911428962,24599.447,18.847687
1355.233780008478,24600.531,18.841572
1355.235168874061,24632.379,18.858332
1355.2365577397009,24628.135,18.848198
1355.2379466052835,24630.443,18.859283
1355.2393354709238,24604.086,18.841751
1355.240724336505,24619.365,18.852737
1355.242113202146,24610.803,18.846832
1355.2435020677867,24621.828,18.845276
1355.2448909333684,24641.742,18.862997
1355.2462797990088,24646.002,18.855532
1355.2476686646487,24611.174,18.844164
1355.2490575302895,24603.762,18.842918
1355.2504463959303,24614.75,18.842484
1355.2518352615116,24624.84,18.847124
1355.253224127152,24623.977,18.84441
1355.2546129927928,24605.121,18.847921
1355.2560018584336,24592.39,18.845278
1355.2573907241326,24664.44,18.857903
1355.258779589772,24627.816,18.853317
1355.260168455412,24618.508,18.844616
1355.2615573210528,24641.324,18.857594
1355.2629461866939,24619.666,18.847418
1355.2643350523922,24630.803,18.855303
1355.2657239180317,24642.25,18.855036
1355.2671127836725,24612.213,18.848848
1355.2685016493715,24609.21,18.847843
1355.2698905150119,24609.951,18.849066
1355.27127938071,24623.154,18.850698
1355.2726682463503,24592.574,18.846243
1355.2740571120494,24602.148,18.839493
1355.2754459776902,24571.207,18.826944
1355.2768348433879,24578.867,18.826618
1355.278223709086,24596.285,18.848335
1355.2796125747268,24577.215,18.833525
1355.2810014404258,24590.717,18.842552
1355.2823903061249,24570.76,18.836199
1355.2837791718225,24577.902,18.833456
1355.285168037521,24590.615,18.840803
1355.2865569032201,24594.195,18.839891
1355.2879457689182,24589.318,18.832727
1355.2893346346173,24572.945,18.840471
1355.2907235003158,24577.047,18.826868
1355.292112366014,24561.959,18.828468
1355.2935012317132,24565.201,18.835009
1355.2948900974116,24596.213,18.838507
1355.2962789631683,24574.582,18.841574
1355.2976678288665,24609.889,18.847527
1355.2990566945655,24570.982,18.83459
1355.3004455603227,24585.316,18.838968
1355.3018344260213,24632.404,18.850363
1355.3032232917194,24624.676,18.857388
1355.3046121574762,24634.162,18.848938
1355.3060010231743,24580.838,18.839565
1355.3073898889315,24663.457,18.856686
1355.3087787546888,24622.396,18.842722
1355.3101676203873,24621.434,18.848877
1355.3115564861437,24609.127,18.852356
1355.3129453519005,24604.254,18.848103
1355.3143342175995,24588.176,18.838558
1355.3157230833558,24635.574,18.859924
1355.3171119491126,24636.895,18.856209
1355.3185008148698,24606.867,18.85644
1355.3198896806261,24607.967,18.854136
1355.3212785463834,24619.219,18.852156
1355.3226674121402,24635.473,18.858887
1355.324056277896,24595.162,18.841566
1355.3254451436533,24630.832,18.857685
1355.3268340094105,24614.623,18.852013
1355.3282228751677,24604.824,18.850353
1355.3296117409245,24614.592,18.851374
1355.3310006067386,24642.367,18.85495
1355.333778338253,24609.771,18.85288
1355.3351672040676,24636.137,18.850933
1355.3365560698244,24662.305,18.863724
1355.3379449355807,24607.67,18.847584
1355.3393338013962,24650.287,18.85526
1355.3407226671534,24617.203,18.85194
1355.3421115329675,24644.668,18.857069
1355.3435003987825,24598.137,18.844992
1355.3448892645397,24606.422,18.838776
1355.3462781303551,24641.988,18.859097
1355.3476669961706,24635.338,18.862501
1355.3490558619264,24674.865,18.859295
1355.350444727741,24638.082,18.851227
1355.3518335935564,24609.445,18.84566
1355.353222459372,24652.156,18.858606
1355.3546113251869,24625.291,18.850645
1355.356000191001,24612.855,18.844929
1355.3573890568164,24608.713,18.85563
1355.3587779226318,24622.172,18.859844
1355.3601667884468,24630.719,18.847288
1355.3615556542613,24633.842,18.856066
1355.3629445200763,24658.918,18.865734
1355.3643333858918,24661.611,18.863705
1355.3657222517072,24615.566,18.846327
1355.3671111175213,24649.766,18.84957
1355.368499983394,24620.758,18.845312
1355.3698888492095,24621.314,18.857466
1355.371277715025,24611.879,18.852472
1355.3726665808986,24643.748,18.86101
1355.3740554467126,24620.656,18.856302
1355.3754443125858,24629.246,18.85306
1355.3768331784013,24608.26,18.855768
1355.378222044274,24616.658,18.842392
1355.3796109100895,24642.736,18.860117
1355.3809997759627,24646.23,18.855803
1355.3823886417772,24645.602,18.852224
1355.3837775076508,24641.299,18.855572
1355.385166373524,24656.566,18.868027
1355.3865552393972,24639.133,18.85432
1355.3879441052118,24616.746,18.851967
1355.3893329710854,24584.217,18.837376
1355.390721836959,24630.133,18.855282
1355.3921107028323,24617.557,18.85394
1355.393499568705,24586.287,18.854832
1355.396277300451,24624.637,18.853483
1355.3976661663246,24598.871,18.844126
1355.3990550321982,24633.664,18.857616
1355.4004438980714,24658.223,18.854319
1355.4018327639442,24626.023,18.847374
1355.4032216298756,24628.959,18.851118
1355.4046104957492,24615.086,18.851072
1355.405999361622,24616.674,18.854813
1355.4073882274952,24594.023,18.841776
1355.408777093427,24614.205,18.844706
1355.4101659592998,24613.6,18.851055
1355.4115548252316,24637.574,18.857464
1355.4129436911048,24598.496,18.849041
1355.4143325570353,24658.709,18.861443
1355.415721422909,24617.135,18.846436
1355.4171102888408,24606.525,18.844433
1355.4184991547145,24612.248,18.849878
1355.4198880206459,24622.654,18.850561
1355.4212768865764,24597.932,18.846966
1355.42266575245,24629.887,18.858288
1355.424054618382,24614.375,18.85139
1355.4268323502442,24596.307,18.8483
1355.428221216117,24634.46,18.855804
1355.4296100820488,24624.537,18.851688
1355.4309989479807,24635.295,18.849802
1355.4323878139112,24592.863,18.838488
1355.4337766798426,24626.479,18.85002
1355.4351655457745,24595.268,18.841722
1355.4365544117063,24612.521,18.843132
1355.4379432776382,24624.377,18.84893
1355.4393321436269,24596.701,18.852482
1355.4407210095578,24614.236,18.847721
1355.4421098754897,24642.672,18.854492
1355.4434987414215,24592.572,18.853436
1355.444887607353,24634.53,18.84969
1355.4462764733416,24593.166,18.845552
1355.4476653392735,24622.854,18.849873
1355.4490542052054,24577.768,18.842165
1355.450443071195,24598.94,18.841465
1355.451831937126,24605.545,18.845146
1355.4532208031155,24645.988,18.860422
1355.4546096690474,24633.06,18.852736
1355.4559985350375,24596.61,18.832945
1355.4573874009684,24677.434,18.86021
1355.458776266958,24639.002,18.851513
1355.4601651329472,24633.04,18.85495
1355.461553998879,24632.818,18.851564
1355.462942864869,24606.111,18.844446
1355.4643317308578,24625.271,18.859783
1355.4657205968474,24629.81,18.861177
1355.4671094627793,24633.83,18.85265
1355.4684983287684,24652.357,18.857254
1355.4698871947585,24626.994,18.851604
1355.471276060748,24605.861,18.844866
1355.4726649267373,24614.152,18.847622
1355.4740537927273,24596.385,18.843191
1355.475442658717,24635.67,18.856043
1355.476831524707,24591.445,18.84704
1355.4782203906966,24590.012,18.83868
1355.4796092566858,24635.27,18.852335
1355.480998122734,24641.111,18.862917
1355.4823869887236,24629.672,18.851559
1355.4837758547128,24596.791,18.846022
1355.4851647207024,24626.152,18.856613
1355.4865535867498,24637.264,18.849958
1355.4879424527398,24596.49,18.840431
1355.48933131873,24637.422,18.86434
1355.4907201847777,24605.83,18.849907
1355.4921090507669,24630.205,18.853806
1355.4934979168147,24646.797,18.85083
1355.4948867828048,24621.414,18.853077
1355.496275648853,24570.648,18.849018
1355.4976645148422,24611.186,18.858555
1355.49905338089,24590.63,18.844612
1355.5004422468792,24620.883,18.847536
1355.5018311129274,24637.912,18.854052
1355.5032199789753,24629.742,18.861925
1355.5046088450222,24623.582,18.845482
1355.5059977110122,24620.943,18.854622
1355.5073865770605,24646.145,18.860636
1355.5087754431088,24617.637,18.845724
1355.5101643091566,24646.79,18.860132
1355.5115531752035,24604.695,18.847332
1355.5129420412518,24599.793,18.844711
1355.5143309073,24624.271,18.856674
1355.5157197733483,24598.709,18.850128
1355.5171086393957,24613.91,18.84738
1355.5184975054426,24631.879,18.846527
1355.5198863714909,24618.055,18.859146
1355.5212752375392,24561.955,18.838491
1355.522664103586,24609.646,18.859774
1355.5240529696339,24631.81,18.853004
1355.5254418356822,24621.418,18.846296
1355.5268307017886,24604.174,18.850231
1355.528219567837,24624.494,18.85039
1355.5296084338838,24632.428,18.853804
1355.5309972999894,24628.322,18.849316
1355.5323861660377,24636.693,18.859129
1355.5337750320855,24624.166,18.856754
1355.535163898192,24613.094,18.846327
1355.5365527642393,24636.072,18.858824
1355.5379416303454,24599.264,18.840963
1355.5393304963936,24620.494,18.836658
1355.5407193624997,24635.807,18.851175
1355.5421082286052,24641.39,18.857708
1355.543497094653,24622.771,18.852589
1355.5448859607595,24671.445,18.864983
1355.546274826866,24626.89,18.849558
1355.5476636929134,24612.918,18.843792
1355.5490525590194,24600.025,18.845535
1355.550441425125,24626.262,18.856737
1355.551830291231,24647.639,18.853306
1355.5532191573375,24624.135,18.856943
1355.5546080233858,24610.496,18.85004
1355.5559968894913,24655.908,18.861414
1355.5573857555974,24597.889,18.839481
1355.558774621703,24638.355,18.860207
1355.5601634878094,24630.637,18.848787
1355.5615523539154,24651.201,18.857428
1355.562941220021,24609.127,18.849543
1355.5643300861857,24644.123,18.859154
1355.5657189522917,24629.97,18.85336
1355.5671078183982,24642.727,18.853184
1355.5684966845042,24618.9,18.853407
1355.5698855506093,24614.973,18.84565
1355.571274416774,24605.37,18.84764
1355.5726632828805,24641.838,18.858908
1355.574052148987,24649.332,18.866535
1355.5754410151508,24605.832,18.845774
1355.576829881256,24613.594,18.851347
1355.5782187473624,24617.09,18.852325
1355.579607613527,24615.55,18.847584
1355.580996479633,24628.623,18.851725
1355.5823853457969,24628.36,18.853148
1355.583774211903,24616.9,18.845057
1355.5851630780676,24623.193,18.847387
1355.586551944174,24603.518,18.848995
1355.5879408103374,24610.467,18.848011
1355.5893296765012,24627.002,18.855995
1355.5907185426076,24600.037,18.849598
1355.5921074087723,24640.99,18.85871
1355.593496274937,24625.902,18.85109
1355.5948851411003,24594.705,18.842234
1355.5962740072646,24637.92,18.859327
1355.597662873371,24617.227,18.84968
1355.5990517395358,24653.443,18.859957
1355.6004406057,24585.148,18.852331
1355.6018294718633,24600.135,18.853552
1355.603218338028,24629.404,18.856506
1355.6046072041927,24581.373,18.848347
1355.6059960703565,24612.977,18.848192
1355.6073849365207,24612.668,18.856312
1355.6087738026845,24627.73,18.852917
1355.6101626688492,24621.059,18.852362
1355.6115515350139,24626.523,18.850163
1355.6129404012363,24622.732,18.852943
1355.6143292674,24602.213,18.84613
1355.6157181335643,24627.318,18.851603
1355.617106999729,24611.43,18.841465
1355.618495865952,24577.562,18.841269
1355.6198847321152,24664.178,18.861498
1355.621273598279,24661.611,18.86063
1355.622662464502,24625.0,18.851524
1355.6240513306661,24635.172,18.853224
1355.6254401968308,24588.682,18.843536
1355.6268290630528,24619.15,18.855005
1355.628217929217,24616.854,18.849703
1355.62960679544,24606.152,18.850012
1355.6309956616624,24602.533,18.838974
1355.632384527827,24648.848,18.855783
1355.633773394049,24614.209,18.854124
1355.6351622602133,24635.688,18.853361
1355.6365511264362,24646.738,18.86071
1355.6379399926582,24610.99,18.850569
1355.6393288588224,24658.357,18.862259
1355.6407177250444,24616.855,18.848892
1355.6421065912668,24614.828,18.846024
1355.6434954574897,24623.34,18.848614
1355.6448843237126,24594.127,18.840918
1355.6462731899346,24625.932,18.843773
1355.6476620560989,24662.646,18.86493
1355.6490509223208,24649.877,18.855835
1355.6504397885437,24607.666,18.860458
1355.6518286547666,24605.44,18.84325
1355.653217520989,24624.273,18.855864
1355.654606387211,24621.797,18.84691
1355.6559952534335,24650.547,18.859318
1355.6573841197146,24626.6,18.861023
1355.6587729859368,24599.816,18.848557
1355.6601618521584,24612.816,18.84234
1355.6615507183815,24649.18,18.852951
1355.6629395846044,24617.145,18.853642
1355.6643284508273,24614.822,18.855314
1355.6657173171075,24620.502,18.844604
1355.667106183329,24593.81,18.84235
1355.668495049552,24599.674,18.858807
1355.669883915833,24633.844,18.85467
1355.671272782056,24624.787,18.857788
1355.6726616483365,24591.943,18.848558
1355.674050514558,24608.57,18.84812
1355.675439380781,24633.639,18.855953
1355.676828247062,24622.682,18.853973
1355.6782171132836,24614.17,18.84472
1355.6796059795638,24603.36,18.84293
1355.680994845845,24644.023,18.851257
1355.6823837120678,24623.732,18.854105
1355.683772578349,24626.965,18.857506
1355.6851614445704,24656.229,18.860655
1355.686550310851,24609.285,18.848469
1355.6879391771322,24640.39,18.856705
1355.6893280434133,24629.424,18.847826
1355.6907169096362,24636.201,18.851803
1355.692105775916,24657.219,18.865099
1355.6934946421966,24662.51,18.867956
1355.6948835084777,24619.037,18.859024
1355.6962723747579,24608.83,18.856903
1355.6976612410385,24645.432,18.865688
1355.6990501073187,24590.35,18.841707
1355.7004389735998,24608.588,18.85611
1355.701827839881,24631.418,18.85734
1355.7032167061616,24635.588,18.853218
1355.7046055724418,24669.19,18.859358
1355.7059944387224,24590.441,18.848
1355.7073833050035,24637.621,18.85328
1355.7087721712846,24634.006,18.85088
1355.7101610375648,24638.168,18.853802
1355.7115499038455,24645.73,18.857271
1355.7129387701839,24608.648,18.845821
1355.7143276364645,24591.838,18.852612
1355.7157165027456,24645.83,18.86011
1355.7171053690258,24612.152,18.84743
1355.7184942353647,24649.99,18.863548
1355.7198831016458,24606.877,18.843777
1355.7212719679264,24601.484,18.84767
1355.7226608342658,24625.988,18.848448
1355.724049700546,24643.021,18.85952
1355.7254385668848,24643.145,18.853352
1355.726827433166,24629.154,18.848335
1355.7282162995043,24596.82,18.84488
1355.7296051657854,24629.5,18.851086
1355.7309940321243,24630.736,18.84708
1355.732382898404,24636.443,18.859816
1355.7337717647433,24651.805,18.858273
1355.7351606310826,24618.164,18.846376
1355.7365494973628,24633.197,18.861364
1355.7379383637017,24607.344,18.838594
1355.73932723004,24624.861,18.852644
1355.7407160963212,24611.734,18.85422
1355.7434938289994,24646.748,18.863714
1355.7448826953378,24606.295,18.849268
1355.7462715616766,24595.004,18.848042
1355.747660428016,24615.521,18.841736
1355.749049294297,24628.564,18.86026
1355.750438160635,24625.447,18.850674
1355.7518270269736,24631.877,18.851381
1355.7532158933132,24611.537,18.843174
1355.7546047596525,24657.219,18.863464
1355.7559936259909,24628.688,18.847023
1355.7573824923288,24618.887,18.855995
1355.7587713586681,24595.018,18.853745
1355.7601602250656,24597.14,18.84782
1355.761549091405,24650.494,18.865591
1355.7629379577438,24610.69,18.84776
1355.7643268240818,24611.545,18.84813
1355.765715690421,24604.582,18.84974
1355.7671045568186,24613.018,18.852785
1355.768493423157,24613.105,18.84751
1355.7698822894959,24598.104,18.841877
1355.7712711558343,24589.209,18.843267
1355.7726600222318,24623.166,18.852633
1355.774048888571,24599.293,18.85145
1355.7754377549672,24643.916,18.85629
1355.776826621306,24642.477,18.85615
1355.7782154876454,24588.424,18.840855
1355.779604354043,24654.627,18.866535
1355.7809932203822,24659.049,18.863857
1355.7823820867784,24619.578,18.854082
1355.7837709531173,24638.332,18.85158
1355.7851598195148,24590.398,18.847443
1355.7865486859114,24600.549,18.847992
1355.7879375522507,24639.174,18.851942
1355.7893264186478,24622.299,18.849243
1355.7907152850444,24584.498,18.848087
1355.7921041513837,24616.322,18.85215
1355.7934930177807,24611.096,18.855154
1355.7948818841783,24610.053,18.851765
1355.7962707505167,24620.52,18.855925
1355.7976596169137,24628.83,18.856663
1355.7990484833113,24622.268,18.853262
1355.8004373497079,24636.645,18.854137
1355.801826216105,24602.076,18.853643
1355.8032150825015,24607.814,18.847017
1355.8046039488986,24651.21,18.85605
1355.8059928152961,24641.938,18.862373
1355.8073816816936,24637.51,18.861324
1355.8087705480903,24638.523,18.856285
1355.8101594144873,24583.752,18.838951
1355.8115482808842,24643.365,18.861221
1355.812937147282,24584.996,18.838127
1355.8143260136794,24618.643,18.853964
1355.8157148800756,24612.066,18.850906
1355.8171037464722,24641.307,18.863453
1355.8184926128697,24690.807,18.876623
1355.8198814792672,24625.582,18.852102
1355.8212703457225,24637.008,18.860691
1355.8226592121187,24622.633,18.852594
1355.8240480785162,24621.8,18.858881
1355.8254369449137,24581.268,18.846012
1355.8268258113694,24649.742,18.856285
1355.828214677766,24653.264,18.867811
1355.8296035442204,24631.652,18.857683
1355.830992410618,24611.656,18.85612
1355.8323812770154,24622.07,18.851858
1355.8337701434707,24624.96,18.856398
1355.8351590098673,24631.477,18.857439
1355.8365478763226,24648.193,18.855927
1355.83793674272,24650.455,18.854368
1355.8393256091758,24641.404,18.858948
1355.840714475572,24613.973,18.84534
1355.842103342027,24636.11,18.858007
1355.843492208483,24622.81,18.850124
1355.8448810748805,24611.008,18.850128
1355.8462699413362,24614.0,18.844599
1355.8476588077906,24614.299,18.85503
1355.8490476741872,24591.68,18.847973
1355.850436540643,24584.107,18.84217
1355.8518254070982,24628.389,18.870626
1355.8532142734957,24622.86,18.852114
1355.8546031399505,24623.863,18.8558
1355.8559920064058,24619.062,18.856016
1355.8573808728615,24608.766,18.844288
1355.8587697393164,24620.678,18.852385
1355.8601586057716,24582.11,18.837969
1355.8615474722264,24631.867,18.855791
1355.8629363386822,24626.459,18.854677
1355.864325205138,24625.47,18.855953
1355.8657140715932,24636.332,18.86221
1355.867102938048,24609.05,18.847025
1355.8684918045033,24608.518,18.849617
1355.869880670958,24606.168,18.847914
1355.871269537414,24624.863,18.854523
1355.87265840387,24625.627,18.854635
1355.8740472703248,24598.064,18.849998
1355.87543613678,24608.773,18.856691
1355.876825003235,24608.584,18.850378
1355.8782138697488,24614.447,18.852446
1355.8796027362046,24588.215,18.84464
1355.8809916026598,24609.861,18.845175
1355.8823804691147,24630.04,18.856857
1355.8837693356281,24618.773,18.844234
1355.8851582020839,24642.37,18.857824
1355.8865470685387,24583.62,18.84118
1355.8879359350512,24640.521,18.861366
1355.889324801507,24610.871,18.84995
1355.8907136679627,24637.809,18.852102
1355.8921025344766,24618.229,18.859823
1355.893491400932,24657.572,18.86158
1355.8948802674445,24602.033,18.843084
1355.8962691339002,24600.275,18.844894
1355.8976580004141,24612.248,18.852808
1355.8990468668699,24623.238,18.850859
1355.900435733383,24586.338,18.846043
1355.9018245998373,24591.105,18.846426
1355.9032134663514,24620.936,18.849903
1355.9046023328656,24629.58,18.856731
1355.90599119932,24625.127,18.851347
1355.907380065833,24637.422,18.864374
1355.908768932347,24610.824,18.854198
1355.9101577988608,24628.977,18.857334
1355.9115466653166,24641.912,18.858099
1355.9129355318291,24614.297,18.859695
1355.9143243983426,24629.48,18.858313
1355.9157132648565,24618.57,18.85062
1355.9171021313705,24615.441,18.850315
1355.9184909978262,24643.355,18.861586
1355.9198798643388,24588.379,18.838654
1355.9212687308518,24650.42,18.85838
1355.9226575973657,24594.473,18.844513
1355.9240464638792,24618.06,18.85281
1355.9254353303922,24637.941,18.85373
1355.9268241969057,24614.297,18.848814
1355.9282130634197,24635.338,18.85601
1355.9296019299336,24615.354,18.855556
1355.9309907964466,24611.496,18.842598
1355.93237966296,24625.115,18.851429
1355.9337685294736,24578.49,18.839687
1355.9351573960457,24615.092,18.847073
1355.9365462625597,24643.08,18.866732
1355.9379351290727,24650.28,18.86538
1355.9393239955862,24624.531,18.852148
1355.9407128620992,24622.287,18.86014
1355.9421017286709,24611.152,18.851927
1355.9434905951848,24630.35,18.852345
1355.9448794616987,24645.807,18.857931
1355.9462683282118,24633.07,18.85088
1355.9476571947835,24640.412,18.858864
1355.9490460612965,24612.127,18.842436
1355.9504349278104,24599.168,18.852749
1355.951823794382,24613.787,18.849575
1355.9532126608951,24631.256,18.856886
1355.9546015274673,24657.787,18.860525
1355.9559903939808,24620.299,18.85591
1355.957379260553,24619.066,18.85523
1355.958768127066,24590.254,18.852766
1355.9601569936367,24591.12,18.845396
1355.9615458601506,24612.744,18.846994
1355.962934726723,24627.117,18.856716
1355.9643235932372,24628.863,18.849112
1355.9657124598084,24624.059,18.855234
1355.9671013263792,24606.285,18.8455
1355.9684901928931,24618.129,18.84675
1355.9698790594653,24644.574,18.856983
1355.971267926037,24626.934,18.851877
1355.97265679255,24626.152,18.856825
1355.9740456591217,24643.744,18.847288
1355.9754345256938,24630.219,18.851603
1355.976823392266,24628.684,18.853672
1355.9782122588367,24624.645,18.863668
1355.9796011253497,24626.857,18.856846
1355.980989991922,24630.29,18.852583
1355.982378858494,24630.787,18.849932
1355.9837677250662,24627.707,18.852535
1355.985156591637,24644.56,18.865671
1355.9865454582086,24621.68,18.856342
1355.9879343247808,24642.62,18.86433
1355.989323191353,24624.744,18.852942
1355.9907120579242,24620.396,18.85517
1355.992100924495,24649.363,18.861252
1355.9934897910673,24611.898,18.852802
1355.9948786576397,24627.89,18.861225
1355.996267524211,24626.295,18.850626
1355.9976563907826,24622.047,18.852304
1355.9990452573538,24640.74,18.85462
1356.000434123926,24625.615,18.8548
1356.0018229905563,24638.965,18.85626
1356.003211857128,24628.977,18.858274
1356.0046007236992,24617.299,18.855827
1356.005989590271,24641.088,18.855814
1356.007378456843,24608.479,18.846872
1356.0087673234734,24610.414,18.85084
1356.0101561900447,24633.752,18.843397
1356.0115450566163,24588.76,18.83624
1356.0129339232458,24586.482,18.838692
1356.0143227898175,24633.246,18.852999
1356.0157116563896,24648.516,18.862883
1356.017100523019,24639.346,18.853704
1356.0184893895907,24620.266,18.858583
1356.019878256221,24627.54,18.863369
1356.0212671227923,24610.791,18.8497
1356.022655989423,24610.756,18.84287
1356.0240448559944,24625.184,18.846567
1356.0254337226243,24662.328,18.866175
1356.0268225891964,24594.889,18.846746
1356.0282114558258,24628.537,18.85215
1356.029600322398,24596.889,18.844898
1356.0309891890279,24631.727,18.852505
1356.0323780556569,24639.979,18.859911
1356.033766922229,24638.223,18.861307
1356.0351557888594,24663.857,18.85959
1356.0365446554888,24627.857,18.844746
1356.0379335220605,24655.732,18.866484
1356.03932238869,24640.77,18.85483
1356.0407112553203,24651.5,18.855244
1356.0421001219506,24615.951,18.845873
1356.0434889885223,24628.855,18.8585
1356.0448778551518,24619.078,18.847286
1356.0462667217816,24622.84,18.85183
1356.047655588412,24614.621,18.845844
1356.0490444550423,24658.623,18.860964
1356.0504333216713,24634.23,18.851717
1356.0518221882426,24634.152,18.854853
1356.053211054873,24618.49,18.855774
1356.0545999215035,24620.342,18.866291
1356.055988788134,24632.828,18.853336
1356.057377654763,24628.43,18.85738
1356.0587665213925,24626.678,18.851603
1356.0601553880228,24614.062,18.847998
1356.0615442546532,24684.59,18.872501
1356.062933121283,24634.07,18.85535
1356.0643219879703,24647.123,18.860947
1356.0657108546006,24620.973,18.847282
1356.067099721231,24626.227,18.844257
1356.0684885878604,24622.496,18.853424
1356.0698774544903,24646.914,18.862461
1356.0712663211198,24606.477,18.849995
1356.0726551878083,24634.049,18.856895
1356.0740440544387,24624.748,18.851223
1356.0754329210686,24608.281,18.844154
1356.076821787698,24603.3,18.841677
1356.078210654386,24643.1,18.86508
1356.0795995210165,24658.398,18.855923
1356.0809883876468,24637.402,18.85488
1356.082377254334,24630.438,18.860176
1356.0837661209637,24644.066,18.854874
1356.0851549875943,24645.39,18.854471
1356.086543854282,24609.86,18.857273
1356.0879327209122,24631.113,18.852104
1356.0893215876004,24610.977,18.85047
1356.0907104542298,24653.445,18.856462
1356.0920993209184,24616.37,18.849825
1356.0934881875482,24548.807,18.83715
1356.0948770542368,24687.998,18.874279
1356.0962659208662,24631.316,18.85475
1356.0976547875534,24655.855,18.865551
1356.0990436541838,24666.08,18.867397
1356.1004325208723,24621.178,18.855032
1356.1018213875027,24621.43,18.841778
1356.1032102541908,24646.117,18.873854
1356.104599120878,24649.58,18.851736
1356.1059879875083,24611.37,18.847317
1356.1087657208845,24626.457,18.856495
1356.1101545875727,24649.176,18.857077
1356.111543454202,24625.115,18.849567
1356.1129323208909,24632.826,18.85452
1356.1143211875797,24608.012,18.842813
1356.1157100542669,24633.92,18.85467
1356.1170989209545,24624.574,18.846794
1356.1184877875849,24645.904,18.863924
1356.1198766542734,24613.078,18.850103
1356.121265520962,24638.568,18.85285
1356.1226543876492,24621.707,18.854132
1356.1240432543373,24595.334,18.847435
1356.1254321210258,24616.283,18.848225
1356.1268209877144,24605.09,18.845978
1356.128209854402,24625.525,18.857658
1356.1295987210892,24644.521,18.864172
1356.1309875877778,24604.893,18.848787
1356.1323764544663,24643.316,18.850912
1356.1337653211544,24639.064,18.855822
1356.135154187842,24642.182,18.864367
1356.1365430545302,24638.95,18.865904
1356.1379319212188,24623.574,18.84928
1356.1393207879073,24607.273,18.846462
1356.1407096546532,24613.102,18.851543
1356.1420985213413,24631.385,18.85097
1356.143487388029,24622.314,18.858728
1356.1448762547177,24611.197,18.846273
1356.1462651214065,24620.021,18.85098
1356.1476539881523,24611.758,18.849455
1356.1490428548404,24629.625,18.861794
1356.150431721528,24634.496,18.849386
1356.1518205882162,24659.527,18.85807
1356.153209454963,24620.129,18.851572
1356.1545983216506,24612.19,18.845638
1356.1559871883387,24645.33,18.854805
1356.1573760550855,24646.004,18.858366
1356.1587649217731,24630.78,18.850557
1356.16015378852,24635.943,18.862736
1356.161542655208,24621.973,18.857521
1356.1629315218956,24637.277,18.867184
1356.1643203886424,24609.934,18.850197
1356.1657092553305,24606.268,18.846825
1356.1670981220773,24637.348,18.859194
1356.168486988765,24631.654,18.851011
1356.1698758555103,24634.297,18.856726
1356.171264722257,24622.389,18.849962
1356.1726535889456,24613.992,18.855587
1356.174042455692,24624.193,18.845938
1356.176820189126,24584.61,18.842278
1356.1782090558727,24643.096,18.858177
1356.1795979225612,24578.148,18.837929
1356.1809867893076,24576.637,18.836351
1356.1823756560534,24584.297,18.84445
1356.1837645227415,24562.389,18.83155
1356.1851533894883,24629.514,18.851421
1356.186542256235,24586.338,18.841276
1356.1879311229804,24596.354,18.84784
1356.189319989668,24583.76,18.834759
1356.1907088564149,24589.162,18.84949
1356.1920977231616,24555.262,18.83393
1356.1934865899084,24585.24,18.841608
1356.1948754566538,24599.953,18.859201
1356.1962643234,24555.182,18.837242
1356.1976531901469,24558.33,18.833551
1356.1990420568354,24561.803,18.836672
1356.2004309235813,24624.629,18.855835
1356.2032086570734,24570.701,18.82918
1356.2045975238204,24615.695,18.844343
1356.2059863905665,24555.521,18.826742
1356.2073752573128,24623.475,18.85311
1356.2087641240587,24627.814,18.854902
1356.2129307243567,24595.396,18.85279
1356.2143195911026,24582.23,18.833193
1356.215708457849,24572.42,18.841272
1356.2170973245957,24585.646,18.839006
1356.2184861913424,24592.352,18.839657
1356.2212639248928,24601.547,18.839668
1356.2226527916387,24610.875,18.86079
1356.224041658385,24575.166,18.835978
1356.2254305251317,24558.428,18.82668
1356.2268193919358,24551.996,18.835836
1356.2282082586821,24595.97,18.848122
1356.2295971254289,24644.625,18.858412
1356.2309859921747,24626.113,18.848444
1356.2323748589797,24629.848,18.854124
1356.233763725726,24658.115,18.862875
1356.2351525925303,24637.91,18.858366
1356.2379303260232,24643.816,18.854662
1356.2393191928281,24658.06,18.869066
1356.2407080595744,24611.658,18.85347
1356.242096926378,24622.932,18.846891
1356.2434857931248,24628.662,18.85259
1356.2448746599298,24660.674,18.870989
1356.2462635266756,24651.572,18.864084
1356.2476523934802,24656.742,18.862944
1356.249041260226,24633.463,18.861444
1356.2532078605823,24614.873,18.850021
1356.2545967273863,24646.17,18.862381
1356.2559855941327,24618.785,18.84908
1356.2573744609376,24608.836,18.844126
1356.2587633277426,24633.73,18.850224
1356.260152194488,24596.684,18.838457
1356.261541061292,24609.744,18.843142
1356.262929928097,24580.129,18.839579
1356.264318794844,24656.742,18.865694
1356.2657076616492,24596.678,18.845322
1356.2670965284528,24624.475,18.853155
1356.268485395257,24620.865,18.858673
1356.2698742620037,24614.412,18.847576
1356.2712631288086,24635.377,18.86373
1356.2726519956132,24598.898,18.843252
1356.2740408624168,24612.234,18.847847
1356.2754297292217,24644.584,18.858744
1356.2768185960267,24596.967,18.84787
1356.2782074628308,24606.613,18.852037
1356.2795963296353,24645.502,18.857355
1356.2809851964394,24608.828,18.847794
1356.2823740631861,24672.791,18.874315
1356.283762929991,24609.36,18.844093
1356.2851517967956,24616.58,18.861155
1356.2865406635997,24637.752,18.85795
1356.2879295304042,24613.545,18.844637
1356.2893183972092,24622.049,18.8466
1356.2907072640724,24594.227,18.835314
1356.2920961308764,24635.74,18.864437
1356.293484997681,24611.535,18.858515
1356.294873864485,24603.01,18.845387
1356.2962627312895,24618.604,18.860199
1356.2976515980945,24621.656,18.850391
1356.299040464899,24624.95,18.854511
1356.300429331703,24653.86,18.853552
1356.3018181985663,24617.52,18.850462
1356.3032070653708,24624.402,18.857092
1356.3045959321757,24649.834,18.854298
1356.3059847989798,24591.852,18.844122
1356.3073736657843,24626.479,18.850136
1356.3087625326475,24657.896,18.856106
1356.3101513994516,24635.863,18.854263
1356.3115402662565,24593.896,18.843246
1356.3129291331193,24628.322,18.857971
1356.3143179999229,24628.186,18.851265
1356.3157068667279,24607.045,18.851458
1356.318484600396,24626.965,18.860306
1356.3198734672,24651.924,18.85701
1356.3212623340619,24618.645,18.852339
1356.3226512008669,24624.395,18.85339
1356.32404006773,24610.916,18.855173
1356.3254289345346,24620.371,18.858568
1356.326817801397,24613.857,18.846697
1356.3282066682013,24593.15,18.83738
1356.3309844018695,24602.625,18.831282
1356.3323732687313,24607.5,18.85756
1356.3337621355358,24621.572,18.850077
1356.335151002399,24662.139,18.856966
1356.336539869204,24623.5,18.852013
1356.3379287360672,24628.996,18.858212
1356.339317602929,24647.633,18.856598
1356.340706469733,24614.547,18.84877
1356.3420953365962,24604.855,18.84296
1356.3434842034594,24620.783,18.853077
1356.344873070264,24644.984,18.861158
1356.3462619371257,24619.309,18.864983
1356.347650803989,24597.314,18.843987
1356.349039670852,24609.88,18.859255
1356.3504285376562,24634.305,18.854473
1356.351817404519,24610.234,18.844893
1356.3532062713812,24623.824,18.855433
1356.3545951382443,24619.395,18.85469
1356.3559840050495,24655.797,18.864513
1356.357372871912,24648.924,18.86591
1356.3587617387748,24657.107,18.866964
1356.360150605637,24620.32,18.851883
1356.3615394725002,24602.953,18.854038
1356.3629283393634,24639.209,18.85727
1356.3643172062261,24639.092,18.855139
1356.3657060730884,24625.879,18.852571
1356.367094939893,24599.49,18.840614
1356.3684838067552,24655.744,18.858316
1356.3698726736184,24615.928,18.85271
1356.371261540481,24601.098,18.850573
1356.3726504073434,24643.756,18.85498
1356.3740392742066,24641.582,18.857988
1356.3754281410693,24610.127,18.856714
1356.3768170079325,24623.77,18.855429
1356.378205874853,24625.973,18.853806
1356.3795947417148,24584.453,18.843266
1356.380983608578,24631.723,18.851254
1356.3823724754411,24639.025,18.852825
1356.3837613423043,24659.21,18.870161
1356.385150209167,24656.158,18.86438
1356.3865390760288,24612.361,18.843477
1356.387927942892,24634.467,18.85561
1356.3893168098134,24665.596,18.865395
1356.3907056766766,24605.838,18.849373
1356.3920945435393,24608.95,18.85434
1356.3934834104011,24635.59,18.84614
1356.3948722773225,24581.758,18.841522
1356.3962611441857,24605.77,18.84424
1356.3976500110475,24643.41,18.855055
1356.3990388779098,24622.77,18.851637
1356.4004277448312,24621.594,18.849325
1356.4018166116944,24630.045,18.854368
1356.4032054785575,24647.4,18.865776
1356.4045943454776,24654.43,18.863295
1356.4059832123403,24669.13,18.869198
1356.4073720792035,24629.043,18.856573
1356.4087609461249,24629.791,18.854307
1356.410149812988,24620.004,18.852533
1356.411538679908,24648.377,18.866352
1356.4129275467703,24655.178,18.858261
1356.4143164136917,24616.01,18.849117
1356.4157052805544,24629.662,18.850521
1356.4170941474758,24631.244,18.864162
1356.4184830143386,24611.613,18.854378
1356.419871881259,24601.41,18.846876
1356.4212607481222,24633.645,18.852608
1356.4226496150432,24636.31,18.859398
1356.4240384819054,24672.217,18.866985
1356.4254273488264,24624.854,18.849085
1356.4268162156895,24617.209,18.846497
1356.428205082611,24622.385,18.853477
1356.4295939495314,24604.861,18.85162
1356.4309828163941,24648.17,18.866257
1356.4323716833146,24615.59,18.852982
1356.4337605502355,24653.691,18.87393
1356.4351494170987,24624.012,18.867079
1356.4365382840201,24633.268,18.856077
1356.4379271509406,24639.576,18.862097
1356.4393160178033,24644.562,18.855803
1356.4407048847238,24654.686,18.85971
1356.4420937516452,24618.34,18.84474
1356.4434826185666,24631.0,18.860023
1356.4448714854293,24618.887,18.844658
1356.4462603523498,24620.477,18.850698
1356.4476492192707,24643.24,18.855412
1356.449038086192,24618.422,18.856098
1356.450426953113,24600.066,18.847265
1356.451815820033,24633.912,18.856884
1356.4532046869545,24659.3,18.869026
1356.4545935538176,24616.89,18.857649
1356.455982420739,24679.162,18.868364
1356.4573712876595,24645.07,18.85607
1356.4587601545795,24636.395,18.860147
1356.460149021501,24598.85,18.851746
1356.4615378884223,24639.975,18.865116
1356.4629267553437,24625.0,18.848696
1356.4643156222646,24630.406,18.853273
1356.4657044891846,24640.027,18.855696
1356.467093356106,24643.834,18.855621
1356.4684822230274,24616.492,18.850088
1356.469871089948,24609.746,18.851698
1356.4712599568688,24618.156,18.855257
1356.4726488237893,24623.346,18.853666
1356.4740376907107,24609.865,18.851454
1356.4754265576903,24613.342,18.85661
1356.4768154246103,24596.648,18.836552
1356.4782042915313,24592.549,18.857065
1356.4795931584526,24607.898,18.849903
1356.480982025374,24632.305,18.854095
1356.4823708922954,24653.803,18.85908
1356.4837597592154,24630.514,18.859632
1356.4851486261946,24598.734,18.848125
1356.486537493116,24592.906,18.851448
1356.4879263600365,24641.992,18.855621
1356.4893152269578,24620.068,18.856712
1356.490704093937,24614.396,18.84275
1356.4920929608575,24615.729,18.854565
1356.4934818277789,24632.723,18.854076
1356.494870694758,24651.041,18.859987
1356.4962595616794,24595.928,18.849194
1356.4976484285999,24644.342,18.862003
1356.499037295579,24625.904,18.85866
1356.5004261625004,24634.264,18.857336
1356.5018150294209,24638.139,18.854977
1356.5032038964,24624.54,18.84835
1356.5045927633205,24656.309,18.860222
1356.5059816302996,24605.209,18.854025
1356.5087593641424,24601.541,18.857231
1356.5101482311215,24640.145,18.860983
1356.511537098042,24616.3,18.850208
1356.5129259650212,24631.85,18.857086
1356.5143148319426,24638.912,18.858854
1356.5157036989222,24650.303,18.870602
1356.5170925658426,24623.367,18.857958
1356.5184814328218,24619.936,18.853807
1356.5198702998005,24617.203,18.851896
1356.5212591667218,24622.611,18.849728
1356.5226480337014,24649.752,18.87022
1356.5240369006215,24624.168,18.85034
1356.5254257676006,24614.168,18.857353
1356.5268146345802,24631.445,18.85488
1356.5282035015016,24628.135,18.849848
1356.5295923684803,24633.74,18.85575
1356.5309812354585,24633.29,18.855358
1356.53237010238,24615.11,18.850548
1356.5337589693595,24621.791,18.852167
1356.535147836339,24666.5,18.870405
1356.53653670326,24637.568,18.858051
1356.5379255702383,24646.266,18.862028
1356.5393144372179,24619.127,18.847044
1356.5407033041975,24608.115,18.848173
1356.5420921711184,24656.613,18.860542
1356.543481038097,24630.084,18.851374
1356.5448699050762,24618.113,18.85259
1356.5462587720558,24626.463,18.852255
1356.5476476390354,24630.95,18.859526
1356.549036506014,24634.934,18.85443
1356.550425372935,24675.438,18.86982
1356.5518142399137,24638.455,18.854942
1356.5532031068933,24610.56,18.855572
1356.554591973873,24629.096,18.852736
1356.5559808408511,24641.188,18.86435
1356.5573697078303,24675.336,18.865484
1356.5587585748099,24605.574,18.857582
1356.5601474417886,24607.287,18.855116
1356.5615363087682,24647.816,18.864733
1356.5629251757473,24633.885,18.85428
1356.564314042726,24614.596,18.84979
1356.5657029097056,24654.682,18.863558
1356.5670917766847,24607.674,18.858047
1356.5684806436643,24647.492,18.864777
1356.5698695106435,24645.03,18.86169
1356.5712583776221,24614.6,18.847485
1356.5726472446017,24624.955,18.86544
1356.5740361115809,24620.178,18.847029
1356.5754249785605,24660.102,18.857632
1356.5768138455392,24615.322,18.8583
1356.5782027125756,24613.252,18.861143
1356.5795915795552,24649.338,18.857391
1356.5809804465348,24661.932,18.863258
1356.5823693135144,24606.531,18.84731
1356.5837581804935,24663.258,18.86428
1356.5851470474718,24646.273,18.860207
1356.5865359145096,24617.227,18.853779
1356.5879247814892,24678.482,18.879839
1356.5893136484679,24616.816,18.849575
1356.590702515447,24626.795,18.856743
1356.5920913824839,24627.748,18.850649
1356.5934802494635,24620.531,18.8519
1356.594869116443,24622.58,18.855675
1356.5962579834213,24629.232,18.868624
1356.5976468504587,24649.803,18.86622
1356.5990357174383,24623.771,18.86291
1356.6004245844179,24596.531,18.842922
1356.6018134514557,24604.756,18.850822
1356.603202318434,24629.928,18.853228
1356.6045911854712,24637.879,18.860321
1356.6059800524508,24635.314,18.85912
1356.6073689194304,24652.314,18.86576
1356.6087577864682,24653.07,18.870564
1356.6101466534465,24635.117,18.856743
1356.6115355204834,24641.893,18.861372
1356.612924387463,24622.252,18.859232
1356.6143132545003,24625.61,18.863062
1356.615702121479,24650.205,18.862032
1356.6170909885163,24619.873,18.850065
1356.618479855496,24649.023,18.861408
1356.6198687225337,24627.63,18.86432
1356.6212575895124,24612.537,18.858889
1356.6226464565498,24615.236,18.8577
1356.6240353235285,24588.26,18.852043
1356.6254241905663,24612.047,18.84747
1356.626813057604,24627.162,18.849012
1356.6379239937282,24613.629,18.85532
1356.639312860707,24621.33,18.862095
1356.6407017277447,24635.861,18.855867
1356.642090594782,24627.117,18.861336
1356.643479461819,24624.348,18.858883
1356.6448683287986,24607.646,18.843994
1356.646257195836,24632.334,18.8604
1356.6476460628737,24635.947,18.865229
1356.6490349299106,24626.986,18.861292
1356.650423796947,24617.953,18.859583
1356.6518126639266,24642.049,18.862467
1356.6532015309645,24639.396,18.861212
1356.6545903980023,24625.965,18.853573
1356.6559792650396,24650.219,18.863544
1356.657368132076,24614.684,18.860807
1356.6587569991138,24589.455,18.843985
1356.6601458661517,24638.613,18.86238
1356.661534733189,24612.75,18.858377
1356.6629236001677,24648.17,18.859028
1356.664312467205,24623.545,18.846195
1356.6657013342428,24667.773,18.865755
1356.6670902012806,24653.754,18.856476
1356.668479068317,24635.664,18.858654
1356.669867935354,24648.135,18.861828
1356.6712568023918,24644.977,18.863228
1356.6726456694296,24633.266,18.866484
1356.6740345364674,24626.086,18.854506
1356.6754234035038,24637.396,18.868107
1356.6768122705412,24622.38,18.853693
1356.678201137579,24599.979,18.846298
1356.679590004674,24572.816,18.843765
1356.680978871712,24623.371,18.851828
1356.6823677387492,24619.947,18.853964
1356.6837566057861,24606.986,18.856024
1356.685145472824,24637.01,18.859962
1356.6865343398613,24656.986,18.864727
1356.687923206899,24608.148,18.85071
1356.6893120739362,24620.98,18.865852
1356.6907009410315,24592.42,18.847137
1356.6920898080693,24601.88,18.85534
1356.6934786751067,24622.506,18.853662
1356.6948675421445,24615.906,18.846165
1356.6962564091814,24635.268,18.859087
1356.697645276276,24611.584,18.854431
1356.6990341433138,24638.586,18.861843
1356.7004230103516,24616.871,18.859306
1356.701811877389,24604.03,18.84414
1356.703200744484,24618.994,18.848598
1356.7045896115214,24630.559,18.854803
1356.7059784785592,24625.684,18.854753
1356.7073673456553,24639.79,18.862383
1356.7087562126922,24640.732,18.866299
1356.7101450797295,24628.838,18.85405
1356.7115339468246,24600.857,18.855732
1356.7129228138624,24630.229,18.86199
1356.7143116809002,24609.795,18.852587
1356.7157005479949,24647.787,18.85874
1356.7170894150322,24625.678,18.863691
1356.7184782821282,24608.518,18.850986
1356.719867149166,24610.242,18.856676
1356.7212560162038,24626.129,18.861956
1356.7226448832985,24621.975,18.85391
1356.7240337503358,24612.441,18.8499
1356.7254226174318,24627.557,18.847355
1356.7268114844696,24608.957,18.85275
1356.7282003515647,24639.701,18.860529
1356.7295892186012,24615.807,18.854334
1356.7309780856972,24632.158,18.854773
1356.732366952735,24603.533,18.84512
1356.7337558198305,24616.184,18.85285
1356.7351446869257,24623.068,18.859774
1356.736533553963,24624.494,18.854237
1356.737922421059,24628.46,18.864054
1356.7393112880968,24611.766,18.853035
1356.740700155192,24600.47,18.848389
1356.7420890222293,24626.055,18.856655
1356.7434778893244,24622.81,18.855642
1356.7448667564204,24640.71,18.867964
1356.7462556234582,24632.795,18.859688
1356.7476444905537,24635.49,18.855692
1356.7490333576488,24621.309,18.86821
1356.7504222246862,24626.246,18.85277
1356.7518110917817,24650.92,18.861021
1356.7531999588778,24631.111,18.848543
1356.7545888259738,24616.12,18.849243
1356.7559776930107,24643.582,18.86331
1356.7573665601062,24670.94,18.867176
1356.7587554272013,24595.344,18.850061
1356.7601442942973,24612.287,18.849627
1356.7615331613347,24635.855,18.851618
1356.7629220284298,24636.348,18.853552
1356.7643108955258,24613.812,18.85679
1356.7656997626214,24616.256,18.853165
1356.7670886297174,24604.943,18.851732
1356.7684774967543,24600.787,18.846478
1356.769866363849,24625.713,18.8554
1356.771255230945,24658.982,18.865713
1356.772644098041,24634.908,18.858232
1356.774032965137,24611.658,18.851704
1356.7754218322325,24639.588,18.860903
1356.7768106993271,24640.521,18.858421
1356.7781995664232,24651.676,18.867104
1356.7795884335192,24590.768,18.845505
1356.7809773006152,24596.732,18.854603
1356.7823661677107,24609.598,18.845823
1356.7837550348054,24648.72,18.870522
1356.7851439019014,24610.686,18.855055
1356.7865327689974,24610.527,18.850124
1356.7879216360338,24604.078,18.848888
1356.7893105031872,24617.045,18.85208
1356.7906993702832,24619.805,18.854124
1356.7920882373792,24610.43,18.8471
1356.7934771044752,24593.785,18.843315
1356.7948659715698,24598.285,18.850252
1356.7962548386654,24615.975,18.846792
1356.7976437057614,24625.666,18.846128
1356.7990325728574,24640.361,18.86784
1356.8004214399534,24615.39,18.849571
1356.801810307048,24606.195,18.84992
1356.8031991741432,24600.371,18.850388
1356.8045880412392,24637.783,18.861591
1356.805976908393,24659.16,18.86276
1356.807365775489,24567.918,18.834208
1356.808754642584,24638.32,18.856604
1356.8101435096796,24613.53,18.852432
1356.8115323767756,24641.51,18.8611
1356.8129212439294,24610.975,18.856134
1356.8143101110254,24624.709,18.855572
1356.8156989781205,24596.188,18.841455
1356.817087845216,24633.842,18.854939
1356.818476712312,24590.707,18.838951
1356.8198655794654,24610.104,18.85355
1356.821254446561,24611.205,18.853647
1356.822643313656,24592.145,18.842321
1356.8240321808098,24628.398,18.86109
1356.8254210479058,24616.453,18.856827
1356.8268099150018,24609.52,18.850698
1356.8281987821551,24627.246,18.84587
1356.8295876492507,24635.238,18.86395
1356.8309765163458,24618.143,18.858032
1356.8323653835,24635.006,18.861343
1356.833754250596,24617.64,18.859879
1356.8351431176916,24629.06,18.854492
1356.836531984845,24639.064,18.861238
1356.8379208519405,24627.504,18.856123
1356.8393097190947,24607.936,18.84405
1356.8406985861907,24635.156,18.859251
1356.8420874533435,24635.428,18.863508
1356.843476320439,24634.217,18.855267
1356.844865187535,24633.576,18.857325
1356.8462540546893,24664.088,18.861168
1356.8476429217853,24636.342,18.85881
1356.8490317889382,24647.74,18.854269
1356.8504206560333,24604.738,18.858198
1356.8518095231875,24616.605,18.855476
1356.8531983902835,24601.41,18.856905
1356.8545872574373,24634.58,18.859411
1356.8559761245901,24627.96,18.850084
1356.8573649916862,24623.354,18.851547
1356.8587538588404,24644.045,18.857992
1356.8601427259355,24637.16,18.859505
1356.8615315930892,24602.39,18.851265
1356.8629204601843,24617.117,18.84505
1356.8643093273386,24616.783,18.85198
1356.8656981944928,24614.078,18.851738
1356.8670870615883,24602.043,18.847162
1356.8684759287416,24655.932,18.868322
1356.8698647958954,24614.244,18.847954
1356.8712536629914,24622.883,18.84587
1356.8726425301456,24619.348,18.858194
1356.8740313972994,24626.47,18.848154
1356.8754202643945,24636.188,18.862745
1356.8768091315483,24609.547,18.856913
1356.8781979987016,24622.795,18.862396
1356.8795868658558,24630.28,18.857624
1356.8809757329514,24611.822,18.844055
1356.8823646001047,24604.922,18.851257
1356.8837534672589,24609.555,18.850105
1356.8851423344126,24610.182,18.85614
1356.8865312015087,24602.52,18.847681
1356.887920068662,24593.12,18.845858
1356.8893089358157,24603.791,18.845654
1356.89069780297,24647.775,18.86646
1356.8920866701233,24659.807,18.867535
1356.8934755372775,24620.17,18.856781
1356.894864404373,24627.172,18.852428
1356.896253271526,24645.383,18.861652
1356.89764213868,24614.277,18.859728
1356.8990310058343,24624.555,18.850351
1356.9004198729886,24681.168,18.869047
1356.9018087401423,24634.771,18.864435
1356.9031976072952,24586.732,18.83833
1356.9045864744494,24660.969,18.86049
1356.9059753416036,24619.555,18.851505
1356.9073642087578,24654.75,18.859102
1356.9087530759111,24603.02,18.849928
1356.910141943064,24630.787,18.862524
1356.9115308102182,24635.24,18.858881
1356.9129196773724,24628.248,18.856861
1356.9143085445253,24609.426,18.84804
1356.915697411679,24647.754,18.863272
1356.9170862788333,24635.271,18.85557
1356.9184751459875,24634.275,18.864735
1356.9198640131417,24604.791,18.857891
1356.9212528802946,24646.809,18.858614
1356.9226417474479,24618.5,18.860687
1356.9254194817563,24643.309,18.861814
1356.9268083489105,24605.709,18.8539
1356.9281972160634,24619.686,18.8577
1356.9295860832171,24644.275,18.859987
1356.9309749503714,24625.223,18.849447
1356.9323638175833,24625.945,18.846134
1356.9337526847376,24623.633,18.856855
1356.9351415518909,24613.014,18.847898
1356.9365304190446,24624.477,18.850576
1356.9379192861988,24646.047,18.856726
1356.9393081533522,24643.578,18.8624
1356.9406970205646,24631.174,18.866076
1356.9420858877183,24632.205,18.859201
1356.9434747548712,24618.363,18.856157
1356.9448636220254,24607.805,18.844908
1356.9462524892378,24593.668,18.8485
1356.9476413563912,24623.104,18.849348
1356.949030223545,24646.193,18.86352
1356.9504190906982,24617.508,18.856857
1356.9518079579107,24624.82,18.862247
1356.9531968250649,24635.58,18.858974
1356.9545856922186,24594.855,18.845518
1356.9559745594302,24640.445,18.861525
1356.957363426584,24649.545,18.871714
1356.9587522937381,24639.82,18.858292
1356.9601411609506,24628.703,18.853668
1356.9615300281034,24648.068,18.859291
1356.962918895257,24596.559,18.848955
1356.9643077624696,24631.055,18.857565
1356.9656966296238,24636.385,18.855371
1356.967085496778,24624.953,18.854729
1356.9684743639891,24633.762,18.85872
1356.9698632311424,24657.07,18.860355
1356.9712520983549,24618.469,18.85137
1356.972640965509,24661.834,18.864273
1356.9740298327215,24629.428,18.856365
1356.9754186998744,24625.408,18.848278
1356.9768075670281,24634.703,18.855473
1356.9781964342405,24616.955,18.850943
1356.9795853013939,24618.865,18.852629
1356.9809741686058,24629.041,18.85948
1356.9823630357591,24653.156,18.86662
1356.9837519029716,24642.953,18.86609
1356.985140770184,24632.822,18.859642
1356.9865296373378,24655.104,18.8649
1356.9879185045493,24601.934,18.860544
1356.989307371703,24617.256,18.850733
1356.9906962389155,24624.643,18.856035
1356.9920851060697,24614.465,18.849752
1356.9934739732817,24615.13,18.84668
1356.994862840435,24606.924,18.84942
1356.996251707647,24631.34,18.856087
1356.9976405748585,24591.262,18.850893
1356.9990294420127,24636.59,18.855925
1357.000418309225,24615.205,18.853868
1357.001807176437,24616.51,18.859993
1357.0031960435904,24649.65,18.865091
1357.0045849108024,24606.863,18.846992
1357.0059737780148,24647.17,18.861084
1357.007362645169,24642.225,18.856606
1357.0087515123805,24616.94,18.85257
1357.0101403795925,24660.574,18.867529
1357.0115292467458,24631.629,18.852362
1357.0129181139582,24630.652,18.863003
1357.0143069811702,24642.105,18.856327
1357.0156958483813,24636.732,18.866558
1357.0170847155355,24617.99,18.850681
1357.018473582748,24645.889,18.86063
1357.0198624499603,24639.557,18.866468
1357.021251317172,24599.62,18.846651
1357.0226401843831,24640.623,18.86441
1357.0240290515376,24604.232,18.84522
1357.02541791875,24635.863,18.85748
1357.0268067859624,24629.53,18.853441
1357.028195653174,24625.168,18.85462
1357.029584520385,24626.791,18.860464
1357.0309733875392,24621.676,18.860435
1357.0323622547517,24609.473,18.853395
1357.0337511219636,24584.688,18.851831
1357.0351399891751,24627.97,18.860138
1357.0365288563871,24642.414,18.863451
1357.0379177235995,24617.12,18.84641
1357.039306590812,24625.807,18.858398
1357.0406954580235,24645.16,18.857014
1357.0420843252355,24599.467,18.853868
1357.043473192447,24632.22,18.85813
1357.0448620596594,24603.965,18.84723
1357.0462509268718,24656.69,18.866701
1357.0476397940247,24677.496,18.870901
1357.0490286612367,24633.906,18.856047
1357.050417528449,24624.135,18.851707
1357.0518063956608,24596.176,18.849043
1357.0531952628735,24621.23,18.86206
1357.054584130085,24641.045,18.866207
1357.055972997297,24651.836,18.863987
1357.0573618645676,24620.617,18.86114
1357.0587507317791,24633.58,18.867256
1357.0601395989916,24644.88,18.85946
1357.0615284662035,24621.67,18.853346
1357.062917333415,24616.908,18.860764
1357.0643062006275,24617.174,18.859886
1357.0656950678394,24645.854,18.86505
1357.0670839350519,24636.469,18.871056
1357.0684728022634,24588.697,18.84037
1357.0698616694744,24646.898,18.861666
1357.0712505366869,24653.049,18.864822
1357.0726394039575,24625.668,18.867897
1357.07402827117,24657.857,18.870476
1357.075417138382,24642.338,18.857912
1357.076806005593,24611.705,18.850285
1357.0781948728054,24625.242,18.856888
1357.0795837400178,24648.918,18.857569
1357.0809726072878,24605.443,18.852932
1357.0823614744995,24626.2,18.856676
1357.0837503417115,24620.06,18.847923
1357.085139208924,24591.154,18.84685
1357.0865280761363,24631.85,18.850914
1357.0879169434056,24613.396,18.850313
1357.0893058106171,24640.732,18.86014
1357.0906946778296,24592.854,18.84681
1357.0920835451002,24603.066,18.847252
1357.0934724123126,24611.436,18.851858
1357.0948612795237,24635.275,18.857624
1357.0962501467357,24651.94,18.868683
1357.0976390140063,24634.906,18.856947
1357.0990278812187,24637.457,18.854761
1357.1004167484311,24647.002,18.856958
1357.1018056157004,24620.684,18.860289
1357.103194482912,24655.314,18.874464
1357.1045833501244,24605.75,18.851559
1357.1059722173945,24656.824,18.87477
1357.107361084607,24639.988,18.855862
1357.1087499518185,24622.438,18.862211
1357.1101388190887,24633.44,18.84784
1357.111527686301,24624.824,18.85358
1357.1129165535713,24615.594,18.853205
1357.1143054207837,24631.953,18.849682
1357.1156942880534,24628.838,18.85428
1357.1170831552654,24618.896,18.851704
1357.1184720224778,24595.182,18.844707
1357.1198608897475,24639.516,18.858337
1357.1212497569595,24633.283,18.855377
1357.1226386242292,24634.836,18.853825
1357.1240274914412,24609.984,18.85107
1357.1254163587118,24617.416,18.853376
1357.1268052259243,24647.795,18.85655
1357.128194093194,24606.45,18.850044
1357.129582960406,24646.512,18.860853
1357.1309718276757,24620.912,18.854733
1357.1323606948881,24600.139,18.852787
1357.1337495621588,24629.682,18.860605
1357.135138429429,24632.54,18.858418
1357.1365272966405,24615.67,18.849411
1357.1379161639106,24587.477,18.837383
1357.139305031123,24607.754,18.851265
1357.1406938983937,24597.959,18.848717
1357.1420827656048,24591.055,18.8427
1357.1434716328747,24605.922,18.84922
1357.1448605001456,24599.75,18.84958
1357.146249367358,24590.418,18.851904
1357.1476382346286,24602.967,18.854866
1357.149027101898,24589.588,18.837944
1357.1504159691094,24600.623,18.848995
1357.15180483638,24613.379,18.853456
1357.1531937036507,24590.744,18.844204
1357.1545825708627,24628.852,18.858128
1357.155971438132,24616.69,18.857143
1357.1573603054026,24610.408,18.848103
1357.158749172615,24602.43,18.853014
1357.1601380398847,24584.852,18.840029
1357.161526907155,24593.332,18.844572
1357.1629157744246,24611.498,18.849928
1357.164304641637,24631.541,18.851406
1357.1656935089077,24615.36,18.848473
1357.1670823761779,24597.225,18.848076
1357.1684712434476,24607.924,18.847258
1357.1698601106596,24610.09,18.848614
1357.1712489779302,24598.332,18.84589
1357.1726378452008,24605.088,18.852312
1357.174026712471,24610.564,18.845444
1357.1754155797407,24610.004,18.848701
1357.1768044469527,24618.871,18.85084
1357.1781933142224,24605.975,18.853254
1357.179582181493,24620.344,18.850628
1357.1809710487637,24606.902,18.851322
1357.1823599160339,24616.45,18.857943
1357.1837487833036,24638.0,18.863958
1357.1851376505738,24619.438,18.857338
1357.1865265177862,24611.645,18.849392
1357.1879153850568,24654.658,18.862446
1357.1893042523266,24629.645,18.862783
1357.1906931195967,24642.4,18.862696
1357.1920819868665,24610.887,18.854137
1357.193470854137,24597.32,18.846355
1357.1948597214073,24621.418,18.858492
1357.1962485886766,24659.562,18.858316
1357.1976374559472,24621.822,18.86079
1357.1990263232178,24651.094,18.859621
1357.2004151904885,24603.36,18.8464
1357.2018040577584,24615.396,18.856392
1357.2031929250277,24626.523,18.85918
1357.2045817922985,24608.44,18.864899
1357.2059706595692,24625.12,18.851843
1357.2073595268398,24639.654,18.862625
1357.2087483941095,24609.98,18.846067
1357.2101372613788,24635.451,18.856838
1357.2115261286494,24624.969,18.863684
1357.21291499592,24641.049,18.857906
1357.2143038631903,24599.7,18.845728
1357.21569273046,24611.293,18.848043
1357.2170815977302,24612.482,18.856724
1357.2184704650008,24632.383,18.855299
1357.2198593322714,24624.97,18.865892
1357.2212481995412,24607.66,18.850512
1357.2226370668113,24656.771,18.86112
1357.2240259341393,24651.621,18.863192
1357.2254148014094,24637.023,18.858133
1357.22680366868,24641.096,18.86242
1357.2281925359498,24620.549,18.850952
1357.22958140322,24639.512,18.859552
1357.2309702704906,24616.545,18.855385
1357.2323591378188,24627.934,18.853529
1357.2337480050896,24638.652,18.856165
1357.2351368723594,24619.248,18.858088
1357.2365257396295,24620.326,18.853273
1357.2379146069002,24618.447,18.85301
1357.23930347417,24598.64,18.847023
1357.2406923414987,24625.021,18.858547
1357.242081208769,24649.863,18.866924
1357.2434700760382,24645.64,18.859901
1357.2448589433088,24607.963,18.856562
1357.2462478106377,24613.607,18.860844
1357.2476366779083,24647.404,18.856365
1357.249025545178,24617.527,18.857147
1357.2504144124473,24639.396,18.86263
1357.2518032797761,24633.68,18.855803
1357.2531921470468,24646.473,18.854212
1357.2545810143174,24628.574,18.856134
1357.2559698816458,24634.049,18.864717
1357.257358748915,24623.482,18.859587
1357.2587476161857,24634.486,18.857763
1357.2601364835145,24618.523,18.851402
1357.2615253507843,24604.11,18.849728
1357.2629142180544,24607.598,18.849323
1357.2643030853828,24641.81,18.864449
1357.2656919526535,24632.36,18.855469
1357.2670808199823,24632.928,18.854528
1357.2684696872516,24614.14,18.846848
1357.2698585545213,24622.438,18.849552
1357.2712474218501,24625.996,18.847107
1357.2726362891208,24594.984,18.84787
1357.2740251564496,24622.248,18.849731
1357.275414023719,24633.562,18.856472
1357.276802890989,24575.342,18.849817
1357.278191758318,24630.732,18.855953
1357.2795806255876,24597.098,18.838621
1357.2809694929165,24641.324,18.8614
1357.2823583601867,24599.55,18.842148
1357.2837472275146,24629.521,18.861866
1357.2851360947852,24611.83,18.844772
1357.2865249621136,24628.3,18.856073
1357.2879138293843,24656.752,18.859003
1357.2893026967122,24650.91,18.864319
1357.2906915639824,24622.715,18.857903
1357.2920804313112,24603.307,18.850916
1357.2934692985814,24639.72,18.862528
1357.2948581659102,24653.625,18.8604
1357.29624703318,24637.893,18.856045
1357.2976359005074,24621.805,18.856985
1357.2990247678363,24627.93,18.856304
1357.300413635107,24631.86,18.854143
1357.3018025024357,24648.33,18.855724
1357.303191369706,24612.096,18.861368
1357.3045802370334,24641.688,18.863844
1357.3073579716329,24630.809,18.861095
1357.3087468389608,24621.514,18.85331
1357.310135706231,24647.754,18.868279
1357.311524573559,24648.332,18.868364
1357.3129134408878,24633.678,18.859604
1357.3143023081584,24636.545,18.85645
1357.3156911753695,24633.314,18.8544
1357.3170800426979,24647.336,18.865005
1357.3184689099685,24625.865,18.852976
1357.3198577772973,24614.041,18.85382
1357.3212466446262,24633.375,18.855185
1357.3226355118954,24622.76,18.858261
1357.3240243792236,24665.373,18.870924
1357.3254132465527,24601.791,18.844557
1357.3268021138815,24634.195,18.85581
1357.3281909811521,24615.777,18.851599
1357.3295798484796,24610.791,18.855999
1357.3309687158076,24612.71,18.854422
1357.3323575831364,24666.8,18.864538
1357.3337464504066,24628.012,18.85524
1357.3351353177354,24647.488,18.863703
1357.3365241850634,24620.207,18.85202
1357.3379130523917,24623.262,18.859547
1357.3393019197206,24656.72,18.86323
1357.3406907869903,24652.898,18.866087
1357.3420796543191,24624.031,18.855543
1357.3434685216475,24622.795,18.85716
1357.3448573889755,24596.312,18.849846
1357.3462462563043,24656.252,18.863182
1357.3476351236327,24644.988,18.861217
1357.3490239909024,24640.717,18.856491
1357.3504128582308,24662.21,18.865494
1357.3518017255587,24621.791,18.855673
1357.3531905928878,24616.764,18.85563
1357.3545794602169,24657.076,18.863905
1357.3559683275448,24623.408,18.85168
1357.3573571948732,24631.293,18.856281
1357.3587460622011,24629.816,18.856459
1357.36013492953,24617.727,18.852669
1357.3615237968006,24622.852,18.857792
1357.362912664129,24643.453,18.86382
1357.364301531457,24648.785,18.865206
1357.3656903987853,24629.309,18.85544
1357.3670792661142,24631.166,18.850733
1357.368468133443,24639.736,18.862045
1357.3698570007705,24617.088,18.852802
1357.3712458680984,24619.488,18.855888
1357.3726347354273,24622.863,18.853994
1357.374023602756,24631.166,18.854565
1357.375412470085,24621.422,18.855583
1357.3768013374124,24600.66,18.847164
1357.3781902047408,24642.766,18.857128
1357.3795790720696,24651.434,18.865812
1357.3809679393985,24614.684,18.859632
1357.3823568067273,24634.865,18.862719
1357.3837456740548,24621.824,18.859133
1357.3851345413832,24624.941,18.853813
1357.3865234087702,24624.15,18.85316
1357.3879122760982,24668.584,18.86385
1357.389301143427,24669.418,18.8731
1357.3906900107554,24607.48,18.85244
1357.3920788780833,24613.94,18.85029
1357.3934677454122,24636.121,18.861694
1357.3948566127406,24611.03,18.856453
1357.3962454800685,24612.469,18.85766
1357.397634347397,24633.97,18.85828
1357.3990232147257,24654.848,18.866371
1357.4004120821128,24637.695,18.857893
1357.4018009494407,24619.244,18.848951
1357.403189816769,24618.04,18.848452
1357.404578684097,24633.32,18.85822
1357.4059675514254,24594.73,18.84988
1357.4073564187543,24666.799,18.874834
1357.4087452861413,24646.754,18.861544
1357.4101341534692,24590.145,18.845522
1357.4115230207976,24632.678,18.86118
1357.4129118881258,24601.068,18.845001
1357.4143007554549,24626.326,18.855968
1357.415689622842,24614.291,18.851381
1357.4170784901698,24617.814,18.859884
1357.4184673574982,24633.828,18.85285
1357.4198562248262,24645.684,18.863956
1357.4212450922132,24621.38,18.848608
1357.422633959542,24634.822,18.856972
1357.4240228268695,24656.086,18.862715
1357.425411694198,24623.936,18.859734
1357.426800561585,24631.393,18.853065
1357.4281894289138,24663.068,18.868128
1357.4295782962427,24647.416,18.858751
1357.4309671636283,24631.682,18.855024
1357.4323560309563,24623.643,18.86006
1357.433744898285,24625.404,18.856861
1357.4351337656722,24597.928,18.851488
1357.4365226330005,24611.484,18.852003
1357.437911500328,24647.611,18.861694
1357.439300367715,24612.3,18.850292
1357.440689235044,24627.055,18.857616
1357.4420781023719,24643.79,18.855207
1357.4434669697584,24614.943,18.850513
1357.4448558370868,24602.387,18.846773
1357.4462447044739,24615.092,18.863888
1357.4476335718027,24651.625,18.862906
1357.4490224391307,24594.936,18.850262
1357.4504113065173,24650.473,18.859438
1357.4518001738452,24637.037,18.86268
1357.4531890412322,24605.486,18.854776
1357.454577908561,24614.936,18.852983
1357.4559667758895,24618.277,18.851149
1357.4573556432756,24633.775,18.8547
1357.458744510604,24618.908,18.85625
1357.4601333779901,24661.355,18.861721
1357.461522245319,24636.172,18.863667
1357.462911112706,24628.611,18.856783
1357.4642999800344,24615.115,18.851439
1357.4656888474206,24637.56,18.853035
1357.467077714749,24639.098,18.863098
1357.468466582136,24586.129,18.840784
1357.4698554494648,24624.709,18.859932
1357.471244316851,24612.18,18.853745
1357.4726331841794,24632.598,18.856224
1357.474022051566,24638.23,18.856552
1357.4754109188948,24610.678,18.85467
1357.4767997862818,24595.682,18.845556
1357.4781886536675,24669.297,18.865993
1357.4795775209955,24626.639,18.85944
1357.4809663883825,24611.254,18.850832
1357.4823552557114,24609.643,18.859943
1357.483744123098,24625.54,18.85277
1357.4851329904254,24629.637,18.856861
1357.4865218578125,24643.611,18.85967
1357.4879107251995,24627.79,18.853933
1357.4892995925284,24658.19,18.8611
1357.4906884599145,24626.11,18.851948
1357.4920773273002,24591.727,18.848692
1357.493466194629,24636.346,18.856358
1357.494855062016,24633.812,18.86156
1357.4962439293445,24599.59,18.847116
1357.4976327967306,24618.676,18.860306
1357.4990216641172,24624.69,18.85375
1357.500410531446,24617.273,18.850306
1357.501799398833,24651.95,18.860777
1357.5031882662197,24641.172,18.8617
1357.5045771336058,24584.188,18.843836
1357.5059660009342,24623.254,18.855755
1357.5073548683204,24639.637,18.853746
1357.5087437357074,24675.438,18.872103
1357.5101326030363,24625.885,18.857998
1357.5115214704228,24619.996,18.857695
1357.512910337809,24615.373,18.85234
1357.5142992051956,24628.486,18.850637
1357.5156880725244,24625.584,18.85633
1357.5170769399115,24613.66,18.853336
1357.5184658072976,24598.695,18.855747
1357.5198546746842,24629.883,18.862284
1357.5212435420121,24606.95,18.849442
1357.5226324093992,24607.238,18.845451
1357.5240212767858,24608.793,18.852776
1357.5254101441715,24626.867,18.863249
1357.5267990115585,24635.521,18.855495
1357.5281878788874,24623.346,18.855701
1357.5295767462744,24638.295,18.85078
1357.5309656136606,24638.555,18.85678
1357.5323544810462,24611.668,18.858267
1357.5337433484335,24639.701,18.860199
1357.5351322158208,24644.682,18.859922
1357.5365210831496,24606.021,18.852587
1357.5379099505358,24641.264,18.864264
1357.5392988179215,24623.322,18.843887
1357.5406876853085,24655.29,18.866503
1357.5420765526956,24605.326,18.848362
1357.5434654200822,24608.035,18.847866
1357.5448542874683,24607.842,18.853424
1357.546243154855,24620.89,18.851185
1357.547632022242,24624.422,18.853498
1357.5490208895708,24656.744,18.857079
1357.550409756957,24669.957,18.865614
1357.5517986243435,24637.1,18.853657
1357.5531874917297,24653.742,18.867386
1357.5545763591167,24617.854,18.850279
1357.5559652265038,24607.746,18.847157
1357.5573540938904,24590.111,18.852821
1357.5587429612765,24639.479,18.859169
1357.560131828663,24628.973,18.85236
1357.5642984308238,24645.523,18.8616
1357.56568729821,24632.674,18.854645
1357.5670761655965,24637.645,18.861786
1357.5684650329827,24624.225,18.85366
1357.5698539003697,24625.486,18.855335
1357.5712427677563,24641.512,18.868187
1357.5726316351424,24605.816,18.853306
1357.5740205025295,24588.88,18.842762
1357.575409369916,24616.293,18.849138
1357.5767982373031,24651.629,18.862722
1357.5781871046893,24665.057,18.866894
1357.579575972075,24611.521,18.854622
1357.580964839462,24606.818,18.855776
1357.5823537069073,24598.734,18.852182
1357.5837425742943,24608.7,18.8615
1357.585131441681,24615.07,18.848406
1357.5865203090666,24619.924,18.85611
1357.5879091764536,24645.746,18.861889
1357.5892980438407,24623.379,18.853518
1357.5906869112277,24637.56,18.863817
1357.5920757786141,24598.375,18.853668
1357.5934646459998,24618.217,18.854229
1357.5948535134453,24623.91,18.85045
1357.5962423808323,24590.3,18.848309
1357.5976312482185,24609.055,18.845064
1357.599020115605,24615.928,18.847166
1357.6004089829912,24612.93,18.856583
1357.6017978503783,24629.475,18.85868
1357.6031867178235,24624.643,18.857067
1357.6045755852101,24613.541,18.849955
1357.6059644525963,24612.316,18.84898
1357.6073533199828,24633.625,18.856396
1357.60874218737,24603.84,18.851501
1357.6101310548152,24623.55,18.86288
1357.6115199222013,24640.254,18.862865
1357.612908789588,24593.318,18.84017
1357.614297656974,24651.729,18.866821
1357.6156865244188,24650.555,18.866806
1357.6170753918059,24616.275,18.857698
1357.618464259193,24640.176,18.861034
1357.619853126579,24612.076,18.852676
1357.6212419940239,24624.156,18.852371
1357.62263086141,24634.916,18.856953
1357.6240197287973,24636.934,18.859703
1357.6254085961837,24634.482,18.857294
1357.6267974636285,24679.379,18.874142
1357.6281863310155,24613.719,18.856657
1357.6295751984017,24620.75,18.853287
1357.630964065847,24624.15,18.853785
1357.6323529332335,24634.256,18.862694
1357.6337418006192,24606.068,18.846941
1357.6351306680644,24643.574,18.864868
1357.6365195354515,24644.918,18.85771
1357.6379084028385,24631.328,18.863344
1357.639297270283,24636.393,18.858767
1357.6406861376686,24627.094,18.858028
1357.6420750050556,24625.197,18.852882
1357.643463872501,24579.643,18.834934
1357.644852739888,24603.33,18.847878
1357.6462416073327,24623.59,18.857874
1357.6476304747184,24631.965,18.858744
1357.6490193421055,24643.398,18.866001
1357.6504082095507,24616.822,18.857498
1357.6517970769369,24635.959,18.85742
1357.6531859443817,24647.309,18.864916
1357.6545748117683,24648.293,18.865389
1357.6559636791553,24620.406,18.85828
1357.6573525466006,24615.662,18.845654
1357.6587414139867,24636.816,18.859877
1357.6601302814315,24630.166,18.85832
1357.6615191488177,24604.674,18.850529
1357.662908016263,24607.676,18.859547
1357.66429688365,24641.635,18.85301
1357.6656857510948,24614.092,18.859417
1357.667074618481,24641.271,18.859724
1357.6684634859257,24605.059,18.8527
1357.6698523533119,24615.533,18.856611
1357.671241220757,24624.895,18.852512
1357.6726300881437,24630.424,18.855583
1357.674018955588,24650.01,18.857506
1357.675407822975,24624.281,18.856718
1357.67679669042,24633.729,18.853535
1357.678185557807,24612.646,18.850435
1357.680963292638,24622.043,18.858025
1357.6823521600832,24590.291,18.845396
1357.6837410274698,24674.916,18.867758
1357.685129894915,24571.111,18.845644
1357.6865187623594,24651.754,18.86592
1357.687907629745,24629.785,18.861298
1357.6892964971903,24611.674,18.851353
1357.6906853645773,24640.479,18.864702
1357.6920742320226,24631.46,18.862339
1357.6934630994674,24635.215,18.853611
1357.694851966853,24634.375,18.859732
1357.6962408342984,24633.586,18.857471
1357.6976297016854,24640.525,18.860891
1357.6990185691307,24633.732,18.861053
1357.700407436575,24647.756,18.857903
1357.7017963039607,24619.57,18.851603
1357.703185171406,24637.766,18.852983
1357.7045740388512,24649.295,18.860613
1357.7059629062378,24645.322,18.861506
1357.7073517736821,24624.47,18.860403
1357.708740641127,24637.205,18.863062
1357.710129508514,24636.53,18.854698
1357.7115183759593,24636.357,18.863358
1357.7129072434038,24615.191,18.858028
1357.7142961107902,24631.992,18.856943
1357.715684978235,24624.72,18.86365
1357.7170738456803,24631.85,18.86784
1357.7184627131255,24606.273,18.848234
1357.7198515805117,24649.266,18.860302
1357.7212404479565,24633.027,18.847824
1357.7226293154008,24630.53,18.863892
1357.7240181827874,24644.078,18.860981
1357.7254070502327,24623.295,18.851505
1357.726795917677,24629.625,18.860752
1357.7281847851218,24672.783,18.866772
1357.7295736525089,24644.95,18.862509
1357.7309625199532,24602.148,18.858932
1357.7323513873985,24608.965,18.846754
1357.7337402548433,24621.37,18.854334
1357.7351291222876,24605.969,18.853321
1357.7365179896747,24615.684,18.858633
1357.7379068571195,24628.299,18.863504
1357.7392957245647,24634.617,18.863955
1357.740684592009,24621.84,18.856499
1357.742073459453,24635.643,18.865213
1357.7434623268402,24606.303,18.847021
1357.7448511942857,24620.084,18.859358
1357.746240061731,24631.44,18.855366
1357.7476289291753,24612.756,18.84938
1357.7490177966192,24624.254,18.85221
1357.7504066640645,24628.332,18.86048
1357.7517955315097,24645.383,18.863583
1357.7531843988968,24603.65,18.855213
1357.7545732663416,24610.125,18.84699
1357.7559621337855,24604.701,18.860514
1357.7573510012307,24644.387,18.862421
1357.758739868676,24620.5,18.857317
1357.7601287361204,24622.07,18.853645
1357.7615176035652,24612.592,18.858835
1357.7629064710095,24631.688,18.863255
1357.7642953384548,24598.004,18.84732
1357.7656842059,24650.545,18.861858
1357.7670730732866,24616.74,18.856073
1357.768461940731,24624.04,18.860714
1357.7698508081758,24632.463,18.861935
1357.771239675621,24614.684,18.851463
1357.7726285430663,24650.324,18.864012
1357.774017410511,24619.986,18.853895
1357.7754062779554,24649.129,18.861074
1357.7767951454002,24602.865,18.846504
1357.7781840128446,24631.373,18.860037
1357.7795728802898,24635.822,18.85752
1357.7809617477346,24644.744,18.863928
1357.782350615179,24641.17,18.861944
1357.7837394826242,24651.818,18.863169
1357.785128350069,24633.094,18.85961
1357.7865172175143,24642.488,18.862389
1357.7879060849586,24639.791,18.854599
1357.7892949524025,24611.555,18.854855
1357.7906838198478,24625.219,18.86066
1357.792072687293,24628.867,18.860094
1357.7934615547383,24659.646,18.86758
1357.7948504221831,24623.436,18.855734
1357.796239289627,24639.41,18.867783
1357.7976281570723,24631.44,18.852894
1357.7990170245757,24599.992,18.851023
1357.800405892021,24656.69,18.865355
1357.8017947594653,24641.127,18.861464
1357.8031836269092,24662.713,18.867714
1357.8045724943547,24593.053,18.845901
1357.8059613618002,24618.129,18.853586
1357.8073502292445,24649.945,18.866293
1357.8087390966894,24608.018,18.848782
1357.8101279641337,24632.266,18.86099
1357.811516831579,24610.414,18.860823
1357.8129056990824,24634.014,18.859589
1357.8142945665272,24626.742,18.865652
1357.8156834339716,24638.607,18.868696
1357.8170723014164,24614.404,18.858248
1357.8184611688616,24630.395,18.855604
1357.819850036307,24631.3,18.858177
1357.8212389037512,24645.926,18.855377
1357.8226277712542,24644.273,18.850554
1357.8240166386986,24658.053,18.860538
1357.8254055061434,24600.021,18.852476
1357.8267943735887,24651.426,18.862047
1357.828183241034,24627.186,18.86381
1357.8295721084783,24622.094,18.8512
1357.8309609759813,24651.965,18.86535
1357.8323498434256,24655.03,18.862907
1357.833738710871,24635.53,18.863998
1357.8351275783166,24619.412,18.85286
1357.8365164458191,24633.2,18.8686
1357.837905313264,24597.355,18.849546
1357.8392941807083,24632.076,18.86299
1357.8406830481536,24611.59,18.849648
1357.8420719155984,24642.574,18.8642
1357.8434607831005,24610.518,18.842035
1357.8448496505457,24615.377,18.847095
1357.846238517991,24627.785,18.859442
1357.8476273854944,24621.756,18.8594
1357.8490162529388,24603.53,18.844584
1357.8504051203827,24629.71,18.859735
1357.851793987828,24637.9,18.861732
1357.8531828553314,24636.205,18.857998
1357.8545717227767,24652.783,18.868872
1357.8559605902215,24612.387,18.854866
1357.8573494577236,24614.201,18.853193
1357.8587383251688,24637.766,18.871376
1357.860127192614,24629.078,18.864351
1357.8615160601166,24635.111,18.859886
1357.8629049275614,24607.508,18.848906
1357.864293795006,24631.006,18.854673
1357.8656826625097,24615.754,18.852589
1357.867071529955,24624.273,18.861195
1357.8684603973993,24644.81,18.85835
1357.8698492649023,24617.777,18.85227
1357.8712381323467,24642.512,18.858442
1357.872626999792,24651.791,18.857126
1357.8740158672954,24631.404,18.863798
1357.8754047347402,24638.018,18.863
1357.8767936021845,24617.256,18.854467
1357.8781824696875,24643.492,18.859182
1357.879571337132,24621.3,18.85171
1357.8809602046354,24589.115,18.8435
1357.8823490720806,24604.303,18.854006
1357.8837379395836,24607.787,18.852848
1357.885126807028,24616.535,18.852575
1357.8865156744728,24605.658,18.85227
1357.8879045419762,24602.232,18.85591
1357.8892934094215,24595.51,18.857235
1357.890682276924,24625.312,18.8585
1357.8920711443689,24626.068,18.861025
1357.8934600118716,24637.525,18.863176
1357.8948488793171,24599.3,18.851501
1357.8962377468206,24627.63,18.860258
1357.8976266142645,24639.578,18.861092
1357.8990154817088,24624.395,18.86058
1357.9004043492123,24604.816,18.852468
1357.9017932166576,24621.475,18.86157
1357.9031820841606,24640.527,18.857803
1357.9045709516045,24640.328,18.86031
1357.905959819108,24625.248,18.855106
1357.9073486865532,24634.312,18.868328
1357.9087375540566,24656.176,18.85686
1357.910126421501,24636.527,18.859531
1357.911515289003,24621.201,18.860111
1357.9129041565066,24625.434,18.859953
1357.9142930239518,24645.252,18.867958
1357.9156818914548,24628.824,18.859188
1357.9170707588992,24603.24,18.853022
1357.9184596264022,24636.379,18.866457
1357.9198484938474,24629.035,18.864738
1357.921237361351,24605.24,18.855484
1357.9226262287955,24625.658,18.860023
1357.9240150962983,24623.996,18.854925
1357.9254039638013,24612.08,18.852436
1357.9267928312465,24635.977,18.859772
1357.92818169875,24610.25,18.855896
1357.9295705661943,24626.36,18.849499
1357.9309594336974,24623.098,18.853662
1357.9323483012,24608.79,18.8505
1357.9337371686447,24609.086,18.845173
1357.9351260361482,24663.986,18.86651
1357.9365149035934,24648.492,18.862461
1357.937903771096,24633.797,18.859781
1357.939292638599,24643.705,18.86297
1357.9406815060433,24593.467,18.850088
1357.9420703735468,24600.98,18.85609
1357.9434592410503,24610.549,18.858038
1357.944848108495,24639.979,18.859558
1357.9462369759976,24672.176,18.876867
1357.9476258435006,24604.287,18.853432
1357.949014710946,24658.406,18.862217
1357.9517924459515,24623.975,18.862928
1357.953181313396,24634.322,18.85996
1357.9545701808997,24631.559,18.865465
1357.9559590484032,24622.717,18.854546
1357.9573479158485,24619.379,18.858706
1357.9587367833506,24644.936,18.86899
1357.9601256508531,24643.096,18.865145
1357.9615145183566,24638.355,18.86053
1357.9629033858018,24630.236,18.85723
1357.9642922533053,24626.766,18.855995
1357.9656811208074,24626.236,18.861622
1357.9670699882522,24633.861,18.856785
1357.9684588557557,24610.277,18.850864
1357.9698477232582,24609.041,18.85067
1357.9712365907612,24662.203,18.860931
1357.9726254582056,24622.943,18.856388
1357.9754031932125,24638.184,18.863832
1357.9767920607155,24603.094,18.846191
1357.978180928218,24659.566,18.871412
1357.9795697956629,24624.932,18.850353
1357.9809586631663,24614.578,18.859339
1357.9823475306698,24642.59,18.861515
1357.9837363981728,24635.025,18.859827
1357.9851252656754,24615.457,18.862383
1357.9865141331202,24622.309,18.854755
1357.9879030006227,24614.762,18.84885
1357.9892918681262,24631.674,18.852243
1357.9906807356297,24627.48,18.852629
1357.9920696031327,24624.986,18.853966
1357.9934584706352,24650.678,18.862059
1357.99484733808,24630.83,18.855143
1357.9962362055835,24597.064,18.849476
1357.997625073087,24657.19,18.869987
1357.9990139405895,24629.258,18.860172
1358.001791675595,24636.785,18.860506
1358.0031805430986,24601.348,18.851305
1358.007347145549,24609.38,18.856653
1358.0087360130524,24625.182,18.855837
1358.0101248805558,24618.273,18.86064
1358.0115137480593,24625.879,18.85695
1358.0129026155614,24634.854,18.87632
1358.0142914830642,24620.008,18.86092
1358.015680350568,24642.746,18.868082
1358.0170692180714,24604.346,18.849316
1358.0184580855748,24630.182,18.854477
1358.0198469530187,24625.7,18.858276
1358.0212358205213,24634.215,18.855185
1358.0226246880247,24622.33,18.865812
1358.0254024230312,24606.809,18.859808
1358.0267912905338,24633.223,18.86258
1358.0281801580368,24631.256,18.856203
1358.0295690255402,24604.352,18.84725
1358.0309578930428,24619.934,18.853455
1358.0323467605463,24631.21,18.855808
1358.0337356280493,24641.564,18.862854
1358.0351244955518,24655.82,18.866547
1358.0365133630553,24628.115,18.860647
1358.0379022305583,24645.17,18.86329
1358.0392910980609,24621.896,18.854298
1358.0406799655639,24646.943,18.861498
1358.0420688330664,24633.115,18.85421
1358.0434577005701,24655.05,18.865347
1358.0448465680738,24654.422,18.861517
1358.0462354355764,24638.006,18.864166
1358.0476243030794,24606.525,18.853073
1358.049013170582,24629.09,18.85627
1358.0504020380854,24637.855,18.860023
1358.0517909055889,24610.09,18.853914
1358.0531797730919,24626.117,18.856964
1358.0545686406526,24638.666,18.860312
1358.0559575081556,24612.229,18.854662
1358.057346375659,24611.857,18.852148
1358.0587352431626,24608.121,18.847084
1358.0601241106647,24605.756,18.850157
1358.0615129781672,24635.242,18.863007
1358.0629018456707,24651.76,18.87809
1358.0642907131742,24608.465,18.848825
1358.0656795806776,24613.154,18.846283
1358.0670684481797,24630.521,18.858213
1358.0684573156827,24618.5,18.847012
1358.0698461832444,24618.963,18.860146
1358.071235050747,24651.365,18.873383
1358.0726239182507,24646.154,18.858282
1358.0740127857534,24609.084,18.852016
1358.0754016532564,24663.992,18.87127
1358.07679052076,24600.152,18.850096
1358.0781793882625,24626.777,18.858501
1358.079568255766,24622.48,18.849243
1358.0809571233272,24646.793,18.867846
1358.0823459908297,24671.39,18.881731
1358.0837348583332,24652.361,18.861225
1358.0851237258362,24619.54,18.852966
1358.0865125933396,24628.635,18.85969
1358.0879014609004,24623.832,18.858332
1358.0892903284025,24623.787,18.863625
1358.090679195906,24639.314,18.862757
1358.0920680634094,24668.395,18.872986
1358.093456930913,24603.488,18.847836
1358.094845798416,24636.545,18.853657
1358.0962346659762,24615.213,18.86167
1358.0976235334797,24621.031,18.85482
1358.0990124009832,24614.32,18.857462
1358.1004012684866,24630.361,18.858015
1358.1017901360476,24626.584,18.85818
1358.1031790035497,24618.855,18.862705
1358.1045678710534,24631.027,18.861
1358.1059567385569,24604.465,18.847374
1358.1073456061176,24629.12,18.855732
1358.1087344736206,24636.19,18.856405
1358.1101233411232,24629.178,18.853003
1358.1115122086267,24644.416,18.863298
1358.1129010761883,24646.7,18.862194
1358.1142899436913,24629.514,18.865767
1358.115678811194,24592.299,18.851177
1358.117067678697,24647.24,18.86494
1358.1184565462586,24651.982,18.865503
1358.119845413762,24655.02,18.863691
1358.1212342812642,24611.24,18.86446
1358.122623148825,24635.432,18.864742
1358.1240120163284,24596.729,18.84904
1358.1254008838314,24626.355,18.864439
1358.126789751393,24655.773,18.86847
1358.1281786188956,24640.12,18.85718
1358.1295674863986,24638.936,18.860786
1358.1309563539603,24636.797,18.865168
1358.1323452214629,24605.994,18.855755
1358.1337340889665,24624.14,18.853632
1358.1351229565275,24642.885,18.859406
1358.1365118240305,24618.666,18.852009
1358.137900691534,24643.453,18.862318
1358.1392895590948,24639.8,18.856794
1358.1406784265982,24621.627,18.859621
1358.1420672941013,24602.797,18.852465
1358.1434561616616,24634.482,18.859768
1358.144845029165,24661.322,18.87478
1358.1462338966685,24591.582,18.841488
1358.1476227642302,24642.18,18.867678
1358.1490116317327,24660.871,18.867302
1358.150400499293,24617.422,18.850447
1358.1517893667965,24643.863,18.868866
1358.1531782343,24624.766,18.855482
1358.1545671018616,24664.746,18.860779
1358.1559559693646,24631.91,18.86265
1358.157344836925,24643.037,18.860083
1358.1587337044284,24621.33,18.86013
1358.16012257199,24619.875,18.858011
1358.1615114394926,24625.887,18.857054
1358.1629003069957,24664.61,18.86458
1358.1642891745569,24611.803,18.855484
1358.1656780420603,24600.875,18.855677
1358.167066909622,24590.557,18.853043
1358.1684557771246,24622.184,18.851929
1358.1698446446858,24604.883,18.85296
1358.1712335121883,24653.096,18.861221
1358.17262237975,24626.037,18.863243
1358.1740112472535,24615.055,18.85702
1358.1754001148147,24615.236,18.855906
1358.1767889823172,24618.107,18.857244
1358.1781778498785,24648.83,18.875696
1358.179566717381,24620.229,18.873264
1358.1809555848845,24662.266,18.872263
1358.1823444524462,24603.844,18.859451
1358.1837333199492,24633.303,18.85705
1358.18512218751,24615.678,18.854517
1358.1865110550712,24648.64,18.86287
1358.1878999225746,24629.504,18.855875
1358.1892887901363,24633.662,18.866308
1358.1906776576388,24626.578,18.872732
1358.1920665252,24638.299,18.856739
1358.193455392703,24657.904,18.870783
1358.1948442602647,24654.299,18.865963
1358.1962331277682,24610.594,18.849255
1358.1976219953285,24616.283,18.86265
1358.199010862831,24606.893,18.856485
1358.2003997303927,24617.842,18.862755
1358.2017885978962,24610.783,18.861187
1358.2031774654579,24618.953,18.859955
1358.2045663330182,24598.686,18.848679
1358.2059552005212,24622.473,18.855843
1358.2073440680829,24614.812,18.850786
1358.2087329355863,24614.64,18.859234
1358.210121803147,24639.951,18.863083
1358.2115106707074,24646.205,18.860888
1358.2128995382109,24638.236,18.859114
1358.2142884057725,24602.092,18.843576
1358.2156772732756,24627.773,18.863949
1358.2170661408363,24615.184,18.85202
1358.2184550083975,24620.01,18.86001
1358.219843875901,24639.055,18.864384
1358.2212327434627,24631.768,18.864344
1358.2226216109655,24600.016,18.851076
1358.2240104785265,24627.566,18.856125
1358.2253993460877,24608.564,18.855867
1358.2267882135911,24620.191,18.85955
1358.2281770811528,24640.357,18.860273
1358.2295659487136,24598.795,18.858562
1358.2309548162166,24642.363,18.869366
1358.2323436837773,24638.4,18.869434
1358.2337325513386,24648.23,18.861332
1358.235121418842,24594.594,18.85041
1358.2365102864037,24639.35,18.865238
1358.2378991539645,24622.762,18.86064
1358.2392880214675,24644.336,18.8663
1358.2406768890282,24610.348,18.853214
1358.24206575659,24617.703,18.856298
1358.2434546241516,24646.861,18.874765
1358.2448434916546,24629.852,18.865015
1358.2462323592154,24621.041,18.862192
1358.2476212267766,24614.713,18.85541
1358.24901009428,24633.535,18.863615
1358.2503989618417,24615.281,18.8567
1358.251787829402,24614.93,18.864407
1358.253176696963,24639.525,18.86231
1358.2545655644667,24615.617,18.853876
1358.2559544320284,24623.283,18.859629
1358.25734329959,24593.287,18.847973
1358.2587321670921,24616.604,18.858154
1358.260121034653,24628.59,18.869457
1358.2615099022146,24632.205,18.85695
1358.2628987697763,24628.791,18.85993
1358.2642876372797,24620.648,18.863083
1358.26567650484,24653.465,18.865883
1358.2670653724012,24590.088,18.846186
1358.268454239963,24605.354,18.848095
1358.2698431075237,24638.918,18.863903
1358.2712319750271,24622.004,18.857258
1358.2726208425884,24621.123,18.852188
1358.2740097101491,24629.703,18.863853
1358.2753985777108,24626.846,18.861088
1358.276787445272,24610.37,18.852287
1358.2781763127755,24647.885,18.865088
1358.2795651803362,24602.395,18.848373
1358.2809540478975,24650.242,18.870733
1358.2823429154591,24617.295,18.85151
1358.2837317830204,24599.21,18.84228
1358.2851206505238,24629.955,18.866968
1358.2865095180846,24622.072,18.86063
1358.287898385645,24629.223,18.856972
1358.2892872532066,24651.936,18.860678
1358.2906761207682,24638.316,18.864403
1358.29206498833,24646.623,18.860033
1358.2934538558911,24603.867,18.85582
1358.2948427233932,24626.605,18.855694
1358.296231590955,24640.36,18.863243
1358.2976204585166,24627.27,18.856333
1358.2990093260782,24640.54,18.85617
1358.300398193639,24611.871,18.860481
1358.3017870611993,24625.395,18.863424
1358.303175928761,24641.887,18.862848
1358.3045647962645,24632.107,18.858887
1358.3059536638248,24635.688,18.86168
1358.307342531386,24633.85,18.87319
1358.3087313989477,24668.0,18.867271
1358.3101202665093,24649.441,18.864735
1358.311509134071,24633.367,18.87182
1358.3128980016313,24643.91,18.859465
1358.3142868691923,24588.137,18.853075
1358.3156757367542,24637.93,18.858501
1358.3170646043159,24620.133,18.85973
1358.3184534718775,24595.629,18.851557
1358.3198423394379,24601.857,18.851435
1358.3212312069404,24649.957,18.86342
1358.322620074502,24657.654,18.862877
1358.3240089420633,24613.662,18.855022
1358.325397809625,24623.17,18.860817
1358.3267866771857,24629.627,18.86046
1358.328175544747,24647.643,18.87479
1358.3295644123086,24649.205,18.861095
1358.3309532798694,24617.994,18.85388
1358.332342147431,24622.854,18.855848
1358.3337310149923,24610.33,18.847786
1358.335119882553,24664.354,18.863775
1358.3365087501147,24625.863,18.860785
1358.337897617676,24631.955,18.86032
1358.3392864852376,24654.248,18.8623
1358.3406753527984,24629.158,18.859507
1358.3420642203587,24625.438,18.863451
1358.3434530879206,24604.094,18.85537
1358.3448419554825,24642.125,18.870598
1358.3462308230442,24635.025,18.862343
1358.347619690605,24638.51,18.862406
1358.3490085581652,24605.527,18.85715
1358.350397425727,24616.12,18.856575
1358.3517862932886,24591.525,18.8464
1358.3531751608498,24628.504,18.865757
1358.3545640284106,24664.547,18.861202
1358.3559528959718,24625.104,18.866072
1358.3573417635334,24656.639,18.872858
1358.358730631095,24621.68,18.85711
1358.3601194986559,24596.693,18.855244
1358.361508366217,24610.03,18.85657
1358.3628972337779,24620.078,18.858643
1358.3642861013977,24622.957,18.859032
1358.3656749689594,24648.496,18.863104
1358.3670638365206,24616.201,18.848373
1358.3684527040814,24604.656,18.863672
1358.3698415716426,24645.322,18.867071
1358.3712304392034,24624.043,18.86117
1358.3726193067653,24646.594,18.862354
1358.3740081743272,24629.523,18.85362
1358.375397041888,24631.232,18.853909
1358.3767859094492,24622.295,18.857494
1358.37817477701,24643.637,18.86126
1358.3795636445716,24621.129,18.857998
1358.3809525121915,24636.695,18.859642
1358.3823413797527,24628.365,18.858774
1358.3837302473135,24649.467,18.868462
1358.3851191148747,24608.459,18.845537
1358.3865079824363,24646.943,18.869932
1358.387896849998,24573.688,18.845325
1358.3892857175583,24647.76,18.86392
1358.390674585119,24620.553,18.857824
1358.392063452739,24621.305,18.857101
1358.3934523203006,24599.527,18.854462
1358.3948411878623,24631.15,18.861755
1358.3962300554226,24659.625,18.872969
1358.3976189229838,24599.648,18.850397
1358.3990077905455,24605.838,18.851618
1358.4003966581654,24623.89,18.857037
1358.401785525727,24617.69,18.854567
1358.4031743932874,24624.203,18.856367
1358.4045632608486,24606.47,18.853298
1358.4059521284103,24627.746,18.864695
1358.407340995971,24647.582,18.864717
1358.408729863591,24636.402,18.867695
1358.4101187311521,24613.67,18.85657
1358.411507598713,24630.414,18.86139
1358.4128964662746,24611.045,18.871857
1358.4142853338358,24632.951,18.862709
1358.4156742014557,24645.936,18.864576
1358.4170630690164,24639.578,18.862219
1358.4184519365776,24645.527,18.864471
1358.4198408041393,24649.53,18.867723
1358.4212296717583,24651.578,18.868662
1358.42261853932,24631.168,18.86171
1358.4240074068812,24602.715,18.849113
1358.4253962744415,24614.32,18.858814
1358.4267851420032,24635.018,18.861834
1358.428174009623,24625.895,18.859211
1358.4295628771838,24627.691,18.859127
1358.430951744745,24624.06,18.854952
1358.432340612306,24623.309,18.861029
1358.4337294799261,24613.523,18.858006
1358.4351183474878,24669.502,18.871513
1358.4365072150486,24661.543,18.867077
1358.437896082668,24649.332,18.861706
1358.4392849502287,24634.67,18.85623
1358.4406738177904,24611.582,18.855865
1358.442062685352,24604.203,18.850607
1358.4434515529706,24628.666,18.857712
1358.4448404205318,24627.475,18.857265
1358.4462292880935,24651.912,18.86296
1358.4476181557134,24626.777,18.85134
1358.449007023275,24626.7,18.862745
1358.4503958908354,24622.436,18.865473
1358.4517847583961,24603.252,18.849604
1358.453173626016,24598.354,18.853735
1358.4545624935777,24645.32,18.856247
1358.4559513611393,24642.395,18.867554
1358.4573402287579,24618.984,18.856556
1358.458729096319,24595.182,18.852802
1358.4601179638807,24614.873,18.859598
1358.4615068315,24648.91,18.857347
1358.4628956990618,24646.709,18.865831
1358.4642845666226,24585.139,18.849417
1358.465673434242,24642.31,18.863499
1358.4670623018037,24602.691,18.850754
1358.4684511693645,24638.053,18.865261
1358.4698400369844,24647.291,18.867432
1358.4712289045456,24621.934,18.861563
1358.4726177721645,24615.385,18.847013
1358.4740066397262,24617.375,18.858107
1358.4753955072874,24622.7,18.856749
1358.4767843749073,24603.346,18.851643
1358.478173242468,24606.904,18.853144
1358.4795621100284,24640.99,18.863287
1358.4809509776483,24610.988,18.855673
1358.48233984521,24642.225,18.863873
1358.4837287128298,24659.184,18.878874
1358.485117580391,24612.25,18.860146
1358.4865064479513,24656.723,18.876125
1358.4878953155712,24631.023,18.85951
1358.489284183133,24631.197,18.864151
1358.4906730507528,24607.066,18.85518
1358.492061918314,24661.645,18.865221
1358.4934507858743,24622.701,18.862131
1358.4948396534942,24643.203,18.864727
1358.4962285210559,24618.596,18.863789
1358.4976173886748,24648.523,18.866812
1358.499006256236,24596.86,18.852652
1358.500395123855,24619.545,18.86731
1358.5017839914167,24604.326,18.857435
1358.5031728590366,24642.127,18.863932
1358.5045617265978,24641.965,18.874994
1358.5059505941585,24623.53,18.858866
1358.507339461778,24667.832,18.874428
1358.5087283293396,24625.236,18.85704
1358.5101171969595,24638.135,18.864674
1358.5115060645203,24640.459,18.86064
1358.5128949321397,24618.244,18.853943
1358.5142837997005,24584.78,18.847448
1358.51567266732,24635.053,18.863033
1358.5170615348816,24645.701,18.866602
1358.5184504025015,24609.107,18.856123
1358.5198392700622,24640.719,18.857811
1358.5212281376816,24597.51,18.848207
1358.5226170052429,24641.654,18.859095
1358.5240058728627,24629.398,18.855942
1358.5253947404244,24629.984,18.8624
1358.5267836080434,24609.604,18.855932
1358.5281724756046,24610.498,18.85343
1358.5295613432236,24637.441,18.866575
1358.5309502107852,24657.95,18.867685
1358.5323390784051,24623.346,18.863789
1358.5337279459654,24625.703,18.85415
1358.5351168135849,24629.316,18.857014
1358.5365056811465,24626.207,18.86232
1358.5378945487664,24621.223,18.862114
1358.539283416328,24615.557,18.845531
1358.5406722839466,24605.3,18.86232
1358.5420611515074,24626.184,18.851557
1358.5434500191272,24600.404,18.845427
1358.5448388867471,24642.174,18.866032
1358.5462277543088,24618.53,18.860777
1358.5476166219273,24621.043,18.85484
1358.5490054894885,24665.145,18.867157
1358.5503943571084,24600.678,18.853106
1358.5517832246694,24644.348,18.867981
1358.5531720922895,24637.691,18.860613
1358.5545609599085,24666.11,18.865494
1358.5559498274697,24618.414,18.86499
1358.5573386950896,24622.557,18.856276
1358.5587275626503,24633.967,18.859522
1358.5601164302702,24601.873,18.855122
1358.5615052978897,24602.48,18.853743
1358.5628941654504,24659.207,18.872427
1358.5642830330703,24636.3,18.86105
1358.5656719006315,24600.492,18.84851
1358.5670607682514,24634.965,18.857346
1358.5684496358704,24630.295,18.87013
1358.5698385034307,24616.363,18.853895
1358.5712273710506,24635.037,18.867058
1358.5726162386122,24625.412,18.860786
1358.574005106232,24630.012,18.863615
1358.5753939738515,24590.67,18.847849
1358.5767828414118,24598.059,18.850044
1358.5781717090317,24621.98,18.858114
1358.5795605766516,24603.332,18.850788
1358.5809494442133,24656.95,18.866177
1358.5823383118327,24602.707,18.856173
1358.5837271794512,24589.963,18.847551
1358.585116047013,24637.01,18.861446
1358.5865049146328,24634.688,18.861963
1358.5878937821935,24635.43,18.865139
1358.589282649813,24608.303,18.856644
1358.590671517432,24634.37,18.862064
1358.5920603849936,24652.412,18.867521
1358.5934492526135,24640.406,18.86462
1358.594838120232,24611.178,18.859283
1358.5962269878514,24633.564,18.862936
1358.597615855413,24651.41,18.865591
1358.599004723033,24625.416,18.860271
1358.6003935906529,24652.361,18.862291
1358.6017824582132,24624.768,18.856743
1358.6031713258321,24654.46,18.865612
1358.604560193452,24620.496,18.85799
1358.6059490610132,24644.635,18.867552
1358.6073379286331,24666.066,18.868458
1358.608726796252,24676.197,18.872856
1358.6101156638715,24642.291,18.864094
1358.6115045314332,24645.291,18.863947
1358.6128933990526,24657.729,18.87098
1358.6142822666725,24599.842,18.853529
1358.6156711342333,24632.678,18.869452
1358.6170600018527,24631.32,18.853975
1358.6184488694726,24636.418,18.86249
1358.6198377370915,24606.828,18.847948
1358.6212266046532,24633.064,18.860804
1358.6226154722726,24664.432,18.869434
1358.6240043398911,24633.225,18.864437
1358.625393207511,24652.635,18.867102
1358.6267820750727,24625.324,18.8682
1358.6281709426926,24627.291,18.859629
1358.6295598103115,24651.865,18.868534
1358.63094867793,24611.451,18.863943
1358.6323375454917,24645.39,18.865707
1358.6337264131116,24641.715,18.866901
1358.6351152807315,24608.648,18.852404
1358.636504148351,24656.834,18.863098
1358.6378930159694,24593.475,18.856066
1358.639281883531,24605.773,18.853825
1358.640670751151,24627.51,18.864433
1358.6420596187704,24662.736,18.863398
1358.6434484863894,24620.457,18.851593
1358.6448373540088,24611.432,18.851961
1358.6462262215705,24641.908,18.862469
1358.6476150891904,24645.682,18.85852
1358.6490039568093,24642.084,18.863283
1358.6503928244288,24626.879,18.864315
1358.6517816920477,24660.232,18.86512
1358.653170559609,24643.543,18.864388
1358.6545594272288,24649.44,18.862112
1358.6559482948487,24626.904,18.858051
1358.6573371624677,24641.824,18.871284
1358.658726030087,24631.783,18.85604
1358.660114897706,24620.615,18.85717
1358.6615037652678,24612.934,18.853048
1358.6628926328876,24624.645,18.854008
1358.664281500507,24620.398,18.86333
1358.665670368126,24620.09,18.858913
1358.6670592357455,24596.922,18.852377
1358.6684481033653,24605.531,18.849428
1358.669836970927,24626.63,18.860655
1358.6726147061647,24630.303,18.86181
1358.6740035737848,24640.52,18.861784
1358.6753924414047,24613.041,18.86751
1358.6767813090246,24626.408,18.865765
1358.678170176643,24597.295,18.8508
1358.679559044262,24642.271,18.854416
1358.6809479118238,24656.213,18.872972
1358.6837256470635,24662.13,18.875486
1358.685114514682,24646.254,18.868069
1358.6865033823015,24627.24,18.857973
1358.6878922499213,24656.047,18.873308
1358.6892811175403,24637.537,18.858713
1358.6906699851602,24618.49,18.869783
1358.6920588527796,24629.414,18.856916
1358.6934477203986,24630.543,18.850714
1358.6948365879603,24641.465,18.864235
1358.6962254555797,24631.395,18.852486
1358.6976143231996,24603.51,18.843113
1358.6990031908185,24645.744,18.863274
1358.700392058438,24629.178,18.857815
1358.7017809260578,24636.205,18.866724
1358.7031697936773,24634.176,18.86115
1358.7045586612971,24606.613,18.850597
1358.705947528916,24618.043,18.854483
1358.7073363965346,24613.182,18.855347
1358.7087252641545,24598.703,18.85504
1358.7101141317744,24642.361,18.866535
1358.7115029993943,24622.441,18.863195
1358.7128918670137,24614.648,18.856276
1358.7142807346322,24620.805,18.855936
1358.715669602252,24638.781,18.864635
1358.7170584698138,24602.465,18.859367
1358.7184473374336,24641.719,18.869606
1358.7212250726711,24646.768,18.860895
1358.722613940291,24637.578,18.8625
1358.724002807911,24646.385,18.866388
1358.7253916755303,24641.33,18.855597
1358.7267805431493,24613.195,18.86094
1358.7281694107687,24651.371,18.866827
1358.7295582783886,24642.133,18.87329
1358.7309471460085,24654.232,18.879105
1358.732336013628,24647.512,18.864557
1358.7337248812469,24619.654,18.86525
1358.7351137488663,24626.623,18.865448
1358.7365026164862,24611.46,18.859318
1358.737891484106,24624.354,18.857037
1358.739280351725,24621.564,18.869379
1358.7406692193445,24616.758,18.852064
1358.7420580869634,24636.178,18.867218
1358.7448358222027,24605.717,18.856478
1358.7462246898226,24637.605,18.854431
1358.7476135574416,24608.092,18.853714
1358.749002425061,24619.484,18.859854
1358.7503912927382,24629.656,18.86892
1358.751780160358,24646.729,18.864025
1358.753169027978,24617.322,18.856386
1358.7545578955974,24646.527,18.86902
1358.7559467632163,24608.174,18.85265
1358.7573356308358,24646.133,18.858267
1358.7601133660755,24637.156,18.866137
1358.761502233694,24621.889,18.859411
1358.7628911013135,24623.568,18.85815
1358.7642799689334,24615.822,18.851873
1358.7656688365532,24634.967,18.85926
1358.767057704173,24654.004,18.870728
1358.7684465717916,24614.64,18.862358
1358.7698354394106,24641.78,18.86652
1358.7712243070305,24656.654,18.864239
1358.7726131747086,24653.988,18.870216
1358.7740020423284,24631.318,18.859045
1358.775390909947,24631.227,18.861162
1358.7767797775664,24617.428,18.856049
1358.7781686451863,24619.479,18.85054
1358.7795575128052,24623.27,18.850235
1358.7809463804251,24620.025,18.855299
1358.7823352480445,24626.428,18.849302
1358.7837241156635,24677.002,18.877064
1358.7851129832834,24637.82,18.869474
1358.786501850961,24600.84,18.856152
1358.787890718581,24602.39,18.846596
1358.7892795862,24633.373,18.8562
1358.7920573214392,24658.137,18.869104
1358.7934461890586,24650.996,18.867565
1358.7948350566785,24601.602,18.842596
1358.7962239242975,24637.016,18.86118
1358.7976127919742,24641.883,18.863785
1358.799001659594,24626.994,18.862774
1358.8031682624533,24614.66,18.853464
1358.8045571300718,24630.523,18.860243
1358.8059459976917,24628.512,18.85944
1358.8073348653697,24606.344,18.851011
1358.8087237329896,24598.201,18.852365
1358.8101126006086,24617.11,18.854914
1358.811501468227,24639.086,18.861902
1358.812890335847,24616.61,18.853605
1358.8142792034669,24620.867,18.866184
1358.8156680711445,24640.08,18.87376
1358.8170569387635,24598.906,18.852247
1358.818445806383,24651.328,18.861631
1358.8198346740028,24623.66,18.868515
1358.8212235416227,24636.506,18.863916
1358.8253901445387,24645.766,18.865715
1358.8267790121586,24642.697,18.863169
1358.8295567473974,24615.299,18.854836
1358.830945615075,24626.557,18.85793
1358.832334482694,24610.408,18.857668
1358.8337233503134,24630.068,18.857365
1358.8351122179333,24632.016,18.875486
1358.8365010856114,24660.162,18.86707
1358.8378899532304,24593.51,18.853252
1358.8392788208498,24607.318,18.850943
1358.8406676884688,24596.717,18.856705
1358.8420565560887,24641.709,18.866646
1358.8434454237668,24634.648,18.860588
1358.8448342913862,24621.326,18.85997
1358.8462231590051,24674.781,18.871742
1358.8476120266246,24637.684,18.859947
1358.8490008943027,24627.953,18.86128
1358.8503897619225,24646.676,18.868069
1358.851778629541,24661.355,18.877106
1358.8531674971605,24637.91,18.862213
1358.8545563648386,24635.766,18.861414
1358.8559452324585,24636.719,18.86043
1358.8573341000783,24647.264,18.860731
1358.8587229676968,24651.486,18.864935
1358.861500702994,24620.898,18.855124
1358.8628895706138,24652.607,18.86598
1358.8642784382337,24626.36,18.861002
1358.8656673059104,24600.613,18.850662
1358.8670561735298,24653.451,18.86907
1358.8684450411497,24648.496,18.85767
1358.8698339088269,24655.842,18.869665
1358.8712227764468,24639.156,18.85663
1358.8726116440662,24592.938,18.84998
1358.8740005116852,24649.84,18.86029
1358.8753893793632,24635.48,18.867151
1358.8767782469827,24648.033,18.865372
1358.8781671146025,24633.42,18.863272
1358.8795559822802,24634.768,18.863884
1358.8809448498992,24621.326,18.85518
1358.882333717519,24652.896,18.864906
1358.8837225851967,24660.717,18.86583
1358.8865003204355,24614.594,18.857481
1358.8878891881122,24631.916,18.862267
1358.8892780557321,24653.385,18.865606
1358.890666923352,24624.193,18.854557
1358.8920557909719,24642.803,18.862854
1358.8934446586495,24632.066,18.852814
1358.894833526268,24674.611,18.878222
1358.896222393888,24625.045,18.849224
1358.897611261566,24614.197,18.859205
1358.8990001291859,24620.994,18.86101
1358.900388996863,24632.863,18.858479
1358.9017778644816,24616.01,18.852211
1358.9031667321015,24635.863,18.870918
1358.9045555997795,24649.758,18.868189
1358.905944467399,24637.605,18.87359
1358.907333335018,24622.656,18.864122
1358.9087222026956,24639.621,18.861933
1358.9101110703155,24626.773,18.86025
1358.9114999379353,24594.617,18.847507
1358.912888805613,24626.055,18.856041
1358.914277673232,24620.1,18.859547
1358.9156665408514,24613.848,18.857439
1358.9170554085285,24621.336,18.863825
1358.9184442761484,24623.088,18.850428
1358.9198331438265,24622.23,18.866758
1358.921222011446,24605.611,18.854834
1358.922610879065,24664.8,18.872416
1358.9239997467425,24635.87,18.865717
1358.9253886143624,24637.35,18.860174
1358.9267774819823,24620.44,18.859787
1358.9281663496595,24642.469,18.864304
1358.929555217279,24627.717,18.85895
1358.930944084956,24651.03,18.871971
1358.932332952576,24613.38,18.850916
1358.9337218201958,24604.12,18.851347
1358.9351106878726,24631.752,18.85167
1358.936499555492,24629.928,18.849207
1358.93788842317,24625.06,18.866936
1358.93927729079,24603.912,18.852674
1358.940666158468,24639.176,18.860758
1358.9420550260866,24608.502,18.863672
1358.943443893706,24634.143,18.872099
1358.944832761384,24635.059,18.862873
1358.946221629004,24624.385,18.862919
1358.947610496682,24665.488,18.860933
1358.9489993643006,24624.385,18.859264
1358.9503882319777,24596.2,18.856606
1358.9517770995976,24657.58,18.874723
1358.953165967217,24640.908,18.866148
1358.9545548348951,24603.133,18.852964
1358.955943702514,24645.93,18.863218
1358.9573325701917,24626.754,18.855747
1358.9587214378116,24609.393,18.861662
1358.9601103054888,24573.438,18.84835
1358.9614991731087,24620.898,18.86174
1358.9628880407863,24659.586,18.875835
1358.9642769084053,24582.89,18.856417
1358.9656657760834,24623.727,18.861021
1358.9670546437028,24616.57,18.848917
1358.9684435113227,24606.24,18.856995
1358.9698323790003,24621.775,18.858908
1358.9712212466188,24592.793,18.846952
1358.972610114297,24587.365,18.851631
1358.9739989819168,24621.68,18.857407
1358.9753878495949,24693.031,18.875273
1358.9767767172139,24627.852,18.869858
1358.9781655848906,24634.299,18.862217
1358.9795544525105,24637.06,18.865723
1358.9809433201885,24638.486,18.86366
1358.9823321878084,24613.943,18.85661
1358.983721055486,24638.71,18.857103
1358.9851099231046,24636.22,18.87186
1358.9864987907827,24652.988,18.869698
1358.9878876584025,24635.021,18.854671
1358.9892765260797,24602.635,18.849785
1358.9906653936991,24660.424,18.87568
1358.9920542613763,24668.111,18.867023
1358.9934431289962,24638.094,18.86632
1358.9948319966743,24624.121,18.864752
1358.9962208642937,24632.371,18.850588
1358.997609731971,24658.473,18.8737
1358.9989985995903,24661.469,18.867283
1359.0003874672684,24673.71,18.858232
1359.0017763348883,24625.379,18.864643
1359.003165202566,24679.824,18.874216
1359.004554070185,24637.54,18.868738
1359.0059429378625,24664.768,18.869835
1359.0073318055397,24605.14,18.848577
1359.0087206731596,24635.459,18.865486
1359.0101095408377,24637.998,18.867384
1359.011498408457,24643.832,18.867249
1359.0128872761343,24635.758,18.8626
1359.0142761437537,24645.158,18.859226
1359.0156650114318,24644.973,18.868382
1359.0170538790517,24623.402,18.867352
1359.0184427467289,24649.56,18.864414
1359.0198316143483,24619.494,18.859215
1359.0212204820255,24615.906,18.865175
1359.0226093497035,24680.254,18.865887
1359.0239982173234,24641.01,18.864298
1359.0253870850001,24589.457,18.861692
1359.0267759526196,24631.764,18.861391
1359.0281648202977,24633.305,18.86506
1359.0295536879175,24639.463,18.867752
1359.0309425555956,24657.258,18.870861
1359.0323314232724,24612.54,18.863144
1359.0337202908918,24616.37,18.86443
1359.0351091585699,24609.916,18.860035
1359.0364980261897,24687.598,18.880844
1359.0378868938678,24605.174,18.854376
1359.0392757615446,24601.592,18.853592
1359.0406646291635,24640.625,18.865206
1359.0420534968416,24625.775,18.857288
1359.043442364461,24593.393,18.86058
1359.0448312321391,24605.863,18.852074
1359.0462200998163,24634.938,18.867306
1359.0476089674357,24619.557,18.867739
1359.0503867027328,24633.176,18.869972
1359.0517755704109,24657.934,18.869246
1359.0531644380885,24630.117,18.859467
1359.0545533057075,24600.607,18.85458
1359.0559421733856,24633.184,18.855827
1359.057331041005,24620.018,18.86582
1359.058719908683,24619.34,18.859911
1359.0601087763607,24654.979,18.869322
1359.0614976439792,24617.17,18.858313
1359.0628865116573,24640.922,18.862764
1359.0642753793354,24620.896,18.85875
1359.0656642469553,24622.969,18.846537
1359.0670531146325,24666.656,18.87563
1359.068441982251,24611.006,18.84874
1359.069830849929,24662.584,18.864798
1359.0712197176072,24620.781,18.859024
1359.072608585227,24660.715,18.877035
1359.0739974529047,24641.904,18.860916
1359.0753863205814,24656.229,18.86388
1359.0767751882013,24663.807,18.871283
1359.0781640558794,24646.365,18.869572
1359.0795529235565,24618.7,18.844454
1359.080941791176,24640.02,18.865929
1359.0823306588532,24594.299,18.854439
1359.0837195265312,24633.033,18.870068
1359.0851083941511,24632.334,18.866117
1359.0864972618288,24656.586,18.867706
1359.0878861295062,24612.697,18.860916
1359.0892749971254,24642.719,18.865156
1359.0906638648034,24620.152,18.858028
1359.0920527324815,24637.205,18.86462
1359.093441600101,24613.457,18.86214
1359.0948304677781,24611.701,18.851473
1359.0962193354558,24606.56,18.859924
1359.0976082030747,24636.8,18.866884
1359.0989970707528,24607.822,18.853468
1359.100385938431,24660.049,18.865791
1359.1017748060503,24614.418,18.862946
1359.1031636737275,24619.426,18.859955
1359.1045525414052,24642.422,18.869162
1359.1059414090832,24614.865,18.854876
1359.1073302767031,24599.975,18.876036
1359.1087191443803,24673.094,18.880337
1359.110108012058,24634.535,18.860453
1359.111496879677,24642.041,18.85828
1359.112885747355,24654.182,18.881512
1359.114274615033,24653.559,18.870583
1359.1156634827098,24641.836,18.867056
1359.1170523503292,24663.412,18.860804
1359.1184412180073,24617.979,18.857239
1359.1198300856854,24647.46,18.87269
1359.1212189533053,24638.791,18.864668
1359.122607820982,24628.639,18.863008
1359.1239966886596,24589.623,18.85177
1359.1253855563377,24616.14,18.869753
1359.1267744239576,24609.115,18.85432
1359.1378853652618,24633.318,18.866331
1359.13927423294,24639.443,18.86939
1359.140663100617,24608.531,18.858799
1359.142051968237,24601.42,18.859535
1359.1434408359146,24633.486,18.867992
1359.1448297035918,24621.768,18.863583
1359.14621857127,24581.818,18.847187
1359.1476074389475,24631.832,18.865261
1359.1489963065674,24631.63,18.865147
1359.150385174245,24622.725,18.862875
1359.1517740419217,24639.523,18.863865
1359.1531629095998,24597.883,18.851805
1359.1545517772197,24633.758,18.876226
1359.1559406448978,24650.676,18.868773
1359.157329512575,24619.13,18.85795
1359.1587183802517,24625.723,18.858006
1359.1601072478716,24659.799,18.87783
1359.1614961155497,24640.436,18.864637
1359.1628849832277,24664.25,18.872868
1359.1642738509054,24626.6,18.868177
1359.165662718582,24640.756,18.866747
1359.167051586202,24641.148,18.86624
1359.16844045388,24606.803,18.867535
1359.1698293215572,24632.244,18.861238
1359.1712181892349,24604.018,18.859007
1359.172607056912,24608.691,18.857222
1359.173995924532,24649.697,18.871569
1359.17538479221,24605.932,18.874502
1359.1767736598877,24652.656,18.875368
1359.1781625275653,24620.67,18.863626
1359.1795513952425,24649.479,18.867826
1359.1809402628624,24627.48,18.866428
1359.1823291305404,24623.158,18.864344
1359.183717998218,24617.105,18.848955
1359.1851068658952,24668.55,18.86868
1359.1864957335729,24650.332,18.862635
1359.18788460125,24635.268,18.864462
1359.18927346887,24615.676,18.86357
1359.190662336548,24617.012,18.857033
1359.1920512042257,24625.086,18.866184
1359.1934400719028,24628.814,18.873465
1359.1948289395805,24621.66,18.863579
1359.1962178072004,24643.896,18.86932
1359.1976066748784,24603.791,18.868412
1359.1989955425565,24676.348,18.879454
1359.2003844102337,24637.635,18.868864
1359.2017732779104,24615.252,18.86585
1359.2031621455885,24618.459,18.871227
1359.2045510132666,24642.543,18.868128
1359.205939880886,24643.66,18.863535
1359.2073287485637,24631.54,18.867165
1359.2087176162408,24633.277,18.865524
1359.210106483919,24621.156,18.858627
1359.211495351597,24619.82,18.867476
1359.2128842192747,24644.662,18.871
1359.2142730868936,24635.262,18.866625
1359.2156619545713,24634.127,18.865973
1359.2170508222484,24655.31,18.87291
1359.2184396899265,24651.846,18.87305
1359.2198285576046,24648.117,18.86488
1359.2212174252822,24642.084,18.870056
1359.2226062929594,24625.973,18.872662
1359.223995160637,24640.691,18.86968
1359.225384028257,24643.703,18.86317
1359.226772895935,24649.115,18.867722
1359.2281617636122,24619.434,18.858662
1359.2295506312898,24623.688,18.866545
1359.230939498967,24633.39,18.859287
1359.232328366645,24602.645,18.862114
1359.2337172343232,24655.54,18.875898
1359.235106102,24618.553,18.869627
1359.2364949696193,24606.021,18.862127
1359.2378838372974,24629.855,18.860573
1359.2392727049755,24629.377,18.870684
1359.2406615726536,24614.834,18.859735
1359.2420504403303,24623.193,18.864962
1359.243439308008,24616.172,18.85544
1359.244828175686,24601.291,18.855825
1359.2462170433641,24656.676,18.87361
1359.2476059110422,24611.764,18.862595
1359.248994778719,24645.06,18.86665
1359.250383646338,24589.639,18.856846
1359.251772514016,24630.705,18.87208
1359.2531613816936,24613.834,18.862356
1359.2545502493717,24635.893,18.862995
1359.255939117049,24639.266,18.86664
1359.2573279847265,24593.182,18.855865
1359.2587168524046,24621.361,18.870598
1359.2601057200818,24640.084,18.866535
1359.26149458776,24632.152,18.861017
1359.2628834554375,24650.662,18.871927
1359.2642723231147,24603.936,18.863512
1359.265661190793,24632.383,18.867035
1359.2670500584704,24636.771,18.867496
1359.2684389260903,24592.697,18.855911
1359.269827793768,24641.32,18.860905
1359.2712166614447,24612.121,18.870192
1359.2726055291228,24633.205,18.867224
1359.2739943968008,24632.799,18.865906
1359.275383264479,24619.758,18.86728
1359.276772132156,24614.938,18.864887
1359.2781609998328,24653.844,18.86893
1359.279549867511,24644.023,18.860317
1359.280938735189,24637.426,18.870022
1359.282327602867,24610.295,18.85462
1359.2837164705447,24637.205,18.870514
1359.2851053382215,24634.059,18.865664
1359.2864942058995,24651.064,18.879505
1359.2878830735776,24637.047,18.866383
1359.2892719412548,24615.836,18.863468
1359.2906608089324,24631.24,18.867538
1359.2920496766096,24613.85,18.864388
1359.2934385442877,24626.1,18.861198
1359.294827411966,24632.271,18.869032
1359.2962162795852,24584.646,18.855162
1359.2976051472629,24620.861,18.85885
1359.29899401494,24602.525,18.858297
1359.3003828826181,24653.639,18.874168
1359.3017717502962,24641.688,18.86498
1359.3031606179738,24663.21,18.8742
1359.304549485651,24612.256,18.858665
1359.3059383533287,24634.658,18.866924
1359.3073272210058,24626.107,18.868717
1359.308716088684,24655.566,18.867373
1359.310104956362,24647.732,18.874016
1359.3114938240396,24613.078,18.858187
1359.3128826917168,24612.742,18.865452
1359.3142715593945,24646.643,18.869362
1359.3156604270725,24649.947,18.8699
1359.3184381624278,24614.56,18.863121
1359.3198270301054,24627.094,18.863094
1359.3212158977826,24619.736,18.860504
1359.3226047654607,24625.256,18.863152
1359.3239936331388,24620.83,18.871685
1359.3253825008155,24614.752,18.863268
1359.3267713684932,24627.889,18.864332
1359.3281602361712,24609.541,18.861866
1359.3295491038493,24621.828,18.866495
1359.3309379715274,24587.457,18.854263
1359.3323268392041,24618.273,18.857836
1359.3337157068818,24600.682,18.852976
1359.3351045745599,24666.527,18.877787
1359.336493442238,24632.904,18.858015
1359.337882309916,24605.848,18.855217
1359.3392711775928,24651.736,18.880527
1359.34066004527,24646.662,18.867298
1359.342048912948,24616.465,18.864655
1359.3434377806257,24618.934,18.867975
1359.3448266483038,24633.656,18.864613
1359.346215515981,24609.396,18.867554
1359.3476043837168,24587.63,18.8531
1359.3489932513949,24597.4,18.859125
1359.350382119072,24639.201,18.861784
1359.3517709867501,24634.916,18.868843
1359.3531598544278,24605.22,18.85628
1359.3545487221052,24629.037,18.866682
1359.3559375897835,24616.457,18.862076
1359.3573264574607,24595.367,18.858335
1359.3587153251387,24650.54,18.881502
1359.3601041928168,24608.615,18.863794
1359.3614930604936,24616.393,18.86988
1359.3628819281712,24613.662,18.862028
1359.3642707958493,24624.697,18.86223
1359.3656596635274,24630.6,18.867344
1359.3670485312055,24606.928,18.865831
1359.3684373988822,24655.832,18.87659
1359.3698262665594,24604.082,18.85398
1359.3712151342374,24618.28,18.86313
1359.3726040019155,24626.426,18.861874
1359.3739928695936,24637.393,18.868242
1359.3753817372703,24631.207,18.864697
1359.3767706050062,24649.62,18.877668
1359.3781594726843,24629.197,18.87439
1359.3795483403615,24636.416,18.860262
1359.3809372080395,24625.332,18.871447
1359.3823260757172,24630.031,18.866335
1359.3837149433946,24605.906,18.85651
1359.385103811073,24669.008,18.878265
1359.38649267875,24594.424,18.860958
1359.3878815464282,24621.238,18.86295
1359.3892704141058,24658.594,18.86907
1359.390659281783,24638.72,18.869205
1359.392048149461,24604.012,18.8535
1359.3934370171387,24623.645,18.858505
1359.394825884875,24639.338,18.870459
1359.3962147525522,24637.93,18.871475
1359.397603620229,24603.37,18.867662
1359.398992487907,24638.625,18.864796
1359.400381355585,24598.693,18.86138
1359.4017702232632,24616.793,18.86485
1359.4031590909408,24624.895,18.87081
1359.4045479586175,24643.287,18.867144
1359.4059368262956,24619.35,18.865242
1359.4073256939737,24645.762,18.871952
1359.4087145616518,24642.861,18.871122
1359.4101034293872,24636.012,18.86322
1359.411492297064,24598.162,18.862335
1359.412881164742,24637.031,18.867743
1359.4142700324203,24603.2,18.858776
1359.4156589000977,24620.584,18.865124
1359.4170477677753,24603.26,18.871262
1359.4184366354525,24635.902,18.8668
1359.4198255031306,24593.3,18.858276
1359.4212143708087,24639.35,18.872694
1359.4226032385445,24587.715,18.850853
1359.4239921062217,24644.896,18.870157
1359.4253809738993,24600.146,18.86235
1359.4267698415774,24588.576,18.859198
1359.4281587092555,24603.623,18.857145
1359.4295475769327,24611.203,18.86226
1359.4309364446103,24604.521,18.862743
1359.4323253122875,24629.277,18.868422
1359.4337141800233,24634.154,18.875565
1359.4351030477014,24694.805,18.879875
1359.4364919153795,24654.816,18.871624
1359.4378807830567,24638.69,18.86628
1359.4392696507343,24624.568,18.861364
1359.4406585184115,24634.541,18.867361
1359.4420473860896,24642.393,18.869007
1359.443436253768,24569.258,18.85633
1359.4448251215035,24611.334,18.865211
1359.4462139891812,24618.459,18.862898
1359.4476028568583,24628.406,18.867151
1359.4489917245364,24639.094,18.867254
1359.4503805922145,24619.486,18.866856
1359.4517694598912,24613.629,18.861345
1359.4531583275689,24619.965,18.866173
1359.4545471953052,24631.74,18.866747
1359.4559360629833,24627.625,18.867043
1359.4573249306613,24653.133,18.871181
1359.458713798338,24651.082,18.873877
1359.4601026660152,24636.35,18.86922
1359.4614915336933,24615.816,18.858784
1359.4628804014296,24625.857,18.86501
1359.4642692691077,24644.197,18.872988
1359.4656581367844,24638.32,18.863169
1359.467047004462,24638.076,18.871727
1359.4684358721402,24623.613,18.858713
1359.4698247398173,24606.062,18.86494
1359.4712136074954,24628.082,18.861502
1359.4726024752313,24656.885,18.874737
1359.4739913429087,24589.084,18.856468
1359.475380210587,24613.068,18.857924
1359.4767690782642,24607.822,18.856945
1359.4781579459423,24626.355,18.872713
1359.4795468136786,24628.004,18.863594
1359.4809356813562,24648.574,18.872847
1359.4823245490334,24636.66,18.86484
1359.483713416711,24627.83,18.86309
1359.485102284389,24602.807,18.859083
1359.4864911520672,24600.889,18.860987
1359.487880019802,24664.58,18.880655
1359.4892688874793,24645.086,18.874113
1359.4906577551574,24648.338,18.868591
1359.4920466228355,24614.588,18.858622
1359.4934354905135,24614.379,18.864246
1359.4948243582485,24638.553,18.870024
1359.496213225926,24607.457,18.85648
1359.4976020936042,24598.734,18.854727
1359.4989909612814,24641.947,18.868532
1359.5003798289595,24638.668,18.864574
1359.501768696637,24619.92,18.865543
1359.5031575643727,24658.29,18.875374
1359.504546432051,24614.22,18.858913
1359.5059352997282,24634.398,18.869259
1359.5073241674063,24636.049,18.86795
1359.508713035084,24643.324,18.867537
1359.5101019028193,24624.832,18.864813
1359.5114907704974,24626.791,18.872057
1359.512879638175,24647.316,18.86781
1359.5142685058531,24615.209,18.860094
1359.5156573735885,24633.447,18.869183
1359.5170462412652,24649.953,18.873283
1359.5184351089433,24601.656,18.866806
1359.5198239766214,24646.574,18.872875
1359.5212128442995,24673.861,18.883286
1359.5226017120353,24619.516,18.869888
1359.523990579712,24640.346,18.86829
1359.5253794473902,24612.887,18.866928
1359.5267683150682,24598.666,18.859797
1359.5281571827463,24620.234,18.861862
1359.5295460504817,24617.049,18.857573
1359.5309349181584,24609.398,18.858013
1359.5323237858368,24631.928,18.86226
1359.533712653515,24608.72,18.857855
1359.5351015212505,24604.81,18.850443
1359.536490388928,24617.672,18.869165
1359.5378792566053,24627.906,18.870361
1359.5392681242834,24623.271,18.867321
1359.5406569919614,24636.453,18.870493
1359.5420458596973,24642.678,18.871166
1359.5434347273745,24652.25,18.870972
1359.544823595052,24652.668,18.879166
1359.5462124627302,24627.96,18.864859
1359.5476013304665,24616.955,18.872816
1359.5489901981437,24641.004,18.86706
1359.5503790658213,24635.088,18.868391
1359.5517679334985,24633.463,18.869797
1359.5531568012343,24602.129,18.865839
1359.5545456689124,24655.611,18.875998
1359.5559345365905,24608.564,18.864143
1359.5573234042677,24629.598,18.865774
1359.5587122720035,24632.924,18.867151
1359.5601011396807,24636.764,18.867184
1359.561490007359,24634.875,18.87022
1359.5628788750373,24605.582,18.857372
1359.5642677427727,24633.926,18.860086
1359.5656566104503,24622.264,18.866255
1359.5670454781275,24637.873,18.871906
1359.5684343458056,24645.686,18.876484
1359.569823213542,24645.586,18.882568
1359.5712120812186,24633.602,18.87165
1359.5726009488963,24661.121,18.870867
1359.5739898165743,24616.24,18.86543
1359.5753786843106,24611.87,18.865921
1359.5767675519887,24640.73,18.866945
1359.578156419666,24625.287,18.86737
1359.5795452873435,24622.656,18.86793
1359.580934155079,24667.127,18.874605
1359.582323022757,24631.684,18.86516
1359.583711890435,24588.783,18.85845
1359.585100758171,24631.934,18.867935
1359.5864896258481,24626.951,18.864525
1359.5878784935257,24640.217,18.874006
1359.589267361203,24641.75,18.865322
1359.5906562289392,24621.322,18.869877
1359.5920450966175,24668.27,18.878183
1359.593433964295,24612.355,18.867817
1359.5948228319726,24629.371,18.879068
1359.596211699708,24657.002,18.883535
1359.597600567386,24653.898,18.871382
1359.5989894350641,24616.043,18.867643
1359.6003783028,24618.727,18.869852
1359.6017671704772,24651.379,18.871632
1359.6031560381548,24679.701,18.886168
1359.6045449058329,24593.707,18.85845
1359.6059337735692,24621.725,18.863813
1359.607322641246,24658.344,18.882017
1359.608711508923,24647.633,18.873848
1359.6101003766594,24617.729,18.862198
1359.6114892443375,24643.63,18.87814
1359.6128781120156,24654.598,18.872757
1359.6142669796923,24619.533,18.865545
1359.6156558474281,24631.729,18.873726
1359.6170447151062,24617.309,18.868025
1359.6184335827843,24644.934,18.872982
1359.6198224505206,24576.73,18.85959
1359.6212113181973,24614.69,18.863806
1359.6226001858747,24593.342,18.86872
1359.6239890536112,24602.383,18.863205
1359.6253779212884,24627.45,18.865526
1359.6267667889665,24669.674,18.886747
1359.6281556566441,24608.57,18.865713
1359.6295445243795,24604.021,18.86364
1359.6309333920576,24593.97,18.86471
1359.6323222597352,24636.688,18.869524
1359.6337111274715,24637.16,18.867455
1359.6350999951487,24626.025,18.86932
1359.6364888628264,24654.314,18.871029
1359.6378777305626,24633.531,18.875042
1359.6392665982398,24626.41,18.866806
1359.640655465918,24644.023,18.874493
1359.6420443336538,24628.1,18.889881
1359.6434332013305,24621.346,18.87311
1359.6448220690086,24643.148,18.881203
1359.6462109366867,24617.098,18.868769
1359.647599804423,24629.43,18.862743
1359.6489886721001,24663.234,18.881025
1359.6503775397769,24644.97,18.871727
1359.6517664075134,24665.135,18.872192
1359.6531552751917,24635.307,18.874298
1359.6545441428698,24610.84,18.869123
1359.6559330106052,24639.773,18.879728
1359.657321878282,24639.13,18.866383
1359.65871074596,24633.354,18.878912
1359.6600996136963,24608.299,18.858576
1359.661488481374,24648.197,18.868876
1359.662877349052,24621.957,18.866299
1359.6642662167874,24629.451,18.874346
1359.665655084465,24621.88,18.874008
1359.667043952143,24648.242,18.87654
1359.6684328198785,24640.32,18.86917
1359.6698216875566,24653.855,18.874409
1359.6712105552342,24609.535,18.86226
1359.6725994229696,24589.107,18.859083
1359.6739882906477,24628.58,18.867743
1359.6753771583253,24609.746,18.871857
1359.6767660260616,24629.906,18.876871
1359.6781548937388,24671.438,18.88148
1359.6795437614155,24605.297,18.867735
1359.680932629152,24609.738,18.866705
1359.6823214968304,24637.863,18.870354
1359.6837103645084,24609.096,18.866884
1359.6850992322438,24616.52,18.863686
1359.6864880999206,24623.24,18.870714
1359.6878769675986,24647.754,18.871191
1359.689265835335,24632.227,18.876312
1359.690654703013,24592.838,18.857994
1359.6920435707489,24628.83,18.874743
1359.6934324384256,24620.58,18.879702
1359.6948213061037,24619.766,18.87142
1359.69621017384,24611.55,18.871687
1359.6975990415172,24625.215,18.876385
1359.6989879091948,24639.814,18.874142
1359.7003767769302,24626.691,18.873228
1359.7017656446083,24649.254,18.879032
1359.7031545122863,24641.783,18.864876
1359.7045433800222,24624.242,18.874596
1359.7059322476994,24589.549,18.85972
1359.707321115377,24611.744,18.862532
1359.7087099831133,24614.152,18.864517
1359.7100988507914,24597.26,18.85615
1359.7114877185272,24591.412,18.852728
1359.7128765862044,24651.299,18.87573
1359.714265453882,24634.912,18.874868
1359.7156543216174,24631.305,18.874142
1359.7170431892955,24646.297,18.882027
1359.7184320569736,24609.062,18.86608
1359.7198209247094,24637.414,18.872208
1359.7212097923866,24624.209,18.866198
1359.7225986600642,24645.492,18.872627
1359.7239875278005,24600.879,18.860466
1359.7253763954786,24651.527,18.881876
1359.726765263214,24645.238,18.882647
1359.7281541308917,24624.87,18.86308
1359.7295429985688,24634.736,18.866125
1359.7309318663051,24672.246,18.888018
1359.7323207339832,24647.64,18.874903
1359.73370960166,24625.182,18.864035
1359.7350984693958,24619.312,18.863363
1359.7364873370739,24618.818,18.867228
1359.7378762048102,24631.387,18.868761
1359.7392650724883,24614.928,18.859606
1359.7406539401659,24625.023,18.875414
1359.7420428079013,24670.79,18.87879
1359.743431675579,24628.236,18.867191
1359.744820543257,24605.58,18.86891
1359.7462094109933,24625.432,18.865757
1359.7475982786705,24620.66,18.867132
1359.7489871464063,24633.68,18.873186
1359.7503760140835,24597.83,18.86441
1359.7517648817611,24625.691,18.872858
1359.7531537494974,24646.764,18.871592
1359.7545426171755,24627.176,18.86521
1359.755931484911,24619.35,18.863462
1359.7573203525885,24637.182,18.868462
1359.7587092202657,24656.59,18.878195
1359.760098088002,24627.414,18.872143
1359.76148695568,24665.564,18.87875
1359.7628758233577,24629.727,18.872202
1359.764264691093,24640.6,18.876308
1359.7656535587707,24632.617,18.875584
1359.767042426507,24675.486,18.881445
1359.7684312941851,24650.113,18.86909
1359.7698201618618,24608.041,18.861755
1359.7712090295975,24635.496,18.872007
1359.7725978972758,24627.998,18.867872
1359.773986765012,24616.262,18.862896
1359.7753756326902,24627.756,18.869875
1359.7767645003669,24628.662,18.866434
1359.7781533681023,24666.033,18.872604
1359.7795422357804,24588.984,18.859322
1359.7809311035162,24618.426,18.872375
1359.7823199711943,24630.52,18.868452
1359.7837088388715,24648.006,18.877234
1359.7850977066073,24620.148,18.871725
1359.7864865742854,24590.861,18.866491
1359.7878754420208,24622.283,18.864622
1359.7892643096989,24623.977,18.873774
1359.7906531774347,24611.883,18.864727
1359.7920420451119,24619.084,18.864891
1359.79343091279,24665.916,18.886793
1359.7948197805258,24629.781,18.876865
1359.796208648204,24653.701,18.87751
1359.7975975159393,24646.35,18.878872
1359.798986383616,24615.764,18.859781
1359.8003752512943,24645.338,18.87748
1359.8017641190308,24636.418,18.877405
1359.803152986709,24618.082,18.86639
1359.8045418544443,24619.45,18.864178
1359.805930722121,24621.094,18.874569
1359.8073195897991,24649.229,18.876759
1359.8087084575354,24637.775,18.869518
1359.8100973252135,24627.068,18.868061
1359.8114861929498,24618.592,18.867289
1359.8128750606265,24632.594,18.870428
1359.8142639283624,24619.72,18.880442
1359.8156527960405,24610.307,18.858135
1359.8170416637176,24652.676,18.877676
1359.818430531454,24614.443,18.865215
1359.8198193991316,24611.955,18.86787
1359.821208266867,24592.342,18.863188
1359.822597134545,24604.875,18.865044
1359.823986002281,24610.295,18.869041
1359.825374869959,24633.146,18.867449
1359.8267637376362,24618.34,18.871138
1359.828152605372,24624.803,18.86784
1359.82954147305,24627.559,18.864077
1359.830930340786,24596.73,18.858805
1359.832319208464,24642.75,18.877047
1359.8337080761994,24651.773,18.879383
1359.8350969438761,24670.623,18.878277
1359.8364858115542,24620.553,18.86733
1359.8378746792905,24649.984,18.878555
1359.8392635469686,24623.008,18.869272
1359.8406524147044,24614.98,18.865181
1359.8420412823812,24623.371,18.86867
1359.8434301501175,24658.99,18.886906
1359.8448190177955,24642.447,18.870947
1359.8462078854736,24622.094,18.86498
1359.847596753209,24604.938,18.86064
1359.8489856208857,24629.924,18.868017
1359.850374488622,24614.229,18.86627
1359.8517633563001,24614.752,18.86545
1359.853152224036,24652.518,18.878017
1359.8545410917131,24589.654,18.870918
1359.8559299593908,24630.688,18.8709
1359.857318827127,24647.908,18.86815
1359.8587076948052,24619.488,18.866615
1359.860096562541,24660.246,18.882118
1359.8614854302182,24643.197,18.874342
1359.862874297954,24653.23,18.88251
1359.864263165632,24602.701,18.865908
1359.8656520333684,24624.846,18.864262
1359.8670409010456,24620.527,18.867147
1359.8684297687232,24608.49,18.868692
1359.8698186364586,24614.957,18.872063
1359.8712075041362,24589.428,18.868614
1359.8725963718725,24583.814,18.861437
1359.8739852395506,24565.176,18.85839
1359.875374107286,24588.145,18.862051
1359.8767629749636,24596.574,18.865446
1359.878151842699,24581.13,18.85347
1359.8795407103771,24591.42,18.860119
1359.8809295780552,24581.938,18.852983
1359.8823184457915,24586.232,18.863829
1359.8837073134691,24567.145,18.847515
1359.885096181204,24596.635,18.863947
1359.8864850488822,24578.691,18.859222
1359.8878739166184,24588.955,18.860498
1359.889262784296,24602.025,18.85784
1359.8906516520315,24582.16,18.856438
1359.892040519709,24599.492,18.85641
1359.8934293874454,24593.256,18.857952
1359.8948182551235,24591.717,18.866867
1359.8962071228007,24567.334,18.85579
1359.8975959905365,24562.195,18.845057
1359.8989848582137,24560.299,18.858475
1359.90037372595,24586.96,18.85358
1359.901762593628,24577.66,18.852293
1359.903151461364,24595.713,18.863272
1359.904540329041,24569.203,18.86123
1359.905929196777,24587.395,18.857773
1359.907318064454,24603.506,18.862837
1359.9087069321904,24581.229,18.849836
1359.9100957998685,24614.197,18.862646
1359.9114846675461,24592.688,18.863499
1359.9128735352815,24603.37,18.862944
1359.9142624029591,24581.863,18.854765
1359.9156512706954,24609.912,18.861021
1359.9170401383735,24591.225,18.857996
1359.9184290061091,24614.367,18.867857
1359.9198178737865,24630.906,18.875349
1359.9212067415224,24599.717,18.86738
1359.9225956092005,24657.537,18.8789
1359.9239844769368,24660.543,18.879045
1359.9253733446135,24619.111,18.860867
1359.9267622123489,24620.434,18.871128
1359.928151080027,24682.424,18.87888
1359.929539947705,24628.207,18.876503
1359.9309288154413,24645.586,18.874018
1359.932317683118,24621.746,18.871887
1359.933706550854,24629.021,18.881851
1359.935095418532,24609.14,18.870558
1359.9364842862683,24610.568,18.877964
1359.9378731539464,24644.17,18.879389
1359.9392620216818,24638.363,18.880266
1359.9406508893594,24634.654,18.878355
1359.9420397570948,24641.465,18.869846
1359.9434286247724,24609.525,18.87786
1359.9448174925087,24638.924,18.871664
1359.9462063601868,24634.13,18.873478
1359.9475952279224,24630.664,18.872042
1359.9489840955998,24622.977,18.87125
1359.9503729633357,24633.88,18.878872
1359.9517618310138,24627.22,18.866747
1359.9531506986918,24631.168,18.876017
1359.9545395664272,24628.23,18.871067
1359.9559284341049,24623.605,18.865808
1359.9573173018402,24594.932,18.860643
1359.9587061695183,24610.777,18.863274
1359.9600950372546,24604.664,18.870972
1359.9614839049314,24632.852,18.866068
1359.9628727726672,24606.156,18.859179
1359.9642616403453,24637.938,18.874111
1359.9656505080816,24632.258,18.876328
1359.9670393757597,24621.254,18.87129
1359.9684282434946,24619.363,18.871273
1359.9698171111718,24625.805,18.87214
1359.971205978908,24656.69,18.879816
1359.9725948465862,24629.242,18.867416
1359.9739837143225,24633.262,18.876017
1359.9753725819992,24598.914,18.858068
1359.976761449735,24638.297,18.877047
1359.978150317413,24610.973,18.869608
1359.979539185149,24631.395,18.875214
1359.980928052827,24623.795,18.865902
1359.9823169205042,24592.105,18.86107
1359.98370578824,24649.965,18.876396
1359.9850946559181,24647.799,18.882618
1359.9864835236535,24583.277,18.86882
1359.9878723913316,24608.057,18.863466
1359.9892612590675,24634.39,18.874626
1359.9906501267446,24630.174,18.87206
1359.992038994481,24624.047,18.871502
1359.9934278621586,24623.643,18.869328
1359.9948167298949,24628.219,18.873426
1359.996205597572,24617.258,18.866995
1359.997594465307,24645.31,18.877632
1359.998983332985,24604.432,18.866953
1360.0003722007214,24609.275,18.871525
1360.0017610683994,24627.406,18.868753
1360.0031499361357,24655.643,18.875328
1360.0045388038125,24626.957,18.87125
1360.0059276715483,24638.94,18.878164
1360.0073165392264,24614.793,18.861532
1360.0087054069627,24597.656,18.859623
1360.0100942746408,24647.244,18.880163
1360.0114831423757,24603.785,18.87051
1360.0128720100533,24629.773,18.872837
1360.0142608777896,24642.059,18.877491
1360.0156497454668,24616.17,18.867802
1360.017038613203,24614.82,18.868847
1360.0184274808807,24622.867,18.874693
1360.0198163486161,24634.703,18.872532
1360.0212052162942,24627.707,18.878458
1360.02259408403,24654.951,18.880466
1360.0239829517081,24636.58,18.873459
1360.0253718194435,24605.29,18.871387
1360.0267606871212,24608.92,18.871002
1360.0281495547993,24617.232,18.869654
1360.0295384225346,24632.787,18.879873
1360.0309272902127,24650.25,18.88056
1360.0323161579486,24626.707,18.873848
1360.0337050256253,24650.094,18.88245
1360.0350938933616,24667.69,18.88436
1360.0364827610397,24633.084,18.868395
1360.037871628776,24601.408,18.861464
1360.0392604964536,24609.143,18.866484
1360.0406493641885,24644.453,18.879702
1360.0420382318666,24614.451,18.869032
1360.043427099603,24639.611,18.875109
1360.044815967281,24640.146,18.877052
1360.0462048350164,24671.643,18.895056
1360.0475937026931,24638.215,18.873814
1360.0489825704294,24636.887,18.869701
1360.0503714381075,24601.617,18.867662
1360.0517603058433,24606.865,18.872734
1360.0531491735214,24617.596,18.871634
1360.0545380412568,24634.133,18.87675
1360.0559269089345,24620.281,18.87711
1360.0573157766707,24619.893,18.873125
1360.058704644348,24643.053,18.872969
1360.0600935120842,24631.389,18.880743
1360.0614823797619,24641.006,18.883606
1360.0628712474968,24660.156,18.882887
1360.0642601151749,24612.756,18.863932
1360.0656489829112,24594.2,18.86496
1360.0670378505893,24600.41,18.869942
1360.068426718325,24638.328,18.87001
1360.0698155860018,24602.889,18.863617
1360.0712044537381,24599.635,18.87264
1360.0725933214162,24588.86,18.868763
1360.0739821891525,24630.95,18.872652
1360.0753710568297,24622.725,18.87628
1360.0767599245646,24661.014,18.879833
1360.0781487922427,24631.188,18.870714
1360.079537659979,24609.57,18.867077
1360.0809265276566,24602.412,18.86385
1360.082315395392,24640.63,18.873657
1360.0837042630696,24623.818,18.871408
1360.085093130806,24604.404,18.862959
1360.086481998484,24630.105,18.877703
1360.0878708662194,24655.143,18.891382
1360.089259733897,24610.469,18.86753
1360.0906486016324,24635.922,18.873726
1360.0920374693105,24633.182,18.874395
1360.0934263370468,24628.855,18.870255
1360.0948152047245,24659.602,18.880522
1360.09620407246,24622.28,18.88177
1360.0975929401375,24584.37,18.859367
1360.0989818078733,24585.586,18.85872
1360.1003706755514,24646.875,18.877968
1360.1017595432877,24667.668,18.891127
1360.1031484109649,24610.28,18.87182
1360.1045372787007,24602.822,18.874643
1360.105926146378,24594.568,18.864119
1360.1073150141142,24612.72,18.870073
1360.1087038817923,24603.36,18.860086
1360.1100927495286,24673.021,18.876953
1360.1114816172062,24617.377,18.87594
1360.1128704849411,24592.033,18.872093
1360.1142593526192,24629.412,18.87522
1360.1156482203555,24659.807,18.884792
1360.1170370880327,24654.225,18.879332
1360.1184259557685,24608.791,18.872179
1360.1198148234457,24652.654,18.881891
1360.121203691182,24642.85,18.876034
1360.12259255886,24641.303,18.886564
1360.123981426596,24634.473,18.871828
1360.1253702942734,24628.26,18.885895
1360.126759162009,24562.879,18.85395
1360.128148029687,24612.172,18.869259
1360.1295368974233,24661.684,18.882072
1360.130925765101,24601.143,18.870523
1360.1323146328364,24625.2,18.87302
1360.133703500514,24620.818,18.870375
1360.1350923682494,24657.865,18.890469
1360.1364812359275,24663.371,18.883963
1360.1378701036638,24610.182,18.872393
1360.1392589713414,24620.352,18.87751
1360.1406478390768,24646.395,18.885633
1360.1420367067544,24599.06,18.864712
1360.1434255744907,24613.357,18.877245
1360.1448144421688,24594.691,18.85837
1360.1462033099042,24597.604,18.86317
1360.1475921775818,24640.547,18.879333
1360.1489810453172,24652.854,18.875713
1360.1503699129953,24619.828,18.871273
1360.1517587807316,24600.7,18.868605
1360.1531476484083,24646.062,18.880518
1360.1545365161442,24628.168,18.87202
1360.1559253838223,24616.639,18.867178
1360.1573142515585,24659.488,18.887323
1360.1587031192366,24654.44,18.884
1360.1600919869725,24636.629,18.871685
1360.1614808546497,24611.137,18.876307
1360.1628697223855,24647.867,18.881931
1360.1642585900636,24632.242,18.876968
1360.1656474577999,24668.535,18.886663
1360.167036325477,24615.596,18.87359
1360.168425193213,24606.525,18.870817
1360.16981406089,24652.055,18.877335
1360.171202928626,24647.672,18.880999
1360.172591796304,24667.213,18.88227
1360.1739806640403,24643.605,18.873972
1360.1753695317175,24632.137,18.88065
1360.1767583994533,24654.75,18.879637
1360.1781472671305,24610.633,18.871614
1360.1795361348668,24653.527,18.875042
1360.1809250025449,24627.504,18.872349
1360.1823138702807,24626.123,18.87426
1360.183702737958,24624.184,18.871279
1360.1850916056937,24629.97,18.867813
1360.1864804733718,24638.107,18.878185
1360.1878693411081,24632.988,18.8745
1360.1892582087848,24624.477,18.882282
1360.1906470765207,24616.26,18.868465
1360.1920359441988,24651.963,18.879978
1360.193424811935,24629.285,18.87539
1360.1948136796132,24614.922,18.868227
1360.196202547348,24619.484,18.871027
1360.1975914150253,24644.523,18.876867
1360.1989802827616,24630.266,18.867338
1360.2003691504397,24647.412,18.889235
1360.201758018176,24640.111,18.882845
1360.2031468858527,24657.92,18.88194
1360.2045357535885,24630.893,18.878298
1360.2059246212666,24627.422,18.876293
1360.207313489002,24608.418,18.87048
1360.20870235668,24639.266,18.878191
1360.2100912244164,24638.453,18.874577
1360.211480092094,24624.785,18.868835
1360.2128689598294,24637.088,18.881413
1360.214257827507,24663.32,18.88315
1360.2156466952433,24641.826,18.877914
1360.2170355629214,24605.701,18.872606
1360.2184244306573,24603.36,18.86272
1360.2198132983344,24639.076,18.87614
1360.2212021660703,24643.469,18.882088
1360.2225910337484,24637.438,18.8819
1360.2239799014847,24631.35,18.875954
1360.2253687691614,24587.973,18.866049
1360.2267576368968,24611.977,18.87561
1360.2281465045749,24612.758,18.867699
1360.2295353723111,24659.68,18.873268
1360.2309242399892,24602.232,18.87656
1360.2323131077242,24635.33,18.872633
1360.2337019754018,24622.596,18.871727
1360.23509084308,24621.498,18.874352
1360.2364797108162,24627.26,18.880945
1360.2378685784943,24633.617,18.878044
1360.2392574462292,24631.104,18.876104
1360.2406463139064,24667.436,18.882864
1360.2420351816427,24629.945,18.880892
1360.2434240493203,24641.428,18.889023
1360.2448129170566,24648.521,18.873394
1360.2462017847342,24606.537,18.869955
1360.2475906524696,24652.422,18.88908
1360.2489795201477,24636.75,18.883343
1360.2503683878836,24647.783,18.882109
1360.2517572555616,24607.973,18.878742
1360.253146123298,24614.63,18.877375
1360.2545349909751,24622.361,18.867613
1360.255923858711,24655.652,18.881832
1360.2573127263881,24631.273,18.873953
1360.2587015941244,24641.61,18.880487
1360.2600904618025,24595.947,18.8699
1360.2614793295375,24621.764,18.884056
1360.262868197215,24635.533,18.880009
1360.2642570649514,24624.021,18.874306
1360.2656459326295,24634.809,18.879452
1360.2670348003658,24644.432,18.88091
1360.2684236680425,24631.652,18.876686
1360.2698125357779,24605.281,18.867836
1360.271201403456,24643.85,18.881252
1360.2725902711925,24631.54,18.878487
1360.2739791388708,24634.217,18.874023
1360.2753680066057,24613.992,18.875532
1360.276756874283,24629.838,18.87499
1360.2781457420192,24656.697,18.882505
1360.2795346096968,24610.385,18.866606
1360.2809234774331,24594.256,18.866455
1360.2823123451103,24648.871,18.889069
1360.2837012128462,24643.012,18.87599
1360.2850900805242,24650.658,18.887815
1360.2864789482596,24619.031,18.869892
1360.2878678159377,24631.988,18.871284
1360.2892566836736,24632.018,18.878227
1360.2906455513507,24610.508,18.861528
1360.292034419087,24637.41,18.873991
1360.2934232867647,24644.91,18.891
1360.2948121544428,24646.686,18.88417
1360.296201022179,24634.945,18.876934
1360.2975898898558,24643.236,18.878891
1360.2989787575912,24651.936,18.875648
1360.3003676252692,24567.55,18.854578
1360.3017564930058,24664.846,18.883862
1360.303145360684,24580.887,18.85513
1360.304534228419,24629.287,18.870249
1360.3059230960962,24611.31,18.869383
1360.3073119638325,24634.215,18.874643
1360.3087008315106,24591.277,18.865398
1360.3100896992469,24628.812,18.878054
1360.3114785669236,24624.744,18.87509
1360.3142563023375,24624.941,18.87361
1360.315645170073,24605.93,18.860888
1360.317034037751,24623.197,18.878817
1360.3184229054868,24613.977,18.864422
1360.319811773164,24621.2,18.87148
1360.3212006409003,24610.164,18.872934
1360.322589508578,24600.576,18.866674
1360.3239783763142,24590.998,18.870434
1360.3253672439914,24657.402,18.889605
1360.326756111669,24621.904,18.871447
1360.3281449794054,24645.45,18.879213
1360.3295338470825,24613.492,18.87037
1360.330922714819,24631.867,18.877594
1360.3323115824965,24603.783,18.879486
1360.3337004502314,24622.727,18.88191
1360.3350893179095,24652.58,18.88562
1360.3364781856458,24636.705,18.874916
1360.3378670533239,24610.629,18.868364
1360.3392559210597,24612.26,18.874523
1360.3406447887364,24678.467,18.893787
1360.3420336564727,24615.146,18.870672
1360.3434225241508,24612.434,18.876932
1360.3448113918862,24639.012,18.87836
1360.3462002595643,24631.137,18.87879
1360.3475891273001,24611.287,18.86958
1360.3489779949773,24589.785,18.87526
1360.3503668626554,24627.244,18.879478
1360.3517557303912,24626.91,18.881542
1360.3531445980693,24627.498,18.87275
1360.3545334658047,24634.912,18.869442
1360.3559223334823,24612.062,18.872858
1360.3573112012186,24591.262,18.862724
1360.3587000688958,24624.236,18.886421
1360.3600889366323,24651.186,18.886402
1360.3614778043097,24624.576,18.871073
1360.3628666720447,24635.98,18.87982
1360.3642555397228,24638.387,18.878494
1360.365644407459,24642.016,18.879091
1360.3670332751371,24642.504,18.87751
1360.3684221428148,24616.396,18.871305
1360.3698110105497,24631.51,18.872686
1360.3711998782278,24600.857,18.860569
1360.3739776136422,24642.324,18.883635
1360.3753664813776,24593.764,18.864538
1360.3767553490543,24592.635,18.86211
1360.3781442167906,24608.965,18.873692
1360.3795330844687,24618.756,18.870428
1360.3809219522045,24636.822,18.87843
1360.3823108198826,24597.307,18.865088
1360.383699687618,24638.646,18.879427
1360.3850885552956,24621.412,18.8779
1360.3864774229737,24642.479,18.876951
1360.387866290709,24647.14,18.874472
1360.3892551583874,24645.145,18.880684
1360.390644026123,24616.938,18.87162
1360.3920328938004,24651.785,18.88367
1360.393421761537,24613.72,18.875198
1360.3948106292141,24589.299,18.86381
1360.3961994969504,24612.324,18.874504
1360.397588364628,24631.75,18.874966
1360.398977232363,24628.936,18.879087
1360.400366100041,24626.312,18.872066
1360.4017549677192,24636.863,18.876598
1360.4031438354555,24625.016,18.885351
1360.4045327031326,24606.361,18.873344
1360.4059215708676,24646.254,18.87676
1360.4073104385457,24661.5,18.894773
1360.41008817396,24607.025,18.874146
1360.411477041696,24633.062,18.876791
1360.4128659093726,24611.035,18.87131
1360.4142547770507,24633.91,18.874979
1360.415643644787,24616.102,18.8763
1360.4170325124642,24654.504,18.880272
1360.4184213802,24658.342,18.88088
1360.4198102478772,24624.354,18.880358
1360.4211991156137,24590.309,18.861446
1360.422587983292,24632.23,18.87836
1360.4239768510274,24631.484,18.872272
1360.4253657187055,24625.963,18.874233
1360.4267545863831,24621.352,18.876816
1360.4281434541185,24639.01,18.878826
1360.4295323217966,24600.758,18.872093
1360.4309211895325,24655.451,18.895235
1360.4323100572105,24617.127,18.875772
1360.433698924946,24608.283,18.867203
1360.4350877926227,24624.785,18.868507
1360.4364766603007,24633.99,18.879374
1360.437865528037,24622.275,18.878601
1360.4392543957151,24615.482,18.871891
1360.440643263451,24599.098,18.864017
1360.4420321311277,24601.35,18.874302
1360.443420998864,24616.854,18.880083
1360.444809866542,24625.988,18.866793
1360.4461987342202,24620.107,18.877928
1360.4475876019555,24619.44,18.875183
1360.4489764696323,24633.63,18.877388
1360.4503653373688,24596.191,18.866098
1360.451754205047,24650.615,18.884815
1360.4531430727825,24624.543,18.879341
1360.4545319404601,24623.867,18.870235
1360.4559208081373,24627.773,18.87195
1360.4573096758736,24652.297,18.884315
1360.4586985435517,24618.123,18.876099
1360.4600874112875,24607.344,18.862595
1360.4614762789647,24640.482,18.881773
1360.4628651467006,24634.96,18.870724
1360.4642540143786,24607.154,18.869946
1360.4656428820567,24625.281,18.872175
1360.467031749792,24645.516,18.885567
1360.4684206174702,24636.77,18.88796
1360.469809485206,24634.914,18.87982
1360.4711983528828,24635.088,18.874723
1360.472587220619,24629.268,18.88771
1360.4739760882971,24630.227,18.885105
1360.4753649559752,24635.746,18.873974
1360.4767538237106,24640.506,18.892036
1360.4781426913873,24629.033,18.872757
1360.4795315591239,24660.709,18.888815
1360.4809204268022,24631.621,18.878263
1360.4823092944803,24646.781,18.880003
1360.4836981622157,24635.316,18.88381
1360.4850870298924,24631.518,18.872013
1360.4864758976287,24632.941,18.87116
1360.4878647653068,24649.127,18.884016
1360.4892536329844,24643.559,18.878115
1360.4906425007198,24629.037,18.88735
1360.4920313683974,24631.586,18.879047
1360.4934202361337,24615.738,18.869747
1360.4948091038118,24596.635,18.866133
1360.496197971489,24607.443,18.868309
1360.4975868392248,24632.04,18.873606
1360.498975706902,24649.004,18.88244
1360.5003645746383,24655.262,18.88238
1360.5017534423164,24621.781,18.871342
1360.5031423100522,24642.059,18.884653
1360.5045311777303,24634.092,18.87838
1360.5059200454075,24678.896,18.887018
1360.5073089131424,24620.502,18.866438
1360.5086977808207,24602.656,18.875069
1360.5100866485573,24624.324,18.87858
1360.5114755162354,24609.201,18.86919
1360.5128643839125,24625.129,18.873558
1360.5142532516475,24632.723,18.873226
1360.5156421193255,24641.13,18.876945
1360.5170309870036,24664.592,18.882416
1360.51841985474,24634.602,18.876757
1360.5198087224176,24586.05,18.871635
1360.5211975901525,24645.193,18.874598
1360.5225864578306,24617.21,18.876345
1360.5239753255087,24612.566,18.865883
1360.525364193244,24615.361,18.86814
1360.5267530609217,24638.145,18.886316
1360.528141928657,24644.537,18.87418
1360.5295307963352,24619.113,18.873814
1360.5309196640133,24597.855,18.870384
1360.532308531749,24659.078,18.884903
1360.5336973994263,24622.033,18.876396
1360.5350862671621,24619.334,18.880768
1360.5364751348402,24647.13,18.891768
1360.5378640025183,24602.305,18.870232
1360.5392528702541,24621.197,18.877348
1360.5406417379313,24617.258,18.875683
1360.542030605609,24626.518,18.876879
1360.5434194733443,24602.508,18.866495
1360.5448083410224,24612.95,18.872488
1360.5461972087587,24605.459,18.871336
1360.5475860764368,24609.422,18.877378
1360.5489749441144,24639.342,18.882769
1360.5503638118494,24612.611,18.876677
1360.5517526795275,24589.037,18.866179
1360.5531415472055,24635.27,18.881815
1360.5545304149418,24625.734,18.871796
1360.555919282619,24595.64,18.86377
1360.557308150354,24648.557,18.882828
1360.558697018032,24610.37,18.871061
1360.5600858857101,24625.146,18.868176
1360.561474753446,24585.174,18.866081
1360.5628636211231,24603.922,18.870272
1360.5642524888008,24610.506,18.870358
1360.565641356537,24615.426,18.870705
1360.5670302242152,24637.104,18.883224
1360.5684190918928,24627.068,18.870878
1360.5698079596282,24628.62,18.870869
1360.5711968273058,24613.242,18.873762
1360.572585695042,24644.615,18.876339
1360.5739745627202,24637.209,18.880959
1360.5753634303974,24618.41,18.87799
1360.5767522981332,24619.287,18.87537
1360.5781411658104,24608.322,18.868298
1360.579530033488,24640.361,18.877588
1360.5809189012243,24600.297,18.873495
1360.5823077689024,24653.322,18.8847
1360.5836966365805,24612.85,18.87075
1360.5850855043159,24629.84,18.888975
1360.5864743719926,24617.553,18.87573
1360.5878632396707,24676.451,18.887167
1360.589252107407,24619.014,18.872938
1360.590640975085,24628.53,18.878658
1360.5920298427627,24602.11,18.866451
1360.5934187104976,24621.18,18.875132
1360.5948075781757,24621.594,18.887468
1360.596196445912,24631.805,18.877117
1360.5975853135894,24603.596,18.873926
1360.5989741812668,24609.883,18.868076
1360.6003630490027,24624.322,18.871387
1360.6017519166808,24642.3,18.885214
1360.6031407843589,24630.713,18.880764
1360.6045296520942,24620.736,18.873713
1360.6059185197719,24615.46,18.875557
1360.607307387449,24628.678,18.886265
1360.6086962551854,24611.703,18.874943
1360.6100851228634,24588.494,18.871513
1360.611473990541,24620.76,18.87518
1360.6128628582765,24636.406,18.885405
1360.614251725954,24642.703,18.879969
1360.6156405936313,24608.182,18.866228
1360.6170294613676,24633.215,18.882023
1360.6184183290457,24635.922,18.883417
1360.6198071967237,24597.707,18.867043
1360.6211960644596,24608.354,18.873724
1360.6225849321363,24635.094,18.882494
1360.6239737998144,24605.12,18.869854
1360.6253626675507,24624.672,18.880386
1360.626751535228,24619.182,18.876375
1360.6281404029055,24601.662,18.867575
1360.6295292705831,24637.71,18.876997
1360.6309181383194,24636.416,18.875132
1360.6323070059975,24601.025,18.880095
1360.6336958736747,24634.45,18.883461
1360.6350847414105,24644.068,18.880167
1360.6364736090877,24632.521,18.870754
1360.6378624767658,24616.648,18.878557
1360.639251344502,24617.318,18.873308
1360.6406402121797,24648.383,18.88639
1360.642029079857,24629.475,18.888035
1360.6434179475928,24649.107,18.886562
1360.64480681527,24629.195,18.88366
1360.646195682948,24630.99,18.877647
1360.6475845506843,24591.385,18.858788
1360.648973418362,24623.504,18.881413
1360.6503622860391,24626.588,18.868673
1360.6517511537168,24626.053,18.875708
1360.653140021453,24616.307,18.869888
1360.6545288891311,24656.084,18.88701
1360.6559177568092,24598.787,18.864695
1360.657306624545,24615.707,18.877596
1360.6586954922218,24608.906,18.871668
1360.6600843598999,24604.58,18.86659
1360.6614732276362,24637.611,18.877306
1360.6628620953134,24592.166,18.872593
1360.664250962991,24622.662,18.874569
1360.6656398306682,24685.588,18.892462
1360.6670286984045,24606.812,18.863852
1360.6684175660826,24603.006,18.869953
1360.6698064337602,24625.176,18.874763
1360.6711953014956,24605.47,18.873117
1360.6725841691732,24626.348,18.877102
1360.6739730368513,24631.037,18.875423
1360.6753619045294,24632.2,18.873646
1360.6767507722648,24665.715,18.89356
1360.6781396399424,24611.68,18.872349
1360.6795285076196,24625.994,18.888105
1360.6809173753554,24609.852,18.868576
1360.6823062430335,24610.14,18.871107
1360.6836951107116,24613.842,18.871588
1360.6850839783888,24617.135,18.868744
1360.6864728461246,24609.328,18.872633
1360.6878617138022,24628.941,18.878458
1360.6892505814803,24674.176,18.892635
1360.6906394491584,24604.766,18.87993
1360.6920283168947,24623.096,18.877306
1360.693417184572,24634.232,18.88199
1360.6948060522486,24633.738,18.878601
1360.696194919985,24646.54,18.875168
1360.697583787663,24619.396,18.878647
1360.6989726553406,24609.307,18.868006
1360.7003615230178,24595.629,18.872765
1360.7017503907537,24617.053,18.870947
1360.7031392584317,24620.244,18.88393
1360.7045281261098,24640.322,18.886423
1360.705916993787,24622.207,18.883951
1360.7073058615229,24620.846,18.882082
1360.7086947292,24619.121,18.88918
1360.7100835968781,24627.52,18.876554
1360.7114724645562,24621.498,18.883104
1360.712861332292,24622.277,18.884874
1360.7142501999692,24645.16,18.877735
1360.7156390676469,24614.672,18.873066
1360.7170279353245,24624.174,18.885931
1360.7184168030608,24623.816,18.882282
1360.7198056707389,24641.86,18.884682
1360.721194538417,24647.785,18.872725
1360.7225834060941,24605.527,18.874664
1360.723972273829,24628.814,18.879244
1360.7253611415072,24629.943,18.875229
1360.7267500091853,24622.09,18.880224
1360.7281388768633,24596.844,18.867325
1360.7295277445992,24598.686,18.868565
1360.730916612276,24621.281,18.876404
1360.732305479954,24637.553,18.878994
1360.733694347632,24607.783,18.871191
1360.7350832153675,24628.4,18.872969
1360.736472083045,24652.055,18.880713
1360.7378609507223,24651.486,18.89279
1360.7392498184004,24629.96,18.883562
1360.7406386860785,24643.832,18.885975
1360.7420275538143,24641.361,18.88306
1360.7434164214915,24576.328,18.872679
1360.744805289169,24635.705,18.888004
1360.7461941568472,24616.648,18.878025
1360.7475830245835,24645.004,18.885998
1360.7489718922611,24673.428,18.887014
1360.7503607599383,24654.43,18.877998
1360.751749627616,24612.94,18.872158
1360.7531384952931,24581.4,18.857828
1360.7545273630294,24628.248,18.879492
1360.7559162307075,24625.764,18.877127
1360.7573050983856,24656.85,18.881481
1360.7586939660632,24660.39,18.882235
1360.7600828337982,24638.404,18.87932
1360.7614717014762,24644.705,18.887753
1360.7628605691543,24648.307,18.884375
1360.7642494368324,24610.361,18.867165
1360.7656383045096,24632.584,18.881035
1360.7670271722445,24628.646,18.881891
1360.7684160399226,24625.562,18.875277
1360.7698049076007,24635.688,18.881985
1360.7711937752783,24642.318,18.87537
1360.7725826429555,24624.406,18.875467
1360.7739715106914,24599.41,18.867208
1360.7753603783694,24642.97,18.895048
1360.7767492460475,24643.484,18.87709
1360.7781381137252,24638.105,18.877155
1360.7795269814023,24607.13,18.865864
1360.78091584908,24621.889,18.872131
1360.7823047168163,24643.176,18.875975
1360.7836935844944,24646.459,18.8873
1360.7864713198492,24636.77,18.878143
1360.7878601875263,24628.742,18.881536
1360.7892490552622,24632.557,18.879198
1360.7906379229403,24640.406,18.876957
1360.7920267906184,24638.107,18.883423
1360.7934156582965,24613.492,18.874247
1360.7948045259736,24600.025,18.867361
1360.7961933936504,24624.734,18.882341
1360.7975822613867,24612.002,18.879976
1360.7989711290647,24620.648,18.87008
1360.8003599967428,24614.836,18.87187
1360.8017488644205,24624.648,18.872545
1360.8031377320972,24627.121,18.880083
1360.8045265997753,24614.754,18.872532
1360.8059154675116,24632.895,18.87698
1360.8073043351892,24608.707,18.87221
1360.8086932028664,24658.275,18.88503
1360.810082070544,24625.266,18.875952
1360.811470938222,24623.762,18.876692
1360.8128598059002,24597.893,18.870687
1360.8142486736356,24630.947,18.879417
1360.8156375413132,24659.654,18.888826
1360.8170264089904,24637.639,18.884123
1360.8184152766685,24603.82,18.871698
1360.8198041443466,24659.809,18.883045
1360.8211930120242,24649.59,18.884417
1360.8225818797605,24647.633,18.883213
1360.8239707474377,24624.285,18.883434
1360.8253596151144,24602.225,18.87722
1360.8267484827925,24617.746,18.87208
1360.8281373504706,24617.264,18.875937
1360.8295262181487,24605.227,18.870028
1360.8309150858263,24609.078,18.871243
1360.8323039535612,24634.111,18.88462
1360.8336928212393,24594.531,18.867506
1360.8350816889174,24610.018,18.882147
1360.8364705565955,24668.127,18.891823
1360.8378594242731,24627.504,18.881365
1360.8392482919498,24637.775,18.885643
1360.840637159628,24643.521,18.886139
1360.842026027306,24650.775,18.886093
1360.8434148950414,24646.953,18.87984
1360.844803762719,24630.188,18.881153
1360.8461926303962,24586.17,18.865818
1360.8475814980743,24651.684,18.881197
1360.8489703657524,24637.486,18.878412
1360.85035923343,24644.441,18.882477
1360.8517481011072,24622.287,18.876417
1360.8531369687848,24650.842,18.880074
1360.854525836463,24608.041,18.871017
1360.8559147041992,24598.559,18.869465
1360.8573035718764,24665.45,18.883398
1360.8586924395545,24618.613,18.871466
1360.8600813072321,24615.016,18.875788
1360.8614701749088,24628.035,18.874294
1360.862859042587,24637.107,18.885885
1360.864247910265,24616.033,18.875391
1360.865636777943,24640.336,18.875412
1360.8670256456207,24609.832,18.869404
1360.8684145133557,24615.936,18.876432
1360.8698033810338,24626.15,18.885174
1360.8711922487118,24640.646,18.888813
1360.87258111639,24675.584,18.888762
1360.8739699840671,24630.076,18.86861
1360.8753588517438,24644.055,18.880987
1360.876747719422,24653.648,18.890142
1360.8781365871,24629.688,18.873457
1360.8795254547776,24653.27,18.882965
1360.8809143224548,24645.025,18.888357
1360.8823031901325,24621.164,18.871717
1360.8836920578105,24604.697,18.87718
1360.8850809255468,24587.0,18.863298
1360.886469793224,24625.902,18.875484
1360.887858660902,24626.965,18.87592
1360.8892475285797,24595.334,18.864983
1360.8906363962572,24636.809,18.8762
1360.8920252639355,24648.459,18.882568
1360.8934141316126,24608.596,18.87714
1360.8948029992907,24624.947,18.876226
1360.8961918669684,24626.283,18.875957
1360.897580734645,24629.777,18.885153
1360.8989696023232,24612.37,18.871569
1360.9003584700013,24645.617,18.883293
1360.9017473376794,24601.451,18.87345
1360.9031362053565,24640.357,18.881983
1360.9045250730333,24607.965,18.872353
1360.9059139407696,24678.074,18.890633
1360.9073028084476,24601.717,18.883165
1360.9086916761253,24630.582,18.878683
1360.9100805438025,24627.395,18.87588
1360.91146941148,24624.742,18.882553
1360.9128582791582,24635.559,18.881212
1360.9142471468363,24621.639,18.881056
1360.9156360145134,24612.21,18.87725
1360.9170248821915,24621.945,18.885584
1360.9184137498692,24656.129,18.881569
1360.9198026175466,24637.498,18.883997
1360.9211914852249,24630.467,18.878464
1360.922580352902,24638.367,18.879642
1360.9239692205801,24647.469,18.88398
1360.9253580882578,24591.242,18.869911
1360.9267469559345,24607.008,18.88306
1360.9281358236126,24618.56,18.871786
1360.9295246912907,24634.625,18.880983
1360.9309135589688,24603.268,18.873743
1360.932302426646,24615.104,18.878199
1360.9336912943227,24621.412,18.886581
1360.9350801620008,24654.99,18.885275
1360.9364690296788,24655.164,18.88704
1360.937857897357,24619.521,18.878298
1360.9392467650346,24647.777,18.87875
1360.9406356327113,24628.586,18.875532
1360.9420245003894,24634.436,18.878965
1360.9434133680675,24629.445,18.87544
1360.9448022357446,24610.947,18.88025
1360.9461911034227,24657.48,18.894049
1360.9475799711004,24657.602,18.881613
1360.9489688387775,24618.49,18.88197
1360.9503577064559,24638.41,18.885042
1360.9517465741333,24603.855,18.869549
1360.9531354418114,24635.154,18.885027
1360.954524309489,24611.076,18.875542
1360.9559131771662,24626.041,18.884481
1360.9573020448443,24603.27,18.864151
1360.958690912522,24642.777,18.880293
1360.9600797802,24599.287,18.876036
1360.9614686478772,24669.045,18.895199
1360.9628575155539,24611.25,18.868093
1360.964246383232,24604.594,18.870333
1360.96563525091,24624.297,18.878962
1360.9670241185881,24626.102,18.880524
1360.9684129862658,24624.523,18.88096
1360.9698018539425,24627.896,18.876509
1360.9711907216206,24623.266,18.875809
1360.9725795892987,24625.676,18.88123
1360.9739684569768,24640.514,18.88455
1360.975357324654,24594.492,18.878563
1360.9767461923307,24612.176,18.881071
1360.9781350600088,24647.553,18.88181
1360.979523927687,24579.21,18.870333
1360.9809127953645,24620.273,18.88087
1360.9823016630426,24624.574,18.881298
1360.9836905307202,24615.268,18.88088
1360.9850793983974,24617.85,18.881592
1360.9864682660755,24636.432,18.879417
1360.987857133753,24608.604,18.880945
1360.9892460014312,24615.994,18.879553
1360.9906348691084,24634.654,18.879791
1360.992023736786,24587.92,18.86274
1360.9934126044059,24654.75,18.88854
1360.994801472083,24653.21,18.884146
1360.9961903397611,24620.494,18.874573
1360.9975792074388,24588.715,18.873201
1360.9989680751155,24610.637,18.88575
1361.0003569427936,24603.035,18.868176
1361.0017458104717,24596.27,18.867767
1361.0031346781498,24614.988,18.874298
1361.004523545827,24616.768,18.870316
1361.0059124135037,24642.924,18.883505
1361.0073012811818,24659.943,18.87589
1361.00869014886,24627.604,18.874876
1361.0100790165384,24637.66,18.87779
1361.0114678842165,24623.121,18.881304
1361.012856751835,24588.887,18.865004
1361.0142456195122,24631.568,18.878658
1361.0156344871903,24645.871,18.889746
1361.017023354868,24624.607,18.879883
1361.0198010902232,24606.457,18.875525
1361.0211899579008,24615.691,18.879799
1361.0225788255789,24658.826,18.894035
1361.023967693256,24649.805,18.88687
1361.0253565609341,24629.682,18.87762
1361.0267454286118,24613.135,18.881304
1361.0281342962307,24609.373,18.882977
1361.0295231639088,24601.045,18.872128
1361.0309120315865,24625.066,18.88369
1361.0323008992646,24647.43,18.88366
1361.0336897669417,24620.277,18.892414
1361.0350786346185,24622.396,18.886152
1361.0364675022965,24689.508,18.8889
1361.0378563699746,24614.152,18.876295
1361.039245237653,24623.832,18.875612
1361.040634105273,24625.979,18.879936
1361.0420229729498,24656.584,18.878845
1361.043411840627,24623.945,18.880672
1361.044800708305,24661.908,18.883162
1361.0461895759831,24627.965,18.871946
1361.0475784436612,24653.498,18.891392
1361.048967311338,24610.998,18.87495
1361.0503561790156,24643.31,18.877995
1361.0517450466355,24655.555,18.89128
1361.0531339143126,24640.193,18.881113
1361.0545227819907,24604.207,18.873016
1361.0559116496684,24602.607,18.875195
1361.0573005173455,24618.02,18.889498
1361.0586893850236,24637.07,18.880894
1361.0600782527013,24638.852,18.883108
1361.0614671203211,24671.344,18.889793
1361.0628559879983,24669.357,18.89146
1361.064244855676,24643.574,18.885775
1361.065633723354,24602.646,18.864065
1361.0670225910312,24633.383,18.882647
1361.0684114587095,24647.525,18.890835
1361.0698003263296,24645.549,18.879559
1361.0711891940064,24615.072,18.880342
1361.0725780616835,24650.562,18.885593
1361.0753557970397,24631.127,18.888075
1361.0767446647178,24632.82,18.880913
1361.0781335323363,24640.957,18.88267
1361.079522400014,24612.969,18.882082
1361.080911267692,24633.564,18.880495
1361.0823001353701,24604.033,18.884401
1361.0836890030482,24654.645,18.891737
1361.085077870725,24655.613,18.886143
1361.086466738344,24617.326,18.872303
1361.087855606022,24632.19,18.88585
1361.0892444736996,24638.113,18.889738
1361.0906333413777,24660.127,18.895094
1361.0920222090558,24650.766,18.889257
1361.0934110766748,24598.473,18.870157
1361.0947999443524,24653.021,18.88054
1361.0961888120296,24668.467,18.894127
1361.097577679708,24635.041,18.877974
1361.0989665473862,24626.77,18.871552
1361.1003554150052,24609.752,18.874317
1361.10313315036,24676.443,18.899502
1361.105910885658,24655.027,18.887314
1361.1072997533347,24628.473,18.88061
1361.1086886210123,24655.088,18.887163
1361.1100774886904,24626.982,18.883186
1361.1114663563685,24634.268,18.900059
1361.1128552239884,24612.475,18.879873
1361.1142440916651,24619.56,18.879457
1361.1156329593423,24617.46,18.888443
1361.1170218270204,24634.064,18.880287
1361.1184106946403,24618.854,18.886444
1361.1197995623183,24653.002,18.88345
1361.121188429996,24637.676,18.882053
1361.1225772976732,24631.76,18.880743
1361.1239661652926,24645.746,18.890055
1361.1253550329698,24590.225,18.866608
1361.126743900648,24647.062,18.883438
1361.1281327683264,24673.99,18.894327
1361.1295216359454,24606.533,18.87819
1361.130910503623,24620.436,18.875683
1361.1322993713002,24649.416,18.89307
1361.1336882389783,24636.648,18.882421
1361.1350771065981,24599.521,18.874817
1361.1364659742758,24625.479,18.885979
1361.137854841953,24637.791,18.880566
1361.1392437096306,24623.195,18.881332
1361.1406325772505,24627.55,18.87845
1361.1420214449286,24628.65,18.879454
1361.1475769155804,24606.586,18.878046
1361.150354650878,24617.152,18.87545
1361.1517435185551,24649.5,18.880335
1361.1531323862328,24651.312,18.877916
1361.1545212539108,24632.648,18.884508
1361.1559101215307,24632.795,18.877834
1361.1572989892084,24638.91,18.890789
1361.1586878568855,24635.922,18.88671
1361.160076724505,24650.691,18.894304
1361.16424332748,24641.32,18.887775
1361.1656321951577,24630.574,18.887438
1361.167021062835,24629.172,18.891157
1361.1684099304543,24650.848,18.888472
1361.1725765334877,24645.307,18.878073
1361.1753542687843,24635.09,18.87829
1361.1767431364624,24637.455,18.889364
1361.1781320040823,24625.416,18.872581
1361.17952087176,24620.205,18.874374
1361.180909739437,24657.965,18.886774
1361.1822986070565,24674.648,18.893602
1361.1850763423545,24628.45,18.880339
1361.186465210032,24638.266,18.882553
1361.1878540777093,24649.107,18.888954
1361.1892429453287,24615.93,18.882536
1361.190631813006,24633.861,18.87446
1361.192020680684,24631.49,18.888786
1361.1934095483039,24624.998,18.881165
1361.1947984159815,24623.395,18.883535
1361.1961872836587,24624.066,18.88135
1361.197576151278,24597.605,18.873457
1361.1989650189562,24639.693,18.8733
1361.2003538866343,24598.74,18.883106
1361.2031316219309,24642.918,18.889912
1361.2045204895499,24654.875,18.890545
1361.205909357228,24631.4,18.882242
1361.207298224906,24625.5,18.86912
1361.2086870925255,24615.393,18.873055
1361.2100759602026,24580.227,18.8611
1361.2114648278803,24588.17,18.86732
1361.2128536955001,24663.244,18.901947
1361.2142425631782,24608.475,18.870604
1361.2156314307977,24619.152,18.881933
1361.2170202984748,24619.305,18.887455
1361.2184091661525,24596.86,18.873466
1361.2197980337723,24616.164,18.87705
1361.2211869014504,24636.355,18.8844
1361.2225757690694,24601.459,18.869453
1361.223964636747,24598.713,18.876116
1361.2253535044242,24618.707,18.88551
1361.2267423720436,24617.293,18.877752
1361.2281312397217,24603.662,18.87052
1361.2295201073416,24614.541,18.878826
1361.2309089750197,24628.998,18.888893
1361.2322978426387,24644.654,18.886663
1361.2336867103154,24659.521,18.890211
1361.2350755779935,24634.635,18.87909
1361.2364644456134,24645.375,18.884544
1361.2378533132915,24618.273,18.867538
1361.2392421809109,24636.71,18.886404
1361.2406310485876,24619.643,18.88521
1361.2420199162075,24611.082,18.881887
1361.2434087838856,24658.457,18.892754
1361.2447976515632,24633.557,18.882383
1361.2461865191822,24606.445,18.872852
1361.2475753868598,24648.842,18.88584
1361.2489642544797,24621.309,18.881306
1361.2503531221578,24627.648,18.878265
1361.2517419897767,24607.412,18.86568
1361.2531308574544,24629.732,18.890078
1361.2545197250734,24662.447,18.894758
1361.2559085927514,24639.443,18.882107
1361.2572974603713,24646.832,18.881634
1361.258686328049,24616.932,18.876331
1361.2600751956688,24608.365,18.871513
1361.261464063346,24659.914,18.888985
1361.2628529309645,24591.988,18.871988
1361.2642417986426,24611.701,18.870491
1361.2656306663207,24643.293,18.891052
1361.2670195339406,24659.074,18.895235
1361.2684084016182,24602.178,18.873697
1361.2697972692367,24612.79,18.872
1361.2711861369148,24623.195,18.878365
1361.2725750045347,24619.63,18.872639
1361.2739638722128,24606.908,18.868343
1361.2753527398322,24648.834,18.888083
1361.276741607509,24620.041,18.874598
1361.2781304751288,24643.543,18.881468
1361.279519342807,24653.361,18.887465
1361.2809082104259,24617.553,18.874798
1361.282297078104,24613.572,18.866848
1361.2836859457234,24649.613,18.886694
1361.2850748133424,24634.64,18.890533
1361.2864636810205,24615.123,18.873812
1361.2878525486399,24610.105,18.866343
1361.289241416318,24594.42,18.873817
1361.290630283937,24644.908,18.88509
1361.2920191516146,24641.086,18.89224
1361.2934080192344,24639.48,18.879702
1361.2947968869116,24625.291,18.878515
1361.2961857545315,24644.168,18.89222
1361.2975746222091,24633.713,18.88599
1361.2989634898277,24621.943,18.874905
1361.3003523575057,24670.297,18.89045
1361.3017412251256,24652.086,18.888727
1361.3031300928037,24622.836,18.879036
1361.3045189604231,24627.834,18.875998
1361.3059078280417,24653.791,18.889439
1361.3072966957197,24622.28,18.876953
1361.3086855633396,24620.092,18.877409
1361.3100744310177,24641.78,18.880497
1361.3114632986376,24618.773,18.878572
1361.3128521663143,24656.627,18.881721
1361.3142410339333,24668.44,18.88888
1361.3156299015532,24631.547,18.891846
1361.3170187692308,24620.002,18.879353
1361.3184076368507,24616.188,18.886013
1361.3197965045279,24642.432,18.882597
1361.3211853721473,24610.43,18.876122
1361.3225742398254,24601.412,18.877657
1361.3239631074443,24647.166,18.885809
1361.3253519750642,24598.287,18.878231
1361.3267408427419,24599.121,18.875631
1361.3281297103608,24640.46,18.893133
1361.329518578039,24639.652,18.885534
1361.3309074456583,24609.68,18.870705
1361.3322963132782,24610.309,18.882187
1361.3336851809563,24653.791,18.890064
1361.3350740485748,24630.305,18.8838
1361.3364629161943,24619.86,18.886831
1361.3378517838723,24615.55,18.873877
1361.3392406514922,24633.064,18.886175
1361.3406295191703,24604.596,18.873306
1361.3420183867888,24634.277,18.882776
1361.3434072544078,24633.346,18.887562
1361.3447961220859,24625.57,18.87942
1361.3461849897058,24653.031,18.886961
1361.3475738573256,24612.137,18.874912
1361.3489627250024,24626.955,18.881731
1361.3503515926218,24625.836,18.872906
1361.3517404602999,24639.334,18.876139
1361.3531293279189,24608.877,18.880167
1361.3545181955387,24647.742,18.883465
1361.3559070632164,24627.041,18.879082
1361.3572959308353,24606.172,18.879795
1361.3586847984552,24588.658,18.868153
1361.3600736661328,24631.68,18.880173
1361.3614625337527,24606.268,18.869501
1361.3628514013726,24632.244,18.883848
1361.3642402690502,24613.037,18.885849
1361.3656291366692,24634.96,18.87985
1361.3670180042886,24651.305,18.880678
1361.3684068719667,24597.082,18.87492
1361.3697957395866,24609.982,18.882605
1361.3711846072051,24615.38,18.888702
1361.3725734748823,24636.113,18.882221
1361.3739623425022,24634.285,18.88016
1361.375351210122,24642.104,18.88116
1361.376740077742,24608.518,18.875513
1361.3781289454187,24622.42,18.886513
1361.379517813038,24639.291,18.883902
1361.380906680658,24615.486,18.877264
1361.382295548336,24604.996,18.879385
1361.383684415956,24614.75,18.883999
1361.385073283575,24635.021,18.890242
1361.3864621512525,24666.201,18.894104
1361.3878510188715,24672.973,18.891129
1361.389239886491,24602.35,18.876888
1361.3906287541108,24615.084,18.869394
1361.392017621789,24641.648,18.891539
1361.3934064894083,24623.44,18.882086
1361.3947953570273,24625.098,18.876465
1361.3961842246467,24593.318,18.884644
1361.3975730923248,24612.65,18.87919
1361.3989619599447,24632.246,18.886745
1361.4003508275637,24620.367,18.879196
1361.401739695183,24636.953,18.884554
1361.4031285628603,24603.23,18.859838
1361.4045174304802,24630.148,18.883026
1361.4059062981,24612.992,18.87204
1361.4072951657186,24625.713,18.880487
1361.4086840333962,24630.178,18.889353
1361.410072901016,24619.25,18.878626
1361.411461768636,24637.623,18.879087
1361.4128506362558,24610.162,18.87094
1361.414239503933,24618.545,18.882347
1361.4156283715524,24607.238,18.878273
1361.4170172391714,24645.95,18.891008
1361.4184061067915,24642.232,18.898022
1361.4197949744698,24622.203,18.883451
1361.4211838420888,24632.098,18.882187
1361.4225727097082,24587.592,18.876411
1361.4239615773272,24618.818,18.881649
1361.4253504449466,24638.53,18.894615
1361.4267393126247,24643.879,18.885042
1361.4281281802446,24657.895,18.892439
1361.4295170478636,24660.74,18.890198
1361.430905915483,24610.037,18.883501
1361.432294783102,24595.068,18.87379
1361.43368365078,24612.676,18.881554
1361.4350725184,24616.225,18.881433
1361.4364613860198,24603.791,18.872225
1361.4378502536392,24626.768,18.884468
1361.4392391212577,24613.707,18.868067
1361.4406279888776,24643.56,18.895111
1361.4420168565557,24606.037,18.865452
1361.4434057241747,24616.504,18.886019
1361.444794591794,24628.9,18.87693
1361.446183459413,24609.627,18.87138
1361.447572327033,24604.861,18.88347
1361.448961194653,24604.4,18.883951
1361.4503500623305,24636.125,18.883553
1361.45173892995,24618.727,18.871017
1361.4531277975689,24624.69,18.879665
1361.4545166651887,24617.088,18.88245
1361.4559055328086,24628.664,18.883795
1361.457294400428,24656.418,18.903532
1361.458683268048,24633.26,18.882017
1361.460072135725,24607.518,18.879662
1361.4614610033436,24580.393,18.869886
1361.4628498709635,24618.756,18.87409
1361.4642387385834,24648.104,18.894512
1361.4656276062033,24631.158,18.880917
1361.4670164738227,24645.197,18.887709
1361.4684053414412,24637.021,18.8845
1361.469794209061,24630.031,18.885498
1361.4711830767392,24639.531,18.888605
1361.4725719443582,24654.791,18.886816
1361.4739608119776,24643.877,18.8932
1361.4753496795965,24646.223,18.88861
1361.4767385472164,24631.441,18.878624
1361.4781274148365,24649.842,18.893148
1361.4795162824557,24660.846,18.89856
1361.4809051500756,24637.035,18.882717
1361.482294017695,24634.982,18.890926
1361.483682885314,24625.191,18.876001
1361.485071752934,24627.809,18.869734
1361.4864606205533,24623.188,18.88372
1361.4878494882314,24636.982,18.886889
1361.4892383558504,24589.254,18.869452
1361.490627223469,24620.713,18.882633
1361.4920160910888,24589.527,18.872131
1361.4934049587087,24595.959,18.868544
1361.4947938263285,24638.25,18.885075
1361.496182693948,24631.418,18.871372
1361.4975715615665,24643.53,18.8868
1361.4989604291864,24631.547,18.86906
1361.5003492968062,24629.771,18.890163
1361.5017381644261,24625.424,18.88864
1361.503127032045,24630.088,18.89446
1361.5045158996636,24624.166,18.886177
1361.5059047672835,24603.57,18.87385
1361.5072936349036,24669.787,18.894243
1361.5086825025228,24615.55,18.880146
1361.5100713701427,24601.484,18.870869
1361.511460237762,24605.121,18.888687
1361.512849105381,24636.697,18.881899
1361.514237973001,24617.209,18.885138
1361.5156268406204,24639.107,18.881056
1361.5170157082403,24622.771,18.887936
1361.5184045758592,24627.273,18.894886
1361.5197934434786,24617.764,18.878145
1361.5211823110985,24639.406,18.88032
1361.5239600463374,24609.473,18.87128
1361.5267377815753,24624.22,18.883368
1361.5281266491952,24627.086,18.880756
1361.529515516815,24665.543,18.895346
1361.530904384435,24613.094,18.882982
1361.5336821196734,24672.34,18.893064
1361.5350709872923,24575.85,18.8663
1361.5364598549122,24609.8,18.87836
1361.5378487225323,24656.195,18.886301
1361.5392375901524,24601.844,18.877113
1361.540626457771,24638.375,18.891212
1361.54201532539,24613.572,18.873646
1361.5434041930098,24639.41,18.89432
1361.5447930606292,24619.113,18.877495
1361.546181928249,24604.69,18.880527
1361.547570795868,24611.082,18.885273
1361.5489596634875,24600.256,18.881865
1361.5503485310492,24613.658,18.87957
1361.5517373986681,24621.48,18.886524
1361.553126266288,24609.148,18.882383
1361.554515133908,24619.75,18.87872
1361.5559040015273,24613.11,18.878412
1361.5572928691463,24604.55,18.879328
1361.5614594720055,24654.057,18.898876
1361.562848339624,24656.658,18.884878
1361.564237207243,24627.615,18.87764
1361.5656260748046,24575.707,18.868597
1361.5670149424247,24622.936,18.876684
1361.5684038100449,24614.246,18.875603
1361.5697926776634,24631.992,18.87642
1361.5711815452823,24643.812,18.875498
1361.575348148142,24621.549,18.877092
1361.5767370157614,24615.975,18.885921
1361.5781258833222,24639.656,18.889894
1361.5795147509416,24634.252,18.891214
1361.5809036185606,24606.816,18.871555
1361.5822924861804,24645.805,18.89046
1361.5836813538003,24626.299,18.88771
1361.5850702214198,24657.014,18.892868
1361.5864590889805,24595.162,18.874561
1361.5878479566,24634.889,18.891834
1361.5892368242198,24643.543,18.886776
1361.5906256918397,24615.16,18.879728
1361.5920145594587,24669.758,18.899683
1361.593403427078,24614.121,18.879839
1361.5947922946389,24629.492,18.88781
1361.596181162259,24634.904,18.881926
1361.597570029879,24646.201,18.897758
1361.598958897498,24603.658,18.870863
1361.6003477651175,24626.713,18.88184
1361.6017366327364,24658.375,18.894306
1361.6031255002981,24583.994,18.869747
1361.604514367918,24656.98,18.885052
1361.6059032355374,24667.688,18.894009
1361.6072921031564,24624.854,18.876352
1361.6086809707758,24636.03,18.887188
1361.6100698383375,24595.152,18.880964
1361.6114587059574,24623.918,18.875923
1361.6128475735763,24627.336,18.868635
1361.6142364411958,24627.559,18.883654
1361.6156253087565,24637.705,18.881443
1361.617014176376,24628.771,18.89312
1361.6184030439958,24617.506,18.88072
1361.6197919116157,24628.436,18.894167
1361.6211807791774,24619.312,18.87569
1361.6225696467964,24603.133,18.870066
1361.6239585144149,24664.865,18.888945
1361.625347382035,24665.54,18.897198
1361.626736249597,24652.611,18.88159
1361.6378471904354,24635.947,18.883457
1361.6392360580553,24642.633,18.893717
1361.6406249256752,24611.559,18.883753
1361.642013793236,24645.73,18.89252
1361.6434026608554,24645.246,18.88662
1361.6447915284743,24592.516,18.872726
1361.6461803960942,24599.217,18.874039
1361.647569263656,24627.041,18.886509
1361.6489581312753,24623.645,18.88229
1361.6503469988952,24616.877,18.892483
1361.651735866456,24619.951,18.87766
1361.6531247340745,24614.375,18.881742
1361.6545136016946,24636.717,18.88659
1361.6559024692565,24569.943,18.872505
1361.6572913368764,24640.012,18.894032
1361.6586802044953,24652.557,18.889088
1361.6600690720556,24644.957,18.890327
1361.6614579396755,24630.236,18.881565
1361.6628468072954,24596.996,18.881834
1361.664235674857,24623.803,18.881212
1361.6656245424765,24617.39,18.884043
1361.667013410095,24618.227,18.880888
1361.6684022776567,24639.053,18.888
1361.6697911452766,24600.969,18.88195
1361.6711800128373,24616.166,18.88312
1361.6725688804572,24595.762,18.877773
1361.6739577480766,24608.799,18.879475
1361.6753466156374,24621.398,18.890291
1361.6767354832573,24628.404,18.892853
1361.6781243508767,24605.258,18.887276
1361.6795132184384,24616.354,18.879105
1361.6809020860574,24622.703,18.8904
1361.6822909536186,24614.553,18.887047
1361.6836798212385,24607.924,18.883118
1361.6850686888579,24619.36,18.88323
1361.6864575564196,24596.457,18.88461
1361.6878464240385,24641.617,18.899397
1361.6892352915988,24646.814,18.89576
1361.6906241592187,24574.705,18.874538
1361.6920130267804,24670.418,18.897745
1361.6934018944003,24610.94,18.897345
1361.6947907620201,24658.26,18.894545
1361.6961796295805,24628.703,18.889242
1361.6975684971999,24628.762,18.88105
1361.6989573647616,24599.963,18.884146
1361.7003462323814,24619.021,18.881277
1361.701735099943,24652.361,18.891573
1361.7031239675616,24619.35,18.883854
1361.7045128351224,24647.033,18.896019
1361.7059017027423,24669.479,18.89722
1361.7072905703617,24611.174,18.879719
1361.7086794379234,24625.46,18.886366
1361.7100683055423,24608.562,18.88372
1361.7114571731036,24646.285,18.893866
1361.7128460407234,24634.18,18.894371
1361.7142349082847,24634.559,18.893835
1361.7156237759045,24651.693,18.894808
1361.7170126434662,24613.158,18.883823
1361.7184015110852,24628.502,18.886774
1361.7197903786464,24661.379,18.894876
1361.7211792462654,24627.17,18.889359
1361.722568113827,24613.783,18.879108
1361.723956981447,24621.592,18.884447
1361.7253458490072,24639.328,18.88324
1361.7267347166267,24662.525,18.901592
1361.7281235841883,24605.855,18.88119
1361.7295124518082,24610.062,18.8867
1361.7309013193699,24598.15,18.880121
1361.7322901869888,24628.33,18.888199
1361.73367905455,24608.914,18.886316
1361.735067922169,24673.299,18.903723
1361.7364567897307,24608.174,18.879898
1361.7378456572924,24617.62,18.894016
1361.7392345249118,24632.068,18.89067
1361.7406233924726,24642.527,18.893623
1361.742012260092,24631.836,18.890398
1361.7434011276532,24615.123,18.886028
1361.744789995273,24614.89,18.884764
1361.7461788628348,24584.33,18.87689
1361.7475677304537,24634.777,18.886646
1361.748956598015,24625.176,18.88477
1361.7503454655757,24637.57,18.888874
1361.7517343331956,24637.844,18.896675
1361.7531232007573,24614.588,18.883831
1361.7545120683767,24649.805,18.896687
1361.7559009359375,24661.998,18.906225
1361.7572898034987,24632.002,18.891556
1361.7586786711186,24603.762,18.88329
1361.7600675386802,24617.512,18.88544
1361.7614564062992,24624.447,18.88818
1361.7628452738604,24635.61,18.889128
1361.7642341414212,24616.4,18.889353
1361.765623009041,24671.482,18.904083
1361.7670118766027,24593.217,18.875683
1361.7684007442222,24633.096,18.88763
1361.769789611783,24644.309,18.8948
1361.7711784793441,24594.863,18.879587
1361.7725673469636,24634.54,18.895035
1361.7739562145252,24662.363,18.901886
1361.775345082087,24607.621,18.878628
1361.7767339497068,24628.186,18.886574
1361.7781228172676,24677.254,18.904345
1361.7795116848279,24636.504,18.89251
1361.7809005524477,24648.406,18.886557
1361.7822894200094,24630.232,18.889845
1361.783678287571,24625.707,18.890024
1361.7850671551905,24614.775,18.890408
1361.7864560227508,24653.61,18.893463
1361.7878448903125,24637.074,18.891937
1361.7892337579324,24635.484,18.897392
1361.7906226254931,24638.729,18.895157
1361.7920114930544,24635.113,18.89106
1361.7934003606733,24635.521,18.892519
1361.794789228235,24640.36,18.894016
1361.7961780957967,24625.973,18.884253
1361.797566963358,24594.162,18.87756
1361.7989558309778,24601.457,18.891176
1361.8003446985388,24622.055,18.884167
1361.8017335660998,24634.8,18.890127
1361.8031224337196,24600.705,18.881884
1361.8045113012809,24621.846,18.888428
1361.8059001688425,24604.324,18.886143
1361.8072890364033,24664.736,18.89753
1361.8086779040218,24645.73,18.897387
1361.8100667715835,24603.746,18.878601
1361.8114556391452,24644.637,18.900742
1361.8128445067068,24617.75,18.887749
1361.8142333743262,24629.61,18.882992
1361.8156222418866,24615.89,18.888403
1361.8170111094482,24644.682,18.898682
1361.81839997701,24611.096,18.884165
1361.8197888446298,24640.64,18.89401
1361.8211777121915,24593.568,18.887901
1361.8225665797518,24614.045,18.885334
1361.8239554473125,24629.428,18.897263
1361.8253443148742,24643.543,18.889511
1361.8267331824936,24625.5,18.89021
1361.8281220500553,24643.37,18.8936
1361.8295109176163,24637.521,18.88939
1361.8308997851773,24616.746,18.889557
1361.832288652739,24644.275,18.903805
1361.8336775203584,24632.393,18.89415
1361.83506638792,24633.604,18.891796
1361.8364552554808,24631.316,18.896553
1361.837844123042,24627.723,18.888971
1361.8392329906037,24623.99,18.891125
1361.8406218581645,24645.023,18.89101
1361.8420107257843,24629.863,18.897472
1361.843399593346,24608.137,18.887028
1361.8447884609063,24594.19,18.889313
1361.8461773284675,24616.908,18.885359
1361.8475661960292,24601.328,18.885609
1361.848955063591,24607.863,18.880157
1361.8503439311526,24658.885,18.899586
1361.851732798771,24629.787,18.885998
1361.8531216663318,24635.604,18.891783
1361.8545105338935,24636.3,18.892342
1361.8558994014552,24647.404,18.903564
1361.857288269017,24622.793,18.890219
1361.8586771365774,24655.492,18.90519
1361.8600660041384,24635.832,18.897219
1361.8614548717,24606.426,18.88616
1361.8628437392613,24617.887,18.88735
1361.8642326068812,24612.684,18.88639
1361.8656214744428,24637.447,18.897015
1361.8670103420036,24659.418,18.907932
1361.8683992095648,24629.406,18.90126
1361.8697880771256,24640.07,18.894024
1361.8711769446872,24633.43,18.890953
1361.872565812249,24640.033,18.888577
1361.8739546798101,24626.31,18.8875
1361.875343547371,24613.947,18.87992
1361.8767324149321,24646.232,18.898394
1361.8781212824938,24650.875,18.897556
1361.8795101500555,24636.4,18.893057
1361.8808990176162,24611.826,18.88595
1361.8822878851774,24628.256,18.887774
1361.8836767527382,24632.404,18.891497
1361.885065620358,24629.9,18.891129
1361.8864544879198,24624.143,18.889896
1361.887843355481,24608.402,18.884539
1361.8892322230422,24620.146,18.886396
1361.890621090603,24617.3,18.88398
1361.8920099581646,24651.205,18.896868
1361.8933988257263,24641.477,18.895033
1361.8947876932875,24627.201,18.896769
1361.8961765608483,24619.82,18.885254
1361.8975654284095,24614.2,18.892998
1361.8989542959703,24626.828,18.890581
1361.900343163532,24599.764,18.88181
1361.9017320310936,24590.594,18.884531
1361.9031208986553,24629.42,18.895481
1361.9045097662165,24615.588,18.884949
1361.9058986337768,24615.01,18.892414
1361.9072875012803,24638.287,18.890425
1361.908676368842,24673.94,18.90817
1361.9100652364036,24657.5,18.899141
1361.9114541039644,24638.518,18.891315
1361.9128429715247,24627.97,18.902771
1361.9142318390864,24613.094,18.898363
1361.915620706648,24640.96,18.897083
1361.9170095742093,24616.742,18.886547
1361.9183984417705,24659.285,18.898201
1361.9197873093312,24639.162,18.886572
1361.921176176893,24640.916,18.893711
1361.9225650444546,24661.398,18.899294
1361.9239539120158,24615.701,18.885872
1361.9253427795775,24628.639,18.886541
1361.9267316471382,24627.072,18.890867
1361.9281205146413,24617.393,18.885698
1361.929509382203,24630.174,18.887398
1361.9308982497637,24647.115,18.898462
1361.9322871173254,24673.31,18.902857
1361.9336759848866,24647.715,18.899763
1361.9350648524469,24660.633,18.902346
1361.9364537200086,24638.875,18.898975
1361.9378425875702,24613.244,18.886736
1361.939231455132,24607.807,18.88639
1361.9406203226345,24620.822,18.88905
1361.9420091901948,24646.71,18.902205
1361.9433980577564,24643.84,18.892542
1361.944786925318,24651.314,18.892397
1361.94617579288,24637.707,18.893238
1361.947564660442,24620.617,18.891512
1361.948953527944,24649.664,18.894688
1361.9503423955048,24588.965,18.880314
1361.9517312630664,24615.615,18.894701
1361.9531201306277,24636.031,18.887169
1361.9545089981893,24608.512,18.879671
1361.95589786575,24640.594,18.893553
1361.957286733253,24615.436,18.88971
1361.9586756008148,24656.264,18.895716
1361.9600644683755,24621.969,18.887346
1361.9614533359372,24620.398,18.88754
1361.962842203499,24622.885,18.89547
1361.964231071002,24629.613,18.889326
1361.9656199385627,24626.584,18.895067
1361.9670088061239,24659.65,18.899048
1361.9683976736856,24633.898,18.895248
1361.969786541189,24631.2,18.885082
1361.9711754087493,24610.44,18.885166
1361.97256427631,24637.22,18.895035
1361.9739531438718,24610.424,18.890501
1361.9753420113755,24618.605,18.881945
1361.9767308789374,24613.807,18.896393
1361.9781197464977,24633.725,18.88769
1361.9795086140584,24615.52,18.887022
1361.980897481562,24611.02,18.887878
1361.9822863491236,24632.25,18.887175
1361.9836752166852,24640.686,18.894712
1361.9850640842465,24608.451,18.883692
1361.986452951749,24643.111,18.889965
1361.9878418193102,24601.646,18.885187
1361.989230686871,24644.22,18.891895
1361.9906195543745,24614.807,18.876802
1361.9920084219361,24642.883,18.89676
1361.9933972894974,24653.436,18.893213
1361.9947861570581,24648.75,18.896563
1361.9961750245611,24648.605,18.892557
1361.9975638921228,24654.898,18.90682
1361.9989527596845,24619.377,18.89004
1362.000341627187,24644.092,18.892342
1362.0017304947482,24615.184,18.888775
1362.003119362309,24648.375,18.901564
1362.0045082298127,24636.463,18.884798
1362.0058970973746,24629.424,18.896698
1362.0072859648772,24606.348,18.88359
1362.0086748324384,24627.102,18.889198
1362.0100636999991,24637.719,18.902508
1362.0114525675026,24623.967,18.898546
1362.0128414350643,24643.326,18.901226
1362.0142303026255,24634.9,18.897392
1362.015619170128,24605.83,18.882038
1362.0170080376893,24638.61,18.898712
1362.018396905251,24627.953,18.88969
1362.0197857727544,24617.55,18.889023
1362.0211746403152,24642.363,18.900827
1362.0225635078186,24635.01,18.892235
1362.0239523753798,24613.42,18.889015
1362.025341242882,24645.47,18.898277
1362.0267301104436,24679.629,18.907293
1362.0281189780053,24617.902,18.892614
1362.0295078455088,24599.4,18.884409
1362.0308967130695,24613.22,18.880142
1362.0322855805716,24597.912,18.882395
1362.0336744481335,24604.557,18.88503
1362.0350633156372,24594.562,18.879633
1362.036452183198,24635.164,18.896172
1362.0378410507592,24641.178,18.894772
1362.0392299182618,24605.797,18.893589
1362.0406187858234,24622.37,18.889164
1362.042007653327,24619.916,18.896992
1362.043396520888,24609.453,18.889877
1362.0447853883916,24655.219,18.898745
1362.0461742559523,24624.781,18.890812
1362.0475631234553,24595.99,18.875298
1362.048951991017,24622.611,18.89148
1362.0503408585196,24622.656,18.899244
1362.0517297260812,24622.041,18.887293
1362.0531185935843,24599.393,18.880692
1362.0545074611446,24626.1,18.89176
1362.055896328648,24630.643,18.893679
1362.0572851962097,24588.295,18.884207
1362.0586740637132,24610.771,18.88958
1362.060062931274,24584.443,18.877747
1362.061451798776,24591.838,18.881796
1362.062840666338,24662.97,18.907278
1362.0642295338416,24597.693,18.8854
1362.065618401345,24660.832,18.907356
1362.0670072689068,24609.63,18.886902
1362.0683961364089,24586.697,18.880545
1362.0697850039696,24616.826,18.89086
1362.071173871473,24642.701,18.891909
1362.0725627390343,24637.998,18.894882
1362.0739516065378,24631.809,18.889677
1362.0753404740985,24633.531,18.894266
1362.0767293416015,24613.674,18.888952
1362.078118209105,24643.135,18.891644
1362.0795070766658,24596.64,18.885675
1362.0808959441692,24609.799,18.884403
1362.082284811731,24606.611,18.891253
1362.083673679234,24648.922,18.892782
1362.0850625467365,24641.045,18.896187
1362.0864514142977,24667.717,18.907671
1362.0878402818012,24643.06,18.899635
1362.0892291493046,24594.182,18.892294
1362.090618016865,24607.408,18.885696
1362.0920068843677,24613.525,18.88565
1362.0933957518714,24610.21,18.89215
1362.094784619433,24657.002,18.903288
1362.0961734869366,24627.945,18.889511
1362.0975623544969,24628.812,18.88615
1362.0989512219994,24624.514,18.893137
1362.1003400895029,24620.664,18.889715
1362.1017289570646,24599.865,18.878899
1362.103117824568,24604.566,18.89025
1362.104506692071,24652.344,18.898249
1362.1058955595736,24611.832,18.890608
1362.1072844271348,24644.244,18.891842
1362.1086732946374,24616.838,18.889517
1362.1100621621408,24616.557,18.896793
1362.1114510297025,24651.646,18.899767
1362.1128398972055,24606.174,18.888868
1362.114228764708,24629.012,18.891846
1362.1156176322693,24638.47,18.892502
1362.1170064997727,24625.002,18.893013
1362.1183953672762,24603.275,18.878326
1362.1197842347797,24629.842,18.883951
1362.1211731023407,24621.137,18.886549
1362.1225619698428,24611.742,18.886778
1362.1239508373465,24609.328,18.893831
1362.12533970485,24652.37,18.899475
1362.1267285724107,24630.848,18.891516
1362.1281174399137,24647.814,18.898785
1362.1295063074162,24647.965,18.894732
1362.1308951749197,24619.965,18.893238
1362.1322840424232,24625.232,18.891512
1362.1336729099844,24622.043,18.893272
1362.135061777487,24615.639,18.910883
1362.13645064499,24624.498,18.88846
1362.1378395124934,24650.043,18.901834
1362.139228379997,24605.562,18.883747
1362.1406172475577,24626.734,18.887568
1362.1420061150611,24628.066,18.891642
1362.1433949825641,24617.734,18.892675
1362.1447838500662,24619.654,18.888464
1362.1461727175697,24643.21,18.9012
1362.1475615851314,24633.629,18.886719
1362.1489504526348,24627.572,18.89441
1362.1503393201376,24624.453,18.89048
1362.1517281876397,24605.959,18.89143
1362.1531170551434,24638.668,18.89285
1362.1545059226469,24634.96,18.898458
1362.1558947901503,24610.754,18.895489
1362.157283657653,24620.459,18.891428
1362.1586725252132,24684.846,18.908741
1362.1600613927167,24609.365,18.891241
1362.1614502602201,24603.707,18.88246
1362.1628391277231,24651.395,18.901295
1362.1642279952266,24632.488,18.897223
1362.1656168627292,24622.115,18.895967
1362.1670057302322,24625.26,18.895287
1362.1683945977356,24620.19,18.890175
1362.1697834652382,24599.027,18.884035
1362.1711723327417,24602.178,18.894579
1362.1725612003029,24631.0,18.895979
1362.1739500678054,24598.408,18.88003
1362.175338935309,24627.373,18.89536
1362.176727802812,24639.094,18.894123
1362.1781166703154,24627.77,18.889341
1362.1795055378188,24637.791,18.896887
1362.180894405321,24649.09,18.896797
1362.182283272824,24637.668,18.8957
1362.1836721403274,24625.143,18.893995
1362.1850610078309,24628.832,18.886377
1362.1864498753343,24663.863,18.905867
1362.1878387428364,24634.74,18.891363
1362.189227610339,24610.088,18.888481
1362.1906164778425,24644.617,18.895645
1362.192005345346,24655.684,18.894104
1362.1933942128494,24620.941,18.891115
1362.1947830803515,24620.838,18.891464
1362.1961719478545,24642.477,18.891735
1362.197560815358,24636.516,18.899488
1362.1989496828605,24638.855,18.89214
1362.200338550364,24608.238,18.890184
1362.2017274178675,24609.164,18.89241
1362.2031162853705,24637.447,18.89646
1362.204505152873,24656.486,18.901588
1362.205894020376,24626.057,18.891356
1362.2072828878795,24612.586,18.889812
1362.208671755383,24642.521,18.899672
1362.210060622886,24632.98,18.893019
1362.2114494903303,24616.191,18.89233
1362.2128383578333,24617.871,18.887745
1362.2142272253368,24649.877,18.896252
1362.2156160928403,24634.746,18.889906
1362.2170049603428,24655.56,18.897894
1362.2183938278458,24616.477,18.890335
1362.2197826953484,24623.455,18.897572
1362.2211715628519,24586.398,18.882307
1362.2225604303553,24613.48,18.88819
1362.2239492978583,24600.736,18.882591
1362.2253381653027,24632.678,18.89288
1362.2267270328057,24617.906,18.89815
1362.2281159003091,24589.38,18.886276
1362.2295047678126,24637.264,18.896786
1362.2308936353152,24607.371,18.889273
1362.2322825028182,24631.455,18.896763
1362.2336713703207,24629.186,18.890738
1362.2350602377655,24636.06,18.894106
1362.236449105269,24570.77,18.881783
1362.2378379727725,24644.744,18.894938
1362.239226840276,24643.19,18.894773
1362.240615707779,24630.62,18.891884
1362.2420045752228,24617.549,18.889753
1362.2433934427263,24588.736,18.875269
1362.2447823102298,24661.838,18.904686
1362.2461711777332,24620.594,18.88699
1362.2475600452358,24623.613,18.894596
1362.2489489126797,24642.875,18.896952
1362.2503377801831,24639.979,18.89387
1362.2517266476866,24608.54,18.891052
1362.2531155151896,24600.127,18.885714
1362.254504382693,24621.035,18.892998
1362.2558932501374,24647.924,18.906876
1362.2572821176404,24625.424,18.887484
1362.258670985144,24611.354,18.88655
1362.2600598526465,24639.367,18.8936
1362.2614487200917,24625.703,18.889574
1362.2628375875947,24622.176,18.887121
1362.2642264550973,24633.812,18.904545
1362.2656153225425,24593.318,18.876976
1362.2670041900456,24630.14,18.892588
1362.268393057549,24653.232,18.901375
1362.2697819250525,24626.814,18.896639
1362.2711707924964,24613.416,18.889793
1362.2725596599994,24590.836,18.88447
1362.2739485275029,24627.201,18.894812
1362.275337394948,24638.771,18.890478
1362.2767262624516,24630.37,18.890488
1362.2781151299537,24641.021,18.899054
1362.279503997398,24643.148,18.903597
1362.2808928649015,24628.582,18.88969
1362.282281732405,24633.861,18.893457
1362.2836705998502,24572.184,18.882591
1362.2850594673523,24615.908,18.90498
1362.2864483348553,24621.625,18.889568
1362.2878372023006,24626.592,18.886969
1362.2892260698031,24623.635,18.89732
1362.2906149372484,24640.709,18.89473
1362.2920038047519,24649.477,18.897694
1362.2933926722549,24637.406,18.896849
1362.2947815396992,24616.135,18.887777
1362.2961704072022,24631.75,18.894846
1362.2975592746475,24650.059,18.90211
1362.298948142151,24637.059,18.892054
1362.300337009654,24627.455,18.891157
1362.3017258770983,24615.846,18.889776
1362.3031147446013,24605.098,18.894495
1362.3045036120466,24618.285,18.889193
1362.30589247955,24630.402,18.902449
1362.3072813469944,24636.992,18.89267
1362.3086702144974,24606.957,18.876472
1362.3100590819417,24638.143,18.889027
1362.3114479494452,24635.154,18.88563
1362.3128368169487,24611.041,18.8907
1362.3142256843935,24641.14,18.900608
1362.315614551896,24637.97,18.901691
1362.3170034193408,24630.684,18.893068
1362.3183922868434,24598.383,18.899693
1362.3197811542886,24643.72,18.90249
1362.321170021792,24613.957,18.88799
1362.322558889237,24614.049,18.89976
1362.3239477567395,24601.367,18.886538
1362.3253366241843,24604.053,18.889269
1362.3267254916877,24617.805,18.88616
1362.328114359133,24633.693,18.89095
1362.3295032265783,24622.498,18.889963
1362.3308920940813,24633.354,18.899258
1362.3322809615252,24627.361,18.892775
1362.3336698290286,24624.107,18.890543
1362.3350586964739,24595.553,18.892845
1362.3364475639764,24633.87,18.891233
1362.3378364314212,24632.29,18.883135
1362.3392252989238,24635.87,18.896248
1362.340614166369,24649.016,18.896652
1362.3420030338143,24615.066,18.88956
1362.3433919013173,24644.69,18.891424
1362.3447807687626,24623.604,18.893887
1362.3461696362651,24604.01,18.891747
1362.34755850371,24623.498,18.893883
1362.3489473711552,24641.9,18.893654
1362.3503362386577,24649.045,18.900585
1362.351725106103,24619.34,18.88585
1362.3531139735478,24601.63,18.88591
1362.35450284105,24631.008,18.88938
1362.3558917084952,24671.709,18.90391
1362.3572805759986,24638.83,18.895258
1362.358669443444,24640.357,18.897297
1362.3600583108891,24621.322,18.890942
1362.3614471783912,24633.184,18.89971
1362.362836045836,24634.072,18.890223
1362.3642249132813,24615.438,18.887558
1362.3656137807848,24626.746,18.890493
1362.36700264823,24598.99,18.887491
1362.368391515674,24619.943,18.897438
1362.3697803831183,24624.975,18.895256
1362.3711692506217,24621.934,18.88568
1362.3725581180665,24598.9,18.892141
1362.3739469855118,24622.932,18.89212
1362.3753358530143,24652.352,18.899982
1362.3767247204592,24589.64,18.894049
1362.3781135879044,24636.537,18.892178
1362.3795024553488,24614.768,18.891302
1362.3808913228522,24632.4,18.888708
1362.3822801902975,24638.033,18.889864
1362.3836690577423,24622.55,18.89065
1362.385057925187,24615.922,18.885115
1362.3864467926896,24626.33,18.892775
1362.387835660135,24604.719,18.887527
1362.3892245275802,24607.85,18.886906
1362.390613395024,24605.818,18.886784
1362.3920022624688,24650.852,18.90635
1362.3933911299723,24648.998,18.904398
1362.3947799974176,24636.15,18.901379
1362.3961688648628,24644.781,18.894083
1362.3975577323072,24628.7,18.894777
1362.398946599752,24588.736,18.882832
1362.4003354672545,24622.18,18.88861
1362.4017243346998,24631.113,18.901985
1362.403113202145,24626.242,18.896814
1362.4045020695899,24625.258,18.894838
1362.4058909370342,24631.852,18.894197
1362.407279804479,24641.13,18.894882
1362.4086686719816,24629.28,18.892582
1362.4100575394268,24608.686,18.89021
1362.411446406872,24637.188,18.902079
1362.4128352743176,24634.92,18.895197
1362.4142241417621,24648.56,18.901516
1362.415613009206,24649.986,18.899199
1362.4170018766513,24620.13,18.889624
1362.4183907440965,24617.99,18.887098
1362.4197796115418,24642.967,18.901016
1362.4211684789866,24619.283,18.886843
1362.4225573464887,24617.477,18.888083
1362.423946213934,24609.604,18.891645
1362.4253350813792,24598.781,18.897436
1362.4267239488236,24615.223,18.887724
1362.4281128162684,24631.264,18.897308
1362.4295016837127,24597.604,18.88269
1362.430890551158,24649.611,18.899502
1362.4322794186032,24606.877,18.881414
1362.4350571534933,24640.732,18.901659
1362.4364460209376,24615.61,18.885008
1362.4378348883824,24628.93,18.887749
1362.4392237558277,24635.982,18.902742
1362.440612623272,24641.371,18.896828
1362.4420014907175,24620.281,18.895458
1362.443390358162,24654.504,18.898294
1362.444779225606,24624.195,18.885859
1362.4461680930513,24618.422,18.894201
1362.4475569604965,24644.25,18.899565
1362.4489458279418,24624.828,18.890854
1362.450334695387,24645.887,18.89899
1362.451723562831,24623.041,18.89341
1362.4531124302757,24640.434,18.898811
1362.454501297721,24659.451,18.897198
1362.455890165108,24638.04,18.900946
1362.4572790325533,24641.943,18.896538
1362.4586678999972,24637.621,18.903587
1362.4600567674415,24640.797,18.899149
1362.4614456348868,24626.67,18.898006
1362.4628345023316,24594.738,18.88205
1362.4642233697768,24607.154,18.888124
1362.465612237222,24595.287,18.885431
1362.4670011046665,24632.332,18.895239
1362.4683899721113,24627.592,18.887932
1362.4697788394974,24633.06,18.898169
1362.4711677069429,24595.35,18.892227
1362.4725565743884,24650.098,18.900345
1362.4739454418327,24605.975,18.882353
1362.4753343092775,24605.31,18.880909
1362.4767231767219,24648.18,18.892088
1362.478112044109,24648.906,18.912094
1362.4795009115542,24600.54,18.884953
1362.480889778998,24634.617,18.896227
1362.4822786464429,24630.303,18.893852
1362.4836675138881,24643.385,18.897186
1362.4850563813334,24624.568,18.896639
1362.4864452487204,24615.945,18.89061
1362.4878341161648,24591.09,18.884731
1362.4892229836096,24590.559,18.889008
1362.490611851054,24622.2,18.888739
1362.492000718441,24618.438,18.890442
1362.4933895858862,24600.424,18.893032
1362.494778453331,24618.1,18.887646
1362.4961673207754,24626.04,18.89419
1362.497556188162,24618.389,18.897213
1362.4989450556063,24624.305,18.885384
1362.5003339230518,24646.861,18.900602
1362.5017227904973,24610.527,18.889042
1362.5031116578843,24607.61,18.891417
1362.5045005253287,24662.332,18.914963
1362.5058893927726,24612.844,18.892775
1362.5072782601596,24603.188,18.880827
1362.508667127605,24649.129,18.900036
1362.5100559950502,24629.36,18.898396
1362.5114448624367,24587.053,18.881191
1362.5128337298806,24659.465,18.905746
1362.514222597326,24619.197,18.898018
1362.515611464713,24618.303,18.892141
1362.5170003321573,24614.88,18.903557
1362.5183891996026,24625.41,18.893332
1362.5197780669891,24639.39,18.901798
1362.5211669344335,24650.334,18.905867
1362.5225558018788,24619.734,18.888508
1362.5239446692653,24623.393,18.89638
1362.5253335367106,24640.062,18.893494
1362.526722404155,24626.033,18.895601
1362.5281112715415,24599.71,18.879223
1362.5295001389868,24640.762,18.901434
1362.5308890063734,24635.895,18.89483
1362.5322778738187,24630.818,18.902817
1362.5336667412057,24608.361,18.898878
1362.5350556086496,24651.492,18.898201
1362.536444476094,24633.697,18.894249
1362.537833343481,24608.67,18.891842
1362.5392222109263,24635.32,18.893518
1362.5406110783133,24605.773,18.889668
1362.5419999457572,24611.469,18.887724
1362.5433888131438,24634.195,18.902348
1362.544777680589,24641.521,18.895027
1362.546166547976,24654.258,18.900051
1362.5475554154214,24623.195,18.893995
1362.548944282807,24650.37,18.912834
1362.5503331502514,24627.047,18.894085
1362.5517220176384,24628.525,18.893469
1362.5531108850832,24638.504,18.90815
1362.5544997524703,24600.252,18.892017
1362.5558886199155,24638.5,18.895964
1362.5572774873017,24629.377,18.893965
1362.5586663547465,24623.58,18.892817
1362.560055222133,24646.514,18.898232
1362.5614440895783,24591.459,18.884838
1362.5628329569654,24610.377,18.899757
1362.5642218244097,24613.633,18.890305
1362.5656106917963,24623.238,18.901258
1362.5669995591825,24638.219,18.890999
1362.5683884266277,24642.902,18.900105
1362.5697772940148,24611.014,18.88787
1362.5711661614596,24645.223,18.891886
1362.5725550288457,24648.727,18.90116
1362.5739438962323,24646.07,18.897923
1362.5753327636776,24611.133,18.888382
1362.5767216310646,24631.55,18.895403
1362.578110498509,24630.004,18.894966
1362.5794993658956,24653.893,18.895561
1362.5808882332817,24617.787,18.894083
1362.582277100727,24621.504,18.891039
1362.583665968114,24609.436,18.884008
1362.5850548355006,24624.027,18.888533
1362.5864437029459,24612.45,18.890528
1362.5878325703325,24617.621,18.895948
1362.5892214377182,24629.52,18.891537
1362.5906103051634,24636.895,18.902668
1362.5919991725505,24628.938,18.889421
1362.5933880399375,24649.422,18.904308
1362.5947769073236,24653.957,18.907776
1362.5961657747675,24653.625,18.912893
1362.5975546421546,24623.445,18.896338
1362.5989435095416,24643.934,18.892359
1362.600332376987,24612.652,18.884012
1362.601721244374,24630.18,18.891357
1362.6031101117596,24591.598,18.88973
1362.6044989791462,24634.604,18.88969
1362.6058878465915,24619.062,18.893187
1362.6072767139776,24637.293,18.89978
1362.6086655813647,24589.8,18.885548
1362.6100544487513,24645.85,18.912153
1362.6114433161374,24612.908,18.891674
1362.6128321835827,24602.965,18.88772
1362.6142210509693,24634.146,18.901651
1362.6156099183563,24615.525,18.886086
1362.6169987857434,24629.9,18.893442
1362.618387653129,24634.957,18.898664
1362.6197765205739,24635.518,18.895756
1362.621165387961,24646.535,18.89721
1362.622554255348,24626.676,18.894064
1362.623943122735,24599.318,18.879461
1362.6253319901207,24630.656,18.89399
1362.6267208575068,24600.9,18.89009
1362.6281097248939,24634.084,18.894835
1362.6294985923391,24655.846,18.90111
1362.6308874597262,24630.771,18.893429
1362.6322763271119,24641.627,18.901682
1362.6336651944985,24630.95,18.889446
1362.6350540618855,24655.09,18.90396
1362.6364429292717,24647.086,18.905045
1362.6378317966587,24631.225,18.891949
1362.6392206640458,24628.385,18.888744
1362.6406095314323,24624.764,18.884808
1362.6419983988185,24622.227,18.890125
1362.643387266205,24638.916,18.897774
1362.6447761335921,24613.48,18.889301
1362.6461650009792,24626.76,18.891045
1362.6475538683658,24622.191,18.899754
1362.6489427358101,24637.29,18.898283
1362.6503316031967,24641.646,18.893478
1362.6517204705838,24629.598,18.887886
1362.6531093379708,24630.477,18.897476
1362.654498205357,24630.182,18.90139
1362.6558870727436,24661.91,18.90567
1362.6572759401297,24632.06,18.889454
1362.6586648075167,24642.705,18.90021
1362.6600536748456,24647.75,18.895037
1362.6614425422322,24601.396,18.88849
1362.6628314096183,24637.674,18.902895
1362.664220277005,24600.49,18.882963
1362.665609144392,24626.223,18.888975
1362.666998011779,24680.262,18.903841
1362.6683868791652,24611.463,18.890137
1362.6697757465522,24628.04,18.897661
1362.6711646139388,24646.672,18.905045
1362.6725534813245,24610.785,18.89266
1362.6739423487115,24634.354,18.89653
1362.6753312160986,24617.504,18.888868
1362.6767200834856,24626.82,18.894567
1362.678108950814,24650.24,18.897821
1362.6794978181997,24638.514,18.897177
1362.6808866855868,24641.625,18.899584
1362.6822755529738,24648.996,18.897024
1362.6836644203609,24620.758,18.890205
1362.685053287748,24641.53,18.8976
1362.6864421551336,24606.482,18.894566
1362.6878310224615,24622.293,18.900349
1362.6892198898486,24634.39,18.895216
1362.6906087572352,24597.344,18.880104
1362.6919976246222,24607.305,18.891115
1362.6933864920084,24687.324,18.910463
1362.694775359395,24641.738,18.89225
1362.6961642267238,24586.71,18.889381
1362.69755309411,24629.621,18.90092
1362.698941961497,24642.549,18.896168
1362.700330828884,24600.986,18.887306
1362.7017196962124,24612.63,18.893164
1362.7031085635986,24641.271,18.902447
1362.7044974309852,24647.453,18.898083
1362.7058862983722,24633.945,18.89926
1362.707275165701,24630.03,18.891024
1362.7086640330867,24640.13,18.895287
1362.7100529004733,24607.033,18.892923
1362.7114417678604,24649.008,18.896519
1362.7128306351892,24615.648,18.894016
1362.7142195025763,24632.129,18.902374
1362.7156083699624,24627.914,18.890257
1362.7169972372908,24645.812,18.890797
1362.718386104677,24618.418,18.900324
1362.719774972064,24606.576,18.882769
1362.7211638393928,24592.219,18.884901
1362.7225527067794,24624.059,18.885857
1362.7239415741656,24594.197,18.882498
1362.725330441494,24623.766,18.888607
1362.72671930888,24577.389,18.882717
1362.7281081762671,24585.613,18.877937
1362.729497043596,24602.814,18.893585
1362.7308859109833,24574.4,18.875504
1362.7322747783114,24613.729,18.89072
1362.733663645697,24590.68,18.880268
1362.7350525130842,24549.771,18.873512
1362.736441380413,24590.375,18.884
1362.7378302478,24604.36,18.887144
1362.7392191151284,24604.94,18.886086
1362.7406079825141,24591.39,18.88399
1362.741996849843,24582.592,18.882431
1362.74338571723,24612.332,18.886482
1362.744774584558,24576.447,18.878565
1362.7461634519445,24610.262,18.889196
1362.7475523193307,24597.346,18.884525
1362.7489411866595,24595.299,18.87885
1362.7503300540466,24591.38,18.880531
1362.751718921375,24618.082,18.888245
1362.753107788762,24619.799,18.893946
1362.75449665609,24648.945,18.897219
1362.7558855234765,24600.857,18.883083
1362.7572743908054,24657.799,18.912912
1362.7586632581333,24634.438,18.900675
1362.7600521255206,24636.121,18.90143
1362.7614409928487,24643.879,18.89791
1362.7628298602344,24608.951,18.895967
1362.7642187275633,24595.674,18.880768
1362.7656075949503,24606.742,18.884283
1362.7669964622792,24648.21,18.896324
1362.7683853296662,24605.242,18.887375
1362.7697741969937,24650.127,18.901442
1362.771163064322,24666.807,18.90299
1362.7725519317091,24631.393,18.898586
1362.773940799038,24620.465,18.897896
1362.7753296663668,24636.322,18.899694
1362.7767185337525,24652.352,18.902315
1362.7781074010804,24630.314,18.899305
1362.7794962684675,24635.908,18.900507
1362.7808851357959,24620.965,18.893026
1362.7822740031247,24631.066,18.902023
1362.7836628705118,24630.137,18.893644
1362.7850517378397,24627.285,18.898985
1362.786440605168,24662.934,18.903254
1362.7878294725542,24640.67,18.897512
1362.789218339883,24626.396,18.894623
1362.7906072072121,24622.285,18.894575
1362.7919960745403,24644.547,18.896355
1362.793384941927,24649.623,18.89323
1362.7947738092548,24611.385,18.889547
1362.7961626765837,24648.11,18.907888
1362.7975515439707,24656.242,18.900011
1362.798940411299,24608.139,18.894087
1362.800329278627,24608.29,18.878536
1362.8017181459554,24628.965,18.896873
1362.8031070132843,24649.66,18.900892
1362.8044958806713,24647.664,18.909914
1362.8058847479992,24630.982,18.892538
1362.8072736153276,24627.283,18.89738
1362.8086624826556,24641.719,18.908415
1362.8100513500426,24639.58,18.902174
1362.8114402173715,24598.012,18.883484
1362.8128290846998,24662.24,18.903294
1362.8142179520287,24627.953,18.89187
1362.8156068193566,24624.422,18.891054
1362.816995686684,24644.154,18.904928
1362.8183845540711,24622.27,18.896923
1362.8197734214002,24645.518,18.8996
1362.8211622887293,24632.275,18.905071
1362.8225511560572,24613.78,18.892641
1362.8239400233847,24632.35,18.899696
1362.8253288907135,24613.28,18.893923
1362.8267177580424,24607.023,18.887142
1362.8281066253712,24624.324,18.895535
1362.8294954927,24654.11,18.902937
1362.8308843600275,24649.627,18.910568
1362.8322732274141,24595.396,18.886782
1362.833662094743,24662.014,18.900425
1362.835050962071,24630.613,18.901869
1362.8364398293998,24603.83,18.888912
1362.8378286967281,24666.71,18.909544
1362.839217564056,24639.838,18.895145
1362.840606431385,24630.9,18.894901
1362.8419952987133,24654.97,18.908289
1362.8433841660421,24625.014,18.896828
1362.844773033371,24634.824,18.907179
1362.846161900699,24579.467,18.893839
1362.8475507680273,24644.137,18.912203
1362.8489396353555,24619.334,18.89274
1362.8503285026845,24610.465,18.90047
1362.8517173700134,24626.873,18.88813
1362.8531062373409,24632.713,18.900705
1362.8544951046688,24653.494,18.900652
1362.8558839719976,24629.498,18.895142
1362.8572728392683,24605.842,18.89508
1362.858661706597,24620.287,18.898968
1362.8600505739255,24642.863,18.901098
1362.8614394412534,24612.553,18.89358
1362.8628283085818,24600.297,18.894878
1362.8642171759107,24608.354,18.89129
1362.8669949105674,24581.533,18.884964
1362.8683837778958,24616.477,18.895708
1362.8697726452237,24629.92,18.894915
1362.871161512494,24635.127,18.90152
1362.8725503798228,24653.707,18.901579
1362.8739392471516,24649.59,18.905653
1362.8753281144805,24626.947,18.897526
1362.8767169818084,24597.742,18.887476
1362.8781058491359,24631.139,18.902134
1362.8794947164067,24627.22,18.902426
1362.8808835837358,24650.559,18.894659
1362.8822724510637,24630.486,18.902878
1362.8836613183921,24599.174,18.888245
1362.8850501856618,24610.96,18.896715
1362.8864390529907,24604.764,18.891537
1362.8878279203195,24606.12,18.89305
1362.889216787648,24606.658,18.893663
1362.8906056549768,24623.387,18.895292
1362.8919945222465,24644.834,18.900429
1362.8933833895749,24614.479,18.89242
1362.8947722569037,24611.447,18.889517
1362.8961611241734,24637.389,18.909979
1362.8975499915023,24625.387,18.899723
1362.8989388588307,24607.787,18.891693
1362.9003277261581,24609.7,18.887705
1362.9017165934288,24613.34,18.905872
1362.9031054607576,24660.932,18.914677
1362.9044943280865,24634.691,18.900848
1362.905883195357,24645.867,18.901157
1362.9100497972836,24642.84,18.901678
1362.9114386646124,24642.14,18.897846
1362.912827531883,24673.314,18.911575
1362.9142163992105,24635.328,18.902067
1362.9156052665385,24627.443,18.896694
1362.916994133809,24635.074,18.893297
1362.9183830011375,24646.988,18.905962
1362.9197718684081,24638.146,18.902607
1362.921160735737,24614.076,18.900253
1362.9225496030067,24660.535,18.910051
1362.923938470335,24615.77,18.894762
1362.925327337663,24634.896,18.895315
1362.9267162049337,24630.05,18.90428
1362.9281050722625,24583.541,18.890776
1362.9294939395327,24605.318,18.892464
1362.9308828068606,24642.158,18.905191
1362.9322716741308,24615.393,18.890682
1362.9336605414596,24652.22,18.908646
1362.9350494087303,24605.543,18.88502
1362.9364382760587,24631.46,18.89712
1362.9378271433284,24635.162,18.894175
1362.9392160106568,24626.41,18.896591
1362.9406048779274,24648.992,18.905865
1362.941993745198,24619.955,18.898048
1362.9447714797961,24645.928,18.896507
1362.946160347124,24618.54,18.893255
1362.9475492143947,24655.152,18.907616
1362.9489380817236,24589.74,18.894398
1362.9503269489937,24648.621,18.900152
1362.9517158162644,24626.902,18.903254
1362.9531046835923,24624.768,18.898224
1362.9544935508616,24647.002,18.903597
1362.9558824181322,24603.998,18.890728
1362.957271285461,24627.314,18.899918
1362.9586601527317,24643.236,18.904776
1362.96004902006,24618.14,18.897604
1362.9614378873293,24642.566,18.904106
1362.9628267546,24637.182,18.903131
1362.9642156219288,24631.54,18.904026
1362.9656044891994,24617.967,18.901005
1362.96699335647,24626.79,18.89562
1362.9683822237394,24652.744,18.902676
1362.9697710910677,24606.867,18.901638
1362.9711599583384,24623.682,18.901262
1362.972548825608,24622.375,18.898287
1362.9739376928787,24637.908,18.904259
1362.9753265602071,24633.799,18.89817
1362.9767154274768,24639.637,18.902523
1362.9781042947475,24611.53,18.895489
1362.9794931620177,24615.002,18.88878
1362.9808820293465,24628.268,18.900726
1362.9822708966171,24607.61,18.897453
1362.9836597638869,24630.49,18.899733
1362.985048631157,24629.916,18.896158
1362.9864374984268,24645.262,18.907722
1362.9878263657556,24655.945,18.90012
1362.9892152330262,24665.344,18.910807
1362.9906041002955,24649.832,18.902697
1362.9919929675657,24603.914,18.89323
1362.9933818348363,24627.285,18.893833
1362.994770702107,24610.416,18.886948
1362.9961595694358,24629.719,18.901468
1362.997548436706,24612.65,18.890436
1362.9989373039757,24629.219,18.907686
1363.000326171246,24621.457,18.893217
1363.0017150385165,24624.664,18.897905
1363.0031039057872,24640.604,18.896221
1363.0044927730569,24623.455,18.906202
1363.005881640327,24616.758,18.897556
1363.0072705075968,24647.572,18.902536
1363.008659374867,24634.203,18.902534
1363.0100482421376,24611.635,18.894712
1363.0114371094082,24633.664,18.899311
1363.0128259766789,24638.418,18.900553
1363.0142148439486,24639.275,18.902727
1363.0156037112179,24595.342,18.885931
1363.0169925784885,24627.846,18.900414
1363.0183814457591,24627.584,18.905188
1363.0197703130298,24662.523,18.908089
1363.0211591803,24649.736,18.901659
1363.0225480475692,24622.082,18.897457
1363.0239369148399,24646.797,18.90073
1363.0253257821105,24603.611,18.89253
1363.0267146493807,24681.197,18.912374
1363.0281035166513,24628.883,18.891232
1363.029492383921,24613.582,18.896786
1363.0308812511912,24631.568,18.897848
1363.0322701184618,24641.328,18.903837
1363.0336589857316,24605.752,18.897457
1363.0350478530022,24652.225,18.905087
1363.0364367202142,24647.33,18.906008
1363.037825587484,24607.21,18.888678
1363.0392144547545,24697.252,18.922861
1363.0406033220247,24631.682,18.908546
1363.0419921892953,24620.996,18.903053
1363.043381056566,24617.902,18.900917
1363.0447699238352,24638.508,18.90249
1363.0461587910468,24615.996,18.90206
1363.0475476583174,24645.266,18.904053
1363.048936525588,24602.52,18.891144
1363.0503253928587,24633.371,18.892515
1363.051714260128,24643.35,18.90264
1363.05310312734,24636.523,18.90261
1363.0544919946105,24634.832,18.906624
1363.0558808618812,24623.854,18.89767
1363.0572697291518,24639.844,18.90393
1363.0586585963638,24634.475,18.899078
1363.0600474636335,24626.656,18.894686
1363.0614363309037,24621.305,18.892094
1363.0628251981734,24633.535,18.89992
1363.0642140653858,24650.514,18.913244
1363.0656029326565,24630.527,18.89199
1363.0669917999267,24631.918,18.9028
1363.0683806671382,24600.158,18.88833
1363.0697695344084,24611.922,18.893305
1363.071158401679,24599.287,18.890667
1363.0725472688914,24636.54,18.898888
1363.073936136162,24639.44,18.903728
1363.0753250034318,24620.531,18.903316
1363.0767138706428,24638.867,18.901756
1363.0781027379135,24623.666,18.900328
1363.079491605126,24605.346,18.901098
1363.080880472396,24629.154,18.892635
1363.0822693396663,24629.23,18.900648
1363.0836582068778,24628.367,18.90179
1363.0850470741484,24594.426,18.890757
1363.0864359413608,24642.361,18.904434
1363.087824808631,24632.125,18.904957
1363.0892136758434,24640.994,18.900778
1363.0906025431132,24639.29,18.899622
1363.0919914103833,24648.355,18.908722
1363.0933802775958,24620.639,18.9023
1363.0947691448655,24638.586,18.909092
1363.096158012078,24626.932,18.897045
1363.0975468793486,24632.047,18.905748
1363.0989357465596,24632.918,18.905624
1363.1003246138298,24628.408,18.907656
1363.1017134810422,24628.465,18.897995
1363.1031023483129,24590.914,18.89166
1363.1044912155253,24614.686,18.893167
1363.1058800827363,24614.508,18.903008
1363.107268950006,24635.998,18.907484
1363.1086578172185,24623.156,18.908081
1363.1100466844894,24647.658,18.90511
1363.111435551702,24615.64,18.899456
1363.1128244189135,24635.438,18.899158
1363.1142132861837,24668.045,18.913612
1363.1156021533952,24611.205,18.900993
1363.1169910206654,24646.95,18.899591
1363.1183798878778,24662.94,18.920326
1363.1197687550903,24609.572,18.898396
1363.12115762236,24622.012,18.899601
1363.122546489572,24638.908,18.89425
1363.1239353567835,24599.926,18.890884
1363.125324224054,24617.924,18.895378
1363.1267130912665,24618.885,18.901064
1363.128101958479,24613.912,18.890545
1363.1294908257491,24610.992,18.907412
1363.1308796929602,24634.63,18.90021
1363.1322685601726,24632.455,18.898829
1363.133657427385,24602.283,18.889065
1363.1350462946548,24630.277,18.89235
1363.1364351618668,24617.656,18.901745
1363.1378240290783,24635.088,18.904615
1363.139212896291,24624.074,18.89946
1363.1406017635618,24613.215,18.902775
1363.1419906307733,24634.283,18.908833
1363.1433794979857,24641.018,18.90588
1363.1447683651977,24618.688,18.895342
1363.1461572324092,24632.814,18.902004
1363.1475460996799,24652.914,18.908493
1363.1489349668918,24635.355,18.903593
1363.1503238341043,24658.55,18.914091
1363.1517127013158,24615.385,18.90217
1363.1531015685268,24639.533,18.904228
1363.1544904357393,24615.55,18.900827
1363.1558793029517,24629.432,18.90303
1363.1572681701641,24636.838,18.915009
1363.1586570374348,24608.998,18.901423
1363.1600459046458,24611.451,18.895
1363.1614347718578,24640.746,18.91231
1363.1628236390702,24632.594,18.896341
1363.1642125062826,24651.271,18.913502
1363.165601373495,24631.818,18.901379
1363.1669902407061,24658.281,18.904703
1363.1683791079179,24657.715,18.909243
1363.1697679751305,24622.605,18.89457
1363.171156842342,24634.639,18.896893
1363.1725457095545,24638.545,18.897108
1363.173934576767,24620.941,18.90005
1363.1753234439789,24639.842,18.90297
1363.1767123111904,24657.7,18.911818
1363.1781011784024,24641.8,18.905313
1363.1794900456148,24623.443,18.890575
1363.1808789128272,24633.023,18.90482
1363.1822677800383,24640.793,18.907505
1363.1836566472498,24626.416,18.894047
1363.1850455144622,24620.26,18.897158
1363.1864343816746,24635.55,18.898226
1363.187823248887,24645.06,18.90191
1363.1892121160408,24623.406,18.89735
1363.1906009832524,24635.238,18.904335
1363.1919898504643,24644.121,18.909836
1363.1933787176768,24636.822,18.896507
1363.1947675848892,24624.324,18.894634
1363.196156452101,24587.164,18.883501
1363.1975453193127,24633.596,18.903112
1363.1989341864664,24634.367,18.905037
1363.200323053678,24654.113,18.90782
1363.2017119208904,24625.746,18.905535
1363.2031007881028,24642.195,18.901937
1363.2044896553152,24657.654,18.91408
1363.205878522469,24611.664,18.894508
1363.20726738968,24661.467,18.912891
1363.2086562568925,24611.871,18.901691
1363.210045124105,24633.55,18.906828
1363.2114339912591,24622.912,18.909395
1363.2128228584716,24610.422,18.901905
1363.2142117256826,24618.107,18.89421
1363.2156005928941,24626.83,18.896631
1363.2169894600484,24665.3,18.904154
1363.2183783272603,24657.857,18.907776
1363.2197671944728,24623.367,18.896109
1363.221156061626,24632.95,18.900078
1363.222544928838,24595.803,18.886307
1363.2239337960505,24652.24,18.899744
1363.2253226632038,24632.137,18.901625
1363.2267115304164,24625.104,18.891102
1363.228100397629,24648.412,18.899817
1363.2294892647824,24605.893,18.892988
1363.2308781319944,24632.928,18.899132
1363.2322669992059,24620.373,18.901001
1363.23365586636,24580.24,18.884748
1363.2350447335725,24620.342,18.898846
1363.2364336007254,24618.09,18.886358
1363.2378224679373,24593.574,18.890755
1363.2392113350916,24626.717,18.890764
1363.240600202304,24622.988,18.89133
1363.2419890694582,24635.443,18.905828
1363.2433779366697,24619.379,18.904902
1363.2447668038235,24589.799,18.889683
1363.246155671035,24617.695,18.893297
1363.2475445382474,24654.893,18.907463
1363.2489334054017,24618.758,18.897257
1363.2503222725554,24626.178,18.899189
1363.251711139767,24613.889,18.889671
1363.2531000069207,24623.49,18.902262
1363.2544888741322,24651.979,18.903357
1363.2558777412867,24645.77,18.903063
1363.2572666084993,24650.506,18.906733
1363.2586554756535,24618.098,18.892366
1363.260044342865,24642.133,18.900616
1363.261433210018,24615.232,18.892124
1363.2628220771721,24612.826,18.89549
1363.2642109443846,24644.76,18.898127
1363.2655998115388,24612.895,18.888666
1363.2669886786925,24620.477,18.893988
1363.2683775459036,24639.6,18.897549
1363.2697664130578,24680.732,18.918074
1363.271155280212,24611.498,18.892008
1363.2725441474236,24625.4,18.895649
1363.2739330145778,24617.627,18.90315
1363.2753218817315,24645.73,18.902126
1363.276710748943,24622.514,18.894024
1363.2780996160973,24612.877,18.89212
1363.279488483251,24648.283,18.907309
1363.2808773504635,24610.332,18.889147
1363.2822662176168,24629.709,18.893198
1363.2836550847705,24633.99,18.904367
1363.2850439519248,24621.822,18.894367
1363.2864328190785,24676.367,18.906597
1363.287821686291,24627.498,18.896008
1363.2892105534452,24652.094,18.904894
1363.290599420598,24647.893,18.911722
1363.2919882877513,24649.764,18.897907
1363.2933771549056,24622.701,18.893993
1363.294766022118,24613.643,18.893263
1363.2961548892722,24626.918,18.895271
1363.297543756426,24631.123,18.900112
1363.2989326235793,24652.922,18.901102
1363.300321490733,24631.578,18.899706
1363.3017103578873,24622.441,18.893957
1363.3030992250415,24627.57,18.897394
1363.3044880921948,24613.22,18.898296
1363.3058769594068,24627.639,18.893932
1363.30726582656,24629.68,18.898226
1363.3086546937138,24621.178,18.898428
1363.310043560868,24638.145,18.907284
1363.3114324280223,24642.295,18.902117
1363.3128212951765,24642.59,18.898268
1363.3142101623303,24658.307,18.905941
1363.315599029483,24608.447,18.885489
1363.3169878966373,24630.766,18.892164
1363.3183767637915,24638.658,18.892717
1363.3197656309458,24614.783,18.900702
1363.321154498099,24644.957,18.90728
1363.322543365252,24652.215,18.914425
1363.3239322324062,24620.139,18.899946
1363.3253210995604,24627.496,18.904871
1363.3267099667141,24655.197,18.901073
1363.3280988338684,24646.768,18.905697
1363.3294877010217,24618.361,18.890205
1363.3308765681172,24657.057,18.903397
1363.3322654352714,24639.857,18.8968
1363.3336543024247,24671.13,18.908972
1363.335043169579,24621.764,18.902916
1363.3364320367327,24650.76,18.897242
1363.337820903886,24625.629,18.89895
1363.3392097710403,24623.977,18.89564
1363.3405986381358,24617.02,18.885479
1363.34198750529,24606.63,18.896877
1363.3433763724443,24632.254,18.891733
1363.344765239597,24634.107,18.894062
1363.3461541067509,24656.098,18.909681
1363.3475429738469,24647.367,18.911497
1363.348931841001,24664.73,18.912138
1363.3503207081553,24624.902,18.896284
1363.3517095753082,24637.139,18.898445
1363.3530984424615,24627.691,18.891361
1363.3544873095575,24611.922,18.888998
1363.3558761767117,24632.88,18.898018
1363.357265043866,24609.146,18.889416
1363.3586539109615,24652.686,18.913193
1363.3600427781148,24589.004,18.884508
1363.3614316452686,24638.936,18.89418
1363.3628205123637,24643.586,18.898138
1363.364209379518,24641.854,18.89816
1363.365598246672,24646.168,18.901117
1363.3669871137681,24600.629,18.894552
1363.3683759809219,24623.234,18.895756
1363.3697648480747,24645.457,18.910992
1363.3711537151707,24626.979,18.895876
1363.372542582325,24620.31,18.895176
1363.373931449421,24634.225,18.891872
1363.3753203165747,24623.613,18.895302
1363.3767091837276,24646.322,18.901997
1363.3780980508236,24625.795,18.893106
1363.3794869179778,24636.076,18.892876
1363.380875785073,24615.92,18.889235
1363.3822646522271,24633.525,18.8929
1363.3836535193227,24638.006,18.896015
1363.385042386476,24654.275,18.904495
1363.386431253572,24613.488,18.889187
1363.3878201207258,24640.11,18.899971
1363.3892089878218,24625.836,18.892109
1363.390597854975,24655.523,18.911137
1363.3919867220707,24639.242,18.894371
1363.393375589225,24577.883,18.88287
1363.39476445632,24623.553,18.89974
1363.396153323416,24657.557,18.904411
1363.3975421905702,24607.176,18.889442
1363.3989310576649,24641.932,18.907763
1363.4003199248186,24637.406,18.895206
1363.4017087919146,24640.285,18.89498
1363.4030976590107,24658.629,18.907837
1363.4044865261649,24603.125,18.885817
1363.4058753932595,24612.82,18.88798
1363.407264260355,24660.11,18.90257
1363.4086531275093,24656.736,18.910046
1363.4100419946053,24627.084,18.892035
1363.4114308617013,24637.865,18.902685
1363.4128197288546,24628.65,18.898727
1363.4142085959502,24610.58,18.890854
1363.4155974630453,24614.965,18.886438
1363.416986330199,24679.598,18.912994
1363.418375197295,24633.523,18.899242
1363.419764064391,24619.865,18.890339
1363.421152931487,24607.47,18.895245
1363.4225417985822,24607.691,18.887821
1363.423930665735,24646.402,18.911179
1363.425319532831,24598.857,18.892986
1363.426708399927,24633.97,18.902164
1363.4280972670233,24655.58,18.899183
1363.4294861341186,24603.117,18.885557
1363.4308750012715,24617.043,18.89307
1363.4322638683675,24631.037,18.89802
1363.4336527354635,24616.143,18.896738
1363.435041602559,24591.488,18.890533
1363.436430469655,24606.389,18.891459
1363.4378193367502,24644.395,18.90019
1363.4392082038457,24621.1,18.89412
1363.4405970709417,24639.193,18.901617
1363.4419859380369,24594.594,18.88759
1363.443374805191,24638.46,18.89412
1363.4447636722866,24649.1,18.89845
1363.4461525393817,24657.287,18.908379
1363.4475414064777,24653.53,18.9058
1363.4489302735733,24633.705,18.894972
1363.4503191406693,24647.193,18.90944
1363.4517080077653,24655.387,18.903
1363.45309687486,24639.398,18.903404
1363.454485741955,24615.164,18.88995
1363.455874609051,24617.732,18.891928
1363.4572634761473,24609.428,18.886143
1363.4586523431853,24618.092,18.90253
1363.46004121028,24627.596,18.902567
1363.461430077375,24622.344,18.890469
1363.462818944471,24645.857,18.901579
1363.4642078115667,24645.879,18.900982
1363.4655966786627,24580.934,18.884745
1363.4669855457587,24641.666,18.907982
1363.4683744128538,24646.39,18.895823
1363.4697632799493,24628.412,18.89387
1363.4711521469862,24652.52,18.899223
1363.4725410140823,24653.824,18.898594
1363.4739298811783,24609.744,18.891659
1363.4753187482743,24623.604,18.897713
1363.4767076153698,24624.44,18.895563
1363.4780964824645,24636.084,18.899734
1363.4794853495023,24644.908,18.914251
1363.4808742165983,24625.25,18.899181
1363.4822630836934,24639.89,18.90766
1363.483651950789,24605.438,18.89665
1363.4850408178258,24610.057,18.891186
1363.486429684922,24629.299,18.90513
1363.4878185520183,24641.596,18.901611
1363.4892074190552,24630.246,18.90377
1363.4905962861512,24590.23,18.887478
1363.4919851532468,24628.53,18.899323
1363.493374020342,24625.928,18.90449
1363.4947628873797,24628.07,18.903227
1363.4961517544752,24620.201,18.893238
1363.497540621513,24588.598,18.893875
1363.4989294886082,24636.816,18.907455
1363.5003183557028,24656.916,18.908375
1363.5017072227406,24654.484,18.901312
1363.5030960898366,24643.469,18.899382
1363.5044849568744,24601.742,18.89082
1363.5058738239704,24613.453,18.89456
1363.507262691065,24652.781,18.904442
1363.5086515581024,24611.777,18.89117
1363.5100404251984,24641.848,18.906553
1363.5114292922362,24636.172,18.898495
1363.5128181593323,24627.277,18.898108
1363.5142070263687,24658.342,18.905695
1363.515595893464,24624.818,18.90012
1363.516984760502,24613.432,18.894741
1363.5183736275972,24633.922,18.903664
1363.519762494635,24609.316,18.900564
1363.521151361731,24617.094,18.907135
1363.5225402287683,24617.326,18.897282
1363.5239290958052,24620.352,18.903715
1363.5253179629008,24660.826,18.914694
1363.5267068299386,24627.207,18.89859
1363.5280956970346,24655.357,18.915033
1363.5294845640724,24620.568,18.904554
1363.5308734311093,24616.682,18.90169
1363.532262298204,24616.748,18.901047
1363.5336511652417,24639.318,18.900925
1363.5350400322795,24651.852,18.908321
1363.536428899375,24616.654,18.893442
1363.537817766412,24632.818,18.903893
1363.5392066334493,24639.557,18.900166
1363.5405955005454,24628.695,18.904726
1363.5419843675832,24617.584,18.89428
1363.54337323462,24611.89,18.886522
1363.5447621017163,24650.826,18.904648
1363.5461509687534,24623.188,18.893671
1363.5475398357908,24660.697,18.907612
1363.5489287028286,24598.633,18.896887
1363.5503175698655,24608.07,18.894392
1363.5517064369615,24636.713,18.899874
1363.5530953039988,24629.777,18.904428
1363.5544841710353,24636.592,18.902153
1363.555873038073,24642.307,18.8986
1363.5572619051109,24636.736,18.906857
1363.5586507721487,24643.568,18.907568
1363.5600396392447,24642.982,18.90413
1363.5614285062811,24592.652,18.889662
1363.562817373318,24614.805,18.892809
1363.5642062403558,24602.998,18.896015
1363.5655951073936,24581.16,18.891012
1363.5669839744314,24598.46,18.896606
1363.5683728414688,24572.518,18.893234
1363.5697617085057,24586.918,18.898165
1363.571150575543,24586.77,18.884504
1363.57253944258,24538.117,18.880564
1363.573928309618,24599.008,18.886568
1363.575317176656,24569.703,18.896013
1363.5767060436929,24587.74,18.88531
1363.5780949107302,24608.936,18.897655
1363.579483777767,24579.68,18.889149
1363.580872644805,24590.893,18.887594
1363.5822615118427,24619.062,18.90873
1363.5836503788805,24566.441,18.889101
1363.5850392459179,24577.205,18.88616
1363.5864281129543,24585.006,18.900127
1363.587816979992,24597.332,18.885098
1363.58920584703,24590.77,18.895134
1363.5905947140668,24585.568,18.887331
1363.591983581046,24650.035,18.902033
1363.5933724480828,24585.654,18.891949
1363.5947613151206,24577.162,18.88224
1363.5961501821585,24596.832,18.892626
1363.5975390491958,24583.705,18.890703
1363.5989279162336,24594.848,18.89996
1363.6003167832123,24584.71,18.884604
1363.6017056502496,24589.027,18.897984
1363.6030945172874,24602.367,18.898136
1363.6044833843248,24572.074,18.886549
1363.6058722513044,24569.855,18.887184
1363.6072611183422,24570.725,18.88568
1363.6086499853786,24610.135,18.900948
1363.6100388524155,24620.535,18.90502
1363.6114277193951,24602.646,18.88927
1363.612816586433,24611.43,18.900639
1363.6142054534707,24627.705,18.905537
1363.615594320449,24605.506,18.894539
1363.6169831874863,24633.27,18.910973
1363.6183720545241,24645.682,18.910616
1363.6197609215037,24630.193,18.904705
1363.6211497885415,24636.793,18.895262
1363.6225386555202,24620.13,18.906582
1363.6239275225576,24591.309,18.893196
1363.6253163895944,24608.752,18.901705
1363.6267052565736,24644.13,18.909666
1363.6280941236114,24617.99,18.897762
1363.629482990591,24636.818,18.917171
1363.630871857628,24642.943,18.905382
1363.6336495916444,24622.686,18.902687
1363.635038458624,24598.84,18.896646
1363.6364273256618,24646.2,18.90612
1363.6392050596783,24617.217,18.897547
1363.6405939266565,24617.54,18.907887
1363.6419827936943,24612.998,18.899412
1363.643371660674,24632.766,18.898222
1363.6447605277112,24671.281,18.91912
1363.6461493946908,24655.902,18.918966
1363.6475382616695,24670.396,18.922396
1363.6489271287069,24678.125,18.920038
1363.6558714636608,24656.16,18.914667
1363.6572603306986,24676.047,18.91236
1363.6586491976777,24648.025,18.905426
1363.6614269316951,24656.373,18.919594
1363.6628157986734,24644.807,18.910648
1363.66698239967,24661.012,18.901344
1363.6683712666495,24654.0,18.91973
1363.6697601336277,24652.885,18.900387
1363.6711490006064,24619.453,18.90071
1363.672537867586,24645.88,18.912949
1363.6739267346238,24649.023,18.900864
1363.6753156016034,24664.326,18.91316
1363.6767044685826,24628.375,18.899778
1363.6780933355612,24627.307,18.899805
1363.680871069519,24624.72,18.903559
1363.6836488034783,24637.818,18.913097
1363.6850376704579,24664.088,18.914022
1363.686426537437,24627.426,18.903154
1363.6878154044734,24613.488,18.904623
1363.689204271453,24617.877,18.897747
1363.6905931384326,24608.102,18.893394
1363.6933708723914,24637.861,18.912216
1363.6947597393696,24618.627,18.91125
1363.6961486063492,24635.643,18.908058
1363.6975374732706,24613.316,18.900568
1363.6989263402493,24640.225,18.90371
1363.7003152072289,24617.408,18.90889
1363.7030929411867,24633.926,18.910149
1363.7044818081663,24628.45,18.910309
1363.707259542125,24659.852,18.907568
1363.7086484091037,24609.53,18.899094
1363.7100372760829,24676.898,18.917086
1363.7114261430042,24634.256,18.908886
1363.712815009983,24617.748,18.90595
1363.7142038769625,24639.854,18.906971
1363.7155927439421,24627.086,18.905722
1363.7169816109204,24620.92,18.898346
1363.7183704778413,24640.926,18.91384
1363.719759344821,24655.305,18.907835
1363.7211482118005,24643.3,18.907217
1363.72253707878,24605.734,18.905838
1363.723925945701,24608.549,18.893957
1363.7253148126797,24628.658,18.907234
1363.7267036796588,24651.307,18.918278
1363.7280925465802,24628.928,18.9069
1363.7294814135598,24600.582,18.897657
1363.7308702805385,24640.146,18.90862
1363.7322591474594,24643.748,18.905317
1363.7336480144381,24669.652,18.914455
1363.7350368814173,24600.635,18.898163
1363.7364257483387,24616.861,18.901062
1363.7378146153183,24670.334,18.917603
1363.7392034822396,24638.984,18.903156
1363.7405923492183,24645.47,18.909542
1363.743370083118,24662.611,18.921062
1363.7447589500975,24627.473,18.904263
1363.7461478170185,24641.352,18.913225
1363.747536683998,24668.293,18.91565
1363.748925550919,24639.664,18.905333
1363.7503144178977,24670.008,18.917522
1363.751703284819,24615.125,18.90872
1363.75309215174,24629.791,18.916464
1363.7544810187196,24640.324,18.905043
1363.75586988564,24605.355,18.895298
1363.7572587526192,24614.732,18.90146
1363.7586476195406,24658.154,18.916552
1363.7600364865193,24613.379,18.902355
1363.7614253534407,24636.418,18.906422
1363.762814220362,24630.03,18.914427
1363.7642030873403,24653.8,18.914614
1363.7655919542613,24613.53,18.904205
1363.7669808211826,24646.225,18.914673
1363.7683696881622,24617.178,18.907774
1363.7697585550836,24629.61,18.912083
1363.7711474220037,24611.684,18.904955
1363.7725362889823,24619.416,18.899681
1363.7739251559037,24632.686,18.913708
1363.7753140228253,24650.18,18.919386
1363.776702889747,24617.648,18.9088
1363.7780917566674,24614.426,18.899778
1363.7794806236466,24628.09,18.906271
1363.780869490567,24616.377,18.914564
1363.782258357488,24623.295,18.9108
1363.7836472244094,24626.434,18.905178
1363.7850360913308,24621.002,18.90989
1363.7864249583104,24647.014,18.911015
1363.7878138252308,24617.238,18.905794
1363.7892026921509,24606.316,18.90292
1363.7905915590723,24601.617,18.906538
1363.7919804259936,24630.387,18.919453
1363.793369292915,24655.35,18.917402
1363.794758159836,24627.281,18.907444
1363.796147026756,24643.197,18.920204
1363.7975358936774,24625.85,18.908516
1363.7989247605988,24609.307,18.904736
1363.8003136275192,24636.47,18.913372
1363.8017024944406,24622.434,18.91158
1363.8030913613616,24637.43,18.911442
1363.8044802282823,24636.266,18.917698
1363.805869095204,24634.602,18.914001
1363.8072579621244,24638.42,18.916574
1363.8086468290458,24622.643,18.908585
1363.8100356959671,24655.375,18.921448
1363.811424562888,24664.404,18.926659
1363.8128134298086,24617.969,18.912088
1363.8142022967295,24640.883,18.917912
1363.8155911636509,24629.053,18.91427
1363.8169800305723,24646.094,18.916096
1363.818368897434,24631.635,18.918947
1363.8197577643546,24625.438,18.916927
1363.821146631276,24599.691,18.904005
1363.8225354981973,24623.69,18.913675
1363.8239243651187,24619.928,18.912952
1363.8253132319815,24626.656,18.915167
1363.826702098902,24630.152,18.912943
1363.8280909658229,24644.48,18.915882
1363.8294798327443,24609.814,18.911045
1363.8308686996074,24591.314,18.902647
1363.8336464334488,24616.625,18.912329
1363.8350353003116,24609.527,18.918365
1363.836424167232,24644.242,18.918633
1363.8378130341534,24599.771,18.906244
1363.8392019010166,24623.826,18.917606
1363.840590767938,24618.33,18.915024
1363.841979634859,24622.484,18.911785
1363.8433685017208,24669.713,18.924334
1363.8447573686421,24610.162,18.905148
1363.8461462355635,24592.94,18.907871
1363.8475351024267,24668.65,18.930222
1363.848923969348,24653.4,18.927982
1363.85031283621,24607.553,18.91425
1363.8517017031304,24639.746,18.921053
1363.8530905699936,24621.691,18.926163
1363.8544794369145,24615.207,18.910093
1363.8572571706982,24634.293,18.91582
1363.858646037561,24645.133,18.929098
1363.8600349044823,24623.906,18.919416
1363.8614237713448,24645.213,18.927593
1363.8628126382082,24644.363,18.926607
1363.8642015051296,24627.002,18.925
1363.8655903719919,24677.98,18.936249
1363.8669792389128,24638.957,18.918833
1363.868368105775,24602.844,18.901297
1363.8697569726382,24639.465,18.92319
1363.8711458395596,24607.4,18.920149
1363.8725347064224,24665.703,18.929104
1363.8739235732846,24651.6,18.933289
1363.8753124402056,24619.271,18.921837
1363.8767013070687,24625.678,18.921955
1363.878090173932,24626.201,18.921558
1363.8794790407942,24645.766,18.924994
1363.8808679077151,24627.705,18.92123
1363.8822567745774,24608.715,18.915323
1363.8836456414406,24596.602,18.90297
1363.8850345083038,24625.176,18.924456
1363.8864233752247,24623.686,18.918497
1363.8892011089501,24624.014,18.924967
1363.890589975812,24645.742,18.921879
1363.8919788426754,24653.549,18.930477
1363.8933677095388,24628.604,18.921305
1363.894756576402,24625.945,18.91965
1363.8961454432651,24625.69,18.921392
1363.8975343101852,24653.742,18.930502
1363.8989231770474,24664.828,18.92956
1363.9003120439106,24607.129,18.907534
1363.9017009107738,24589.268,18.913582
1363.903089777637,24615.127,18.920967
1363.9044786444988,24623.445,18.91753
1363.9058675113615,24624.93,18.922514
1363.9072563782247,24596.957,18.90826
1363.908645245087,24618.191,18.919186
1363.9100341119502,24590.83,18.912823
1363.9114229788133,24627.459,18.925558
1363.912811845676,24628.916,18.918583
1363.9142007124801,24624.008,18.92657
1363.9155895793428,24598.807,18.916712
1363.916978446206,24596.027,18.915197
1363.9183673130692,24614.406,18.910467
1363.919756179932,24619.389,18.917337
1363.9211450467942,24639.459,18.9314
1363.922533913657,24627.312,18.922886
1363.923922780462,24614.602,18.915318
1363.925311647325,24619.879,18.92097
1363.9267005141874,24652.672,18.921202
1363.92808938105,24661.516,18.934978
1363.9294782479124,24643.037,18.9248
1363.9308671147173,24644.13,18.92551
1363.9322559815805,24627.49,18.9165
1363.9336448484432,24588.79,18.918856
1363.9350337153064,24621.463,18.924154
1363.9364225821105,24585.111,18.914412
1363.9378114489732,24681.418,18.931068
1363.9392003158364,24635.992,18.926174
1363.9405891826405,24615.736,18.916056
1363.9419780495036,24631.88,18.924812
1363.9433669163082,24596.926,18.91239
1363.9461446500331,24612.098,18.927502
1363.9475335168381,24650.145,18.930079
1363.9489223837013,24632.469,18.934399
1363.9503112505063,24619.287,18.932175
1363.951700117368,24607.479,18.90233
1363.9530889841726,24593.684,18.920944
1363.9544778510358,24617.195,18.919062
1363.9558667178408,24650.795,18.928936
1363.957255584704,24618.49,18.925106
1363.958644451508,24632.312,18.932001
1363.9600333183707,24664.957,18.94004
1363.9614221851748,24627.096,18.923
1363.9628110520375,24618.277,18.92652
1363.9641999188425,24623.74,18.919846
1363.9655887856475,24643.945,18.939312
1363.9669776525097,24631.553,18.929981
1363.9683665193143,24610.996,18.915821
1363.9697553861765,24635.936,18.93294
1363.9711442529815,24625.94,18.929646
1363.9725331197865,24637.463,18.925781
1363.9739219866497,24603.398,18.920527
1363.9753108534542,24643.768,18.92331
1363.9766997202578,24641.975,18.928556
1363.9780885870628,24649.248,18.941874
1363.979477453926,24589.87,18.91296
1363.9808663207305,24625.516,18.927637
1363.9822551875354,24634.861,18.930511
1363.9836440543395,24632.521,18.940151
1363.9850329212022,24643.365,18.930826
1363.9864217880072,24646.715,18.939106
1363.9878106548113,24613.781,18.930162
1363.9891995216162,24635.508,18.935274
1363.9905883884207,24606.545,18.929295
1363.9919772552248,24622.662,18.926394
1363.9933661220298,24610.082,18.92458
1363.9947549888343,24648.408,18.932074
1363.9961438556975,24633.957,18.93612
1363.9975327225025,24645.76,18.929188
1363.998921589306,24609.393,18.928286
1364.0003104561101,24659.924,18.949944
1364.001699322915,24631.592,18.935198
1364.00308818972,24639.611,18.930944
1364.0044770565253,24639.266,18.93266
1364.0058659233296,24634.11,18.928358
1364.007254790134,24626.072,18.936352
1364.0086436569381,24633.549,18.930622
1364.0100325237431,24621.281,18.9305
1364.0114213904899,24642.705,18.94387
1364.0128102572944,24610.922,18.934383
1364.0141991240985,24638.396,18.938625
1364.015587990903,24600.67,18.91976
1364.016976857707,24631.393,18.939375
1364.018365724512,24608.82,18.926292
1364.019754591317,24649.137,18.927588
1364.0211434580638,24634.027,18.936777
1364.0225323248683,24656.059,18.941843
1364.023921191672,24628.967,18.943985
1364.0253100584769,24634.143,18.936974
1364.0266989252818,24605.02,18.934511
1364.0280877920277,24640.482,18.943377
1364.0294766588327,24649.674,18.946562
1364.0308655256372,24636.832,18.953438
1364.032254392383,24635.498,18.927837
1364.033643259188,24635.727,18.939604
1364.0350321259925,24622.57,18.924019
1364.0364209927393,24596.7,18.929022
1364.0378098595438,24629.53,18.930235
1364.0391987263479,24624.938,18.939556
1364.0405875930946,24623.633,18.942286
1364.0419764598992,24607.746,18.93515
1364.0433653267041,24652.566,18.931877
1364.044754193451,24673.033,18.957571
1364.0461430602545,24634.828,18.948212
1364.0475319270004,24598.83,18.93026
1364.051698527357,24598.803,18.927055
1364.0530873941034,24653.814,18.943697
1364.0544762609074,24640.762,18.956
1364.0558651276538,24643.877,18.940235
1364.0572539944005,24625.629,18.94415
1364.0586428612055,24603.57,18.926302
1364.0600317279514,24639.002,18.942097
1364.0614205947559,24628.549,18.940603
1364.0628094615017,24609.281,18.939474
1364.064198328248,24631.809,18.94293
1364.065587195053,24619.432,18.92036
1364.0669760617998,24636.684,18.944252
1364.0683649285465,24599.975,18.930397
1364.069753795351,24645.844,18.9515
1364.0711426620965,24609.582,18.936695
1364.0725315288432,24649.037,18.940311
1364.07392039559,24640.096,18.952675
1364.075309262395,24630.129,18.944115
1364.0766981291417,24641.32,18.945814
1364.0780869958871,24656.7,18.953703
1364.079475862633,24633.0,18.935173
1364.080864729438,24633.26,18.941948
1364.0822535961843,24655.451,18.950022
1364.083642462931,24642.865,18.943823
1364.085031329677,24652.844,18.935581
1364.0864201964232,24621.764,18.94112
1364.08780906317,24616.56,18.93332
1364.0891979299158,24638.662,18.950544
1364.0905867966628,24651.213,18.940609
1364.0919756634098,24660.799,18.953484
1364.0933645301557,24640.527,18.949467
1364.094753396902,24606.482,18.929829
1364.0961422636478,24640.996,18.95455
1364.0975311303946,24636.479,18.946003
1364.0989199971414,24654.46,18.945126
1364.1003088638877,24620.758,18.932714
1364.1016977306335,24643.393,18.94234
1364.1030865973798,24622.99,18.93969
1364.1044754641266,24604.785,18.924822
1364.1058643308734,24636.55,18.94693
1364.1072531976192,24650.61,18.956041
1364.1086420643655,24640.502,18.944527
1364.1100309311114,24638.496,18.945374
1364.1114197978,24637.615,18.949337
1364.1128086645467,24624.621,18.947721
1364.114197531293,24639.463,18.950792
1364.1155863980398,24662.22,18.958303
1364.1169752647857,24621.799,18.937899
1364.1183641314728,24612.248,18.933973
1364.1197529982196,24636.385,18.950756
1364.1211418649666,24620.842,18.947365
1364.1225307317136,24629.46,18.939436
1364.1239195984022,24593.896,18.930355
1364.1253084651476,24611.424,18.940554
1364.1266973318934,24631.363,18.93868
1364.137808265632,24590.74,18.931124
1364.1391971323787,24631.037,18.95739
1364.1405859990668,24587.957,18.941374
1364.1419748658127,24614.414,18.949633
1364.1433637325008,24600.115,18.947239
1364.1447525992476,24639.275,18.960207
1364.1461414659361,24604.566,18.94487
1364.147530332683,24617.621,18.953228
1364.1489191993708,24630.22,18.955875
1364.1503080661162,24631.076,18.950832
1364.151696932805,24663.943,18.966732
1364.1530857994935,24626.668,18.947414
1364.1544746662394,24625.896,18.952707
1364.1558635329275,24649.998,18.960627
1364.1572523996151,24609.104,18.948143
1364.1586412663619,24638.117,18.9533
1364.1600301330504,24605.742,18.942883
1364.1614189997385,24621.635,18.96001
1364.1628078664853,24631.78,18.951567
1364.164196733173,24612.426,18.945107
1364.165585599861,24667.469,18.962343
1364.1669744665496,24655.277,18.96058
1364.1683633332373,24613.707,18.945612
1364.169752199984,24640.525,18.95229
1364.1711410666726,24604.781,18.944197
1364.1725299333598,24595.06,18.94449
1364.1739188000479,24617.93,18.945465
1364.1753076667364,24623.52,18.952974
1364.176696533425,24628.23,18.95342
1364.1780854001136,24618.744,18.958162
1364.1794742668008,24563.598,18.94059
1364.1808631334889,24636.348,18.960985
1364.1822520001774,24638.762,18.964872
1364.183640866866,24602.656,18.947739
1364.1850297335545,24640.123,18.951067
1364.1864186002422,24643.303,18.955881
1364.1878074669303,24614.781,18.948948
1364.189196333618,24642.877,18.958115
1364.190585200306,24628.2,18.958054
1364.1919740669946,24664.475,18.962233
1364.1933629336831,24630.438,18.955158
1364.1947518003717,24643.922,18.968653
1364.1961406670594,24630.482,18.95761
1364.1975295337465,24644.28,18.963692
1364.198918400435,24629.361,18.964342
1364.2003072670655,24616.027,18.959402
1364.201696133754,24643.014,18.96097
1364.2030850004421,24656.56,18.966959
1364.2044738671293,24618.348,18.954294
1364.2058627338179,24623.75,18.95816
1364.2072516004482,24611.8,18.954723
1364.2086404671363,24639.951,18.960707
1364.2100293338249,24620.42,18.9579
1364.2114182004543,24659.914,18.961031
1364.2128070671424,24614.809,18.963263
1364.214195933831,24619.887,18.95576
1364.2155848004604,24644.775,18.965559
1364.216973667149,24608.22,18.953356
1364.2183625338375,24643.854,18.964735
1364.2197514004674,24606.94,18.954662
1364.221140267155,24635.021,18.961914
1364.222529133785,24629.113,18.96438
1364.2239180004735,24659.799,18.97427
1364.225306867162,24603.236,18.950876
1364.2266957337915,24651.85,18.966633
1364.2280846004796,24665.709,18.9728
1364.229473467109,24651.008,18.9653
1364.2308623337394,24638.227,18.959991
1364.232251200428,24615.66,18.968533
1364.2336400670579,24635.533,18.960897
1364.2350289337455,24622.57,18.966719
1364.2364178003754,24651.455,18.969957
1364.237806667064,24642.021,18.957096
1364.2391955336943,24656.4,18.974281
1364.2405844003242,24643.848,18.96688
1364.2419732670128,24621.912,18.954937
1364.2433621336422,24615.145,18.95655
1364.2447510002712,24635.188,18.96217
1364.2461398669598,24644.635,18.955458
1364.2475287335901,24621.514,18.960314
1364.2489176002205,24615.453,18.96204
1364.2503064668508,24605.12,18.95697
1364.2516953334798,24632.842,18.964346
1364.253084200168,24634.89,18.97232
1364.2544730667983,24637.568,18.960272
1364.2558619334286,24593.656,18.95921
1364.257250800059,24627.834,18.961937
1364.258639666688,24636.838,18.971844
1364.2600285333174,24629.178,18.974865
1364.261417400006,24645.152,18.96871
1364.2628062666358,24598.473,18.96172
1364.2641951332662,24647.62,18.971851
1364.2655839998965,24636.992,18.969284
1364.2669728665264,24652.266,18.975187
1364.2683617331559,24644.525,18.968887
1364.2697505997858,24641.943,18.97043
1364.2711394664161,24653.748,18.9691
1364.2725283330465,24660.018,18.97195
1364.2739171996768,24646.676,18.97512
1364.2753060663063,24610.541,18.967434
1364.2766949329352,24703.941,18.995193
1364.2780837995074,24617.922,18.969522
1364.2794726661377,24612.537,18.962612
1364.2808615327676,24622.559,18.968552
1364.282250399397,24597.756,18.966537
1364.283639266027,24612.145,18.961018
1364.2850281326573,24626.914,18.967438
1364.2864169992295,24638.42,18.975122
1364.287805865859,24643.582,18.97296
1364.2891947324892,24637.01,18.969837
1364.2905835991191,24605.848,18.972128
1364.2919724657486,24665.6,18.991196
1364.293361332321,24639.79,18.97345
1364.2947501989506,24646.744,18.977894
1364.296139065581,24618.105,18.975231
1364.2975279321531,24645.281,18.981308
1364.298916798782,24645.652,18.97583
1364.300305665412,24632.062,18.966276
1364.3016945319841,24647.004,18.977407
1364.3030833986145,24625.213,18.97426
1364.3044722651866,24644.377,18.982018
1364.3058611318156,24643.176,18.975702
1364.3072499983869,24623.42,18.982956
1364.3086388650172,24640.977,18.980967
1364.310027731589,24639.857,18.978594
1364.3114165982192,24631.932,18.97615
1364.3128054647914,24621.494,18.983158
1364.3141943314208,24653.232,18.993027
1364.3155831979925,24627.58,18.971981
1364.316972064622,24623.697,18.97149
1364.318360931194,24612.672,18.968847
1364.3197497978244,24632.988,18.981764
1364.3211386643968,24627.617,18.977121
1364.3225275309683,24631.312,18.977991
1364.3239163975973,24665.748,18.987535
1364.3253052641694,24640.678,18.984264
1364.3266941307415,24637.863,18.979376
1364.3280829973132,24604.58,18.97359
1364.3294718639436,24659.875,18.987951
1364.3308607305148,24634.795,18.980068
1364.3322495970865,24629.717,18.981903
1364.3336384636586,24664.979,18.999535
1364.335027330288,24639.662,18.98259
1364.3364161968602,24640.139,18.985277
1364.337805063432,24612.03,18.99155
1364.3391939300031,24647.434,18.988419
1364.3405827965753,24601.947,18.976534
1364.341971663147,24636.484,18.986286
1364.3433605297191,24646.488,18.985699
1364.3447493962913,24688.162,18.999138
1364.3461382629202,24655.27,18.995146
1364.3475271294915,24648.535,18.991108
1364.3489159960636,24646.625,18.992073
1364.350304862636,24636.812,18.986599
1364.3516937292084,24615.164,18.977861
1364.3530825957796,24662.916,18.995304
1364.3544714623513,24635.477,18.986572
1364.3558603288643,24633.875,18.989758
1364.3572491954365,24642.83,18.98635
1364.3586380620086,24654.361,18.991343
1364.3600269285803,24625.86,18.981564
1364.3614157951515,24627.373,18.985022
1364.3628046617232,24615.518,18.989388
1364.3641935282944,24610.969,18.978836
1364.3655823948084,24616.84,18.980484
1364.3669712613805,24647.416,18.993874
1364.3683601279527,24624.41,18.994995
1364.3697489945243,24642.318,18.994865
1364.3711378610951,24635.443,18.987913
1364.372526727609,24632.336,18.991947
1364.3739155941812,24653.506,18.99285
1364.3753044607533,24624.1,18.9861
1364.3766933272673,24617.992,18.987747
1364.378082193838,24647.65,19.001745
1364.3794710604095,24649.55,18.990047
1364.3808599269237,24655.031,18.992937
1364.382248793495,24621.365,18.994232
1364.3836376600088,24616.791,18.985895
1364.385026526581,24623.945,18.98577
1364.3864153930945,24661.977,19.004896
1364.3878042596657,24625.996,18.990393
1364.3891931261792,24619.07,18.984325
1364.3905819927513,24612.805,18.988308
1364.3919708592653,24600.309,18.987309
1364.3933597258365,24651.154,18.997965
1364.39474859235,24648.225,18.996883
1364.3961374589212,24595.426,18.986174
1364.3975263254351,24641.928,18.99442
1364.3989151920073,24617.041,19.000565
1364.4003040585208,24617.152,18.994705
1364.4016929250338,24651.822,19.0062
1364.4030817916055,24669.625,19.016327
1364.4044706581194,24629.324,18.997011
1364.4058595246333,24603.36,18.99422
1364.4072483911464,24622.445,18.995764
1364.4114149907455,24627.13,19.002747
1364.4128038572594,24616.875,18.996979
1364.4141927237724,24635.67,19.000597
1364.4155815903446,24651.742,19.010305
1364.416970456858,24624.166,18.996534
1364.4183593233706,24635.404,19.002441
1364.4197481898846,24577.33,18.985329
1364.4211370563985,24621.684,18.99522
1364.4225259229124,24610.42,19.002283
1364.4239147894264,24604.568,19.002487
1364.425303655939,24640.084,19.021732
1364.426692522452,24638.328,19.014784
1364.428081388966,24648.322,19.009117
1364.4294702554798,24617.334,19.005768
1364.4308591219938,24618.576,19.000944
1364.4322479885072,24636.096,19.01451
1364.4336368550203,24635.207,19.011608
1364.4350257215337,24638.934,19.015305
1364.4364145880468,24640.504,19.011606
1364.437803454561,24614.064,19.002495
1364.439192321075,24639.547,19.010683
1364.4405811875308,24630.182,19.011566
1364.4419700540438,24618.945,19.014393
1364.4433589205564,24646.71,19.017326
1364.4447477870704,24619.13,19.016897
1364.4461366535843,24636.205,19.015724
1364.44752552004,24615.764,19.010405
1364.4489143865535,24614.41,19.001165
1364.450303253066,24641.389,19.01526
1364.4516921195218,24637.736,19.0183
1364.4530809860357,24635.049,19.01471
1364.4544698525488,24629.943,19.014536
1364.4558587190045,24671.365,19.023956
1364.457247585518,24610.13,19.006805
1364.458636452031,24645.459,19.024057
1364.4600253184867,24602.873,19.019941
1364.4614141850002,24596.146,19.009478
1364.462803051456,24613.51,19.019646
1364.4641919179699,24665.861,19.025894
1364.465580784425,24613.887,19.017023
1364.4669696509382,24630.684,19.017431
1364.4683585173934,24647.201,19.022118
1364.4697473839074,24663.11,19.037586
1364.471136250363,24608.148,19.017271
1364.472525116818,24615.475,19.017471
1364.4739139833314,24633.588,19.022198
1364.4753028497862,24642.564,19.022675
1364.476691716242,24635.498,19.032915
1364.4780805827559,24643.885,19.024916
1364.4794694492111,24614.107,19.016558
1364.480858315666,24627.008,19.025011
1364.4822471821794,24620.11,19.021116
1364.4836360486352,24629.078,19.027578
1364.485024915091,24640.445,19.021852
1364.4864137815457,24621.488,19.02879
1364.4878026480596,24645.775,19.037079
1364.489191514515,24653.78,19.035074
1364.4905803809693,24637.732,19.02883
1364.491969247425,24643.97,19.03289
1364.4933581138807,24649.717,19.030529
1364.4947469803365,24644.355,19.035582
1364.4961358467922,24616.672,19.02438
1364.4975247132465,24632.984,19.030304
1364.4989135797018,24619.432,19.034784
1364.5003024461575,24632.207,19.029308
1364.5016913126133,24638.773,19.030893
1364.503080179069,24629.498,19.030746
1364.5044690455234,24626.605,19.02946
1364.5058579119782,24617.074,19.034414
1364.507246778434,24657.713,19.03629
1364.5086356448892,24619.545,19.036213
1364.510024511345,24656.705,19.048082
1364.5114133778006,24660.846,19.050295
1364.5128022442555,24611.322,19.034477
1364.5141911107107,24619.457,19.03526
1364.5155799771073,24655.031,19.045916
1364.516968843563,24654.988,19.046936
1364.5183577100188,24631.129,19.033516
1364.5197465764745,24619.229,19.047953
1364.5211354429298,24626.826,19.03909
1364.522524309326,24631.984,19.047369
1364.5239131757817,24629.207,19.033443
1364.5253020422374,24605.88,19.038467
1364.5266909086345,24633.549,19.03992
1364.5280797750902,24630.182,19.042845
1364.529468641545,24660.414,19.049864
1364.530857507942,24624.387,19.045889
1364.5322463743978,24634.12,19.045084
1364.5336352407944,24653.156,19.06648
1364.5350241072501,24644.553,19.051634
1364.5364129736472,24614.701,19.040667
1364.537801840102,24618.963,19.036205
1364.5391907064995,24646.865,19.050005
1364.5405795729548,24646.668,19.052721
1364.5419684393523,24621.771,19.04657
1364.543357305808,24638.13,19.052176
1364.5447461722042,24639.74,19.05308
1364.5461350386008,24642.99,19.05723
1364.5475239050566,24622.26,19.052927
1364.548912771454,24633.496,19.047539
1364.5503016378516,24620.66,19.044825
1364.5516905043069,24629.594,19.051466
1364.553079370704,24652.016,19.054434
1364.5544682371005,24634.047,19.06081
1364.5558571035563,24649.69,19.056156
1364.5572459699538,24628.61,19.062378
1364.5586348363508,24609.178,19.053926
1364.5600237027484,24636.463,19.05441
1364.561412569145,24573.4,19.049023
1364.5628014355993,24626.88,19.05123
1364.5641903019969,24612.295,19.05852
1364.5655791683944,24635.635,19.055359
1364.566968034792,24619.977,19.064669
1364.568356901189,24591.02,19.047071
1364.5697457675851,24649.584,19.05742
1364.5711346339826,24598.863,19.056559
1364.5725235003802,24631.006,19.059547
1364.5739123667777,24605.152,19.05597
1364.5753012331752,24629.564,19.06764
1364.5766900995714,24675.281,19.069029
1364.578078965968,24626.533,19.055084
1364.5794678323655,24617.324,19.060991
1364.5808566987625,24625.807,19.06595
1364.58224556516,24608.705,19.054989
1364.5836344314994,24597.783,19.058111
1364.5850232978964,24632.055,19.070982
1364.586412164293,24612.66,19.069378
1364.5878010306901,24634.73,19.072685
1364.5891898970876,24630.084,19.064638
1364.590578763427,24640.264,19.076664
1364.5919676298236,24631.227,19.079971
1364.5933564962206,24607.545,19.056879
1364.594745362559,24633.72,19.076773
1364.5961342289565,24630.498,19.074308
1364.597523095354,24642.42,19.075634
1364.598911961693,24649.656,19.068226
1364.6003008280895,24655.879,19.07775
1364.6016896944866,24625.928,19.071312
1364.603078560826,24624.666,19.08258
1364.6044674272234,24624.893,19.064928
1364.6058562935618,24658.404,19.08993
1364.6072451599593,24612.734,19.071915
1364.6086340262982,24630.229,19.07865
1364.6100228926944,24621.918,19.072948
1364.6114117590337,24621.586,19.074404
1364.6128006254312,24620.158,19.076206
1364.6141894917705,24622.027,19.079073
1364.6155783581098,24614.732,19.065422
1364.616967224506,24607.113,19.072536
1364.6183560908448,24632.736,19.089096
1364.6197449571841,24612.121,19.071795
1364.6211338235817,24649.639,19.079521
1364.622522689921,24633.463,19.08798
1364.6239115562594,24664.594,19.096779
1364.6253004226564,24664.568,19.094084
1364.6266892889948,24615.154,19.082428
1364.6280781553337,24610.18,19.077192
1364.629467021673,24621.527,19.086191
1364.6308558880123,24625.412,19.085655
1364.6322447543507,24615.99,19.077703
1364.6336336207478,24594.215,19.068745
1364.6350224870862,24659.188,19.090422
1364.6364113534255,24610.121,19.079891
1364.637800219765,24628.86,19.087576
1364.6391890861046,24618.373,19.086327
1364.640577952443,24646.412,19.089197
1364.641966818781,24617.986,19.081032
1364.6433556851202,24599.248,19.084377
1364.6447445514596,24617.09,19.088484
1364.6461334177984,24616.166,19.08512
1364.6475222841377,24617.03,19.087404
1364.6489111504761,24645.707,19.1028
1364.6503000167568,24652.057,19.096903
1364.651688883096,24625.81,19.08834
1364.6530777494345,24650.787,19.103237
1364.6544666157738,24641.982,19.096561
1364.655855482113,24633.096,19.092678
1364.6572443483938,24612.166,19.09447
1364.6586332147322,24640.754,19.092781
1364.660022081071,24619.137,19.091816
1364.6614109474103,24623.018,19.099436
1364.6627998136914,24603.36,19.093754
1364.6641886800294,24668.922,19.110935
1364.6655775463678,24656.191,19.102995
1364.6669664126491,24657.166,19.104721
1364.6683552789887,24604.55,19.091867
1364.6697441452698,24661.387,19.106676
1364.6711330116082,24673.928,19.114563
1364.672521877947,24631.326,19.098608
1364.6739107442272,24637.248,19.11067
1364.6752996105665,24609.04,19.103838
1364.6766884768476,24623.482,19.107061
1364.6780773431283,24658.25,19.11385
1364.6794662094676,24640.531,19.10559
1364.6808550757478,24583.656,19.091898
1364.6822439420857,24621.057,19.110748
1364.6836328083668,24607.168,19.100313
1364.685021674648,24613.38,19.09817
1364.6864105409873,24601.26,19.10022
1364.6877994072684,24628.365,19.10351
1364.689188273548,24633.123,19.11268
1364.690577139887,24613.494,19.118246
1364.691966006168,24587.666,19.106913
1364.6933548724492,24637.234,19.106443
1364.6947437387303,24636.348,19.127731
1364.69613260501,24648.719,19.119476
1364.6975214713486,24649.256,19.120808
1364.69891033763,24617.326,19.114565
1364.7002992039102,24628.844,19.125387
1364.7016880701913,24614.883,19.119781
1364.7030769364724,24656.068,19.126402
1364.704465802753,24603.793,19.124441
1364.7058546690332,24654.816,19.12818
1364.7072435353139,24631.256,19.132687
1364.708632401595,24624.58,19.12376
1364.710021267876,24617.145,19.121164
1364.7114101341572,24623.3,19.130453
1364.7127990004374,24634.996,19.13087
1364.714187866717,24612.377,19.129827
1364.7155767329982,24595.746,19.130713
1364.7169655992793,24629.277,19.132542
1364.7183544655018,24659.398,19.136599
1364.7197433317829,24602.64,19.128294
1364.721132198063,24597.252,19.122795
1364.7225210643437,24621.793,19.13772
1364.7239099306248,24603.822,19.134241
1364.7252987968473,24620.69,19.130205
1364.7266876631284,24620.455,19.14096
1364.7280765294095,24620.72,19.14733
1364.7294653956315,24618.305,19.138327
1364.730854261912,24638.2,19.148117
1364.7322431281923,24638.81,19.152975
1364.7336319944152,24623.018,19.152542
1364.7350208606963,24637.47,19.154661
1364.7364097269178,24634.111,19.1518
1364.7377985931985,24626.176,19.15133
1364.7391874594214,24635.066,19.152529
1364.7405763257025,24619.574,19.158962
1364.7419651919254,24615.104,19.152374
1364.7433540582056,24618.33,19.160942
1364.744742924428,24629.498,19.16926
1364.7461317907082,24654.436,19.169214
1364.747520656931,24616.377,19.161774
1364.748909523154,24637.46,19.176855
1364.7502983894346,24621.812,19.168514
1364.7516872556575,24603.533,19.163715
1364.75307612188,24617.883,19.178268
1364.7544649881015,24628.002,19.177086
1364.7558538543826,24613.0,19.179136
1364.7572427206055,24632.408,19.178246
1364.7586315868284,24634.764,19.186563
1364.7600204530513,24618.54,19.1719
1364.761409319331,24617.318,19.196325
1364.762798185553,24641.518,19.189266
1364.764187051776,24599.537,19.188217
1364.7655759179988,24641.445,19.20062
1364.7669647842217,24653.477,19.211576
1364.7683536504433,24616.166,19.203863
1364.7697425166657,24622.682,19.198246
1364.7711313828886,24604.975,19.19972
1364.7725202491106,24632.977,19.206089
1364.7739091153335,24633.293,19.209484
1364.7752979815564,24622.014,19.203035
1364.7766868477788,24625.72,19.211685
1364.7780757140008,24631.062,19.219606
1364.7794645802232,24643.527,19.211435
1364.780853446388,24637.871,19.22376
1364.7822423126108,24632.805,19.219255
1364.7836311788337,24599.248,19.217041
1364.7850200450562,24631.479,19.231096
1364.7864089112777,24632.105,19.23136
1364.7877977774424,24570.66,19.223743
1364.7891866436653,24608.27,19.223387
1364.7905755098873,24604.742,19.235218
1364.791964376052,24634.088,19.244713
1364.7933532422744,24636.402,19.241865
1364.7947421084964,24670.38,19.253893
1364.796130974661,24624.438,19.249771
1364.7975198408835,24614.508,19.256367
1364.7989087070482,24598.922,19.254501
1364.8002975732702,24591.553,19.241594
1364.8016864394344,24615.229,19.246086
1364.8030753056573,24633.35,19.264542
1364.804464171821,24613.598,19.259615
1364.805853038044,24640.574,19.26604
1364.8072419042087,24586.523,19.259619
1364.8086307704302,24605.885,19.261024
1364.8100196365945,24657.719,19.285774
1364.8114085027591,24575.37,19.260138
1364.812797368982,24640.248,19.283966
1364.8141862351467,24589.494,19.270935
1364.815575101311,24646.436,19.288906
1364.816963967533,24634.225,19.288748
1364.8183528336972,24578.312,19.28247
1364.8197416998619,24584.39,19.283285
1364.8211305660266,24634.848,19.297659
1364.8225194321903,24625.957,19.301506
1364.8239082984132,24608.06,19.29133
1364.8252971645775,24606.963,19.303606
1364.8266860307408,24592.592,19.302256
1364.8280748969055,24631.492,19.320414
1364.8294637630702,24604.258,19.305485
1364.8308526292349,24622.05,19.320263
1364.8322414953996,24626.34,19.315376
1364.8336303615629,24609.457,19.318209
1364.8350192277267,24626.219,19.319841
1364.8364080938914,24619.129,19.328703
1364.8377969600563,24603.057,19.326677
1364.8391858262212,24591.967,19.320492
1364.8405746923845,24605.682,19.33844
1364.84196355849,24611.014,19.328539
1364.8433524246548,24604.021,19.330988
1364.844741290819,24606.69,19.347431
1364.8461301569837,24627.26,19.343739
1364.8475190231484,24623.955,19.353971
1364.848907889254,24632.299,19.357801
1364.8502967554182,24602.504,19.352814
1364.851685621582,24610.867,19.362034
1364.8530744876884,24615.18,19.362452
1364.8544633538531,24609.332,19.35945
1364.8558522200178,24612.006,19.363129
1364.8572410861238,24610.967,19.372097
1364.8586299522872,24624.424,19.37178
1364.8600188183937,24654.945,19.378304
1364.8614076845583,24625.95,19.38289
1364.862796550664,24576.92,19.37066
1364.8641854168286,24654.756,19.392372
1364.8655742829346,24627.557,19.388367
1364.8669631490986,24634.89,19.39388
1364.8683520152053,24627.838,19.387133
1364.869740881311,24601.271,19.38948
1364.8711297474756,24621.584,19.392508
1364.872518613582,24642.064,19.403736
1364.8739074796872,24605.553,19.391356
1364.8752963458514,24591.81,19.396582
1364.876685211958,24654.588,19.409882
1364.8780740780644,24595.502,19.398863
1364.8794629441709,24622.393,19.405962
1364.8808518103342,24612.666,19.40427
1364.8822406764398,24622.08,19.409513
1364.8836295425463,24648.895,19.425404
1364.8850184086527,24599.521,19.405262
1364.8864072747592,24611.6,19.409325
1364.8877961408652,24624.371,19.418427
1364.8891850069708,24615.016,19.420315
1364.8905738730768,24615.164,19.419455
1364.8919627391824,24610.098,19.424244
1364.893351605289,24617.652,19.429764
1364.8947404713954,24651.133,19.432398
1364.896129337502,24632.154,19.43148
1364.897518203608,24621.602,19.435432
1364.898907069713,24641.17,19.439966
1364.9002959358195,24665.389,19.443325
1364.901684801926,24621.482,19.432621
1364.9030736680324,24622.082,19.437462
1364.9044625340807,24641.826,19.439802
1364.9058514001858,24616.852,19.446888
1364.9072402662919,24617.89,19.442366
1364.9086291323983,24651.676,19.455284
1364.9100179984457,24636.326,19.443855
1364.9114068645522,24630.65,19.444635
1364.9127957306587,24634.375,19.448818
1364.9141845967065,24614.002,19.445223
1364.915573462812,24630.9,19.447186
1364.9169623288599,24640.346,19.448547
1364.9183511949664,24605.71,19.448925
1364.9197400610146,24585.932,19.455324
1364.9211289271202,24582.977,19.44891
1364.922517793168,24621.975,19.458206
1364.9239066592736,24616.809,19.460705
1364.925295525322,24619.121,19.457819
1364.9266843914288,24623.922,19.459751
1364.9280732574762,24595.805,19.44424
1364.929462123524,24631.744,19.46522
1364.9308509896296,24590.693,19.460794
1364.9322398556778,24661.375,19.482986
1364.933628721726,24607.387,19.458065
1364.9350175878321,24601.32,19.45723
1364.9364064538804,24606.365,19.466381
1364.9377953199278,24655.066,19.47602
1364.9391841859756,24617.158,19.467457
1364.9405730520239,24636.78,19.469624
1364.9419619181294,24638.006,19.47969
1364.9433507841777,24588.91,19.459345
1364.944739650226,24602.531,19.475098
1364.946128516273,24620.75,19.472307
1364.9475173823207,24617.174,19.478905
1364.948906248369,24649.434,19.483435
1364.9502951144173,24613.81,19.478022
1364.9516839804655,24583.178,19.471241
1364.9530728465131,24637.406,19.48033
1364.9544617125607,24614.873,19.49084
1364.9558505786085,24595.395,19.469946
1364.9572394445986,24622.574,19.485764
1364.9586283106469,24639.75,19.492712
1364.9600171766942,24623.4,19.488983
1364.961406042742,24599.197,19.484821
1364.9627949087894,24608.133,19.484657
1364.964183774779,24578.727,19.4747
1364.9655726408273,24624.742,19.48397
1364.9669615068756,24595.465,19.48312
1364.9683503729239,24599.836,19.483013
1364.969739238913,24601.459,19.483276
1364.97112810496,24624.02,19.494057
1364.97251697095,24596.016,19.490694
1364.9739058369983,24640.9,19.493725
1364.9752947029883,24623.633,19.501867
1364.9766835690366,24588.86,19.488882
1364.9780724350253,24618.527,19.497023
1364.9794613010731,24616.848,19.490372
1364.9808501670632,24621.338,19.496845
1364.9822390331108,24614.541,19.49574
1364.983627899101,24601.121,19.495487
1364.9850167651493,24608.146,19.497965
1364.9864056311385,24638.621,19.510422
1364.987794497128,24627.695,19.50979
1364.9891833631755,24598.137,19.4948
1364.9905722291655,24614.336,19.500965
1364.9919610951556,24596.365,19.497553
1364.9933499611457,24632.957,19.51669
1364.9947388271353,24653.459,19.512218
1364.9961276931822,24631.287,19.51208
1364.9975165591723,24588.715,19.49528
1364.9989054251623,24641.99,19.517536
1365.0002942911515,24618.121,19.509476
1365.001683157141,24638.436,19.508493
1365.0030720231302,24623.086,19.507605
1365.0044608891203,24658.496,19.523497
1365.0058497551104,24632.92,19.515789
1365.0072386211,24612.281,19.505552
1365.00862748709,24630.447,19.5112
1365.0100163530794,24668.55,19.539257
1365.0114052190688,24623.504,19.522284
1365.0127940850589,24626.834,19.517353
1365.0141829510485,24617.71,19.512804
1365.0155718169804,24616.932,19.515411
1365.0169606829704,24597.525,19.51812
1365.0183495489591,24619.428,19.517616
1365.0197384149483,24623.043,19.52968
1365.0211272808801,24632.742,19.535511
1365.0225161468702,24620.018,19.521545
1365.0239050128603,24640.24,19.52886
1365.0252938787917,24592.303,19.522135
1365.0266827447808,24611.762,19.517952
1365.0280716107122,24631.264,19.536312
1365.0294604767023,24598.303,19.526665
1365.0308493426924,24616.055,19.535633
1365.0322382086233,24604.363,19.524666
1365.0336270746134,24618.523,19.528751
1365.0350159405448,24613.879,19.530699
1365.0364048064753,24657.268,19.542503
1365.0377936724653,24653.383,19.535456
1365.0391825383972,24614.693,19.535936
1365.0405714043873,24617.795,19.539381
1365.0419602703187,24630.348,19.535917
1365.0433491362492,24638.412,19.546528
1365.044738002181,24640.688,19.541277
1365.046126868171,24633.762,19.54296
1365.047515734103,24634.025,19.550484
1365.0489046000348,24610.795,19.532309
1365.0502934659653,24569.523,19.530525
1365.0516823318962,24607.932,19.54581
1365.0530711978863,24594.72,19.534475
1365.0544600638177,24616.514,19.541418
1365.0558489297496,24654.393,19.557198
1365.0572377956814,24617.262,19.550978
1365.0586266616124,24619.771,19.543215
1365.0600155275438,24624.592,19.553793
1365.0614043934747,24616.3,19.555138
1365.0627932594066,24620.61,19.55308
1365.0641821253384,24641.734,19.554852
1365.0655709912123,24611.584,19.548492
1365.0669598571435,24624.914,19.555258
1365.068348723074,24640.385,19.559797
1365.0697375890059,24667.725,19.57686
1365.0711264549377,24596.936,19.556698
1365.072515320811,24629.025,19.564325
1365.0739041867428,24626.365,19.553047
1365.0752930526737,24625.281,19.571201
1365.0766819186051,24612.582,19.557945
1365.0780707844788,24652.2,19.56964
1365.0794596504097,24610.443,19.570068
1365.0808485162834,24613.516,19.551516
1365.0822373822152,24644.062,19.575441
1365.0836262480884,24631.992,19.569176
1365.0850151140194,24619.01,19.564804
1365.0864039798926,24619.994,19.566824
1365.0877928458244,24588.008,19.555542
1365.089181711698,24591.885,19.564148
1365.0905705776286,24612.521,19.578587
1365.0919594435013,24636.486,19.577562
1365.0933483094332,24617.574,19.574444
1365.094737175307,24629.629,19.572613
1365.096126041181,24571.506,19.566084
1365.0975149070537,24619.066,19.569887
1365.098903772985,24582.307,19.558529
1365.1002926388578,24628.186,19.581276
1365.1016815047315,24628.42,19.584366
1365.103070370605,24635.863,19.5876
1365.1044592364783,24596.402,19.57771
1365.105848102352,24596.648,19.582075
1365.107236968283,24629.371,19.583658
1365.1086258341552,24645.246,19.588964
1365.1100147000288,24593.56,19.573185
1365.1114035659025,24610.371,19.582699
1365.1127924317761,24605.752,19.57118
1365.1141812976498,24650.525,19.592037
1365.115570163522,24647.938,19.590237
1365.116959029337,24607.918,19.587627
1365.1183478952107,24607.125,19.588802
1365.1197367610844,24626.2,19.593348
1365.121125626958,24641.457,19.591467
1365.1225144928308,24628.498,19.585531
1365.1239033586457,24603.564,19.584131
1365.1252922245187,24623.156,19.582539
1365.1266810903917,24591.912,19.585054
1365.1280699562653,24638.316,19.598879
1365.1294588220808,24615.223,19.597002
1365.1308476879544,24639.027,19.598217
1365.1322365537694,24626.602,19.59696
1365.1336254196417,24645.875,19.593311
1365.1350142855154,24610.041,19.59974
1365.1364031513308,24647.545,19.60779
1365.1377920172044,24626.64,19.593342
1365.139180883019,24644.695,19.594929
1365.140569748833,24625.705,19.593117
1365.1419586147067,24635.53,19.604828
1365.1433474805222,24571.898,19.58333
1365.1447363463953,24652.254,19.598139
1365.1461252122108,24616.707,19.600967
1365.1475140780253,24631.615,19.594742
1365.1489029438985,24641.043,19.603664
1365.1502918096558,24682.828,19.613228
1365.1516806755285,24636.428,19.59822
1365.1530695414024,24657.734,19.6165
1365.1544584071598,24649.03,19.611238
1365.1558472730321,24641.58,19.60088
1365.1572361387884,24595.262,19.59869
1365.158625004662,24639.36,19.60073
1365.1600138704193,24646.102,19.607676
1365.161402736293,24668.797,19.616184
1365.1627916020498,24662.94,19.617102
1365.1641804679225,24624.12,19.606735
1365.1655693336793,24617.643,19.617096
1365.166958199553,24620.791,19.608953
1365.1683470653102,24607.34,19.611006
1365.169735931183,24581.145,19.600668
1365.1711247969401,24637.285,19.615221
1365.172513662697,24614.926,19.610716
1365.1739025285692,24620.604,19.601503
1365.1752913943265,24617.459,19.596413
1365.1766802602,24593.562,19.606861
1365.1780691259573,24612.918,19.608324
1365.1794579917146,24636.885,19.608932
1365.1808468575869,24609.479,19.611183
1365.1822357233434,24610.572,19.614431
1365.1836245891009,24585.428,19.598154
1365.185013454858,24614.826,19.609331
1365.1864023207318,24615.402,19.611141
1365.1877911864876,24640.223,19.616852
1365.189180052244,24642.75,19.61974
1365.1905689180012,24603.863,19.606707
1365.1919577838744,24620.943,19.610628
1365.1933466496316,24583.697,19.612747
1365.1947355153889,24598.773,19.61163
1365.1961243811452,24621.643,19.623512
1365.197513246902,24628.117,19.615383
1365.1989021126583,24605.398,19.607027
1365.2002909784155,24612.797,19.607767
1365.2016798442892,24590.418,19.603546
1365.2030687100464,24627.326,19.619587
1365.2044575758032,24632.312,19.614302
1365.205846441559,24591.84,19.60585
1365.2072353073163,24639.82,19.619823
1365.2086241730735,24624.055,19.620714
1365.2100130388299,24623.332,19.615337
1365.2114019045873,24606.074,19.617422
1365.2127907703439,24626.629,19.620386
1365.2141796361007,24640.752,19.62226
1365.215568501858,24612.658,19.61726
1365.2169573676142,24634.916,19.609035
1365.2183462333714,24614.7,19.619007
1365.2197350991287,24592.87,19.603928
1365.221123964769,24633.736,19.61851
1365.2225128305254,24610.844,19.610968
1365.2239016962822,24604.832,19.610317
1365.2252905620394,24596.123,19.608286
1365.2266794277966,24601.834,19.608404
1365.228068293553,24594.992,19.611519
1365.2294571593097,24657.645,19.621881
1365.2308460249496,24644.05,19.619362
1365.2322348907069,24634.176,19.622627
1365.233623756464,24633.018,19.610216
1365.235012622221,24625.268,19.613697
1365.2364014878617,24616.982,19.621035
1365.237790353618,24623.14,19.609858
1365.2391792193748,24610.773,19.613886
1365.240568085132,24602.33,19.606215
1365.2419569507724,24609.203,19.6128
1365.2433458165297,24620.29,19.60756
1365.244734682286,24636.535,19.62052
1365.2461235479254,24620.275,19.616909
1365.2475124136827,24607.629,19.612457
1365.24890127944,24680.398,19.624382
1365.2502901450807,24618.518,19.611675
1365.251679010838,24620.076,19.61208
1365.2530678764774,24634.588,19.61392
1365.2544567422342,24622.344,19.606861
1365.255845607875,24625.182,19.612663
1365.2572344736323,24633.035,19.612547
1365.258623339273,24632.246,19.611752
1365.2600122050294,24657.055,19.617819
1365.2614010706698,24643.28,19.620216
1365.262789936426,24597.293,19.599817
1365.2641788020665,24625.736,19.61481
1365.2655676678237,24608.209,19.597479
1365.2669565334645,24645.182,19.614912
1365.2683453992217,24585.082,19.599657
1365.269734264862,24637.94,19.61309
1365.2711231305016,24590.33,19.597092
1365.2725119962588,24615.79,19.61282
1365.2739008618996,24607.81,19.602503
1365.2752897275404,24589.146,19.598368
1365.2766785932977,24648.598,19.610004
1365.2780674589371,24576.828,19.602268
1365.279456324577,24613.068,19.600641
1365.2808451903343,24636.35,19.614733
1365.2822340559746,24594.205,19.59193
1365.2850117872563,24616.004,19.609669
1365.2864006530126,24611.232,19.60862
1365.287789518653,24615.807,19.604364
1365.2891783842929,24641.37,19.616758
1365.2905672499337,24642.195,19.611656
1365.2919561155745,24660.059,19.612614
1365.293344981215,24627.854,19.606367
1365.2947338469712,24634.482,19.603905
1365.2961227126116,24612.205,19.595741
1365.2975115782524,24615.764,19.608574
1365.2989004438932,24631.062,19.602945
1365.3002893095336,24611.75,19.612608
1365.3016781751735,24625.516,19.60266
1365.3030670408139,24636.668,19.610994
1365.3044559064547,24658.176,19.606731
1365.3058447720955,24651.64,19.613764
1365.3072336377354,24647.451,19.609539
1365.3086225033762,24617.877,19.598217
1365.3114002346565,24632.906,19.605022
1365.3127891002973,24619.432,19.598593
1365.3141779659377,24629.178,19.603361
1365.3155668315785,24625.154,19.605963
1365.3169556972193,24636.992,19.609516
1365.3183445627424,24620.693,19.601063
1365.3197334283823,24620.918,19.608345
1365.321122294023,24615.42,19.591858
1365.322511159664,24611.004,19.59939
1365.323900025305,24658.096,19.617546
1365.325288890945,24616.732,19.589237
1365.326677756469,24640.07,19.597282
1365.328066622109,24648.975,19.60034
1365.3294554877498,24622.316,19.597942
1365.3308443533906,24595.807,19.587328
1365.3322332189146,24636.459,19.5979
1365.3350109501953,24619.904,19.59852
1365.3363998157183,24642.576,19.592703
1365.339177547,24620.412,19.58767
1365.3405664125244,24623.574,19.589323
1365.3419552781652,24636.865,19.591307
1365.3433441436882,24617.727,19.591026
1365.3447330093286,24585.3,19.578402
1365.3461218749694,24662.031,19.603376
1365.3475107404938,24598.766,19.580841
1365.3488996061346,24635.855,19.587265
1365.3502884716581,24626.238,19.58737
1365.3516773372985,24609.434,19.584572
1365.353066202822,24629.488,19.583538
1365.3544550684624,24618.324,19.581507
1365.3558439339868,24606.904,19.572039
1365.3572327996276,24614.91,19.590391
1365.3586216651515,24638.504,19.588669
1365.360010530675,24576.668,19.564922
1365.3613993963154,24590.385,19.572304
1365.3627882618398,24632.053,19.576284
1365.3641771274806,24620.701,19.586636
1365.365565993005,24629.93,19.592396
1365.3669548585285,24631.348,19.58034
1365.3683437240516,24646.428,19.589958
1365.3697325896924,24625.164,19.581995
1365.3711214552168,24646.146,19.584406
1365.3725103207407,24653.059,19.584152
1365.3738991863815,24632.906,19.578735
1365.375288051905,24652.111,19.584324
1365.376676917429,24641.81,19.591297
1365.3780657829534,24617.748,19.567429
1365.379454648477,24635.283,19.582468
1365.380843514118,24632.504,19.575861
1365.3822323796426,24647.76,19.57932
1365.383621245166,24620.262,19.575216
1365.38501011069,24652.031,19.577902
1365.3863989762135,24624.57,19.564734
1365.387787841738,24621.334,19.571075
1365.3891767072623,24642.049,19.581251
1365.3905655727863,24598.549,19.559895
1365.3919544383098,24654.387,19.578978
1365.3933433038337,24656.78,19.572737
1365.3947321694745,24589.406,19.554293
1365.396121034999,24631.96,19.572384
1365.397509900406,24626.549,19.5693
1365.3988987659304,24601.36,19.567366
1365.4002876314544,24595.738,19.571774
1365.4016764969779,24622.203,19.56692
1365.4030653625023,24629.506,19.568567
1365.4044542280262,24619.988,19.572107
1365.4058430935506,24619.457,19.564316
1365.407231959075,24631.055,19.56689
1365.408620824598,24647.715,19.56838
1365.4100096901218,24607.023,19.5725
1365.41139855553,24607.646,19.560736
1365.4127874210544,24640.328,19.565874
1365.4141762865788,24615.754,19.564816
1365.4155651521023,24665.66,19.578388
1365.4169540176263,24649.932,19.577284
1365.4183428830333,24609.727,19.559109
1365.4197317485578,24635.098,19.574224
1365.4211206140822,24627.123,19.564018
1365.4225094794897,24637.963,19.570688
1365.4238983450132,24640.225,19.564548
1365.4252872105371,24603.312,19.56163
1365.4266760759442,24618.56,19.562248
1365.4280649414686,24631.75,19.565056
1365.429453806993,24627.32,19.56742
1365.430842672401,24619.316,19.565842
1365.432231537925,24628.922,19.569107
1365.4336204033316,24598.928,19.569466
1365.435009268856,24623.78,19.568167
1365.4363981343804,24632.613,19.562702
1365.4377869997875,24656.387,19.57151
1365.439175865312,24630.385,19.569218
1365.4405647307194,24589.037,19.555151
1365.4419535962434,24608.799,19.556608
1365.4433424616514,24616.56,19.56143
1365.4447313270584,24639.547,19.573566
1365.4461201925828,24640.777,19.564844
1365.4475090579908,24639.053,19.577473
1365.4488979235148,24618.312,19.568169
1365.4502867889219,24591.475,19.56717
1365.4516756543294,24646.58,19.574951
1365.4530645198538,24621.125,19.566257
1365.4544533852618,24647.277,19.573822
1365.4558422506689,24603.09,19.5733
1365.4572311161928,24653.969,19.581905
1365.4586199816,24656.879,19.577839
1365.4600088470079,24640.88,19.583998
1365.4613977124159,24659.201,19.586739
1365.4627865779398,24617.213,19.57677
1365.4641754433478,24608.398,19.574375
1365.465564308755,24628.115,19.581795
1365.4669531741624,24609.822,19.56998
1365.4683420395704,24610.066,19.58353
1365.469730904978,24631.555,19.57298
1365.4711197705024,24591.549,19.573233
1365.4725086359103,24620.258,19.576021
1365.473897501317,24626.7,19.587105
1365.475286366724,24632.395,19.586319
1365.476675232132,24632.508,19.582817
1365.47806409754,24629.018,19.585178
1365.479452962948,24634.633,19.592125
1365.4808418283556,24620.777,19.585985
1365.4822306937626,24609.748,19.585526
1365.4836195591702,24616.844,19.589626
1365.4850084245782,24628.633,19.59502
1365.4863972899861,24631.5,19.608429
1365.4877861553932,24631.213,19.59676
1365.4891750208012,24614.365,19.58329
1365.4905638862087,24609.107,19.596914
1365.491952751499,24632.117,19.592314
1365.493341616907,24640.68,19.601353
1365.494730482315,24629.883,19.594822
1365.496119347723,24612.21,19.588516
1365.4975082131305,24605.953,19.599957
1365.498897078537,24627.266,19.597883
1365.5002859438287,24625.32,19.595104
1365.5016748092366,24598.637,19.598045
1365.5030636746446,24626.648,19.602026
1365.5044525400526,24585.43,19.595272
1365.5058414053428,24618.945,19.608486
1365.50723027075,24627.078,19.60741
1365.508619136158,24634.117,19.621868
1365.510008001449,24609.816,19.613045
1365.511396866857,24623.164,19.614437
1365.512785732265,24670.488,19.62758
1365.5141745975557,24657.871,19.61835
1365.5155634629632,24639.25,19.614006
1365.5169523282539,24622.393,19.616776
1365.5183411936619,24627.11,19.615238
1365.5197300589534,24573.611,19.602123
1365.5211189243614,24655.596,19.629026
1365.5225077896525,24625.275,19.623041
1365.5238966550592,24642.043,19.623222
1365.5252855203507,24601.64,19.617798
1365.5266743857587,24636.682,19.633593
1365.5280632510498,24628.443,19.62536
1365.5294521164578,24596.717,19.624063
1365.5308409817485,24643.514,19.641026
1365.5322298470396,24644.309,19.635153
1365.5336187124476,24620.031,19.62842
1365.5350075777383,24616.848,19.640541
1365.5363964430298,24587.02,19.632002
1365.5377853084378,24628.434,19.637186
1365.539174173729,24639.092,19.642035
1365.5405630390196,24574.393,19.63997
1365.5419519044272,24636.447,19.653803
1365.5433407697187,24654.59,19.656103
1365.5447296350103,24646.406,19.657034
1365.546118500301,24601.52,19.642338
1365.547507365592,24615.256,19.64823
1365.5488962309992,24625.404,19.64861
1365.5502850962907,24630.736,19.664928
1365.5516739615823,24647.424,19.672316
1365.5530628268734,24624.494,19.656652
1365.554451692165,24623.967,19.65737
1365.5558405574561,24630.95,19.670885
1365.5572294227468,24597.127,19.662737
1365.5586182880384,24635.21,19.665863
1365.5600071533295,24654.396,19.674458
1365.561396018621,24673.205,19.687756
1365.5627848839126,24620.83,19.680332
1365.5641737492028,24650.582,19.687399
1365.5655626144935,24591.26,19.68054
1365.566951479785,24605.46,19.682991
1365.5683403450766,24618.492,19.685114
1365.5697292103682,24656.553,19.698492
1365.5711180756584,24665.793,19.70141
1365.5725069409496,24655.684,19.703928
1365.5738958062411,24640.465,19.695362
1365.5752846715327,24617.898,19.693796
1365.5766735367079,24585.26,19.683634
1365.5780624019985,24622.844,19.69835
1365.5794512672896,24627.805,19.706068
1365.5808401325803,24617.477,19.697517
1365.5822289978714,24598.883,19.694866
1365.5836178630466,24626.184,19.705847
1365.5850067283382,24633.402,19.712189
1365.5863955936297,24654.943,19.721493
1365.5877844588044,24629.932,19.718063
1365.5891733240946,24614.373,19.70934
1365.5905621893862,24673.734,19.73743
1365.5919510545614,24598.838,19.728384
1365.593339919853,24636.338,19.733162
1365.5947287851445,24611.227,19.722775
1365.5961176503183,24619.893,19.72638
1365.597506515609,24683.387,19.754906
1365.5988953807841,24644.438,19.73544
1365.6002842460753,24618.719,19.735472
1365.6016731112504,24638.4,19.743586
1365.603061976542,24635.166,19.738976
1365.6044508417162,24658.145,19.763119
1365.6058397070074,24603.762,19.750072
1365.6072285721816,24597.445,19.748075
1365.6086174373568,24624.965,19.761003
1365.6100063026486,24637.723,19.762527
1365.611395167824,24631.354,19.762352
1365.6127840331146,24594.48,19.770292
1365.6141728982884,24645.89,19.780708
1365.6155617634636,24618.742,19.7617
1365.6169506287551,24617.264,19.776945
1365.6183394939299,24608.875,19.766666
1365.619728359105,24613.094,19.769526
1365.6211172242793,24635.05,19.779478
1365.6225060895704,24633.793,19.77715
1365.6238949547455,24612.713,19.780497
1365.6252838199198,24614.998,19.783373
1365.626672685095,24643.553,19.798178
1365.62806155027,24608.018,19.785677
1365.6294504155612,24644.598,19.791414
1365.6308392807355,24614.697,19.790726
1365.6322281459102,24618.49,19.798473
1365.6336170110853,24644.545,19.800951
1365.6350058762605,24630.918,19.805199
1365.6363947414347,24629.225,19.798489
1365.6377836066094,24641.908,19.811098
1365.639172471784,24609.838,19.796488
1365.6405613369593,24628.951,19.811563
1365.6419502021345,24636.254,19.815832
1365.6433390673087,24642.94,19.816893
1365.6447279324839,24630.254,19.821321
1365.6461167976586,24638.576,19.826128
1365.6475056628328,24633.867,19.817238
1365.648894528008,24605.682,19.822672
1365.6502833930663,24622.238,19.82265
1365.6516722582414,24614.23,19.82264
1365.6530611234166,24647.46,19.834064
1365.6544499885904,24612.691,19.825127
1365.6558388537646,24623.773,19.840607
1365.6572277189398,24648.18,19.836435
1365.6586165839985,24621.938,19.836752
1365.6600054491737,24613.336,19.836842
1365.6613943143484,24638.545,19.84255
1365.6627831794062,24605.55,19.83562
1365.664172044581,24618.715,19.844278
1365.665560909756,24612.51,19.84054
1365.6669497748148,24602.008,19.853456
1365.6683386399895,24621.617,19.843164
1365.6697275051638,24607.488,19.848383
1365.671116370222,24629.3,19.84877
1365.6725052353963,24618.248,19.850681
1365.673894100455,24629.322,19.854937
1365.6752829656302,24634.072,19.859179
1365.676671830689,24630.818,19.865065
1365.6780606958637,24625.137,19.857653
1365.679449560921,24655.156,19.865816
1365.6808384260962,24628.559,19.868465
1365.682227291155,24626.443,19.859535
1365.6836161563301,24635.156,19.872568
1365.6850050213889,24612.295,19.86405
1365.6863938865627,24609.13,19.859594
1365.6877827516205,24600.195,19.860209
1365.6891716166792,24606.098,19.861052
1365.690560481854,24634.795,19.863083
1365.6919493469127,24618.965,19.862041
1365.6933382119714,24620.562,19.867968
1365.6947270770293,24587.865,19.871058
1365.696115942204,24583.64,19.8635
1365.6975048072622,24625.25,19.875648
1365.698893672321,24637.592,19.87716
1365.7002825373797,24586.951,19.86063
1365.701671402555,24610.316,19.869993
1365.7030602676127,24640.352,19.876366
1365.70444913267,24623.648,19.87853
1365.7058379977288,24641.23,19.88546
1365.7072268627876,24603.982,19.869364
1365.7086157278459,24603.332,19.872667
1365.7100045929046,24645.652,19.888563
1365.7113934579625,24620.709,19.87812
1365.7127823230207,24638.924,19.883034
1365.7141711880795,24585.998,19.870853
1365.7155600531373,24637.545,19.879822
1365.716948918196,24573.254,19.870556
1365.7183377832548,24667.549,19.894835
1365.7197266483122,24610.574,19.879889
1365.7211155133705,24598.125,19.87737
1365.7225043784292,24642.164,19.886234
1365.723893243488,24611.83,19.883612
1365.7252821085467,24609.738,19.876913
1365.7266709734886,24614.834,19.884584
1365.7280598385464,24611.031,19.886301
1365.7294487036047,24596.953,19.887257
1365.7308375686634,24621.518,19.889845
1365.7322264337222,24614.701,19.901203
1365.7336152986636,24638.059,19.893656
1365.7350041637224,24638.229,19.899126
1365.7363930287806,24665.225,19.908733
1365.7377818937216,24589.312,19.89292
1365.7391707587803,24643.03,19.90006
1365.740559623839,24595.793,19.884682
1365.7419484887814,24648.361,19.913109
1365.7433373538402,24637.377,19.89878
1365.7447262188975,24646.162,19.903923
1365.746115083839,24603.096,19.882078
1365.7475039488977,24648.928,19.910488
1365.74889281384,24618.861,19.907238
1365.7502816788988,24640.67,19.908123
1365.7516705438406,24601.502,19.890278
1365.753059408899,24646.055,19.90387
1365.7544482738404,24628.375,19.911118
1365.7558371387822,24633.258,19.90691
1365.757226003841,24632.555,19.907537
1365.7586148687833,24667.58,19.914251
1365.760003733842,24612.861,19.904377
1365.7613925987835,24593.447,19.897896
1365.7627814637244,24608.885,19.903872
1365.7641703287832,24610.658,19.908148
1365.7655591937255,24610.951,19.898409
1365.7669480586678,24634.996,19.911331
1365.7683369236101,24637.195,19.906538
1365.7697257886675,24617.709,19.908384
1365.7711146536094,24630.418,19.91413
1365.7725035185517,24638.424,19.91307
1365.7738923834931,24619.13,19.917295
1365.7752812484355,24621.885,19.908522
1365.7766701134942,24655.621,19.922346
1365.778058978436,24625.494,19.917768
1365.7794478433775,24631.34,19.91432
1365.7808367083194,24629.416,19.919601
1365.7822255732617,24636.004,19.920881
1365.783614438204,24622.625,19.915026
1365.7850033031464,24595.492,19.914833
1365.7863921680882,24618.012,19.923317
1365.7877810330292,24615.816,19.919214
1365.7891698979715,24623.186,19.926323
1365.7905587629139,24631.174,19.909655
1365.7919476278553,24596.217,19.904509
1365.7933364927972,24630.717,19.927496
1365.7947253576222,24615.268,19.926487
1365.7961142225645,24591.55,19.924475
1365.7975030875068,24654.8,19.935198
1365.7988919524487,24610.633,19.921116
1365.800280817391,24646.959,19.92778
1365.801669682216,24607.41,19.918364
1365.803058547158,24636.693,19.937078
1365.8044474121002,24647.088,19.937492
1365.8058362770416,24645.525,19.942049
1365.8072251418675,24600.43,19.933887
1365.80861400681,24642.143,19.940928
1365.810002871751,24645.959,19.93706
1365.8113917365763,24620.193,19.943739
1365.8127806015186,24640.578,19.943735
1365.8141694663445,24623.39,19.936333
1365.8155583312869,24640.385,19.943539
1365.8169471962287,24632.95,19.940857
1365.8183360610537,24599.209,19.939405
1365.8197249259956,24638.395,19.948956
1365.8211137908215,24613.67,19.941969
1365.8225026557639,24645.17,19.955647
1365.8238915205889,24638.941,19.948586
1365.8252803854148,24642.467,19.939194
1365.8266692503566,24618.918,19.94231
1365.8280581151812,24629.102,19.954094
1365.8294469801235,24635.443,19.956562
1365.8308358449494,24622.291,19.952269
1365.8322247097753,24639.553,19.956291
1365.8336135747177,24618.479,19.95604
1365.8350024395422,24620.81,19.9538
1365.8363913043672,24636.16,19.967213
1365.8377801691934,24614.518,19.961733
1365.839169034136,24644.926,19.963724
1365.8405578989618,24619.691,19.967001
1365.8419467637868,24613.795,19.971079
1365.8433356286123,24619.707,19.967314
1365.8447244934373,24599.072,19.95685
1365.8461133582628,24634.977,19.967146
1365.847502223205,24623.8,19.976664
1365.848891088031,24614.139,19.971712
1365.850279952857,24641.992,19.98605
1365.851668817682,24633.404,19.978651
1365.8530576825065,24621.498,19.967653
1365.8544465473324,24640.385,19.980972
1365.8558354121583,24635.457,19.990177
1365.8572242769842,24618.74,19.984213
1365.85861314181,24650.207,19.98833
1365.8600020065182,24633.812,19.984524
1365.8613908713437,24587.652,19.988214
1365.8627797361696,24644.973,19.99178
1365.8641686009946,24623.285,19.985666
1365.8655574658208,24637.088,19.983967
1365.866946330647,24629.979,19.989723
1365.868335195472,24644.412,19.997112
1365.869724060181,24628.627,19.995504
1365.871112925006,24653.48,19.998745
1365.8725017898319,24661.72,20.004894
1365.8738906545414,24621.656,19.9974
1365.8752795193673,24649.566,20.002075
1365.8766683841927,24653.57,20.01659
1365.8780572489009,24615.99,20.000662
1365.8808349785527,24622.377,19.997108
1365.8836127080872,24617.447,20.013449
1365.8850015727962,24603.307,19.996021
1365.8863904376212,24587.676,20.001156
1365.8877793023307,24625.303,20.01052
1365.8891681671562,24633.44,20.014696
1365.8905570318657,24601.662,20.004871
1365.8919458966916,24620.584,20.019766
1365.8933347614002,24645.465,20.022562
1365.8947236262256,24605.338,20.011541
1365.8961124909347,24633.217,20.013144
1365.8975013556442,24609.617,20.018564
1365.89889022047,24612.494,20.018686
1365.9002790851787,24662.611,20.031414
1365.9016679498877,24615.07,20.023382
1365.9030568145963,24627.705,20.01163
1365.9044456794222,24604.855,20.021738
1365.9058345441317,24625.355,20.027945
1365.9072234088408,24579.24,20.008957
1365.9086122735503,24651.436,20.02215
1365.9100011382588,24656.129,20.03196
1365.9113900030843,24614.094,20.022968
1365.9127788677938,24595.682,20.016037
1365.9141677325024,24640.79,20.044733
1365.915556597212,24638.857,20.033627
1365.9169454619214,24618.45,20.042757
1365.9183343266295,24613.887,20.03792
1365.9197231913386,24641.656,20.02984
1365.921112056048,24621.746,20.030094
1365.9225009207576,24631.213,20.04517
1365.923889785467,24622.688,20.032545
1365.925278650176,24626.623,20.0332
1365.9266675148847,24631.092,20.036942
1365.9280563794773,24634.785,20.029043
1365.9294452441868,24604.215,20.031084
1365.9308341088963,24651.262,20.038206
1365.932222973605,24645.365,20.034906
1365.9336118383144,24618.713,20.035044
1365.9350007030234,24604.734,20.030262
1365.9363895676152,24689.592,20.053825
1365.9377784323246,24618.053,20.031021
1365.9391672970341,24620.314,20.034325
1365.9405561616272,24623.672,20.036018
1365.9419450263367,24650.674,20.03989
1365.9433338910449,24678.74,20.047844
1365.944722755637,24631.326,20.044603
1365.9461116203465,24630.898,20.045544
1365.9475004849396,24649.193,20.046381
1365.948889349649,24624.643,20.041155
1365.9502782143581,24636.96,20.042545
1365.9516670789505,24604.604,20.038355
1365.953055943543,24620.846,20.034855
1365.954444808252,24600.256,20.031588
1365.955833672845,24647.377,20.05449
1365.9572225375546,24648.021,20.044542
1365.9600002668562,24629.01,20.03669
1365.961389131448,24611.098,20.04407
1365.962777996041,24628.73,20.04011
1365.9641668607505,24596.457,20.035782
1365.9655557253436,24618.598,20.045732
1365.9669445899367,24642.098,20.048462
1365.9683334545284,24612.826,20.032145
1365.9697223192375,24615.715,20.04742
1365.9711111838305,24643.969,20.039518
1365.9725000484227,24679.113,20.0493
1365.9738889130158,24609.412,20.031996
1365.9752777776089,24594.13,20.04431
1365.9766666422015,24659.688,20.051891
1365.9780555067937,24649.492,20.047836
1365.9794443715027,24633.367,20.042225
1365.982222100689,24610.727,20.045347
1365.983610965282,24625.758,20.046535
1365.9849998298746,24650.566,20.046532
1365.9863886944663,24623.225,20.032803
1365.987777558943,24633.182,20.045599
1365.989166423536,24654.854,20.048523
1365.9905552881282,24604.81,20.034233
1365.9919441527209,24628.748,20.041632
1365.993333017313,24636.229,20.041761
1365.9947218819061,24633.44,20.050821
1365.9961107464992,24612.973,20.035526
1365.9974996109754,24676.844,20.06843
1365.9988884755685,24644.742,20.055618
1366.0002773401607,24663.56,20.052977
1366.0016662047524,24638.875,20.057112
1366.003055069229,24604.855,20.044611
1366.0044439338221,24650.916,20.044888
1366.0058327984152,24621.99,20.047585
1366.0072216628919,24605.816,20.04488
1366.0099993919598,24617.994,20.03951
1366.011388256553,24641.492,20.050024
1366.0127771210296,24645.318,20.048658
1366.0155548500989,24608.154,20.043907
1366.016943714691,24623.504,20.047405
1366.0183325791672,24624.975,20.04707
1366.0197214437594,24644.486,20.057617
1366.021110308236,24634.34,20.05718
1366.0224991727127,24623.455,20.047304
1366.0238880373058,24616.09,20.048674
1366.025276901782,24625.021,20.052124
1366.0266657662573,24635.84,20.04292
1366.0280546308504,24633.906,20.046339
1366.029443495327,24643.605,20.053864
1366.0322212242804,24630.87,20.048153
1366.0336100888721,24640.084,20.053295
1366.034998953348,24599.537,20.035862
1366.0363878178246,24659.59,20.061798
1366.0377766823008,24634.855,20.052296
1366.0391655467774,24623.23,20.050217
1366.040554411254,24616.291,20.050406
1366.0419432757303,24638.889,20.048561
1366.043332140206,24604.855,20.046303
1366.0447210046823,24614.967,20.046968
1366.046109869159,24605.158,20.032743
1366.0474987336356,24607.352,20.041977
1366.0488875981123,24631.895,20.04116
1366.050276462588,24605.104,20.045382
1366.0516653270633,24628.193,20.036566
1366.05305419154,24607.76,20.038462
1366.0544430560167,24606.666,20.043173
1366.0558319203765,24604.766,20.040285
1366.0613873781654,24620.041,20.054405
1366.0627762426411,24637.256,20.051823
1366.064165107118,24613.11,20.049814
1366.065553971595,24669.832,20.059473
1366.0669428359543,24609.922,20.04632
1366.0711094292665,24649.607,20.051609
1366.0724982936267,24618.527,20.043129
1366.073887158103,24623.664,20.056208
1366.0752760224623,24598.773,20.04299
1366.0780537512987,24674.006,20.064217
1366.0794426157754,24621.965,20.052296
1366.0808314801347,24599.877,20.037418
1366.0822203446114,24624.027,20.059332
1366.0836092089712,24628.59,20.052639
1366.0849980733306,24645.914,20.046515
1366.0863869378072,24571.814,20.03764
1366.087775802167,24609.998,20.048151
1366.0891646665273,24676.918,20.060114
1366.0905535308875,24682.625,20.063807
1366.0919423953628,24606.885,20.040825
1366.0933312597222,24615.777,20.04894
1366.0947201240826,24590.654,20.041348
1366.0961089884431,24609.309,20.04997
1366.0974978528034,24616.656,20.049831
1366.0988867171627,24682.547,20.059061
1366.1002755815225,24679.143,20.069601
1366.1016644458819,24617.834,20.052391
1366.103053310242,24634.812,20.05524
1366.1044421746024,24650.576,20.062838
1366.1058310389622,24616.818,20.048676
1366.1072199033224,24649.523,20.051363
1366.1086087676817,24622.883,20.053574
1366.1099976320406,24628.307,20.049469
1366.1113864964009,24641.066,20.047546
1366.1127753607611,24650.229,20.050043
1366.1141642251214,24593.56,20.036865
1366.1155530893652,24629.527,20.045403
1366.116941953724,24648.611,20.052578
1366.118330818084,24639.922,20.050299
1366.1197196824442,24621.76,20.041733
1366.121108546688,24634.89,20.053366
1366.1224974110482,24608.594,20.037642
1366.123886275408,24627.662,20.040813
1366.125275139651,24626.121,20.049139
1366.1266640040108,24620.81,20.048365
1366.12805286837,24574.332,20.02289
1366.129441732614,24638.898,20.04147
1366.1308305969742,24633.186,20.043179
1366.132219461218,24642.398,20.040176
1366.1336083255778,24588.014,20.029257
1366.1349971898203,24646.92,20.05272
1366.1363860541805,24617.125,20.037453
1366.1377749184244,24629.686,20.037695
1366.1405526470285,24632.48,20.036678
1366.141941511271,24596.633,20.02532
1366.1433303756303,24639.428,20.038792
1366.1447192398741,24606.287,20.031332
1366.1461081041175,24594.395,20.030497
1366.1474969683613,24647.057,20.035654
1366.1488858327216,24647.59,20.041578
1366.1502746969647,24626.41,20.03406
1366.151663561208,24618.994,20.028765
1366.1530524254513,24596.088,20.022678
1366.1544412896951,24615.107,20.020584
1366.155830153939,24607.371,20.015741
1366.1572190181828,24607.648,20.012632
1366.1586078825421,24599.521,20.022833
1366.1599967467846,24624.658,20.019108
1366.1613856110284,24603.08,20.00235
1366.1627744752723,24614.117,19.997892
1366.1641633395157,24605.668,20.018179
1366.165552203643,24576.72,20.00532
1366.166941067886,24605.69,20.014149
1366.1683299321294,24655.887,20.025793
1366.1697187963732,24598.977,20.013767
1366.1711076606161,24589.084,20.01444
1366.17249652486,24602.443,20.018042
1366.1738853891038,24594.977,19.99809
1366.1752742532308,24648.883,20.032326
1366.1766631174737,24640.928,20.025692
1366.178051981717,24606.04,20.016542
1366.1794408458445,24648.686,20.021896
1366.1808297100883,24637.08,20.024424
1366.1822185743317,24611.99,20.010979
1366.1836074384582,24625.213,20.00809
1366.1849963027016,24595.857,20.000717
1366.1863851669455,24671.865,20.026516
1366.1877740310729,24644.492,20.014132
1366.1891628953158,24631.584,20.013851
1366.1919406236866,24605.81,20.007147
1366.1933294878131,24650.46,20.024096
1366.1947183519405,24647.059,20.01926
1366.196107216184,24615.178,19.997826
1366.1974960803113,24645.008,20.00064
1366.1988849445552,24613.1,20.00281
1366.2002738086812,24629.012,20.005281
1366.2016626728077,24629.309,20.015835
1366.2030515369352,24589.436,20.003448
1366.204440401179,24616.574,19.993593
1366.2058292653064,24648.121,20.011269
1366.2072181294334,24611.133,19.995348
1366.2086069935604,24625.81,19.996397
1366.2099958576869,24646.436,19.997377
1366.2113847218143,24623.48,19.999727
1366.2127735860581,24670.701,20.017208
1366.214162450185,24614.75,19.997162
1366.2155513143125,24641.787,20.0186
1366.216940178439,24607.63,19.99378
1366.218329042565,24626.396,20.015778
1366.2197179066925,24601.371,19.993702
1366.22110677082,24639.076,20.003637
1366.222495634831,24607.102,20.007078
1366.2238844989583,24627.496,19.99741
1366.2266622272114,24639.648,19.999535
1366.2280510913388,24635.473,19.995327
1366.2294399554662,24619.887,19.99189
1366.2308288194772,24609.95,19.998045
1366.2322176836037,24602.39,19.98524
1366.2336065477307,24623.883,19.974775
1366.2349954118572,24626.398,19.993668
1366.2363842758677,24649.15,19.998621
1366.2377731399952,24605.717,19.984259
1366.2391620041226,24611.355,19.987257
1366.2405508681336,24644.684,19.999912
1366.2419397322606,24607.545,19.977478
1366.2433285962702,24592.416,19.975986
1366.2447174603976,24618.65,19.990875
1366.2461063244086,24617.195,19.968794
1366.247495188536,24664.709,20.000711
1366.248884052547,24605.885,19.971365
1366.2502729165567,24637.256,19.988926
1366.2516617806832,24655.805,19.991224
1366.2530506446942,24642.604,19.981781
1366.2544395088212,24607.291,19.977242
1366.2558283728322,24639.139,19.995247
1366.2572172368432,24633.373,19.984972
1366.2586061008533,24624.484,19.986834
1366.2599949649803,24644.803,19.987938
1366.2613838289903,24616.246,19.985384
1366.2627726930014,24636.205,19.974785
1366.2655504210238,24614.338,19.965809
1366.266939285034,24621.875,19.97443
1366.2683281490436,24620.895,19.961153
1366.269717013171,24629.166,19.98139
1366.271105877182,24640.246,19.965782
1366.2724947411925,24635.87,19.976562
1366.2738836052035,24624.85,19.97045
1366.2766613331082,24611.553,19.969965
1366.2780501971188,24637.145,19.96709
1366.2794390611289,24665.043,19.979757
1366.2808279251399,24652.87,19.97909
1366.2822167891509,24634.643,19.975126
1366.2836056531614,24650.457,19.97163
1366.284994517055,24620.775,19.961811
1366.2863833810657,24633.77,19.976542
1366.2877722450767,24615.342,19.95761
1366.2891611089713,24619.94,19.959064
1366.2905499729814,24649.562,19.970621
1366.2919388369926,24623.227,19.967001
1366.2933277008865,24600.37,19.952726
1366.294716564897,24590.707,19.944984
1366.296105428908,24654.34,19.968044
1366.2974942928017,24676.17,19.981161
1366.2988831568127,24599.588,19.959324
1366.3002720207073,24636.37,19.97336
1366.3016608846006,24629.758,19.961123
1366.303049748611,24659.012,19.981443
1366.3044386125057,24643.766,19.966887
1366.3058274765167,24660.182,19.952194
1366.3072163404113,24632.19,19.951332
1366.308605204305,24636.197,19.960459
1366.3099940683155,24655.908,19.968504
1366.3113829322092,24623.195,19.961775
1366.3127717961038,24646.945,19.956621
1366.3141606599984,24623.574,19.952896
1366.315549524009,24632.766,19.948202
1366.3169383879035,24625.936,19.961748
1366.3183272517972,24648.738,19.966394
1366.3197161156904,24637.977,19.96362
1366.3211049795852,24602.959,19.947966
1366.32249384348,24602.928,19.93357
1366.3238827073747,24626.158,19.953487
1366.3252715712692,24642.23,19.951431
1366.3266604351625,24622.28,19.953362
1366.3280492990561,24599.656,19.938545
1366.3294381629507,24655.098,19.947235
1366.3308270268453,24639.865,19.949797
1366.333604754634,24633.352,19.94052
1366.3349936184113,24631.416,19.943224
1366.3363824823055,24655.408,19.958687
1366.3377713461991,24640.438,19.93911
1366.3391602100937,24640.564,19.94455
1366.340549073872,24625.287,19.936945
1366.3419379377665,24626.615,19.938143
1366.3433268016606,24610.748,19.918787
1366.3447156654374,24669.234,19.959187
1366.346104529332,24655.727,19.937714
1366.3474933932266,24620.447,19.949541
1366.3488822570048,24608.031,19.922855
1366.3516599846762,24647.246,19.946796
1366.3530488485703,24625.031,19.923996
1366.3544377123485,24636.705,19.923986
1366.3558265761258,24636.795,19.941256
1366.3572154400204,24608.986,19.918201
1366.3586043037985,24637.18,19.938492
1366.3599931676927,24635.928,19.930975
1366.36138203147,24603.78,19.913778
1366.3627708952476,24627.844,19.919533
1366.3655486229204,24653.256,19.936323
1366.3669374866986,24654.566,19.919184
1366.3683263504759,24658.967,19.937252
1366.3697152142527,24598.514,19.906715
1366.3711040780308,24648.072,19.909925
1366.372492941809,24645.604,19.908785
1366.3738818055867,24632.572,19.92131
1366.3752706694813,24619.943,19.904276
1366.3766595332586,24641.178,19.91017
1366.3780483970363,24661.082,19.916534
1366.379437260698,24625.787,19.908373
1366.3808261244758,24644.965,19.900215
1366.382214988254,24641.924,19.897257
1366.3836038520321,24662.824,19.911068
1366.3849927158094,24600.223,19.883648
1366.3863815795871,24592.58,19.890041
1366.3877704433644,24621.969,19.890455
1366.3891593070261,24629.033,19.900612
1366.3905481708043,24623.02,19.893164
1366.391937034582,24624.568,19.8902
1366.3933258983593,24633.547,19.885847
1366.3947147620206,24625.06,19.885815
1366.3961036257988,24628.906,19.889866
1366.397492489577,24642.979,19.883566
1366.3988813532378,24633.299,19.882174
1366.400270217016,24601.234,19.873549
1366.4016590806773,24660.549,19.875793
1366.4030479444546,24677.96,19.886833
1366.4044368081163,24606.848,19.866709
1366.4072145355558,24632.72,19.87376
1366.4086033992176,24651.76,19.880827
1366.4099922629944,24633.686,19.865252
1366.4113811266557,24643.479,19.883978
1366.4127699903174,24635.223,19.866123
1366.4141588540956,24646.193,19.862501
1366.4169365814182,24599.84,19.86739
1366.4183254450795,24635.191,19.86545
1366.4197143088568,24680.998,19.870773
1366.4211031725185,24652.078,19.863783
1366.4224920361803,24626.092,19.860533
1366.4238808998416,24609.055,19.853834
1366.4252697635034,24597.133,19.84656
1366.4266586271642,24604.674,19.854233
1366.4280474908246,24631.695,19.859085
1366.4294363544864,24607.807,19.848352
1366.4308252181481,24613.17,19.868633
1366.43221408181,24633.988,19.853119
1366.4336029454719,24609.922,19.85477
1366.4349918091323,24655.736,19.856543
1366.436380672677,24656.445,19.852722
1366.4377695363387,24630.596,19.862764
1366.4391584000005,24637.877,19.855259
1366.4405472636622,24616.77,19.842318
1366.441936127207,24634.389,19.856667
1366.443324990868,24634.23,19.846363
1366.4447138545293,24698.338,19.865778
1366.44610271819,24618.055,19.834726
1366.4474915817354,24623.291,19.849949
1366.4502693089426,24602.115,19.839214
1366.4516581726039,24653.92,19.85497
1366.4530470361478,24603.21,19.8432
1366.4544358998096,24623.307,19.851105
1366.455824763355,24624.553,19.843035
1366.4572136270167,24635.594,19.845932
1366.458602490562,24592.314,19.82738
1366.459991354106,24620.686,19.83484
1366.4613802177669,24636.064,19.843157
1366.4627690813124,24606.168,19.829733
1366.464157944857,24607.006,19.830462
1366.4655468085189,24649.494,19.842743
1366.4669356720642,24634.562,19.852839
1366.468324535609,24628.836,19.8325
1366.4697133991535,24638.979,19.838526
1366.4711022626984,24650.623,19.83675
1366.4738799899055,24623.46,19.825788
1366.4752688534509,24610.39,19.824677
1366.4766577169962,24629.648,19.829994
1366.4780465805402,24627.1,19.830706
1366.4794354440846,24661.158,19.834206
1366.48082430763,24635.262,19.815832
1366.4822131711749,24627.602,19.838842
1366.4836020346038,24655.717,19.839884
1366.4849908981491,24637.865,19.836971
1366.4863797616936,24638.373,19.84457
1366.4877686252385,24647.64,19.834856
1366.489157488783,24625.22,19.819439
1366.490546352212,24582.205,19.80967
1366.4919352157576,24628.209,19.836487
1366.493324079303,24614.137,19.816446
1366.496101806275,24632.72,19.828327
1366.4974906698203,24598.816,19.813398
1366.4988795332492,24629.648,19.823118
1366.5002683967941,24628.656,19.821634
1366.501657260223,24606.602,19.819347
1366.5030461237675,24651.531,19.839104
1366.504434987196,24614.08,19.812824
1366.5058238507413,24634.143,19.828625
1366.5072127141693,24585.398,19.810396
1366.5086015777147,24651.107,19.825424
1366.5099904411436,24615.957,19.822876
1366.511379304572,24636.152,19.82692
1366.5127681681165,24665.578,19.825386
1366.514157031545,24631.354,19.818521
1366.515545894974,24646.867,19.823475
1366.5169347584028,24618.44,19.816496
1366.5183236219473,24612.498,19.804895
1366.5197124853757,24659.873,19.823053
1366.5211013488042,24648.557,19.82761
1366.5224902122332,24624.684,19.801512
1366.523879075662,24614.713,19.805029
1366.52526793909,24630.271,19.82587
1366.526656802519,24634.76,19.812428
1366.5280456659475,24628.664,19.8169
1366.5294345293755,24604.799,19.80148
1366.5308233928045,24657.986,19.81954
1366.532212256233,24632.629,19.813528
1366.5336011196619,24695.479,19.830292
1366.5349899830908,24645.861,19.822617
1366.536378846402,24616.658,19.80459
1366.53776770983,24643.932,19.817022
1366.5391565732589,24638.602,19.81168
1366.5405454366878,24636.508,19.821613
1366.5419343000003,24631.59,19.810677
1366.5433231634288,24626.883,19.806063
1366.5447120268568,24624.475,19.821451
1366.5461008901689,24640.016,19.823858
1366.5474897535978,24622.041,19.810574
1366.5488786169103,24661.559,19.820696
1366.5502674803388,24612.395,19.797358
1366.5516563436513,24621.594,19.812897
1366.5530452070793,24615.926,19.81079
1366.5544340703905,24638.85,19.82334
1366.5558229338194,24610.453,19.805233
1366.557211797132,24620.04,19.809217
1366.5586006605608,24633.762,19.825706
1366.5599895238734,24616.139,19.80479
1366.5613783871845,24642.285,19.822958
1366.5627672504966,24608.258,19.812387
1366.5641561139255,24615.828,19.805798
1366.565544977238,24609.229,19.814972
1366.5669338405505,24610.354,19.80159
1366.5683227038621,24619.566,19.811281
1366.5697115671742,24658.518,19.820236
1366.5711004304858,24654.81,19.819452
1366.5724892939143,24623.617,19.811138
1366.5738781572268,24630.33,19.821882
1366.5766558838518,24613.162,19.82146
1366.5780447471639,24639.357,19.813316
1366.5794336103586,24631.893,19.82701
1366.580822473671,24634.627,19.819265
1366.5822113369836,24626.61,19.829872
1366.5836002002952,24620.451,19.813988
1366.5849890636077,24607.016,19.819136
1366.5863779269198,24604.477,19.82273
1366.587766790115,24647.484,19.815878
1366.5891556534275,24624.234,19.820759
1366.5905445167396,24637.217,19.831009
1366.591933380052,24667.574,19.8295
1366.5933222432482,24656.47,19.837305
1366.5947111065607,24656.043,19.836575
1366.5960999697559,24640.18,19.827087
1366.597488833067,24608.668,19.8184
1366.5988776962631,24632.889,19.825706
1366.6016554227713,24626.432,19.826956
1366.6030442860838,24650.61,19.832106
1366.6044331492792,24608.664,19.82437
1366.605822012591,24613.25,19.821487
1366.6072108757871,24604.846,19.8196
1366.6085997389828,24624.635,19.81599
1366.6099886022953,24630.354,19.83802
1366.6113774654914,24626.328,19.83012
1366.6127663286866,24609.62,19.829153
1366.6141551918822,24634.873,19.828716
1366.6155440550774,24612.775,19.82842
1366.61693291839,24624.676,19.831049
1366.6197106447817,24588.625,19.82231
1366.6210995079769,24628.086,19.840492
1366.6224883711725,24626.553,19.838224
1366.6238772343686,24597.057,19.83272
1366.6252660975647,24641.316,19.836617
1366.6266549607599,24611.55,19.834236
1366.6377658660926,24611.219,19.836037
1366.6391547292883,24640.262,19.851316
1366.6405435924844,24625.2,19.85189
1366.641932455564,24625.605,19.850117
1366.6433213187602,24647.682,19.862799
1366.644710181839,24623.37,19.84889
1366.6460990450346,24609.506,19.842518
1366.6474879082298,24601.715,19.851128
1366.6488767713095,24627.62,19.852674
1366.6502656343891,24625.857,19.853292
1366.6516544975848,24610.012,19.846083
1366.6530433606645,24607.19,19.84355
1366.6544322238597,24608.715,19.851147
1366.655821086938,24611.021,19.855886
1366.6572099500177,24669.828,19.86175
1366.6585988132138,24621.412,19.86445
1366.6599876762937,24615.764,19.85498
1366.6613765393736,24651.31,19.868334
1366.662765402452,24640.426,19.866564
1366.6641542655307,24600.953,19.857624
1366.6655431286104,24616.775,19.858335
1366.6669319918065,24597.27,19.850203
1366.6683208548861,24629.496,19.85996
1366.6697097179654,24629.066,19.854261
1366.6710985810441,24608.479,19.852713
1366.6724874441234,24627.285,19.86345
1366.6738763072021,24638.547,19.861334
1366.6752651702818,24600.518,19.859205
1366.676654033245,24606.75,19.85028
1366.6780428963248,24642.285,19.857607
1366.679431759404,24638.09,19.86407
1366.6808206224823,24630.559,19.859856
1366.682209485562,24633.02,19.862974
1366.6835983486417,24612.97,19.857153
1366.684987211605,24645.383,19.865862
1366.6863760746846,24612.277,19.860561
1366.6877649377634,24626.344,19.854387
1366.6891538007262,24634.285,19.859781
1366.6905426638054,24628.844,19.857698
1366.6919315267678,24657.129,19.861273
1366.6933203898475,24613.154,19.852247
1366.6947092528108,24646.004,19.865746
1366.6960981158904,24665.986,19.868122
1366.6974869788532,24620.996,19.855553
1366.6988758419316,24613.924,19.856464
1366.7002647048948,24613.805,19.854862
1366.7016535679745,24659.527,19.865538
1366.7030424309378,24648.057,19.874016
1366.704431293901,24636.262,19.865368
1366.7058201569794,24618.092,19.865074
1366.7072090199417,24634.676,19.866241
1366.708597882905,24624.047,19.866625
1366.7099867458678,24623.322,19.871496
1366.711375608831,24618.545,19.865341
1366.7127644719108,24612.22,19.864744
1366.7141533348731,24640.393,19.870045
1366.715542197836,24651.852,19.865145
1366.7169310607983,24618.225,19.859032
1366.7183199237618,24591.785,19.845608
1366.7210976496885,24646.102,19.855064
1366.722486512651,24650.043,19.85706
1366.7238753756128,24601.549,19.839663
1366.7252642384597,24618.45,19.839613
1366.726653101423,24629.975,19.85419
1366.7280419643857,24653.717,19.848745
1366.729430827349,24634.943,19.841417
1366.7308196903114,24643.627,19.846668
1366.7322085531578,24639.73,19.842272
1366.733597416121,24624.691,19.834036
1366.7349862790834,24642.945,19.834658
1366.7363751419302,24616.32,19.83471
1366.7377640048935,24666.295,19.838184
1366.7391528678563,24626.29,19.837034
1366.7405417307023,24638.494,19.84227
1366.741930593665,24631.547,19.835402
1366.743319456512,24633.7,19.83612
1366.7447083194752,24614.92,19.815086
1366.7460971823214,24648.992,19.833408
1366.747486045284,24615.346,19.831194
1366.7488749081303,24644.21,19.829605
1366.7502637709772,24599.492,19.816757
1366.7516526339405,24631.521,19.827028
1366.7530414967864,24625.066,19.820591
1366.7544303596333,24646.475,19.814594
1366.7558192224797,24654.625,19.822046
1366.757208085442,24645.297,19.820593
1366.7585969482889,24607.668,19.80917
1366.7599858111353,24631.158,19.820248
1366.7613746739821,24609.832,19.814762
1366.762763536829,24617.8,19.808762
1366.764152399675,24632.322,19.808233
1366.7655412625213,24638.428,19.813965
1366.7669301253673,24623.127,19.80908
1366.768318988214,24621.744,19.803965
1366.769707851061,24630.637,19.808214
1366.7710967139074,24652.451,19.807596
1366.7724855767542,24620.88,19.795153
1366.7738744396004,24644.389,19.801863
1366.7752633024465,24645.89,19.805178
1366.776652165177,24613.143,19.804213
1366.7780410280234,24617.758,19.797544
1366.7794298908702,24604.902,19.785423
1366.780818753717,24618.219,19.800959
1366.7822076164462,24627.572,19.791805
1366.783596479292,24640.744,19.795767
1366.784985342139,24619.297,19.787024
1366.7863742048694,24602.773,19.781315
1366.7877630677162,24612.203,19.786228
1366.7891519304462,24615.838,19.789825
1366.7905407932922,24619.928,19.780169
1366.7919296560221,24647.89,19.788332
1366.793318518869,24625.424,19.77811
1366.7947073815994,24610.646,19.771955
1366.7960962444454,24619.473,19.77677
1366.7974851071758,24618.312,19.76557
1366.7988739699058,24620.906,19.777964
1366.8002628327513,24623.773,19.777975
1366.8016516954817,24637.076,19.772388
1366.8030405582122,24614.2,19.762127
1366.8044294209426,24622.89,19.774523
1366.8058182837894,24615.324,19.76664
1366.8072071465185,24632.291,19.76337
1366.8085960092485,24667.678,19.77509
1366.809984871979,24624.451,19.760145
1366.8113737347094,24659.084,19.77149
1366.8127625974398,24661.621,19.77002
1366.8141514601693,24594.875,19.742311
1366.8155403228993,24646.93,19.756409
1366.8169291856289,24607.395,19.757504
1366.8183180483588,24639.875,19.75236
1366.8197069110893,24582.057,19.737062
1366.8210957738197,24605.158,19.749308
1366.8224846365501,24634.836,19.75067
1366.8238734991633,24633.299,19.745623
1366.8252623618923,24645.273,19.753824
1366.8266512246228,24651.273,19.741703
1366.8280400873532,24652.496,19.752552
1366.8294289499675,24632.387,19.734734
1366.8308178126981,24625.879,19.729982
1366.8322066754272,24638.492,19.732191
1366.8335955380403,24603.162,19.723846
1366.8349844007707,24624.242,19.729029
1366.8363732635007,24626.363,19.72818
1366.8377621261147,24598.986,19.712618
1366.8391509888452,24618.795,19.720755
1366.8405398514592,24621.43,19.72173
1366.8419287141887,24631.684,19.720882
1366.8433175768014,24640.23,19.728796
1366.8447064394154,24630.97,19.720276
1366.8460953021458,24610.254,19.711401
1366.8474841647594,24627.664,19.713396
1366.8488730273734,24643.816,19.723488
1366.850261890103,24596.479,19.71293
1366.8516507527165,24643.637,19.718027
1366.8530396153305,24618.596,19.703913
1366.8544284779437,24596.244,19.705368
1366.8558173405577,24619.857,19.71091
1366.8572062032881,24625.791,19.71414
1366.8585950659017,24631.078,19.706974
1366.8599839285152,24591.184,19.701954
1366.8613727911284,24620.008,19.701418
1366.8627616537424,24657.992,19.716532
1366.8641505163564,24608.725,19.705044
1366.86553937897,24607.547,19.702684
1366.866928241583,24645.955,19.707996
1366.8683171041966,24632.342,19.697224
1366.8697059668107,24631.137,19.697561
1366.8710948293083,24666.656,19.709368
1366.8724836919214,24605.94,19.688633
1366.8738725545354,24597.158,19.685404
1366.875261417149,24616.598,19.698101
1366.876650279762,24607.494,19.695848
1366.8780391422597,24608.76,19.69506
1366.8794280048733,24594.26,19.68287
1366.8808168674873,24618.15,19.685362
1366.882205729985,24624.68,19.68346
1366.8835945925975,24601.014,19.685177
1366.8849834550942,24628.486,19.688927
1366.8863723177083,24605.34,19.682999
1366.8877611803225,24622.86,19.690908
1366.8891500428203,24620.004,19.687422
1366.890538905317,24622.688,19.679668
1366.8919277679306,24614.451,19.679058
1366.8933166304273,24633.137,19.674162
1366.8947054930413,24655.354,19.684166
1366.896094355539,24583.398,19.660048
1366.897483218036,24623.56,19.668291
1366.89887208065,24627.934,19.67391
1366.9002609431468,24630.71,19.673567
1366.901649805643,24628.748,19.675634
1366.9030386681407,24634.916,19.669342
1366.9044275307547,24643.482,19.674433
1366.9058163932523,24647.81,19.67617
1366.90720525575,24625.387,19.661842
1366.908594118247,24629.465,19.665596
1366.9099829807437,24627.738,19.66764
1366.9113718432409,24623.098,19.655174
1366.9127607057385,24612.363,19.658592
1366.914149568236,24605.709,19.656822
1366.915538430733,24644.484,19.659601
1366.9169272932309,24638.564,19.65353
1366.9183161557276,24624.475,19.658676
1366.9197050182238,24634.486,19.669413
1366.9210938807214,24649.447,19.665403
1366.922482743219,24606.887,19.647049
1366.9238716056002,24617.857,19.6541
1366.9252604680978,24611.355,19.643145
1366.926649330594,24626.36,19.650599
1366.9280381930912,24634.33,19.64862
1366.9294270554724,24608.412,19.64272
1366.93081591797,24598.521,19.638525
1366.9322047804676,24614.105,19.64801
1366.9335936428479,24609.023,19.634277
1366.934982505345,24623.738,19.63977
1366.9363713677253,24623.4,19.637917
1366.9377602302225,24620.037,19.632866
1366.93914909272,24609.504,19.641241
1366.9405379551013,24609.172,19.631752
1366.9419268174825,24613.01,19.627642
1366.9433156799794,24616.885,19.634338
1366.9447045423592,24634.18,19.633604
1366.946093404857,24606.977,19.626802
1366.9474822672382,24635.209,19.635609
1366.9488711296194,24604.785,19.626497
1366.950259992117,24611.361,19.629856
1366.9516488544969,24614.303,19.62138
1366.9530377168771,24641.049,19.632189
1366.9544265792583,24597.527,19.617725
1366.9558154417555,24627.97,19.621922
1366.9572043041367,24611.793,19.618834
1366.9585931665179,24615.578,19.620558
1366.9599820288981,24621.277,19.626827
1366.9613708912789,24662.791,19.633295
1366.9627597536592,24641.674,19.63037
1366.9641486160403,24603.49,19.603785
1366.9655374784215,24604.443,19.603168
1366.9669263408027,24614.826,19.602543
1366.968315203184,24618.08,19.615341
1366.9697040655637,24654.172,19.614956
1366.9710929279445,24636.986,19.616394
1366.9724817903257,24614.77,19.60388
1366.9738706527064,24613.92,19.611588
1366.9752595149712,24655.28,19.612848
1366.9766483773524,24601.602,19.595026
1366.9780372397327,24638.66,19.604244
1366.9794261021134,24604.875,19.601501
1366.9808149644937,24629.854,19.603975
1366.9822038267585,24649.385,19.606205
1366.9835926891396,24623.523,19.59955
1366.9849815515208,24616.412,19.588953
1366.9863704137852,24605.41,19.580093
1366.987759276165,24647.336,19.595594
1366.9891481384298,24615.361,19.583231
1366.990537000811,24612.46,19.590324
1366.9919258630748,24598.234,19.578613
1366.993314725456,24612.059,19.582333
1366.9947035877203,24624.63,19.59469
1366.9960924501006,24644.16,19.581049
1366.9974813123654,24628.566,19.581635
1366.9988701747461,24611.201,19.574858
1367.000259037011,24615.201,19.574358
1367.0016478992757,24612.096,19.577059
1367.0030367616564,24613.055,19.574661
1367.0044256239203,24609.65,19.569548
1367.0058144861846,24648.035,19.582283
1367.0072033484494,24593.51,19.563976
1367.0085922108306,24637.24,19.584242
1367.0099810730944,24646.04,19.578178
1367.0113699353587,24630.727,19.57722
1367.0127587976226,24622.256,19.568695
1367.0141476598874,24611.643,19.56921
1367.0155365221522,24612.021,19.565775
1367.0169253844165,24595.91,19.5569
1367.0183142466813,24630.926,19.570606
1367.019703108946,24640.92,19.565804
1367.02109197121,24610.148,19.560284
1367.0224808334742,24609.559,19.553785
1367.023869695738,24628.973,19.554304
1367.0252585580029,24601.436,19.549253
1367.0266474202676,24689.934,19.565506
1367.028036282532,24627.717,19.561323
1367.0294251447963,24617.178,19.556284
1367.0308140070601,24586.535,19.543703
1367.032202869325,24624.742,19.5453
1367.0335917314733,24628.752,19.553791
1367.0349805937376,24627.117,19.555073
1367.0363694560024,24569.766,19.536997
1367.0377583182662,24601.957,19.546476
1367.0391471804141,24651.352,19.549253
1367.040536042679,24622.188,19.547352
1367.0419249049428,24618.18,19.54566
1367.0433137670911,24630.346,19.540852
1367.044702629356,24626.512,19.534178
1367.046091491503,24614.16,19.540972
1367.0474803537672,24639.883,19.548903
1367.0488692159156,24620.287,19.547157
1367.0502580781804,24654.727,19.5437
1367.0516469403287,24616.596,19.531776
1367.0530358025926,24590.307,19.526382
1367.0544246647405,24644.016,19.539478
1367.0558135270044,24594.291,19.524967
1367.057202389153,24600.25,19.52127
1367.0585912513016,24643.889,19.528698
1367.0599801135654,24592.861,19.528845
1367.0613689757138,24628.473,19.53317
1367.0627578378617,24625.963,19.530878
1367.0641467000087,24637.826,19.528233
1367.0655355622735,24626.547,19.52102
1367.0669244244218,24629.568,19.52909
1367.0683132865702,24619.871,19.52589
1367.0697021487185,24636.307,19.527739
1367.071091010866,24627.062,19.516857
1367.0724798731303,24614.016,19.506464
1367.0738687352778,24615.883,19.51987
1367.0752575974261,24624.955,19.517561
1367.0766464595745,24635.072,19.51714
1367.0780353217224,24621.49,19.510443
1367.0794241838707,24619.01,19.50264
1367.0808130460182,24603.527,19.498312
1367.0822019081652,24632.055,19.510157
1367.0835907703135,24630.56,19.509638
1367.0849796324621,24630.516,19.505056
1367.0863684946107,24590.604,19.488733
1367.0877573566427,24631.24,19.493229
1367.0891462187897,24595.29,19.498981
1367.0905350809371,24645.098,19.499983
1367.0919239430855,24623.861,19.497864
1367.0933128052338,24613.021,19.488842
1367.0947016673822,24652.479,19.495197
1367.0960905294137,24633.572,19.492657
1367.0974793915611,24604.291,19.491367
1367.098868253709,24607.436,19.483488
1367.10025711574,24617.992,19.4834
1367.1016459778884,24640.771,19.479845
1367.1030348400368,24594.182,19.471903
1367.1044237020687,24635.207,19.4811
1367.1058125642166,24627.404,19.47735
1367.1072014263636,24640.52,19.477016
1367.1085902883956,24596.1,19.461514
1367.109979150544,24609.855,19.463503
1367.111368012576,24616.725,19.452543
1367.1127568747243,24616.49,19.457829
1367.1141457367548,24589.639,19.450731
1367.1155345989027,24614.781,19.455296
1367.1169234609347,24617.633,19.456606
1367.1183123230821,24644.377,19.4642
1367.119701185114,24626.701,19.444725
1367.121090047146,24636.105,19.45311
1367.1224789092944,24625.252,19.438076
1367.1238677713259,24625.947,19.4352
1367.1252566333565,24642.451,19.440174
1367.1266454955048,24635.795,19.430567
1367.1280343575368,24620.47,19.431103
1367.1294232195687,24599.477,19.41447
1367.1308120816007,24588.957,19.40995
1367.1322009437476,24625.191,19.412024
1367.1335898057787,24596.133,19.407629
1367.1349786678106,24608.97,19.408266
1367.1363675298421,24641.887,19.408325
1367.137756391874,24620.709,19.399492
1367.139145253906,24617.816,19.404915
1367.1405341160537,24604.377,19.397182
1367.141922978085,24639.215,19.38936
1367.1433118401164,24639.926,19.399185
1367.1447007021484,24613.863,19.388544
1367.1460895641803,24608.01,19.391209
1367.1474784262114,24614.062,19.377367
1367.1488672882429,24577.617,19.363964
1367.150256150274,24598.303,19.360928
1367.1516450123058,24634.916,19.369026
1368.6002299794518,24630.584,18.869125
1368.6016188470683,24641.943,18.871935
1368.6030077148016,24620.834,18.871643
1368.6043965824188,24668.258,18.879347
1368.6057854500355,24650.205,18.87895
1368.6071743176517,24647.135,18.870579
1368.6085631852684,24658.709,18.878054
1368.609952053002,24619.025,18.86714
1368.611340920619,24639.22,18.874716
1368.6127297883518,24630.734,18.863728
1368.614118655969,24643.88,18.88568
1368.615507523702,24627.904,18.874048
1368.6168963913176,24642.875,18.873522
1368.618285259051,24632.928,18.869627
1368.6196741267845,24666.605,18.878164
1368.621062994518,24621.87,18.863321
1368.6224518622516,24618.904,18.864616
1368.6238407299847,24672.932,18.884605
1368.6252295977174,24673.06,18.882273
1368.6266184654505,24621.928,18.867258
1368.6280073331832,24644.154,18.874514
1368.6293962009167,24633.941,18.868382
1368.6307850686503,24598.842,18.858438
1368.6321739365003,24629.78,18.865866
1368.6335628042332,24656.143,18.873827
1368.6349516719652,24647.625,18.868662
1368.6363405398151,24642.195,18.86592
1368.6377294075487,24655.889,18.867584
1368.6391182753982,24611.166,18.864777
1368.6405071432482,24617.162,18.862995
1368.6418960109809,24651.564,18.874344
1368.6432848788304,24632.008,18.868042
1368.6446737466804,24627.102,18.869259
1368.6460626145295,24624.158,18.86436
1368.6474514823794,24625.734,18.87246
1368.6488403502294,24635.42,18.873152
1368.6502292180787,24622.756,18.870726
1368.651618085928,24636.166,18.870354
1368.653006953777,24607.994,18.867935
1368.6543958217435,24662.668,18.883587
1368.6557846895935,24606.463,18.86169
1368.657173557443,24629.64,18.8721
1368.6585624254094,24603.574,18.86417
1368.6599512932585,24665.13,18.877172
1368.6613401612235,24648.53,18.872837
1368.6627290290735,24631.06,18.863335
1368.66411789704,24615.775,18.861809
1368.6655067650063,24638.98,18.867857
1368.6668956328563,24642.121,18.866201
1368.6682845008218,24618.184,18.867052
1368.6696733687877,24623.445,18.868546
1368.6710622367532,24635.898,18.865599
1368.6724511047191,24638.73,18.868242
1368.6738399726855,24611.371,18.853746
1368.675228840652,24626.287,18.859781
1368.6766177086183,24617.883,18.864054
1368.6780065767002,24619.746,18.863354
1368.6793954446653,24634.059,18.865246
1368.6807843126317,24642.55,18.867987
1368.6821731807145,24641.793,18.869276
1368.68356204868,24623.188,18.86262
1368.6849509167628,24618.605,18.86573
1368.6863397847292,24628.373,18.868086
1368.6877286528115,24629.777,18.863905
1368.689117520777,24638.166,18.873009
1368.6905063888594,24620.281,18.86318
1368.6918952569422,24639.402,18.86712
1368.693284125025,24626.002,18.864813
1368.694672993107,24623.629,18.864784
1368.6960618611893,24650.463,18.878452
1368.6974507292712,24650.84,18.871521
1368.698839597354,24612.56,18.854866
1368.7002284654368,24645.201,18.875881
1368.7016173335187,24621.352,18.86329
1368.7030062016015,24597.344,18.852068
1368.7043950698007,24617.795,18.860243
1368.7057839378822,24619.668,18.860826
1368.7071728059645,24640.98,18.866623
1368.7085616741638,24650.947,18.865751
1368.7099505422466,24581.09,18.849617
1368.7113394104458,24612.932,18.85963
1368.7127282786441,24641.39,18.869793
1368.714117146726,24640.498,18.86702
1368.7155060149248,24602.55,18.860388
1368.7168948831231,24617.182,18.855425
1368.7182837513224,24669.053,18.872942
1368.7196726194052,24636.332,18.862707
1368.7210614876044,24634.723,18.863049
1368.7224503558036,24648.088,18.872356
1368.7238392240015,24628.29,18.866062
1368.7252280923167,24618.611,18.85926
1368.726616960516,24624.248,18.858795
1368.7280058287142,24640.086,18.862986
1368.7293946969135,24628.9,18.866304
1368.730783565229,24648.822,18.876602
1368.7321724334274,24630.764,18.872093
1368.7335613016262,24629.633,18.860188
1368.734950169941,24626.79,18.855776
1368.7363390381402,24641.105,18.871925
1368.7377279064558,24640.254,18.866926
1368.739116774771,24628.701,18.859138
1368.7405056429702,24620.379,18.857546
1368.741894511285,24619.121,18.860117
1368.7432833796001,24655.832,18.863136
1368.7446722479156,24622.98,18.86564
1368.7460611162305,24616.248,18.866478
1368.7474499845462,24625.605,18.863409
1368.7488388528618,24627.645,18.862337
1368.750227721176,24610.42,18.857521
1368.7516165894908,24629.146,18.854277
1368.7530054578065,24584.057,18.8503
1368.754394326122,24647.648,18.863192
1368.7557831945542,24634.186,18.864109
1368.7571720628694,24598.975,18.85871
1368.758560931185,24644.723,18.870134
1368.7599497996162,24626.086,18.858437
1368.7613386679304,24646.543,18.853624
1368.7627275363625,24626.61,18.863602
1368.7641164046781,24602.74,18.8485
1368.7655052731102,24613.162,18.857025
1368.7668941415423,24622.162,18.864983
1368.7682830098565,24609.268,18.85781
1368.7696718782877,24618.24,18.86245
1368.7710607467197,24608.31,18.857914
1368.7724496151513,24634.139,18.865221
1368.7738384835834,24615.604,18.853128
1368.7752273520155,24610.787,18.855024
1368.7766162204475,24626.094,18.856632
1368.7780050888787,24640.344,18.868977
1368.7793939573094,24593.28,18.848429
1368.7807828258578,24595.637,18.860794
1368.78217169429,24610.195,18.86031
1368.783560562721,24639.154,18.869143
1368.784949431153,24694.6,18.875475
1368.7863382997011,24637.832,18.863716
1368.7877271681323,24635.178,18.856333
1368.7891160366808,24642.848,18.862823
1368.7905049051124,24600.6,18.863377
1368.7918937736608,24644.65,18.876768
1368.793282642209,24656.578,18.858929
1368.7946715107569,24640.986,18.86462
1368.796060379188,24639.148,18.862751
1368.797449247736,24644.537,18.869568
1368.7988381162845,24650.059,18.870695
1368.800226984833,24605.508,18.855341
1368.8016158533806,24662.707,18.878292
1368.803004721929,24622.92,18.859941
1368.804393590477,24651.928,18.868948
1368.8057824590242,24603.68,18.852154
1368.8071713275726,24627.205,18.861828
1368.8085601962373,24638.807,18.869371
1368.8099490647855,24626.271,18.858377
1368.811337933334,24611.023,18.857754
1368.8127268019985,24632.32,18.866425
1368.814115670546,24622.717,18.861874
1368.815504539094,24639.236,18.86585
1368.816893407758,24624.486,18.855522
1368.818282276423,24619.03,18.872435
1368.8196711449714,24628.969,18.864721
1368.8210600136363,24611.795,18.858042
1368.8224488823007,24655.623,18.869349
1368.8238377508476,24638.207,18.863335
1368.8252266195123,24637.621,18.863594
1368.8266154881771,24620.527,18.854006
1368.8280043568416,24608.023,18.855104
1368.8293932255065,24644.06,18.86618
1368.8307820941714,24626.95,18.860981
1368.8321709628353,24616.55,18.859026
1368.8335598314998,24610.102,18.858847
1368.8349487001637,24638.578,18.865934
1368.836337568945,24611.664,18.858385
1368.83772643761,24609.686,18.856762
1368.8391153062744,24619.385,18.85698
1368.8405041749384,24620.648,18.864687
1368.8418930437188,24642.576,18.87002
1368.8432819123836,24627.502,18.864105
1368.844670781165,24645.621,18.875202
1368.8460596498294,24633.19,18.857128
1368.8474485186107,24628.564,18.85762
1368.848837387392,24632.342,18.855951
1368.8502262560555,24623.96,18.855026
1368.851615124836,24650.031,18.86729
1368.8530039936172,24600.76,18.852776
1368.8543928623985,24607.924,18.857027
1368.8557817311798,24628.361,18.857735
1368.857170599844,24600.191,18.852125
1368.8585594686247,24643.486,18.866598
1368.8599483375215,24656.408,18.86055
1368.8613372063023,24582.19,18.844318
1368.8627260750836,24619.342,18.857891
1368.864114943865,24607.818,18.85452
1368.8655038126462,24623.12,18.857267
1368.8668926814275,24653.51,18.86131
1368.868281550324,24634.352,18.860947
1368.8696704191043,24618.037,18.860794
1368.8710592878856,24610.098,18.862833
1368.8724481567826,24609.783,18.857084
1368.8738370255637,24642.674,18.86427
1368.8752258944614,24622.223,18.864643
1368.8766147633587,24593.305,18.84855
1368.878003632139,24641.617,18.864985
1368.8793925010364,24606.797,18.853197
1368.880781369934,24609.623,18.85086
1368.8821702387154,24631.473,18.855865
1368.8835591076122,24579.488,18.843021
1368.88494797651,24621.252,18.861523
1368.8863368454072,24641.969,18.865911
1368.887725714304,24608.027,18.852276
1368.8891145832017,24652.268,18.86635
1368.8905034520985,24610.02,18.851906
1368.8918923209962,24612.377,18.855251
1368.893281189894,24644.219,18.860262
1368.8946700587912,24644.889,18.862123
1368.8960589278045,24671.873,18.86843
1368.8974477967017,24631.002,18.861868
1368.8988366655994,24660.11,18.868628
1368.9002255346136,24638.025,18.861298
1368.9016144035104,24603.906,18.853323
1368.9030032724081,24603.102,18.849081
1368.9043921414216,24653.896,18.865103
1368.905781010434,24615.852,18.865515
1368.9071698793318,24647.477,18.861942
1368.908558748346,24623.908,18.85632
1368.9099476172432,24597.672,18.850992
1368.9113364862574,24654.332,18.875128
1368.9127253552715,24595.021,18.843414
1368.9141142242847,24631.35,18.856588
1368.9155030932984,24635.14,18.86447
1368.9168919623116,24613.744,18.856194
1368.9182808313258,24648.117,18.866306
1368.91966970034,24613.805,18.863037
1368.9210585693534,24619.686,18.860989
1368.9224474383668,24627.922,18.86193
1368.92383630738,24595.387,18.853338
1368.9252251763942,24599.363,18.848448
1368.9266140454083,24598.49,18.852634
1368.928002914422,24604.629,18.849401
1368.9293917835525,24588.738,18.845682
1368.9307806525667,24616.803,18.855005
1368.9321695216959,24617.186,18.855663
1368.933558390709,24615.26,18.846733
1368.9349472598396,24641.816,18.862331
1368.9363361288538,24609.996,18.85863
1368.9377249979843,24646.04,18.869627
1368.9391138669976,24615.152,18.8559
1368.9405027361277,24609.922,18.852255
1368.9418916052573,24616.293,18.848444
1368.943280474271,24650.035,18.870338
1368.9446693434015,24644.195,18.854197
1368.946058212532,24650.418,18.86073
1368.9474470816626,24649.148,18.862734
1368.9488359507932,24642.451,18.866304
1368.9502248199224,24616.256,18.852816
1368.951613689052,24646.213,18.861998
1368.9530025581826,24644.297,18.862654
1368.9543914273122,24609.67,18.851337
1368.9557802964428,24627.434,18.867807
1368.9571691655733,24617.266,18.851889
1368.9585580347034,24600.707,18.853216
1368.9599469039495,24617.59,18.852861
1368.9613357730796,24598.19,18.850266
1368.96272464221,24619.29,18.860872
1368.964113511457,24640.67,18.869553
1368.9655023805867,24626.016,18.860968
1368.9668912498337,24647.021,18.868086
1368.9682801189635,24617.68,18.861122
1368.9696689882098,24631.28,18.859247
1368.9710578573404,24617.145,18.857035
1368.9724467265864,24625.365,18.859062
1368.9738355958334,24640.588,18.865551
1368.975224464964,24645.219,18.864742
1368.9766133342096,24627.494,18.863106
1368.978002203456,24629.336,18.862783
1368.979391072703,24633.936,18.85958
1368.98077994195,24614.299,18.85562
1368.982168811197,24637.99,18.861681
1368.983557680443,24645.021,18.865973
1368.98494654969,24607.117,18.861885
1368.986335418936,24627.36,18.86224
1368.9877242881817,24642.637,18.861044
1368.9891131574286,24622.02,18.861004
1368.9905020266756,24655.385,18.865305
1368.991890896039,24630.31,18.866798
1368.993279765286,24639.027,18.865324
1368.9946686345315,24625.48,18.861431
1368.996057503778,24601.186,18.850443
1368.9974463731414,24604.838,18.855972
1368.9988352423875,24658.207,18.87293
1369.0002241117509,24620.076,18.855045
1369.0016129809978,24655.072,18.86592
1369.0030018503612,24627.967,18.858345
1369.0043907196073,24617.104,18.864914
1369.0057795889693,24629.049,18.854588
1369.0071684583327,24638.275,18.868626
1369.008557327696,24619.432,18.865946
1369.0099461969426,24610.938,18.8541
1369.011335066306,24623.355,18.861013
1369.0127239356693,24608.033,18.847458
1369.0141128050318,24610.035,18.864088
1369.0155016743945,24640.215,18.862606
1369.0168905437572,24601.086,18.849365
1369.0182794131206,24649.297,18.86282
1369.019668282484,24658.164,18.86845
1369.0210571518464,24590.582,18.844042
1369.0224460212094,24624.318,18.857536
1369.0238348905718,24630.1,18.858015
1369.0252237599352,24611.379,18.85339
1369.026612629415,24587.758,18.847443
1369.028001498778,24645.525,18.865032
1369.0293903681413,24644.457,18.858017
1369.0307792376211,24641.193,18.866543
1369.032168106983,24629.795,18.85864
1369.033556976462,24622.246,18.855621
1369.0349458458254,24631.34,18.862543
1369.0363347153052,24619.021,18.86588
1369.0377235846686,24586.598,18.84742
1369.0391124541475,24583.816,18.847025
1369.0405013235104,24635.86,18.866693
1369.0418901929893,24635.576,18.859787
1369.0432790624686,24632.525,18.866934
1369.0446679319484,24633.117,18.86071
1369.0460568013118,24647.904,18.87039
1369.0474456707916,24640.754,18.85982
1369.0488345402712,24626.576,18.864035
1369.0502234097494,24593.637,18.851189
1369.0516122792287,24623.611,18.85367
1369.0530011487085,24610.043,18.850061
1369.0543900181874,24600.387,18.850206
1369.0557788876672,24620.645,18.8519
1369.057167757147,24647.502,18.866411
1369.0585566266263,24636.453,18.85252
1369.0599454961052,24635.92,18.871534
1369.061334365701,24622.793,18.854042
1369.0627232351808,24640.562,18.865385
1369.0641121046604,24624.46,18.864746
1369.0655009742559,24633.23,18.855862
1369.0668898437357,24591.514,18.84522
1369.0682787132146,24613.898,18.858753
1369.0696675828103,24618.965,18.857758
1369.0710564522901,24619.81,18.854153
1369.0724453218854,24653.021,18.869732
1369.0738341914816,24627.139,18.853518
1369.0752230609614,24638.283,18.860994
1369.0766119305563,24652.812,18.870869
1369.0780008000356,24626.887,18.86044
1369.0793896696316,24634.506,18.863735
1369.0807785392276,24617.414,18.854984
1369.0821674088238,24592.523,18.853243
1369.0835562784196,24623.732,18.862446
1369.0849451478994,24606.994,18.867952
1369.0863340174947,24613.783,18.85584
1369.0877228870895,24624.49,18.868309
1369.0891117566857,24629.598,18.859592
1369.090500626282,24620.732,18.861883
1369.0918894958781,24627.033,18.859194
1369.0932783655908,24607.03,18.850788
1369.0946672351865,24636.088,18.856594
1369.0960561047818,24587.406,18.85124
1369.0974449743771,24640.764,18.865786
1369.098833843973,24651.502,18.860342
1369.1002227136855,24625.34,18.856028
1369.1016115832817,24601.863,18.85167
1369.103000452878,24642.998,18.859518
1369.1043893225897,24621.857,18.863934
1369.1057781921845,24627.627,18.856817
1369.1071670618971,24632.98,18.862988
1369.1085559314934,24648.81,18.862698
1369.1099448012055,24647.328,18.871832
1369.1113336708017,24604.158,18.851013
1369.1127225405141,24631.465,18.864695
1369.1141114101097,24622.264,18.852875
1369.1155002798214,24631.627,18.858027
1369.1168891495336,24617.75,18.856699
1369.1182780192462,24640.262,18.85771
1369.1196668888424,24624.994,18.857105
1369.1210557585541,24623.111,18.860437
1369.1224446282663,24644.697,18.861559
1369.123833497978,24639.732,18.860703
1369.1252223676906,24604.338,18.852428
1369.1266112374033,24611.666,18.856087
1369.1280001071152,24607.367,18.851711
1369.1293889768276,24628.861,18.859789
1369.1307778465402,24628.635,18.862505
1369.1321667162515,24618.004,18.85782
1369.1335555859637,24641.566,18.868675
1369.1349444557927,24649.037,18.861362
1369.1363333255053,24644.242,18.857513
1369.137722195218,24624.129,18.85174
1369.1391110649297,24648.367,18.858929
1369.1404999347583,24635.46,18.865763
1369.14188880447,24654.617,18.865501
1369.1432776742984,24595.535,18.85121
1369.1446665440108,24591.996,18.84815
1369.1460554137234,24672.959,18.871897
1369.1474442835524,24620.693,18.858732
1369.1488331533815,24648.088,18.864788
1369.1502220230927,24619.81,18.855507
1369.1516108929213,24617.227,18.856682
1369.152999762634,24619.479,18.860762
1369.154388632462,24591.396,18.847054
1369.1557775022911,24627.307,18.866838
1369.1571663721202,24612.9,18.85948
1369.1585552418328,24619.04,18.853418
1369.1599441116612,24624.63,18.856075
1369.1613329814886,24643.95,18.861937
1369.1627218513177,24602.945,18.856903
1369.1641107211467,24640.52,18.867119
1369.1654995909753,24635.396,18.856834
1369.1668884608043,24632.137,18.866419
1369.1682773306325,24639.518,18.866066
1369.169666200461,24623.414,18.854465
1369.17105507029,24631.773,18.857231
1369.1724439401182,24652.76,18.867008
1369.1738328099473,24626.383,18.854206
1369.1752216798927,24641.219,18.8717
1369.1766105497209,24614.305,18.861906
1369.1779994195495,24649.592,18.872673
1369.1793882893776,24609.9,18.851225
1369.180777159323,24641.234,18.86701
1369.182166029152,24598.826,18.863445
1369.183554899097,24623.307,18.860582
1369.1849437689261,24607.348,18.847872
1369.1863326388707,24614.246,18.858606
1369.1877215086984,24620.025,18.856272
1369.1891103786438,24636.424,18.868713
1369.1904992484729,24639.328,18.865038
1369.1918881184183,24612.12,18.855272
1369.1932769882474,24680.258,18.879816
1369.194665858192,24605.469,18.855927
1369.196054728137,24616.143,18.859594
1369.1974435980815,24630.152,18.85968
1369.19883246791,24638.484,18.864498
1369.2002213378555,24628.695,18.85882
1369.201610207801,24637.084,18.862558
1369.2029990777464,24651.072,18.865908
1369.2043879476919,24614.543,18.847485
1369.205776817636,24608.816,18.850647
1369.2071656875805,24654.459,18.861832
1369.208554557526,24634.01,18.86258
1369.2099434274705,24603.84,18.862625
1369.211332297416,24651.115,18.87081
1369.2127211673615,24640.066,18.868454
1369.2141100373065,24610.404,18.863369
1369.215498907251,24616.883,18.86582
1369.2168877773124,24632.32,18.858433
1369.2182766472579,24625.008,18.857477
1369.2196655172033,24633.938,18.861853
1369.2210543872643,24638.068,18.864021
1369.2224432572098,24595.275,18.850067
1369.2238321271545,24639.457,18.860115
1369.2252209972157,24599.861,18.851154
1369.2266098671612,24605.54,18.851938
1369.2279987372222,24644.926,18.865088
1369.2293876071676,24655.91,18.865532
1369.2307764772295,24648.105,18.874239
1369.2321653471736,24632.729,18.866316
1369.233554217235,24630.514,18.86572
1369.2349430871805,24643.736,18.867935
1369.2363319572423,24641.719,18.86073
1369.2377208273042,24642.398,18.869394
1369.2391096973652,24619.516,18.855654
1369.2404985673106,24616.814,18.858784
1369.2418874373716,24589.395,18.847347
1369.243276307432,24627.16,18.864733
1369.244665177494,24630.145,18.867294
1369.2460540475558,24601.115,18.853344
1369.2474429176177,24614.79,18.855947
1369.2488317876796,24614.547,18.855862
1369.250220657741,24610.996,18.857456
1369.251609527802,24627.268,18.861828
1369.2529983978634,24631.9,18.86361
1369.2543872679244,24609.588,18.845236
1369.2557761379862,24643.879,18.86454
1369.257165008048,24611.879,18.856865
1369.25855387811,24596.922,18.848433
1369.259942748171,24624.695,18.86082
1369.2613316183479,24635.094,18.855587
1369.2627204884097,24636.855,18.86722
1369.2641093584716,24622.691,18.86743
1369.2654982286494,24615.977,18.854174
1369.2668870987113,24606.096,18.853529
1369.2682759687732,24622.725,18.851576
1369.2696648389506,24587.941,18.856707
1369.2710537090118,24636.066,18.86763
1369.2724425791894,24624.502,18.870073
1369.2738314492512,24626.48,18.861654
1369.2752203194295,24616.836,18.85542
1369.2766091894905,24615.55,18.854408
1369.2779980596683,24615.557,18.854137
1369.2793869298457,24662.658,18.868664
1369.2807757999076,24632.041,18.860598
1369.2821646700859,24649.555,18.86064
1369.2835535402637,24603.059,18.859251
1369.284942410442,24611.342,18.857143
1369.2863312805039,24631.045,18.856289
1369.2877201506806,24599.824,18.853506
1369.2891090208582,24670.879,18.869938
1369.2904978910365,24620.578,18.853386
1369.2918867612148,24671.91,18.873898
1369.293275631393,24617.54,18.86588
1369.2946645015704,24610.473,18.854599
1369.2960533717487,24627.043,18.859114
1369.2974422419265,24595.518,18.851435
1369.2988311121035,24628.816,18.866499
1369.3002199822818,24629.854,18.860939
1369.30160885246,24609.146,18.856033
1369.3029977227548,24624.629,18.864393
1369.3043865929328,24620.443,18.861343
1369.3057754631095,24619.121,18.853418
1369.3071643332873,24672.201,18.875605
1369.308553203582,24636.486,18.867687
1369.3099420737594,24615.117,18.8571
1369.3113309439377,24613.188,18.852287
1369.3127198142324,24597.723,18.850533
1369.3141086844107,24642.135,18.859747
1369.3154975545885,24631.316,18.863102
1369.316886424882,24625.9,18.856853
1369.3182752950602,24624.604,18.864573
1369.3196641653547,24622.875,18.859245
1369.3210530355323,24622.94,18.859676
1369.322441905827,24624.316,18.857647
1369.3238307761208,24581.41,18.848242
1369.3252196462986,24607.89,18.856377
1369.3266085165933,24619.947,18.859724
1369.327997386887,24626.842,18.863125
1369.3293862570654,24628.37,18.860165
1369.33077512736,24614.08,18.850338
1369.3321639976543,24623.33,18.866262
1369.3335528679481,24622.86,18.857603
1369.3349417382422,24625.578,18.860027
1369.3363306085366,24596.441,18.85377
1369.337719478715,24629.408,18.868198
1369.3391083490092,24614.197,18.85095
1369.3404972193039,24649.771,18.866728
1369.3418860895986,24662.977,18.864834
1369.343274959892,24611.379,18.859228
1369.3446638301857,24620.021,18.86011
1369.3460527005968,24620.213,18.85693
1369.347441570891,24632.541,18.868715
1369.3488304411858,24609.86,18.854874
1369.3502193114805,24648.326,18.872036
1369.3516081817743,24600.13,18.853727
1369.352997052068,24595.465,18.84979
1369.3543859224787,24607.457,18.859287
1369.3557747927734,24615.816,18.857153
1369.3571636630681,24614.303,18.857851
1369.3585525334784,24621.715,18.860678
1369.359941403773,24635.87,18.863914
1369.3613302740673,24636.645,18.861675
1369.3627191444775,24631.916,18.852798
1369.3641080147722,24587.766,18.86164
1369.365496885183,24637.04,18.864758
1369.3668857554776,24619.13,18.870054
1369.3682746258885,24604.963,18.85543
1369.3696634961825,24658.902,18.868422
1369.3710523665927,24669.742,18.878008
1369.3724412370034,24616.559,18.861591
1369.373830107298,24617.125,18.85898
1369.3752189777092,24623.855,18.85988
1369.3766078481194,24613.555,18.870117
1369.3779967184141,24569.377,18.847866
1369.3793855888248,24617.348,18.855522
1369.3807744592345,24599.91,18.853865
1369.3821633296457,24606.996,18.851032
1369.3835522000566,24634.57,18.857513
1369.3849410704674,24632.166,18.851305
1369.3863299407622,24629.84,18.86075
1369.3877188111728,24652.828,18.860678
1369.389107681583,24635.678,18.860876
1369.3904965519937,24606.309,18.85357
1369.391885422404,24617.035,18.849504
1369.393274292815,24633.547,18.86448
1369.3946631633426,24592.78,18.845778
1369.3960520337537,24625.994,18.85471
1369.3974409041648,24656.273,18.869865
1369.3988297745746,24630.695,18.856812
1369.4002186449848,24592.697,18.84866
1369.4016075153959,24626.67,18.866133
1369.402996385923,24637.105,18.861082
1369.404385256334,24660.121,18.860817
1369.4057741267452,24649.133,18.863348
1369.4071629971554,24623.898,18.861942
1369.4085518676825,24624.748,18.86355
1369.4099407380927,24644.393,18.865696
1369.4113296086202,24635.8,18.86261
1369.4127184790314,24617.566,18.848484
1369.414107349442,24619.91,18.866219
1369.4154962199693,24644.404,18.85867
1369.4168850903798,24663.768,18.867737
1369.4182739609064,24623.732,18.863113
1369.419662831434,24654.834,18.865517
1369.4210517018446,24636.127,18.853937
1369.4224405723721,24631.432,18.868298
1369.4238294427832,24615.076,18.856295
1369.4252183133094,24615.254,18.865198
1369.426607183836,24619.918,18.87096
1369.4279960543636,24645.273,18.860329
1369.4293849247747,24635.451,18.862314
1369.4307737953022,24644.006,18.863277
1369.4321626658289,24610.832,18.851688
1369.4335515363564,24616.697,18.85867
1369.4349404068835,24610.848,18.85903
1369.4363292772932,24622.564,18.858358
1369.4377181478208,24648.781,18.863447
1369.4391070183483,24616.094,18.852695
1369.4404958888758,24628.605,18.853863
1369.4418847594034,24603.709,18.854773
1369.44327362993,24612.037,18.854488
1369.444662500457,24638.85,18.856829
1369.4460513709837,24648.637,18.866362
1369.4474402415103,24621.191,18.855331
1369.4488291121543,24653.16,18.862143
1369.4502179826818,24598.02,18.849833
1369.4516068532093,24656.445,18.868372
1369.4529957237364,24620.191,18.856228
1369.4543845942626,24617.295,18.856184
1369.4557734649065,24659.43,18.85596
1369.457162335434,24620.463,18.856892
1369.4585512059607,24652.354,18.877958
1369.4599400766047,24656.203,18.867407
1369.4613289471322,24651.693,18.868723
1369.462717817659,24608.451,18.851742
1369.4641066883023,24649.941,18.866022
1369.465495558829,24632.287,18.871931
1369.4668844294729,24626.334,18.853975
1369.4682733000004,24618.963,18.861546
1369.469662170644,24611.979,18.855558
1369.4710510411714,24606.361,18.851917
1369.4724399118145,24621.42,18.856594
1369.4738287823416,24591.594,18.847233
1369.4752176529855,24623.148,18.858751
1369.4766065235121,24609.904,18.85657
1369.477995394156,24662.887,18.869864
1369.4793842648,24613.56,18.856815
1369.4807731354426,24616.193,18.86191
1369.4821620059693,24634.635,18.861414
1369.4835508766132,24655.688,18.868792
1369.4849397472572,24625.324,18.857742
1369.486328617901,24610.135,18.851227
1369.4877174885446,24616.588,18.857891
1369.4891063590721,24631.164,18.865183
1369.4904952297152,24596.342,18.857632
1369.4918841003578,24626.42,18.860159
1369.4932729710017,24627.38,18.855207
1369.4946618416457,24649.56,18.871527
1369.4960507122896,24614.697,18.853582
1369.4974395829336,24632.973,18.860807
1369.4988284535766,24618.785,18.858273
1369.50021732422,24588.88,18.854057
1369.5016061948631,24644.97,18.864906
1369.5029950655066,24585.43,18.847025
1369.504383936267,24607.766,18.854156
1369.505772806911,24641.303,18.860895
1369.507161677555,24605.682,18.85559
1369.508550548198,24621.89,18.858606
1369.5099394188405,24667.248,18.868076
1369.511328289601,24622.459,18.856712
1369.5127171602448,24634.236,18.860895
1369.514106030888,24638.256,18.87042
1369.5154949016483,24638.152,18.862175
1369.5168837722922,24658.223,18.870695
1369.5182726429357,24623.967,18.85921
1369.5196615136952,24625.018,18.856995
1369.5210503843387,24629.473,18.858484
1369.522439255099,24637.695,18.861801
1369.523828125743,24609.922,18.865665
1369.5252169965024,24641.004,18.868118
1369.5266058671464,24631.127,18.86303
1369.527994737906,24648.287,18.864231
1369.5293836085493,24608.156,18.859161
1369.5307724793097,24609.975,18.853321
1369.5321613500691,24608.68,18.855244
1369.533550220713,24627.676,18.85545
1369.5349390914735,24606.309,18.855692
1369.5363279622325,24604.734,18.860466
1369.537716832876,24658.562,18.866114
1369.5391057036363,24620.775,18.85959
1369.5404945743967,24640.898,18.867588
1369.541883445157,24646.99,18.859812
1369.5432723159165,24637.31,18.86544
1369.5446611865605,24597.566,18.859169
1369.54605005732,24632.97,18.854248
1369.547438928079,24677.95,18.874674
1369.5488277988393,24596.979,18.853378
1369.5502166695996,24583.402,18.853146
1369.55160554036,24656.92,18.861507
1369.5529944111204,24681.676,18.878384
1369.5543832818803,24643.316,18.86175
1369.5557721526397,24632.246,18.860352
1369.5571610233997,24594.41,18.84736
1369.5585498941591,24601.818,18.853931
1369.5599387649195,24618.637,18.853365
1369.5613276356798,24636.14,18.856833
1369.5627165065566,24653.191,18.873592
1369.564105377316,24666.268,18.862015
1369.565494248075,24649.016,18.8649
1369.5668831188354,24645.867,18.865086
1369.5682719895958,24606.611,18.85132
1369.5696608604721,24633.791,18.857544
1369.5710497312325,24594.518,18.847527
1369.5724386019929,24628.451,18.862448
1369.5738274728687,24637.69,18.859821
1369.5752163436284,24589.904,18.852047
1369.5766052145045,24624.57,18.852013
1369.577994085265,24636.607,18.866083
1369.5793829560253,24620.076,18.860909
1369.5807718269011,24633.676,18.874485
1369.5821606976615,24626.133,18.86036
1369.5835495685378,24633.584,18.870968
1369.5849384392973,24623.697,18.855198
1369.586327310174,24647.879,18.864016
1369.587716180934,24659.49,18.870073
1369.5891050518107,24619.908,18.856651
1369.5904939226875,24632.814,18.852514
1369.5918827934463,24640.7,18.871428
1369.5932716643224,24612.764,18.84643
1369.5946605351992,24613.941,18.850054
1369.5960494059595,24626.213,18.863804
1369.5974382768363,24619.852,18.860321
1369.5988271477122,24641.158,18.859493
1369.600216018589,24631.45,18.868246
1369.601604889349,24615.422,18.855865
1369.6029937602243,24606.129,18.850754
1369.604382631101,24602.008,18.856836
1369.6057715019779,24628.248,18.852953
1369.6071603728544,24617.822,18.865028
1369.608549243731,24660.262,18.868748
1369.6099381146073,24625.932,18.859158
1369.6113269854832,24627.926,18.856377
1369.6127158563595,24591.674,18.848148
1369.6141047272354,24612.912,18.858912
1369.6154935981122,24613.504,18.847845
1369.616882468989,24671.883,18.877157
1369.6182713398657,24632.873,18.86518
1369.619660210742,24633.414,18.866453
1369.6210490816175,24642.129,18.86521
1369.622437952494,24592.535,18.851685
1369.6238268233706,24598.848,18.853525
1369.6252156943633,24616.064,18.863039
1369.62660456524,24639.475,18.858124
1369.6279934361169,24622.117,18.86228
1369.6293823069927,24590.336,18.847906
1369.6307711779855,24627.07,18.860762
1369.6321600488614,24652.814,18.863472
1369.6335489197381,24636.326,18.870356
1369.6349377907313,24608.193,18.852535
1369.6363266616077,24631.373,18.853655
1369.6377155324844,24634.785,18.867332
1369.6391044034767,24614.254,18.8655
1369.6404932743526,24620.242,18.859406
1369.6418821453458,24616.453,18.858154
1369.6432710162221,24629.326,18.870913
1369.6446598872153,24602.72,18.851173
1369.646048758092,24612.645,18.855928
1369.647437629084,24626.021,18.859655
1369.6488264999598,24594.61,18.852152
1369.650215370953,24616.3,18.84664
1369.6516042418298,24633.535,18.861647
1369.652993112823,24606.355,18.857409
1369.6543819838155,24615.936,18.856358
1369.655770854692,24608.336,18.859211
1369.6571597256848,24639.457,18.864317
1369.6585485966766,24634.215,18.864502
1369.6599374675534,24621.486,18.852766
1369.6613263385466,24649.287,18.8611
1369.6627152095398,24627.729,18.861773
1369.664104080533,24667.826,18.870901
1369.6654929515253,24609.338,18.851076
1369.6668818224016,24616.61,18.86161
1369.6682706933939,24646.096,18.860466
1369.6696595643864,24645.207,18.867418
1369.6710484353794,24623.627,18.854673
1369.6724373063726,24622.248,18.85502
1369.6738261773658,24619.514,18.866629
1369.675215048359,24632.176,18.86093
1369.6766039193508,24603.957,18.853905
1369.6779927903435,24627.875,18.859163
1369.6793816613367,24647.082,18.859629
1369.680770532329,24615.822,18.85571
1369.6821594033222,24587.521,18.851624
1369.6835482743154,24619.291,18.864845
1369.6849371453081,24648.879,18.865398
1369.6863260163004,24615.852,18.85158
1369.6877148874091,24626.234,18.856007
1369.6891037584023,24617.934,18.858528
1369.6904926293955,24616.775,18.854942
1369.6918815003883,24606.88,18.859562
1369.6932703713815,24620.252,18.857458
1369.6946592424902,24642.037,18.861803
1369.696048113483,24604.678,18.847641
1369.697436984476,24603.305,18.859121
1369.6988258555848,24634.225,18.86257
1369.700214726578,24630.379,18.866262
1369.7016035975712,24631.377,18.868683
1369.7029924686801,24650.426,18.866295
1369.7043813396726,24623.535,18.85372
1369.7057702107813,24641.475,18.864403
1369.7071590817745,24618.22,18.862495
1369.7085479528841,24623.076,18.85723
1369.709936823877,24627.828,18.86401
1369.7113256949865,24637.99,18.860006
1369.7127145659788,24645.273,18.861938
1369.714103437087,24642.166,18.866152
1369.7154923080802,24644.463,18.86295
1369.7168811791898,24599.371,18.851107
1369.718270050183,24586.934,18.851921
1369.7196589212926,24622.367,18.863266
1369.7210477924014,24625.836,18.86084
1369.722436663394,24628.32,18.853146
1369.7238255345028,24630.787,18.862078
1369.725214405612,24622.148,18.853035
1369.7266032767216,24630.357,18.861176
1369.7279921477148,24603.078,18.85535
1369.7293810188244,24653.393,18.870092
1369.730769889934,24605.35,18.853424
1369.7321587610422,24619.584,18.857325
1369.733547632151,24648.006,18.862228
1369.7349365031441,24633.42,18.86028
1369.7363253742528,24623.627,18.856787
1369.7377142453624,24639.16,18.863924
1369.739103116472,24623.094,18.860039
1369.7404919875812,24621.16,18.858786
1369.74188085869,24626.77,18.864868
1369.743269729799,24636.205,18.85848
1369.7446586009087,24611.59,18.859158
1369.7460474720183,24634.934,18.863266
1369.747436343127,24614.887,18.86314
1369.7488252142366,24624.986,18.853827
1369.7502140853455,24620.69,18.866747
1369.7516029564545,24656.46,18.863346
1369.752991827564,24593.32,18.848743
1369.7543806986728,24604.332,18.848692
1369.7557695698988,24657.967,18.867943
1369.7571584410084,24621.443,18.859524
1369.7585473121176,24642.012,18.868261
1369.7599361832263,24627.086,18.869024
1369.7613250543354,24629.385,18.861042
1369.7627139255615,24627.426,18.853458
1369.764102796671,24619.215,18.864109
1369.7654916677798,24623.635,18.851612
1369.7668805390058,24608.951,18.859472
1369.7682694101154,24636.127,18.865509
1369.7696582812237,24643.922,18.86896
1369.7710471524488,24609.676,18.862984
1369.7724360235584,24621.445,18.854124
1369.773824894668,24604.832,18.859524
1369.775213765894,24611.371,18.849098
1369.7766026370032,24606.758,18.860758
1369.7779915082283,24645.16,18.856344
1369.7793803793375,24619.111,18.852163
1369.7807692505626,24620.064,18.851847
1369.7821581216722,24637.506,18.85755
1369.7835469928982,24624.736,18.855036
1369.784935864007,24637.434,18.859165
1369.786324735233,24614.432,18.856375
1369.7877136064585,24632.38,18.860731
1369.7891024775672,24659.268,18.866764
1369.7904913487932,24592.93,18.853487
1369.7918802200188,24636.031,18.85852
1369.7932690911284,24599.54,18.853073
1369.7946579623544,24643.21,18.870049
1369.7960468335796,24620.26,18.855345
1369.7974357046887,24636.701,18.85882
1369.7988245759138,24590.125,18.855005
1369.8002134471399,24640.6,18.866213
1369.801602318366,24591.11,18.850092
1369.802991189591,24607.363,18.853252
1369.8043800607006,24648.635,18.871548
1369.8057689319267,24605.932,18.856598
1369.8071578031513,24625.377,18.860985
1369.8085466743769,24633.883,18.86193
1369.809935545603,24590.725,18.853277
1369.811324416829,24653.082,18.861588
1369.812713288055,24637.885,18.860514
1369.81410215928,24637.096,18.858767
1369.8154910305052,24584.865,18.842213
1369.8168799017308,24625.559,18.856735
1369.818268772956,24630.629,18.856318
1369.819657644182,24623.617,18.858131
1369.821046515408,24607.729,18.856487
1369.822435386634,24598.652,18.850266
1369.82382425786,24620.32,18.866455
1369.8252131290847,24635.035,18.85635
1369.8266020003102,24643.652,18.867346
1369.8279908716527,24627.078,18.855682
1369.8293797428778,24627.63,18.861465
1369.8307686141038,24638.855,18.859835
1369.8321574853298,24627.434,18.861345
1369.8335463565559,24628.512,18.861519
1369.8349352278974,24601.174,18.847954
1369.836324099122,24599.607,18.850117
1369.837712970348,24623.887,18.853758
1369.8391018415741,24638.85,18.865047
1369.840490712916,24648.363,18.861494
1369.8418795841421,24616.363,18.863695
1369.8432684553673,24639.941,18.866638
1369.8446573267092,24623.004,18.860168
1369.846046197935,24649.385,18.868214
1369.8474350692768,24592.79,18.84838
1369.8488239405028,24614.252,18.853218
1369.8502128118453,24580.668,18.846186
1369.8516016830704,24607.092,18.864828
1369.852990554296,24588.943,18.853569
1369.8543794256375,24607.383,18.849876
1369.85576829698,24624.596,18.864962
1369.857157168206,24608.434,18.855404
1369.858546039548,24602.205,18.855627
1369.859934910774,24632.957,18.862804
1369.8613237821164,24629.748,18.856117
1369.8627126533409,24626.746,18.854147
1369.8641015246826,24612.82,18.856066
1369.865490396025,24638.107,18.866812
1369.866879267251,24610.938,18.859102
1369.8682681385935,24633.74,18.867168
1369.869657009935,24617.084,18.861242
1369.871045881161,24636.414,18.8672
1369.872434752503,24594.09,18.853714
1369.8738236238441,24632.951,18.863508
1369.8752124951866,24607.904,18.84598
1369.876601366529,24631.877,18.860191
1369.877990237755,24613.076,18.857094
1369.8793791090973,24603.135,18.866142
1369.8807679804381,24656.1,18.86274
1369.88215685178,24637.676,18.85802
1369.8835457231226,24624.158,18.852917
1369.884934594464,24607.523,18.862364
1369.8863234658065,24633.525,18.860401
1369.8877123370326,24625.646,18.86157
1369.889101208375,24641.059,18.85944
1369.890490079717,24669.71,18.868336
1369.891878951058,24644.037,18.869265
1369.8932678224005,24603.98,18.849333
1369.8946566937427,24615.479,18.855106
1369.8960455650845,24603.518,18.859783
1369.8974344365433,24594.227,18.849443
1369.8988233078858,24645.926,18.859873
1369.9002121792273,24629.959,18.869488
1369.9016010505693,24614.82,18.857164
1369.9029899219108,24649.273,18.862587
1369.9057676645957,24621.438,18.856958
1369.9071565359377,24620.592,18.853712
1369.9085454073966,24619.139,18.859207
1369.909934278738,24616.344,18.851402
1369.9113231500796,24626.955,18.855783
1369.912712021422,24638.049,18.85822
1369.9141008928805,24652.266,18.859716
1369.915489764223,24639.299,18.85297
1369.9168786355654,24582.69,18.845318
1369.9196563783644,24634.596,18.866869
1369.9210452497068,24627.8,18.856031
1369.9224341211657,24633.11,18.863361
1369.9238229925081,24626.873,18.857918
1369.92521186385,24640.615,18.859783
1369.926600735309,24603.924,18.862322
1369.9279896066505,24653.9,18.86492
1369.929378478108,24676.045,18.874561
1369.9307673494504,24644.266,18.860058
1369.9321562209093,24598.822,18.850828
1369.9335450922517,24636.307,18.85673
1369.9349339637106,24621.604,18.852022
1369.9363228350521,24636.195,18.86118
1369.9377117065105,24660.082,18.87567
1369.939100577852,24634.39,18.868834
1369.9404894493105,24629.738,18.85227
1369.9432671921115,24633.5,18.860237
1369.9446560635702,24607.693,18.847387
1369.9460449349126,24661.012,18.861513
1369.94743380637,24647.613,18.866747
1369.9488226778285,24581.455,18.850145
1369.9502115492874,24623.398,18.860216
1369.951600420629,24630.55,18.859186
1369.9529892920878,24631.49,18.866087
1369.9543781635466,24582.443,18.844664
1369.955767035005,24631.781,18.865294
1369.9571559063465,24636.922,18.864094
1369.9585447778047,24630.77,18.867346
1369.9599336492633,24601.031,18.855513
1369.9613225207222,24654.182,18.863811
1369.9627113921806,24619.676,18.852905
1369.9641002636395,24621.35,18.854635
1369.9682668778983,24665.807,18.87166
1369.9696557493562,24638.473,18.858088
1369.971044620815,24606.654,18.852154
1369.972433492274,24630.744,18.858685
1369.9738223637323,24620.062,18.856619
1369.9752112351903,24620.154,18.85853
1369.9766001066482,24646.498,18.85908
1369.977988978107,24644.053,18.862926
1369.979377849566,24599.916,18.855564
1369.9807667210243,24624.975,18.85773
1369.9821555924832,24657.295,18.861702
1369.9835444640585,24679.588,18.875837
1369.984933335516,24626.025,18.856192
1369.986322206974,24634.49,18.86678
1369.9877110784328,24633.615,18.86276
1369.9890999498916,24645.754,18.862291
1369.9904888213505,24622.396,18.853981
1369.9918776928084,24640.66,18.866066
1369.9932665643832,24622.754,18.8644
1369.9946554358412,24623.102,18.859472
1369.9960443072996,24632.371,18.857094
1369.9974331787585,24608.25,18.851881
1369.9988220503337,24626.492,18.85738
1370.0002109217926,24626.516,18.86265
1370.0015997932514,24643.848,18.862982
1370.0029886648254,24622.564,18.857164
1370.0043775362833,24629.94,18.866959
1370.0057664077422,24617.143,18.855259
1370.0071552793167,24629.855,18.86038
1370.0085441507754,24628.04,18.85995
1370.0099330223507,24604.035,18.857143
1370.0113218938095,24631.586,18.855629
1370.012710765268,24661.5,18.870295
1370.0140996368418,24639.709,18.861647
1370.0154885083007,24624.908,18.857664
1370.016877379876,24638.902,18.863613
1370.018266251334,24619.787,18.865822
1370.0196551229092,24592.201,18.852453
1370.021043994368,24641.105,18.856012
1370.0224328659426,24626.236,18.855064
1370.0238217375172,24639.879,18.860697
1370.0252106089752,24619.969,18.854223
1370.0265994805504,24555.363,18.833673
1370.0279883520093,24616.207,18.857525
1370.029377223584,24608.996,18.850792
1370.0307660951594,24628.748,18.858017
1370.0321549666173,24641.148,18.86037
1370.0335438381921,24592.861,18.846813
1370.0349327097674,24634.73,18.865183
1370.0363215812254,24622.553,18.858418
1370.0377104528006,24622.889,18.854017
1370.039099324376,24655.129,18.865326
1370.0404881959498,24652.3,18.864208
1370.0418770674078,24642.826,18.865347
1370.043265938983,24618.338,18.854435
1370.0446548105583,24629.34,18.857258
1370.0474325537084,24619.111,18.849405
1370.0488214252837,24604.855,18.856138
1370.0502102967416,24594.107,18.847963
1370.0515991683155,24635.586,18.850462
1370.0529880398908,24684.688,18.877043
1370.054376911466,24654.791,18.863422
1370.0557657830414,24655.393,18.86708
1370.0571546546166,24658.283,18.871483
1370.058543526191,24607.797,18.849695
1370.0599323977658,24652.531,18.870235
1370.0613212693402,24632.781,18.861803
1370.062710140915,24642.406,18.857895
1370.0640990124903,24659.691,18.866838
1370.0654878840655,24658.559,18.86874
1370.0668767556408,24620.95,18.85963
1370.068265627216,24607.484,18.849806
1370.0696544987898,24606.873,18.852566
1370.0710433703644,24659.582,18.870955
1370.0724322419396,24650.926,18.858572
1370.0738211136304,24646.615,18.86599
1370.0752099852057,24602.268,18.850729
1370.076598856781,24648.922,18.865532
1370.0779877283558,24620.803,18.85508
1370.0793765999301,24616.809,18.85356
1370.080765471505,24635.104,18.864925
1370.0821543431966,24627.8,18.860943
1370.083543214772,24622.049,18.853134
1370.0849320863463,24586.035,18.84203
1370.0863209579215,24645.045,18.851559
1370.0877098296125,24650.65,18.864367
1370.0890987011871,24673.793,18.868698
1370.0904875727624,24619.934,18.853281
1370.0918764444532,24633.076,18.852825
1370.0932653160285,24636.762,18.862543
1370.0946541876037,24629.406,18.860306
1370.096043059295,24611.523,18.856707
1370.0974319308693,24640.707,18.863016
1370.0988208024442,24659.354,18.867487
1370.1002096741358,24643.8,18.868273
1370.101598545711,24627.035,18.86025
1370.102987417402,24625.463,18.857628
1370.1043762889772,24638.541,18.85784
1370.1057651606689,24628.914,18.861458
1370.1071540322428,24633.146,18.857302
1370.1085429039335,24636.848,18.855078
1370.1099317755088,24630.266,18.855318
1370.1113206472005,24644.807,18.864939
1370.1127095187758,24611.564,18.858702
1370.1154872620423,24636.129,18.862759
1370.116876133733,24620.791,18.857788
1370.1182650054234,24666.559,18.866693
1370.1196538769987,24604.816,18.849247
1370.1210427486903,24631.098,18.855745
1370.122431620382,24616.38,18.851896
1370.1238204919573,24606.523,18.850546
1370.1252093636476,24633.035,18.852184
1370.1265982353384,24633.578,18.8552
1370.1279871069137,24649.877,18.864943
1370.129375978605,24644.303,18.86432
1370.1307648502966,24627.516,18.854013
1370.1321537219883,24655.516,18.861681
1370.1335425935636,24660.385,18.866877
1370.1349314652543,24634.215,18.872742
1370.1363203369447,24642.488,18.87016
1370.1377092086364,24614.717,18.856012
1370.139098080328,24633.936,18.851866
1370.1404869519024,24649.398,18.872795
1370.141875823594,24643.098,18.869493
1370.1432646952858,24644.227,18.862661
1370.144653566977,24659.426,18.862333
1370.1460424386678,24638.621,18.855358
1370.147431310359,24665.562,18.86741
1370.1488201820507,24607.082,18.848097
1370.1502090537424,24618.416,18.860357
1370.1515979254332,24630.107,18.852615
1370.1529867971249,24647.965,18.859024
1370.1543756688156,24659.332,18.867401
1370.1557645405069,24616.908,18.853903
1370.1571534121986,24624.441,18.865454
1370.1585422838893,24597.68,18.857824
1370.159931155581,24600.053,18.848274
1370.1613200272727,24598.713,18.849417
1370.162708898964,24613.086,18.852028
1370.1640977706547,24598.877,18.848398
1370.165486642346,24616.545,18.85277
1370.1668755140374,24667.354,18.869991
1370.168264385729,24609.041,18.857058
1370.1696532574201,24624.592,18.85428
1370.1710421291118,24639.54,18.858086
1370.172431000919,24623.977,18.855291
1370.1738198726093,24617.832,18.852295
1370.175208744301,24619.574,18.858065
1370.1765976159927,24603.375,18.852032
1370.1779864876844,24597.871,18.856588
1370.1793753594925,24594.258,18.84126
1370.1807642311837,24610.416,18.857206
1370.1821531028745,24591.795,18.836664
1370.1835419745653,24582.973,18.850285
1370.184930846373,24566.955,18.843739
1370.1863197180646,24600.166,18.840376
1370.1877085897563,24596.535,18.848984
1370.1890974615644,24594.768,18.844759
1370.190486333256,24599.453,18.848295
1370.1918752049464,24585.49,18.83881
1370.1932640767536,24576.36,18.84624
1370.1946529484453,24566.959,18.836025
1370.196041820253,24609.893,18.85264
1370.1974306919446,24621.785,18.855566
1370.198819563636,24587.16,18.848965
1370.200208435444,24572.875,18.83951
1370.2015973071352,24596.66,18.850386
1370.202986178942,24614.457,18.846949
1370.2043750506336,24584.695,18.8478
1370.2057639224417,24617.314,18.853058
1370.2071527941325,24631.365,18.859377
1370.2085416659406,24657.234,18.86618
1370.2099305376323,24618.62,18.848906
1370.21131940944,24615.686,18.855957
1370.2127082812472,24606.486,18.860449
1370.2140971529382,24607.23,18.850533
1370.215486024746,24633.617,18.86161
1370.2168748964377,24655.35,18.863338
1370.2182637682454,24612.871,18.85484
1370.2196526400535,24643.865,18.854963
1370.2210415117443,24611.545,18.85062
1370.222430383551,24629.393,18.865002
1370.223819255359,24609.916,18.850443
1370.2252081270508,24639.344,18.852745
1370.226596998859,24632.014,18.854462
1370.227985870667,24602.344,18.846457
1370.2293747423573,24670.299,18.864277
1370.2307636141645,24609.807,18.84688
1370.2321524859726,24612.945,18.852287
1370.2335413577803,24663.707,18.868858
1370.2349302295884,24638.541,18.869225
1370.23631910128,24632.424,18.85417
1370.2377079730882,24601.434,18.855865
1370.2390968448954,24655.69,18.867256
1370.240485716702,24612.08,18.853125
1370.2418745885102,24634.836,18.86138
1370.2432634603183,24616.309,18.858992
1370.2446523320095,24626.91,18.857496
1370.2460412038176,24631.328,18.85732
1370.2474300756255,24619.803,18.851873
1370.248818947433,24628.396,18.858744
1370.2502078192401,24633.867,18.861872
1370.2515966910478,24629.188,18.862965
1370.2529855628559,24626.297,18.861702
1370.254374434664,24634.654,18.859385
1370.2557633064712,24613.154,18.848507
1370.2571521782793,24666.158,18.865177
1370.258541050087,24625.408,18.861269
1370.2599299218941,24606.463,18.850605
1370.2613187937022,24647.15,18.85874
1370.2627076655097,24647.475,18.872355
1370.2640965373175,24639.424,18.862656
1370.2654854091256,24634.922,18.859625
1370.2668742809333,24604.666,18.848509
1370.2682631527405,24612.98,18.858147
1370.2696520245481,24626.814,18.857805
1370.2710408964726,24636.908,18.874144
1370.2724297682807,24629.195,18.858877
1370.273818640088,24630.615,18.859303
1370.275207511896,24644.105,18.865442
1370.2765963837041,24611.926,18.847267
1370.2779852555109,24619.19,18.85815
1370.2793741274345,24615.812,18.855406
1370.2807629992426,24616.059,18.851944
1370.2821518710507,24610.225,18.855417
1370.2835407428588,24608.229,18.848589
1370.2849296147829,24630.66,18.848654
1370.28631848659,24604.727,18.851961
1370.2877073583977,24634.95,18.856035
1370.2890962303213,24631.953,18.858025
1370.2904851021294,24646.125,18.860888
1370.2918739739375,24614.621,18.848904
1370.2932628457456,24648.824,18.870377
1370.2946517176701,24633.305,18.864613
1370.296040589477,24672.244,18.86434
1370.2974294614005,24597.312,18.84982
1370.2988183332086,24626.162,18.859613
1370.3002072050162,24662.088,18.866177
1370.3015960769408,24641.611,18.852667
1370.3029849487489,24614.23,18.85615
1370.3043738206734,24607.283,18.850414
1370.3057626924806,24625.03,18.856358
1370.3071515644037,24611.25,18.85443
1370.3085404362118,24646.125,18.857922
1370.3099293081364,24608.096,18.84199
1370.3113181799438,24650.514,18.867773
1370.312707051868,24618.256,18.855835
1370.3140959236762,24595.588,18.844194
1370.3154847956002,24614.64,18.853548
1370.3168736674074,24610.693,18.847452
1370.3182625393315,24594.352,18.850767
1370.3196514111396,24611.197,18.857016
1370.3210402830641,24623.094,18.857567
1370.3224291549877,24636.12,18.8607
1370.3238180267958,24594.54,18.8506
1370.32520689872,24621.314,18.85782
1370.326595770527,24607.006,18.851225
1370.3279846424516,24645.79,18.854057
1370.3293735143752,24597.94,18.853258
1370.3307623861833,24597.445,18.847862
1370.3321512581078,24625.627,18.857277
1370.333540130032,24608.342,18.857466
1370.3349290019555,24650.275,18.862957
1370.3363178737632,24634.072,18.86058
1370.3377067456877,24627.035,18.857075
1370.3390956176122,24629.406,18.8545
1370.3404844895358,24637.744,18.86024
1370.341873361344,24635.96,18.859613
1370.3432622332678,24608.205,18.845333
1370.3446511051907,24612.105,18.853504
1370.3460399771152,24654.209,18.864645
1370.3474288490397,24660.035,18.868584
1370.3488177208478,24593.455,18.841192
1370.3502065927723,24608.959,18.855324
1370.3515954646964,24628.768,18.862783
1370.35298433662,24602.246,18.849867
1370.354373208544,24669.951,18.884329
1370.3557620804677,24603.285,18.851625
1370.3571509523922,24660.125,18.867908
1370.3585398243167,24610.697,18.848442
1370.3599286962412,24637.973,18.86324
1370.3613175681658,24645.99,18.868013
1370.3627064399725,24635.602,18.860054
1370.364095311896,24643.621,18.868614
1370.3654841838206,24656.695,18.864685
1370.3668730557447,24583.383,18.837639
1370.3682619276692,24661.963,18.859278
1370.3696507995937,24638.715,18.862988
1370.3710396716347,24644.598,18.856255
1370.3724285435583,24619.316,18.850569
1370.3738174154814,24602.184,18.856594
1370.375206287406,24647.473,18.86134
1370.3765951593305,24656.9,18.860136
1370.377984031254,24621.146,18.868439
1370.3793729031786,24621.398,18.85714
1370.380761775103,24643.475,18.867182
1370.3835395189508,24603.693,18.84564
1370.3849283909913,24626.576,18.852041
1370.3863172629158,24601.092,18.846666
1370.3877061348403,24634.701,18.86101
1370.389095006764,24656.645,18.86716
1370.3904838786884,24630.295,18.852339
1370.3918727507287,24604.652,18.850819
1370.3932616226525,24642.797,18.864325
1370.394650494577,24648.453,18.863342
1370.3960393665006,24637.479,18.866556
1370.3974282385416,24638.936,18.861526
1370.398817110466,24631.584,18.861923
1370.4002059823902,24659.176,18.862593
1370.4015948543138,24625.695,18.852522
1370.4029837263543,24640.42,18.86737
1370.4043725982788,24621.588,18.848747
1370.4057614702033,24611.436,18.848225
1370.4071503422433,24617.934,18.854065
1370.4085392141678,24634.752,18.861813
1370.4099280860914,24659.57,18.867483
1370.411316958131,24638.46,18.855669
1370.4127058300555,24603.639,18.85588
1370.4140947020965,24615.238,18.85568
1370.415483574021,24631.525,18.858095
1370.416872446062,24590.74,18.845676
1370.418261317986,24609.102,18.852482
1370.4196501899096,24644.984,18.864779
1370.42103906195,24610.703,18.850395
1370.4224279338737,24611.479,18.85819
1370.4238168059146,24620.137,18.857342
1370.4252056778391,24618.152,18.85364
1370.42659454988,24578.799,18.847895
1370.4279834218046,24619.832,18.851175
1370.4293722938442,24621.486,18.850986
1370.4307611657678,24638.371,18.85891
1370.4321500378087,24656.477,18.863
1370.4335389098492,24612.18,18.853884
1370.4349277817737,24632.395,18.859499
1370.4363166538146,24619.213,18.857845
1370.4377055257391,24637.037,18.856585
1370.4390943977792,24597.176,18.8502
1370.4404832698187,24608.033,18.857891
1370.4418721417433,24590.58,18.83815
1370.4432610137842,24587.248,18.848993
1370.4446498858242,24648.42,18.861105
1370.4460387577487,24652.928,18.864105
1370.4474276297897,24630.295,18.860298
1370.4488165018302,24646.965,18.86078
1370.4502053737538,24603.914,18.847788
1370.4515942457942,24629.154,18.853724
1370.4529831178352,24631.236,18.8553
1370.454371989876,24638.385,18.855324
1370.4557608617997,24627.635,18.850466
1370.4571497338407,24606.408,18.852749
1370.4585386058807,24619.645,18.859264
1370.4599274779212,24651.572,18.859732
1370.461316349962,24612.037,18.860226
1370.4627052218857,24612.525,18.848091
1370.4640940939266,24642.969,18.858562
1370.4654829659676,24586.135,18.843004
1370.466871838008,24609.63,18.852509
1370.468260710048,24580.584,18.851265
1370.4696495820886,24595.182,18.847786
1370.471038454013,24627.186,18.855223
1370.4724273260538,24588.908,18.848745
1370.473816198094,24625.994,18.854195
1370.475205070135,24621.68,18.84722
1370.476593942176,24610.818,18.854368
1370.4779828142155,24637.87,18.86339
1370.4793716862555,24584.088,18.843948
1370.4807605582964,24635.617,18.852713
1370.4821494303374,24596.607,18.84747
1370.4835383023783,24639.76,18.860811
1370.4849271744188,24621.283,18.86153
1370.4863160464588,24624.785,18.859858
1370.487704918499,24663.076,18.865803
1370.4890937905393,24625.518,18.855106
1370.4904826625802,24617.838,18.846512
1370.4918715346212,24642.65,18.861631
1370.493260406662,24669.625,18.86868
1370.494649278703,24648.521,18.868172
1370.4960381507426,24624.393,18.865366
1370.4974270227826,24648.082,18.867489
1370.4988158948236,24656.4,18.871569
1370.5002047669805,24624.562,18.862875
1370.5015936390214,24651.295,18.860203
1370.502982511062,24624.922,18.858599
1370.5043713831028,24642.459,18.864187
1370.5057602551433,24631.637,18.86086
1370.5071491271829,24623.104,18.852629
1370.5085379993402,24639.512,18.85806
1370.5099268713811,24622.248,18.859802
1370.5113157434212,24629.057,18.84803
1370.512704615462,24654.455,18.859425
1370.514093487503,24627.902,18.850122
1370.51548235966,24630.05,18.85273
1370.5168712317,24591.303,18.855358
1370.5182601037404,24623.701,18.853827
1370.5196489757811,24632.424,18.852934
1370.5210378479383,24611.008,18.855492
1370.5224267199787,24609.885,18.844055
1370.5238155920197,24614.607,18.861752
1370.525204464176,24629.637,18.853703
1370.5265933362166,24618.365,18.85336
1370.5279822082575,24621.111,18.84944
1370.529371080414,24613.662,18.853699
1370.530759952455,24625.107,18.852884
1370.5321488244958,24586.043,18.849459
1370.5335376966527,24602.752,18.848263
1370.5349265686928,24623.299,18.865076
1370.5363154407328,24608.688,18.85221
1370.5377043128901,24658.129,18.858013
1370.539093184931,24642.045,18.857153
1370.540482057088,24648.645,18.872957
1370.541870929129,24623.951,18.854736
1370.5432598012862,24635.053,18.86121
1370.5446486733258,24648.531,18.86346
1370.5460375454822,24632.076,18.85779
1370.5474264175232,24684.521,18.881811
1370.5488152896805,24625.031,18.852287
1370.5502041617215,24647.328,18.857183
1370.5515930338781,24643.37,18.865906
1370.5529819059188,24608.88,18.852577
1370.5543707780757,24606.152,18.84871
1370.5557596501153,24634.494,18.85537
1370.5571485222727,24598.854,18.84554
1370.5585373943136,24646.086,18.857355
1370.559926266471,24623.021,18.850142
1370.5613151386283,24613.871,18.848633
1370.5627040106683,24632.645,18.86922
1370.5640928828252,24631.713,18.849058
1370.5654817548652,24633.285,18.858332
1370.566870627022,24643.334,18.864035
1370.568259499179,24609.77,18.852884
1370.56964837122,24615.293,18.856655
1370.5710372433773,24666.432,18.87044
1370.5724261155342,24638.822,18.85538
1370.5738149875738,24627.596,18.858772
1370.5752038597311,24637.008,18.8495
1370.5765927318885,24644.723,18.862478
1370.577981604045,24633.123,18.857235
1370.5793704760858,24600.69,18.842886
1370.5807593482432,24643.732,18.859217
1370.5821482204,24609.35,18.84684
1370.5835370925565,24625.447,18.853
1370.5849259645966,24643.41,18.868517
1370.586314836754,24611.521,18.858135
1370.5877037089112,24654.44,18.866835
1370.5890925810681,24647.156,18.86519
1370.5904814532255,24627.307,18.854635
1370.5918703252655,24618.023,18.85641
1370.5932591974224,24588.355,18.849133
1370.5946480695798,24645.146,18.864105
1370.5960369417362,24566.633,18.8293
1370.5974258138936,24657.318,18.863163
1370.598814686051,24644.684,18.86798
1370.6002035582076,24609.473,18.861292
1370.6029813024043,24622.537,18.854256
1370.6043701745616,24652.436,18.863905
1370.605759046719,24633.33,18.856936
1370.6071479188759,24623.93,18.848906
1370.6085367910332,24622.28,18.85268
1370.6099256631906,24645.166,18.85653
1370.6113145353465,24619.53,18.847769
1370.612703407503,24640.402,18.870075
1370.6140922796603,24648.088,18.86986
1370.6154811518177,24627.068,18.85213
1370.616870023975,24577.02,18.84383
1370.6182588961315,24627.607,18.857607
1370.6210366404457,24647.457,18.8664
1370.6224255126017,24619.857,18.858023
1370.623814384759,24618.574,18.858095
1370.6252032569164,24640.1,18.856495
1370.6265921290737,24637.889,18.861876
1370.6279810013475,24598.77,18.851627
1370.629369873504,24669.758,18.871965
1370.6307587456608,24615.225,18.861183
1370.6321476178173,24642.71,18.871758
1370.6335364899737,24645.951,18.868927
1370.634925362131,24643.994,18.8505
1370.6363142342884,24639.06,18.859669
1370.6377031065622,24625.545,18.848547
1370.6390919787195,24598.44,18.856718
1370.6404808508755,24631.084,18.86716
1370.6418697230324,24606.885,18.848955
1370.6432585951898,24663.814,18.866388
1370.6446474673462,24640.574,18.855684
1370.64603633962,24622.582,18.860802
1370.6474252117773,24633.594,18.857475
1370.6488140839347,24612.176,18.85174
1370.650202956091,24623.566,18.854965
1370.6515918283635,24586.402,18.844841
1370.6529807005209,24637.54,18.858791
1370.6543695726782,24622.264,18.855484
1370.6557584449515,24641.84,18.867624
1370.659925061539,24595.852,18.849487
1370.661313933696,24677.084,18.879406
1370.6627028058524,24602.867,18.850428
1370.6640916781262,24612.615,18.855787
1370.6654805502835,24617.453,18.856703
1370.66686942244,24605.732,18.846336
1370.6682582947137,24604.568,18.846521
1370.6696471668706,24558.436,18.829824
1370.671036039143,24583.531,18.847366
1370.6724249113004,24647.553,18.870375
1370.6738137834577,24613.389,18.850258
1370.6752026557315,24608.877,18.846445
1370.6765915278888,24586.816,18.84358
1370.6779804001617,24613.504,18.845299
1370.6821470167479,24593.19,18.848839
1370.6835358890216,24611.127,18.851772
1370.684924761179,24642.506,18.858423
1370.68770250561,24613.615,18.852991
1370.6918691223132,24616.799,18.85393
1370.6932579944696,24619.516,18.851095
1370.6960357390171,24631.889,18.864017
1370.6974246111736,24584.736,18.838196
1370.6988134834469,24625.418,18.854279
1370.7002023556033,24649.732,18.86292
1370.701591227877,24609.736,18.845484
1370.7029801001509,24639.656,18.861792
1370.7043689723077,24629.309,18.85542
1370.7057578445815,24635.207,18.86055
1370.7071467168544,24610.764,18.846222
1370.7085355890113,24628.396,18.861794
1370.709924461285,24654.248,18.85451
1370.7113133335579,24626.23,18.852562
1370.7127022057152,24651.229,18.864302
1370.714091077989,24626.705,18.85558
1370.7154799502619,24631.871,18.861876
1370.7168688224187,24618.51,18.855143
1370.7182576946916,24657.254,18.856934
1370.7196465669654,24643.182,18.864006
1370.7210354392391,24608.998,18.85201
1370.722424311396,24593.066,18.8483
1370.7238131836698,24590.244,18.843065
1370.7279798004888,24647.533,18.864573
1370.7293686726462,24671.043,18.857128
1370.73075754492,24609.7,18.849129
1370.7321464171937,24613.582,18.844584
1370.7335352894665,24655.447,18.860851
1370.7349241617403,24636.158,18.855177
1370.7363130340136,24614.729,18.850746
1370.737701906286,24638.434,18.855043
1370.7390907784434,24587.918,18.841177
1370.7404796507171,24627.525,18.860594
1370.741868522991,24586.787,18.84842
1370.7432573952647,24616.283,18.8481
1370.7446462675375,24640.824,18.855516
1370.7460351398104,24634.715,18.854107
1370.7474240120837,24608.193,18.845377
1370.7488128843565,24610.898,18.846243
1370.7502017566303,24613.707,18.849718
1370.751590628904,24564.162,18.844217
1370.7529795011778,24635.498,18.860981
1370.7543683734516,24618.94,18.855629
1370.755757245724,24606.2,18.846184
1370.7571461179973,24616.172,18.849953
1370.758534990271,24618.514,18.846413
1370.759923862544,24592.633,18.853304
1370.7613127348177,24626.053,18.855902
1370.7627016070915,24671.049,18.86624
1370.7640904793652,24611.326,18.852942
1370.765479351638,24637.51,18.853262
1370.7668682239105,24623.55,18.848843
1370.7682570961842,24651.441,18.85383
1370.769645968458,24641.314,18.850557
1370.7710348407313,24642.143,18.860731
1370.772423713005,24648.166,18.861525
1370.7738125853953,24653.57,18.85268
1370.7752014576681,24610.766,18.861946
1370.7765903299412,24622.725,18.847961
1370.7779792022143,24634.256,18.86238
1370.779368074488,24609.639,18.8501
1370.7807569467618,24643.258,18.856833
1370.7821458190347,24642.037,18.86409
1370.7835346914248,24617.44,18.860632
1370.7849235636982,24628.074,18.85165
1370.786312435971,24615.494,18.84812
1370.7877013082448,24629.033,18.855576
1370.789090180518,24589.434,18.842628
1370.7904790529083,24597.957,18.845053
1370.791867925182,24627.312,18.846075
1370.793256797455,24666.564,18.863653
1370.7946456697277,24653.82,18.868906
1370.7960345421175,24615.635,18.852682
1370.7974234143912,24608.988,18.857702
1370.798812286665,24620.889,18.85288
1370.8002011590543,24624.764,18.856428
1370.801590031328,24603.725,18.848007
1370.8029789036018,24629.598,18.859083
1370.8043677758742,24602.836,18.853966
1370.805756648264,24636.953,18.854012
1370.8085343928112,24639.146,18.860632
1370.8099232652012,24631.705,18.859177
1370.8113121374745,24612.303,18.851519
1370.8127010098647,24612.191,18.848206
1370.8140898821375,24625.605,18.862778
1370.81547875441,24643.84,18.86032
1370.8168676268,24632.607,18.849586
1370.8182564990739,24660.633,18.860115
1370.819645371464,24639.027,18.85473
1370.8210342437378,24650.234,18.857487
1370.8224231160111,24677.152,18.856277
1370.8238119884004,24620.896,18.846073
1370.8252008606732,24615.7,18.851183
1370.826589733063,24645.516,18.861814
1370.8279786053367,24656.695,18.8639
1370.8307563500007,24635.44,18.869707
1370.8321452223909,24618.06,18.856903
1370.8335340946633,24651.79,18.866468
1370.8349229670525,24616.064,18.853577
1370.8363118393263,24632.531,18.846151
1370.837700711716,24646.47,18.85195
1370.8390895839898,24643.012,18.858208
1370.8404784563797,24609.945,18.849424
1370.8418673286533,24648.621,18.869915
1370.843256201043,24581.79,18.84223
1370.8446450734318,24642.748,18.853329
1370.8460339457056,24614.717,18.84689
1370.8474228180958,24621.594,18.851288
1370.8488116903686,24635.766,18.852207
1370.8502005627588,24602.064,18.84444
1370.851589435149,24650.613,18.866375
1370.8529783074223,24641.598,18.862873
1370.8543671798116,24630.72,18.848835
1370.855756052201,24626.629,18.856865
1370.8571449244746,24623.344,18.848206
1370.8585337968648,24608.475,18.847029
1370.8599226692545,24618.297,18.856722
1370.8613115415283,24660.248,18.868704
1370.8627004139175,24629.262,18.868551
1370.8640892863073,24602.455,18.846754
1370.865478158581,24611.234,18.851612
1370.8668670309703,24666.57,18.872623
1370.8682559033605,24613.504,18.849182
1370.8696447757507,24611.535,18.852425
1370.871033648024,24634.957,18.86278
1370.8724225204132,24626.95,18.855175
1370.8738113928025,24625.602,18.862154
1370.8752002651927,24612.775,18.839588
1370.8765891374665,24632.59,18.859074
1370.8779780098562,24644.264,18.857603
1370.8793668822464,24619.04,18.846188
1370.8807557546365,24634.146,18.85789
1370.8821446270254,24650.818,18.860853
1370.8835334992982,24638.428,18.845469
1370.8849223716884,24624.71,18.86061
1370.8863112440786,24639.904,18.857733
1370.8877001164687,24623.451,18.856037
1370.8890889888582,24590.254,18.840063
1370.8904778612482,24600.855,18.845512
1370.8918667335215,24626.52,18.862288
1370.8932556059103,24620.455,18.85421
1370.8946444783005,24634.586,18.856619
1370.8960333506907,24657.234,18.865807
1370.8974222230809,24603.715,18.851303
1370.898811095471,24647.18,18.864843
1370.9001999678603,24656.768,18.858395
1370.90158884025,24635.988,18.845358
1370.9029777126393,24606.113,18.845348
1370.9043665850288,24634.9,18.85109
1370.9057554574188,24632.295,18.853168
1370.907144329809,24654.234,18.85892
1370.9085332021991,24582.814,18.844995
1370.9099220745893,24614.904,18.849016
1370.9113109469781,24629.482,18.846165
1370.9126998193678,24632.105,18.848621
1370.914088691758,24626.22,18.856647
1370.9154775641473,24593.748,18.839178
1370.9168664365375,24621.564,18.850128
1370.9182553089277,24620.016,18.851833
1370.9196441813178,24645.88,18.866154
1370.9210330537073,24631.852,18.853928
1370.922421926096,24621.184,18.85335
1370.923810798486,24623.24,18.850351
1370.9251996708763,24630.588,18.864044
1370.926588543266,24620.676,18.852377
1370.9279774156562,24615.273,18.857307
1370.9293662880464,24611.947,18.849432
1370.9307551604356,24633.672,18.866795
1370.9321440329418,24621.873,18.859486
1370.933532905331,24595.875,18.842957
1370.9349217777212,24631.98,18.84885
1370.9363106501114,24626.01,18.851099
1370.937699522501,24607.75,18.855991
1370.9390883948909,24612.264,18.851046
1370.940477267397,24641.457,18.85488
1370.9418661397863,24569.463,18.842089
1370.9432550121765,24601.004,18.834421
1370.9446438845662,24588.281,18.840971
1370.9460327569564,24567.62,18.836527
1370.947421629463,24590.58,18.841484
1370.9488105018522,24556.008,18.82947
1370.950199374242,24587.385,18.845581
1370.9515882466312,24593.184,18.825855
1370.9529771190214,24617.195,18.848778
1370.954365991528,24574.744,18.835085
1370.9557548639173,24601.123,18.840559
1370.958532608814,24626.5,18.849785
1370.9599214812029,24574.76,18.844269
1370.9613103535926,24583.617,18.83346
1370.9626992259828,24561.402,18.8448
1370.9640880984894,24592.352,18.83163
1370.9654769708795,24604.506,18.847746
1370.9668658432688,24581.184,18.84678
1370.9682547157754,24552.164,18.82819
1370.969643588165,24558.371,18.832668
1370.9710324605535,24595.154,18.849758
1370.97242133306,24575.738,18.82315
1370.9738102054503,24574.172,18.832447
1370.9751990779569,24567.195,18.833178
1370.976587950347,24600.389,18.842365
1370.9779768227368,24579.012,18.840166
1370.9793656952424,24558.793,18.832933
1370.9807545676322,24604.086,18.850063
1370.9821434401379,24619.686,18.855307
1370.983532312528,24555.902,18.822945
1370.9849211849182,24619.67,18.849363
1370.9863100574248,24597.496,18.849358
1370.987698929815,24621.383,18.84813
1370.9890878023202,24626.865,18.845913
1370.9904766747095,24589.465,18.837294
1370.991865547216,24616.814,18.848692
1370.9932544196058,24609.557,18.838919
1370.9946432921124,24643.95,18.858477
1370.9960321645026,24596.463,18.844248
1370.9974210370092,24659.945,18.862833
1370.9988099093985,24646.82,18.859707
1371.0001987819037,24584.65,18.845423
1371.0015876542939,24620.418,18.846296
1371.0029765268005,24636.795,18.851673
1371.0043653991897,24630.605,18.853142
1371.0057542716963,24623.203,18.861292
1371.007143144203,24640.488,18.84997
1371.0085320165927,24624.158,18.846464
1371.0099208890983,24593.795,18.847538
1371.011309761488,24615.441,18.858017
1371.0126986339947,24643.115,18.858757
1371.0140875065013,24659.426,18.863682
1371.0154763788905,24661.719,18.860313
1371.0168652513971,24607.332,18.850113
1371.0182541237866,24637.719,18.85915
1371.0196429962925,24614.344,18.84611
1371.0210318687991,24600.969,18.839127
1371.0224207411884,24645.88,18.858522
1371.023809613695,24638.31,18.857426
1371.0251984862016,24614.334,18.847654
1371.0265873585913,24636.24,18.852758
1371.027976231097,24628.89,18.859016
1371.0293651036031,24633.51,18.857426
1371.0307539759933,24630.666,18.859802
1371.0321428485,24590.496,18.834967
1371.0349205935122,24626.494,18.852493
1371.0363094659024,24649.932,18.867718
1371.0376983384076,24652.775,18.85875
1371.0390872109133,24665.29,18.859688
1371.04047608342,24641.51,18.854832
1371.04186495581,24650.955,18.858454
1371.0432538283167,24646.709,18.860073
1371.0446427008228,24604.902,18.849806
1371.0460315733294,24611.156,18.840582
1371.0474204457187,24641.406,18.863848
1371.048809318224,24640.607,18.858608
1371.051587063237,24643.285,18.857246
1371.0529759357437,24587.498,18.842152
1371.0543648082503,24588.842,18.846352
1371.0557536806396,24622.799,18.848429
1371.0585314256514,24636.262,18.855854
1371.0599202981575,24585.686,18.83353
1371.0613091706641,24646.2,18.856573
1371.0626980431707,24627.973,18.843918
1371.0640869156773,24622.557,18.845173
1371.065475788184,24595.842,18.85001
1371.0668646605725,24612.979,18.851145
1371.0682535330784,24634.512,18.850634
1371.069642405585,24619.326,18.836376
1371.0710312780907,24616.672,18.858835
1371.0724201505973,24641.469,18.854557
1371.0738090231039,24638.123,18.850464
1371.0751978956105,24621.754,18.835636
1371.0765867681166,24618.547,18.855923
1371.0779756406218,24603.453,18.846672
1371.0793645131284,24641.89,18.846743
1371.080753385635,24634.488,18.858374
1371.0821422581407,24651.2,18.862915
1371.0835311306473,24607.166,18.844938
1371.084920003154,24631.707,18.864676
1371.0863088756596,24606.002,18.83968
1371.0876977481657,24639.656,18.8569
1371.0890866206714,24631.385,18.85565
1371.090475493178,24621.898,18.848238
1371.0918643656846,24616.582,18.85218
1371.0932532381908,24625.213,18.853823
1371.0946421106974,24597.824,18.83944
1371.096030983203,24650.953,18.863058
1371.097419855709,24646.322,18.866877
1371.0988087282153,24650.867,18.854836
1371.1001976008379,24607.252,18.841917
1371.1015864733445,24640.604,18.85773
1371.102975345851,24621.455,18.849161
1371.1043642183567,24636.994,18.863474
1371.105753090863,24607.707,18.841608
1371.1071419633686,24658.885,18.868984
1371.1085308358747,24619.025,18.847374
1371.1113085810043,24610.959,18.843884
1371.112697453511,24632.955,18.850761
1371.1140863260173,24619.38,18.862053
1371.1154751985223,24604.105,18.842215
1371.1168640710284,24604.398,18.855453
1371.118252943535,24634.2,18.846899
1371.1196418161571,24596.373,18.84134
1371.1307527963236,24623.291,18.853298
1371.1321416689466,24633.902,18.864918
1371.1335305414532,24613.799,18.853354
1371.1349194139589,24633.57,18.86006
1371.1363082865814,24609.172,18.85464
1371.137697159087,24631.455,18.86255
1371.1390860315937,24580.873,18.84673
1371.1404749041003,24602.16,18.852581
1371.1418637767229,24607.408,18.856205
1371.1432526492295,24605.354,18.858019
1371.1446415217351,24642.033,18.861473
1371.1460303943572,24608.389,18.85083
1371.1474192668638,24641.324,18.862051
1371.1488081394864,24593.63,18.846298
1371.150197011993,24653.127,18.871674
1371.1515858844996,24650.928,18.867664
1371.1529747571217,24613.7,18.85488
1371.1543636296278,24612.65,18.85288
1371.1557525021335,24616.275,18.861464
1371.1571413747565,24622.924,18.857094
1371.1585302472631,24636.998,18.86171
1371.1599191198857,24607.373,18.860361
1371.1613079923923,24616.719,18.856049
1371.1626968648986,24607.994,18.855698
1371.16408573752,24646.018,18.852825
1371.1654746100262,24629.207,18.859499
1371.1668634826492,24599.371,18.857994
1371.1682523551558,24616.492,18.851894
1371.1696412277788,24598.576,18.855099
1371.1710301002845,24632.121,18.863646
1371.1724189729075,24639.95,18.867651
1371.1738078454136,24617.225,18.857147
1371.1751967180353,24612.855,18.85857
1371.176585590542,24630.264,18.865088
1371.1779744631647,24626.867,18.852613
1371.179363335671,24633.426,18.858036
1371.180752208294,24603.52,18.861956
1371.1821410808002,24641.832,18.866846
1371.1835299534223,24648.133,18.863808
1371.1849188259284,24644.473,18.87308
1371.1863076985505,24617.234,18.855276
1371.1876965710571,24638.463,18.860115
1371.1890854436801,24625.21,18.862984
1371.1904743163032,24591.73,18.85217
1371.1918631888097,24607.207,18.862322
1371.1932520614314,24619.621,18.85805
1371.194640933937,24620.209,18.85965
1371.19602980656,24628.9,18.850239
1371.1974186791826,24627.607,18.85911
1371.1988075516892,24629.264,18.860176
1371.2001964243123,24637.38,18.861984
1371.2015852968188,24632.898,18.856642
1371.202974169441,24591.52,18.855343
1371.2043630420626,24625.963,18.864977
1371.2057519145692,24635.627,18.858063
1371.2071407871922,24616.98,18.857986
1371.2085296598148,24594.873,18.857466
1371.2099185323214,24635.936,18.860456
1371.2113074049441,24621.125,18.855886
1371.2126962775665,24617.85,18.853754
1371.2140851500722,24641.406,18.857065
1371.2154740226947,24630.469,18.854996
1371.2168628953177,24614.465,18.857746
1371.2182517679407,24671.572,18.872705
1371.2196406404464,24601.0,18.855257
1371.2210295130694,24633.768,18.858847
1371.222418385692,24616.84,18.861221
1371.2238072581977,24628.322,18.850327
1371.2251961308207,24593.205,18.853548
1371.226585003443,24599.031,18.859507
1371.2279738760658,24616.441,18.85621
1371.2293627486888,24621.748,18.860647
1371.230751621195,24624.963,18.858515
1371.232140493817,24619.973,18.853064
1371.2335293664396,24631.303,18.85978
1371.2349182390626,24641.457,18.858267
1371.2363071116856,24627.96,18.866228
1371.2376959841913,24651.129,18.867838
1371.2390848568143,24625.234,18.867115
1371.2404737294373,24643.43,18.864046
1371.2418626020597,24644.576,18.866562
1371.243251474682,24636.219,18.869484
1371.244640347304,24624.023,18.862694
1371.2460292198107,24604.127,18.854668
1371.2474180924337,24603.049,18.864819
1371.2488069650562,24628.557,18.85664
1371.2501958376793,24618.1,18.852127
1371.2515847103023,24635.352,18.860727
1371.252973582924,24606.857,18.852583
1371.254362455546,24644.13,18.86397
1371.255751328169,24629.8,18.862194
1371.257140200792,24638.738,18.860033
1371.2585290732986,24632.19,18.864105
1371.2599179459207,24593.95,18.853558
1371.2613068185437,24683.213,18.876553
1371.2626956911663,24650.035,18.862276
1371.264084563788,24654.246,18.862371
1371.265473436411,24661.219,18.862967
1371.266862309034,24625.336,18.856943
1371.268251181657,24643.914,18.868301
1371.26964005428,24621.707,18.861694
1371.271028926902,24621.504,18.856993
1371.2724177995246,24618.666,18.853842
1371.2738066721467,24598.514,18.846691
1371.2751955447688,24650.494,18.860441
1371.2765844173919,24631.205,18.858309
1371.2779732900149,24652.707,18.869236
1371.2793621626379,24631.076,18.861921
1371.280751035261,24673.428,18.866673
1371.2821399078825,24615.04,18.856625
1371.283528780505,24624.688,18.855831
1371.284917653128,24638.352,18.853483
1371.2863065257502,24654.432,18.861786
1371.2876953983732,24641.312,18.868202
1371.2890842709962,24646.092,18.867287
1371.2904731437357,24615.771,18.852562
1371.291862016358,24612.123,18.855627
1371.2932508889794,24616.254,18.855513
1371.2946397616024,24626.295,18.865635
1371.2960286342254,24625.65,18.8655
1371.297417506848,24609.854,18.847336
1371.298806379471,24635.709,18.864037
1371.300195252094,24628.482,18.8591
1371.301584124716,24638.812,18.856787
1371.302972997455,24602.328,18.852543
1371.3043618700772,24673.8,18.873692
1371.3057507427002,24604.645,18.855724
1371.3071396153232,24621.035,18.858006
1371.3085284879453,24594.203,18.850065
1371.3099173605683,24609.086,18.856155
1371.3113062333073,24651.246,18.872658
1371.3126951059294,24594.41,18.849003
1371.3140839785524,24635.186,18.8606
1371.315472851175,24643.889,18.862923
1371.316861723798,24633.107,18.862438
1371.3182505965374,24645.473,18.867456
1371.3196394691595,24631.28,18.86272
1371.321028341782,24630.682,18.864048
1371.3224172144041,24656.41,18.86468
1371.3238060871436,24610.766,18.853851
1371.3251949597666,24620.105,18.85801
1371.3265838323887,24591.719,18.84725
1371.3279727050117,24612.408,18.866196
1371.3293615777511,24617.66,18.856955
1371.3307504503728,24645.219,18.862677
1371.3321393229953,24618.26,18.854536
1371.3335281956183,24587.492,18.844261
1371.3349170683578,24610.32,18.856516
1371.3363059409808,24590.365,18.846527
1371.3376948136029,24646.076,18.865095
1371.3390836863423,24626.66,18.862684
1371.3404725589644,24652.041,18.859772
1371.341861431586,24647.43,18.867676
1371.3432503043255,24615.059,18.854614
1371.3446391769485,24615.754,18.868195
1371.3460280495715,24630.072,18.85701
1371.347416922311,24660.988,18.868332
1371.3488057949335,24621.79,18.860538
1371.3501946675556,24619.135,18.85076
1371.3515835402945,24609.01,18.856888
1371.3529724129166,24601.48,18.847174
1371.354361285656,24640.785,18.865652
1371.355750158279,24606.744,18.85346
1371.357139030902,24624.516,18.864378
1371.3585279036415,24621.82,18.854988
1371.3599167762636,24626.957,18.862047
1371.3613056490026,24627.035,18.86721
1371.3626945216247,24620.64,18.868063
1371.3640833943637,24620.586,18.856232
1371.3654722669867,24629.045,18.851706
1371.3668611396097,24640.998,18.864325
1371.368250012349,24612.096,18.866188
1371.3696388849721,24608.867,18.856737
1371.37102775771,24631.47,18.86092
1371.3724166303323,24663.055,18.865784
1371.3738055030717,24604.666,18.85092
1371.3751943756938,24653.943,18.86435
1371.3765832484332,24612.055,18.860413
1371.3779721210562,24635.672,18.862633
1371.3793609937957,24655.463,18.867474
1371.3807498664182,24609.775,18.853
1371.3821387391563,24647.244,18.866713
1371.3835276117793,24587.562,18.846498
1371.3849164845187,24616.83,18.860582
1371.3863053571408,24614.535,18.85855
1371.3876942298803,24648.156,18.866224
1371.3890831026197,24642.445,18.86765
1371.3904719752418,24626.36,18.855507
1371.3918608479808,24642.035,18.870975
1371.3932497206029,24619.781,18.857391
1371.3946385933423,24634.564,18.853807
1371.3960274659653,24619.342,18.861988
1371.3974163387043,24643.93,18.863665
1371.3988052114437,24622.104,18.855904
1371.4001940840658,24640.404,18.859781
1371.4015829568048,24616.064,18.854376
1371.4029718294275,24607.205,18.855751
1371.4043607021663,24644.47,18.868608
1371.4057495749057,24624.615,18.85938
1371.4071384475287,24630.148,18.862276
1371.4085273202672,24624.098,18.851868
1371.4099161930062,24645.531,18.864977
1371.4113050656283,24639.857,18.856577
1371.4126939383677,24640.703,18.868235
1371.4140828111072,24625.066,18.853584
1371.4154716837297,24676.008,18.868906
1371.4168605564691,24656.078,18.872486
1371.4182494292086,24602.438,18.851757
1371.41963830183,24627.875,18.859905
1371.4210271745687,24668.664,18.863707
1371.4224160473082,24648.074,18.860987
1371.4238049199312,24604.52,18.850567
1371.4251937926706,24645.36,18.86221
1371.4265826654091,24638.13,18.86705
1371.4279715381485,24661.576,18.874714
1371.429360410771,24619.385,18.857431
1371.4307492835092,24599.998,18.856176
1371.4321381562486,24628.268,18.856306
1371.433527028988,24624.357,18.866125
1371.434915901611,24599.438,18.846725
1371.4363047743502,24629.879,18.862417
1371.437693647089,24625.79,18.856916
1371.4390825198275,24609.156,18.860346
1371.4404713925665,24614.564,18.854084
1371.4418602651886,24620.207,18.85648
1371.443249137928,24617.291,18.855978
1371.4446380106674,24608.6,18.857443
1371.4460268834068,24629.936,18.854046
1371.4474157561463,24648.975,18.868748
1371.4488046287688,24595.076,18.85353
1371.4501935015073,24653.277,18.867323
1371.451582374246,24621.186,18.855732
1371.4529712469848,24591.371,18.85027
1371.4543601197242,24621.986,18.854937
1371.4557489924637,24624.908,18.861357
1371.457137865203,24654.234,18.864784
1371.458526737826,24632.236,18.866905
1371.4599156105642,24659.623,18.869766
1371.4613044833027,24636.688,18.859653
1371.462693356042,24629.945,18.858385
1371.464082228781,24620.906,18.859827
1371.4654711015205,24612.861,18.854239
1371.46685997426,24629.81,18.858862
1371.4682488469991,24609.957,18.851864
1371.4696377197379,24617.367,18.852173
1371.471026592476,24663.479,18.862955
1371.4724154652154,24636.229,18.857767
1371.4738043378384,24613.45,18.852783
1371.475193210577,24617.008,18.854113
1371.4765820833163,24646.025,18.854918
1371.4779709560557,24627.088,18.867613
1371.4793598287947,24666.287,18.875616
1371.4807487015332,24637.705,18.861229
1371.4821375742722,24638.486,18.862972
1371.4835264470116,24598.43,18.846773
1371.4849153197508,24654.604,18.870909
1371.4863041924896,24616.428,18.848028
1371.487693065229,24632.838,18.852499
1371.4890819379675,24629.533,18.853214
1371.4904708107065,24628.51,18.862202
1371.491859683446,24591.936,18.847162
1371.4932485561844,24628.803,18.854628
1371.4946374289239,24637.895,18.862583
1371.4960263016633,24632.29,18.861559
1371.4974151744022,24620.662,18.86751
1371.4988040471408,24625.275,18.859789
1371.500192919996,24637.393,18.870478
1371.5015817927351,24638.393,18.866701
1371.5029706654745,24633.957,18.872017
1371.5043595382135,24629.254,18.859951
1371.505748410953,24632.871,18.861313
1371.5071372836924,24625.96,18.861698
1371.5085261564304,24631.46,18.861382
1371.509915029169,24631.787,18.862453
1371.5113039019084,24630.117,18.856983
1371.5126927746478,24626.873,18.857182
1371.5140816473872,24635.785,18.866632
1371.5154705202424,24643.79,18.86676
1371.5168593929816,24638.871,18.861063
1371.5182482657206,24621.373,18.85329
1371.5196371384586,24611.383,18.847973
1371.521026011198,24588.105,18.845522
1371.5224148839375,24598.225,18.860321
1371.523803756677,24615.059,18.858543
1371.5251926295327,24624.918,18.863443
1371.5265815022713,24613.836,18.855276
1371.5279703750107,24618.1,18.855734
1371.5293592477497,24620.547,18.851881
1371.5307481204877,24633.51,18.860369
1371.5321369933433,24616.791,18.855803
1371.5335258660825,24609.547,18.857466
1371.534914738822,24653.434,18.864302
1371.5363036115614,24595.723,18.84448
1371.5376924843004,24596.457,18.853655
1371.5390813571553,24649.271,18.867245
1371.5404702298943,24643.092,18.862064
1371.5418591026328,24628.1,18.85743
1371.5432479753722,24636.947,18.859722
1371.544636848228,24635.412,18.86888
1371.546025720967,24646.08,18.86297
1371.5474145937064,24643.664,18.86556
1371.548803466445,24613.781,18.864347
1371.5501923392999,24623.729,18.865013
1371.5515812120393,24614.154,18.861116
1371.5529700847783,24660.164,18.875305
1371.5543589576341,24626.86,18.85929
1371.5557478303735,24608.307,18.85452
1371.557136703112,24634.184,18.858866
1371.5585255759675,24624.312,18.860874
1371.559914448706,24612.166,18.851637
1371.5613033214454,24612.803,18.860275
1371.5626921941848,24655.512,18.861254
1371.56408106704,24618.904,18.852362
1371.5654699397792,24624.717,18.861567
1371.566858812635,24655.39,18.870016
1371.568247685373,24612.85,18.86104
1371.569636558112,24630.637,18.857937
1371.571025430968,24630.418,18.864328
1371.5724143037073,24636.156,18.86397
1371.5738031764467,24601.244,18.861586
1371.5751920493017,24621.596,18.855932
1371.576580922041,24654.604,18.863688
1371.5779697948965,24656.09,18.860916
1371.5793586676343,24639.479,18.866785
1371.5807475403735,24599.582,18.853975
1371.5821364132294,24599.54,18.849802
1371.5835252859688,24595.646,18.85279
1371.5849141588246,24585.568,18.84445
1371.5863030315636,24645.592,18.866264
1371.587691904303,24605.035,18.850393
1371.589080777158,24629.432,18.857935
1371.590469649896,24623.34,18.852547
1371.5918585227519,24616.707,18.858778
1371.5932473954913,24611.564,18.85585
1371.5946362683471,24633.123,18.858883
1371.5960251410866,24634.57,18.864899
1371.5974140139417,24608.592,18.850859
1371.5988028866805,24601.941,18.849697
1371.6001917595354,24593.81,18.846203
1371.6015806322744,24651.914,18.865196
1371.6029695051302,24624.295,18.851862
1371.6043583778696,24635.92,18.862667
1371.6057472507255,24626.51,18.862696
1371.607136123465,24608.865,18.853228
1371.6085249963194,24605.084,18.859543
1371.609913869058,24642.895,18.866774
1371.6113027419137,24637.205,18.857306
1371.6126916146525,24657.102,18.868153
1371.614080487508,24638.092,18.85819
1371.6154693602475,24626.768,18.85525
1371.6168582331034,24630.06,18.861221
1371.6182471059587,24643.309,18.860468
1371.6196359786968,24632.63,18.866638
1371.6210248515526,24655.97,18.874647
1371.622413724292,24621.248,18.858173
1371.623802597147,24629.207,18.864399
1371.6251914698864,24654.686,18.860085
1371.6265803427423,24643.426,18.857025
1371.6279692155977,24626.314,18.862492
1371.6293580883362,24603.938,18.848293
1371.630746961191,24614.664,18.857649
1371.6321358339305,24628.066,18.859653
1371.6335247067864,24626.918,18.857414
1371.6349135796418,24622.246,18.855206
1371.6363024523812,24604.143,18.857584
1371.6376913252361,24619.955,18.862562
1371.6390801980915,24642.664,18.86215
1371.640469070831,24617.81,18.864946
1371.6418579436859,24627.412,18.862469
1371.6432468165417,24639.1,18.857483
1371.6446356892811,24642.938,18.866755
1371.646024562136,24626.28,18.855003
1371.647413434992,24616.77,18.854536
1371.6488023077309,24612.19,18.857168
1371.6501911805858,24637.342,18.866997
1371.6515800534416,24614.215,18.853128
1371.6529689261806,24613.137,18.856714
1371.6543577990365,24610.807,18.853954
1371.6557466718923,24620.254,18.862526
1371.6571355447472,24631.848,18.854685
1371.6585244174862,24655.537,18.879627
1371.6599132903411,24630.986,18.862595
1371.661302163197,24602.178,18.85475
1371.6626910360528,24612.184,18.850069
1371.6640799087913,24620.219,18.853361
1371.6654687816472,24633.45,18.860203
1371.666857654503,24606.916,18.852276
1371.6682465273575,24638.82,18.864151
1371.6696354000965,24643.346,18.85724
1371.6710242729523,24637.145,18.861351
1371.6724131458082,24647.164,18.862823
1371.673802018664,24620.928,18.86133
1371.675190891519,24622.877,18.856405
1371.6765797642583,24640.352,18.86558
1371.6779686371135,24625.023,18.856913
1371.6793575099678,24637.49,18.86112
1371.6807463828236,24630.375,18.859959
1371.6821352556794,24632.691,18.868725
1371.6835241284189,24621.928,18.858429
1371.6849130012747,24656.03,18.863419
1371.68630187413,24609.992,18.848251
1371.687690746985,24614.365,18.856333
1371.6890796198404,24630.66,18.869026
1371.6904684926953,24636.588,18.865446
1371.6918573655512,24600.707,18.844347
1371.6932462382906,24635.49,18.860725
1371.6946351111465,24623.172,18.85729
1371.6960239840023,24637.523,18.864576
1371.6974128568568,24651.297,18.862497
1371.6988017297117,24617.832,18.851316
1371.7001906025675,24621.729,18.857395
1371.701579475423,24616.996,18.860722
1371.7029683482788,24644.418,18.868116
1371.7043572211346,24621.504,18.85277
1371.7057460939905,24579.36,18.852905
1371.7071349667299,24640.84,18.860357
1371.7085238395841,24585.89,18.849749
1371.7099127124393,24631.844,18.868792
1371.7113015852951,24636.883,18.859095
1371.71269045815,24605.568,18.85636
1371.714079331006,24656.172,18.863432
1371.7154682038617,24627.3,18.862816
1371.7168570767176,24610.512,18.85981
1371.718245949573,24634.502,18.871138
1371.7196348224275,24635.098,18.865484
1371.7210236952833,24626.07,18.854113
1371.7224125681391,24631.275,18.864721
1371.723801440994,24650.758,18.863651
1371.72519031385,24625.941,18.863983
1371.7265791867057,24594.594,18.847887
1371.7279680595607,24619.42,18.863514
1371.729356932416,24634.738,18.861906
1371.730745805271,24682.701,18.874214
1371.7321346781268,24630.926,18.862932
1371.7335235509827,24616.312,18.858152
1371.734912423838,24629.914,18.859013
1371.736301296694,24634.34,18.866247
1371.7376901695488,24634.844,18.863667
1371.7390790424042,24619.88,18.863129
1371.74046791526,24628.957,18.858124
1371.741856788115,24603.627,18.853605
1371.7432456609708,24642.773,18.865393
1371.744634533943,24655.168,18.864786
1371.746023406798,24611.766,18.85895
1371.7474122796534,24624.168,18.862295
1371.7488011525083,24601.5,18.854225
1371.7501900253642,24599.06,18.850636
1371.75157889822,24611.152,18.858107
1371.7529677710754,24606.842,18.856365
1371.7543566439313,24601.727,18.847359
1371.755745516787,24639.086,18.862158
1371.757134389642,24621.615,18.860664
1371.7585232626134,24635.77,18.85782
1371.7599121354688,24598.914,18.861086
1371.7613010083246,24588.465,18.847496
1371.7626898811804,24657.88,18.868166
1371.7640787540354,24641.117,18.865694
1371.7654676268912,24642.035,18.870556
1371.766856499747,24679.414,18.866484
1371.768245372718,24616.758,18.85736
1371.7696342455733,24638.062,18.860682
1371.7710231184292,24604.94,18.853773
1371.772411991285,24627.906,18.864511
1371.7738008641406,24629.455,18.86154
1371.7751897369958,24615.877,18.855137
1371.776578609968,24635.064,18.858992
1371.777967482823,24640.92,18.866867
1371.7793563556775,24605.188,18.850813
1371.7807452285333,24617.64,18.854994
1371.7821341015056,24606.438,18.855068
1371.7835229743614,24605.637,18.852896
1371.7849118472172,24655.14,18.877287
1371.7863007200726,24626.223,18.865973
1371.7876895929276,24614.457,18.859995
1371.7890784658991,24595.656,18.845587
1371.7904673387543,24621.08,18.858593
1371.7918562116101,24639.57,18.868973
1371.793245084466,24640.39,18.86239
1371.7946339574382,24643.766,18.86376
1371.796022830294,24637.57,18.867682
1371.7974117031486,24617.137,18.85998
1371.79880057612,24660.28,18.86543
1371.8001894489757,24637.355,18.85781
1371.8015783218311,24632.174,18.860817
1371.802967194687,24606.79,18.84659
1371.8043560676592,24650.05,18.86314
1371.805744940515,24616.01,18.853783
1371.8071338133707,24634.99,18.862528
1371.8085226863413,24651.646,18.862349
1371.8099115591967,24628.73,18.870869
1371.8113004320526,24619.486,18.854263
1371.812689305024,24627.807,18.855085
1371.8140781778798,24594.936,18.858057
1371.8154670507356,24628.975,18.85557
1371.8168559237079,24631.312,18.858273
1371.8182447965632,24606.143,18.852657
1371.8196336694177,24636.367,18.861395
1371.82102254239,24654.338,18.862782
1371.8224114152456,24629.05,18.855385
1371.8238002882172,24611.043,18.85479
1371.825189161073,24616.938,18.856432
1371.8265780339289,24645.941,18.867205
1371.8279669069002,24669.76,18.864298
1371.8293557797556,24620.557,18.85838
1371.8307446526105,24664.516,18.871399
1371.8321335255828,24617.277,18.854816
1371.8335223984386,24634.812,18.864933
1371.8349112714104,24625.184,18.85361
1371.8363001442663,24639.268,18.866667
1371.8376890172376,24633.963,18.859703
1371.8390778900925,24607.873,18.857733
1371.8404667629484,24611.34,18.857958
1371.8418556359202,24615.094,18.861351
1371.843244508776,24614.83,18.848839
1371.8446333817483,24625.244,18.860476
1371.8460222546032,24636.648,18.863142
1371.8474111275755,24619.607,18.857927
1371.8488000004309,24616.498,18.853117
1371.8501888734022,24648.738,18.864887
1371.851577746258,24615.535,18.856876
1371.8529666192298,24649.74,18.863121
1371.8543554920857,24612.6,18.855087
1371.8557443650577,24579.227,18.843828
1371.8571332379129,24627.312,18.851881
1371.8585221108842,24624.842,18.858402
1371.8599109837396,24619.76,18.850729
1371.8612998567119,24617.205,18.85371
1371.8626887295677,24618.373,18.855953
1371.864077602539,24632.541,18.865313
1371.865466475395,24615.93,18.852655
1371.8668553483672,24629.598,18.861647
1371.8682442212216,24626.906,18.864902
1371.8696330941934,24638.736,18.86259
1371.871021967049,24608.807,18.86104
1371.872410840021,24623.242,18.856167
1371.873799712877,24645.334,18.871578
1371.8751885858487,24638.123,18.866724
1371.876577458821,24631.07,18.85554
1371.877966331676,24607.219,18.851925
1371.8793552046468,24630.25,18.852865
1371.8807440775026,24639.217,18.856314
1371.882132950475,24623.557,18.855652
1371.8835218234472,24650.182,18.864275
1371.884910696303,24665.889,18.867634
1371.8862995692746,24613.5,18.861073
1371.8876884421297,24611.703,18.852198
1371.889077315101,24634.41,18.859735
1371.8904661880729,24594.295,18.841438
1371.8918550609287,24651.943,18.867651
1371.893243933901,24645.723,18.87003
1371.8946328068732,24611.143,18.857346
1371.896021679729,24635.354,18.857548
1371.8974105527004,24601.684,18.850174
1371.8987994255558,24640.95,18.862589
1371.9001882985272,24612.44,18.857786
1371.901577171499,24620.713,18.85329
1371.9029660443546,24623.764,18.863068
1371.9043549173266,24618.758,18.856037
1371.9057437902989,24620.99,18.852118
1371.9071326631547,24590.307,18.852894
1371.9085215361256,24609.557,18.856474
1371.9099104090974,24582.959,18.843584
1371.9112992820696,24628.451,18.859241
1371.9126881549246,24627.512,18.863604
1371.9140770278968,24636.764,18.85643
1371.915465900869,24628.656,18.858387
1371.916854773725,24614.346,18.854095
1371.9182436466965,24630.795,18.857042
1371.9196325196672,24628.787,18.861414
1371.9210213926394,24650.498,18.867607
1371.9224102654953,24642.893,18.867464
1371.923799138467,24611.916,18.854008
1371.9251880114393,24615.51,18.85524
1371.9265768844116,24611.117,18.850544
1371.9279657572665,24653.99,18.863209
1371.9293546302383,24642.455,18.86854
1371.9307435032097,24583.97,18.840937
1371.932132376182,24629.09,18.868382
1371.9335212490378,24654.227,18.864147
1371.9349101220093,24613.143,18.859747
1371.9362989949814,24614.055,18.85228
1371.9376878679536,24604.553,18.854961
1371.9390767409254,24646.893,18.868364
1371.9404656137804,24626.967,18.861591
1371.9418544867522,24630.53,18.864563
1371.9432433597244,24629.629,18.856514
1371.9446322326967,24638.734,18.860106
1371.9460211055516,24616.53,18.858923
1371.9474099785239,24638.668,18.870176
1371.9487988514957,24626.734,18.861265
1371.950187724467,24632.344,18.859755
1371.9515765974393,24624.055,18.856764
1371.9529654704106,24598.227,18.852226
1371.9543543432665,24594.654,18.845766
1371.9557432162387,24629.139,18.857882
1371.9571320892105,24620.32,18.858992
1371.9585209621819,24643.49,18.859877
1371.9599098351537,24633.17,18.867613
1371.961298708126,24614.541,18.8555
1371.9626875810982,24616.588,18.860483
1371.9640764540695,24636.037,18.860018
1371.9654653269254,24596.62,18.84642
1371.9668541998976,24626.717,18.856823
1371.9682430728685,24638.441,18.864504
1371.9696319458399,24632.09,18.868635
1371.9710208188121,24633.26,18.857977
1371.9724096917844,24648.438,18.877613
1371.9737985647566,24618.475,18.860435
1371.9751874377284,24617.756,18.863121
1371.9765763107007,24643.865,18.870079
1371.977965183673,24628.62,18.856613
1371.9793540566438,24620.352,18.85721
1371.9807429296152,24641.527,18.858295
1371.982131802471,24682.441,18.873606
1371.9835206754433,24612.912,18.859268
1371.9849095484155,24619.506,18.858976
1371.986298421387,24630.955,18.86438
1371.9876872943591,24661.986,18.877972
1371.989076167331,24648.885,18.864656
1371.9904650403018,24648.28,18.859251
1371.991853913274,24652.701,18.866137
1371.9932427862464,24617.816,18.85191
1371.9946316592177,24616.01,18.855402
1371.99602053219,24591.574,18.84589
1371.9974094051622,24622.111,18.860802
1371.998798278134,24623.705,18.858244
1372.0001871511054,24627.867,18.866482
1372.0015760240767,24635.475,18.857038
1372.002964897049,24621.246,18.866386
1372.0043537700212,24632.457,18.86647
1372.005742642993,24633.873,18.866165
1372.0071315159653,24563.84,18.84484
1372.0085203889375,24610.688,18.852514
1372.009909261909,24625.283,18.855944
1372.0112981348807,24606.72,18.851894
1372.0126870079685,24669.947,18.867098
1372.0140758809407,24628.643,18.856133
1372.015464753913,24624.842,18.860415
1372.0168536268843,24597.947,18.852531
1372.0182424998566,24636.926,18.873106
1372.0196313728284,24657.79,18.865623
1372.0210202457997,24618.295,18.856438
1372.022409118772,24635.78,18.865417
1372.0237979917438,24620.434,18.864134
1372.025186864716,24604.898,18.85325
1372.0265757376883,24653.504,18.866377
1372.0279646106596,24622.21,18.85978
1372.0293534837479,24606.734,18.857174
1372.0307423567192,24613.605,18.85903
1372.0321312296915,24600.96,18.85145
1372.0335201026637,24648.87,18.860165
1372.034908975635,24667.406,18.874235
1372.0362978486073,24649.566,18.867962
1372.0376867215796,24586.105,18.861847
1372.0390755945505,24638.28,18.86121
1372.0404644676387,24636.156,18.858276
1372.041853340611,24627.205,18.859255
1372.0432422135832,24643.797,18.8702
1372.0446310865555,24618.219,18.853922
1372.0460199595268,24621.252,18.861269
1372.047408832499,24596.0,18.855078
1372.0487977055877,24614.36,18.849316
1372.0501865785586,24632.28,18.865517
1372.05157545153,24634.666,18.869402
1372.0529643245022,24621.172,18.85679
1372.0543531974745,24664.322,18.8726
1372.0557420704467,24604.71,18.858494
1372.057130943535,24619.207,18.85662
1372.0585198165072,24609.256,18.862925
1372.0599086894786,24625.992,18.862597
1372.0612975624495,24624.434,18.858257
1372.0626864355381,24603.768,18.856064
1372.0640753085104,24616.588,18.86046
1372.0654641814826,24656.646,18.86913
1372.066853054455,24639.904,18.8692
1372.0682419274262,24634.906,18.86571
1372.0696308005145,24581.244,18.84578
1372.0710196734858,24610.506,18.859747
1372.0724085464576,24642.19,18.864922
1372.0737974194299,24618.406,18.860996
1372.0751862925185,24638.625,18.857641
1372.0765751654908,24641.611,18.86157
1372.077964038463,24625.176,18.856611
1372.0793529115501,24610.816,18.862139
1372.0807417845217,24673.484,18.87682
1372.082130657494,24630.945,18.854977
1372.0835195304653,24638.984,18.861
1372.084908403554,24611.846,18.858236
1372.0862972765262,24632.488,18.868961
1372.0876861494985,24639.902,18.869572
1372.0890750225872,24646.838,18.867607
1372.090463895558,24629.041,18.861217
1372.0918527685299,24598.451,18.852745
1372.0932416416185,24648.916,18.871832
1372.0946305145899,24626.107,18.856043
1372.0960193875621,24654.693,18.87262
1372.0974082606508,24640.438,18.859587
1372.098797133623,24651.951,18.871614
1372.1001860065944,24652.604,18.874947
1372.1015748796817,24627.662,18.859991
1372.102963752654,24668.69,18.875195
1372.1043526256262,24634.256,18.866217
1372.1057414987145,24660.648,18.872198
1372.1071303716867,24624.672,18.868773
1372.108519244659,24607.82,18.858446
1372.1099081177467,24655.463,18.871922
1372.1112969907185,24600.086,18.85285
1372.1126858638063,24623.701,18.859354
1372.1140747367785,24625.092,18.854883
1372.1154636097508,24602.475,18.857702
1372.1168524828386,24611.393,18.860794
1372.1182413558108,24650.756,18.868776
1372.1196302288995,24654.385,18.865345
1372.1210191018713,24647.74,18.868484
1372.1224079748426,24609.676,18.859343
1372.1237968479309,24623.094,18.861917
1372.1251857209031,24624.51,18.865675
1372.1265745939918,24635.803,18.860693
1372.1279634669631,24631.842,18.861273
1372.1293523400518,24638.098,18.858273
1372.1307412130232,24617.223,18.854633
1372.1321300861114,24639.8,18.863514
1372.1335189590836,24599.727,18.859491
1372.134907832055,24651.023,18.874027
1372.1362967051436,24635.285,18.870565
1372.137685578116,24626.81,18.862259
1372.1390744512041,24634.768,18.857304
1372.1404633241755,24638.102,18.874132
1372.1418521972637,24634.762,18.861761
1372.143241070236,24648.928,18.87171
1372.1446299433244,24601.602,18.854094
1372.146018816296,24654.125,18.872503
1372.1474076893846,24626.564,18.862106
1372.148796562357,24661.71,18.869421
1372.1501854354447,24653.09,18.871153
1372.1515743084165,24622.02,18.8579
1372.1529631815042,24610.582,18.859177
1372.1543520544765,24642.25,18.86758
1372.1557409275651,24600.826,18.85895
1372.157129800537,24642.68,18.875072
1372.1585186736256,24624.469,18.863836
1372.1599075465979,24624.432,18.858345
1372.161296419685,24625.0,18.861387
1372.162685292773,24624.611,18.865553
1372.1640741657452,24615.2,18.862114
1372.1654630388339,24635.844,18.867506
1372.1668519118061,24632.105,18.871092
1372.168240784894,24653.746,18.862087
1372.1696296578662,24610.56,18.859083
1372.1710185309544,24614.922,18.868313
1372.1724074040417,24640.375,18.866173
1372.173796277014,24625.502,18.8589
1372.1751851501026,24616.656,18.860773
1372.1765740230749,24638.28,18.862654
1372.1779628961633,24579.035,18.85418
1372.1793517691349,24615.396,18.858107
1372.1807406422226,24622.719,18.86711
1372.1821295153109,24636.863,18.867321
1372.1835183882822,24604.977,18.864304
1372.1849072613709,24620.389,18.865992
1372.1862961344596,24674.193,18.874489
1372.1876850074318,24674.918,18.882023
1372.1890738805205,24617.113,18.857718
1372.1904627534923,24640.518,18.867634
1372.19185162658,24623.58,18.86127
1372.193240499668,24629.12,18.862453
1372.1946293726396,24647.373,18.86361
1372.1960182457283,24636.074,18.859419
1372.197407118817,24638.387,18.870214
1372.1987959917892,24609.717,18.863482
1372.2001848648779,24590.578,18.850174
1372.2015737379652,24659.191,18.873234
1372.2029626109365,24613.54,18.853777
1372.2043514840252,24617.65,18.856098
1372.2057403571134,24613.729,18.851614
1372.2071292300857,24607.176,18.86897
1372.2085181031744,24625.637,18.86742
1372.2099069762628,24611.28,18.852997
1372.2112958493508,24618.129,18.859491
1372.2126847223217,24635.174,18.864954
1372.2140735954104,24622.13,18.861069
1372.215462468499,24629.08,18.857143
1372.2168513414704,24659.262,18.875408
1372.218240214559,24609.824,18.857283
1372.2196290876477,24617.34,18.857958
1372.2210179607364,24658.902,18.871933
1372.2224068337082,24626.139,18.856405
1372.2237957067955,24634.865,18.86508
1372.2251845798842,24612.266,18.86438
1372.2265734529726,24656.438,18.871511
1372.2279623259442,24611.787,18.862186
1372.2293511990329,24595.355,18.85916
1372.2307400721215,24596.07,18.860458
1372.2321289452093,24657.22,18.874033
1372.233517818181,24652.213,18.86561
1372.2349066912689,24631.775,18.868668
1372.2362955643575,24613.773,18.866726
1372.2376844374462,24615.49,18.866121
1372.2390733105344,24651.268,18.864624
1372.2404621835067,24603.2,18.85399
1372.2418510565944,24623.377,18.861217
1372.2432399296822,24676.531,18.87145
1372.2446288027709,24641.662,18.862
1372.246017675859,24648.53,18.863995
1372.2474065488313,24625.791,18.85842
1372.24879542192,24607.365,18.861511
1372.2501842950078,24638.365,18.86892
1372.2515731680965,24624.06,18.867617
1372.2529620411847,24580.91,18.85495
1372.254350914156,24571.854,18.849667
1372.2557397872447,24625.326,18.861767
1372.2571286603327,24634.104,18.874662
1372.2585175334211,24622.617,18.868042
1372.2599064065098,24633.338,18.86616
1372.261295279598,24649.14,18.86987
1372.2626841526858,24622.633,18.863138
1372.2640730256576,24657.154,18.87778
1372.2654618987463,24562.305,18.844288
1372.266850771835,24604.15,18.858475
1372.2682396449227,24628.562,18.864231
1372.2696285180114,24612.72,18.858765
1372.2710173911,24653.527,18.868898
1372.2724062641873,24597.02,18.861032
1372.2737951372753,24626.094,18.859098
1372.2751840103638,24606.756,18.862146
1372.276572883336,24643.87,18.861498
1372.2779617564247,24634.084,18.865343
1372.279350629513,24626.617,18.861938
1372.2807395026016,24628.078,18.862307
1372.2821283756903,24641.777,18.863544
1372.2835172487776,24601.896,18.855328
1372.2849061218653,24636.713,18.86379
1372.286294994954,24645.691,18.86652
1372.2876838680427,24644.691,18.86931
1372.2890727411313,24619.781,18.875025
1372.2904616142193,24614.057,18.864239
1372.2918504873078,24642.568,18.871351
1372.293239360396,24633.186,18.87118
1372.2946282334833,24629.043,18.861994
1372.296017106572,24617.371,18.854769
1372.2974059795442,24619.352,18.85924
1372.298794852633,24603.771,18.864452
1372.3001837257216,24655.742,18.871239
1372.3015725988093,24594.56,18.855373
1372.3029614718976,24615.41,18.87041
1372.3043503449853,24633.215,18.86937
1372.3057392180733,24653.795,18.867687
1372.3071280911618,24617.053,18.870716
1372.3085169642504,24597.217,18.857702
1372.309905837339,24630.229,18.86596
1372.3112947104278,24607.83,18.865887
1372.312683583516,24664.26,18.869528
1372.3140724566038,24608.035,18.860289
1372.315461329692,24615.906,18.85902
1372.3168502027797,24653.734,18.868317
1372.3182390758684,24640.084,18.872602
1372.319627948957,24638.334,18.878363
1372.3210168221622,24612.172,18.856094
1372.3224056952508,24646.422,18.8715
1372.3237945683381,24632.682,18.863317
1372.325183441426,24616.617,18.87241
1372.3265723145146,24653.725,18.8765
1372.3279611876028,24611.121,18.86399
1372.3293500606915,24605.443,18.864687
1372.3307389337801,24595.7,18.861088
1372.3321278068688,24591.975,18.86587
1372.3335166799575,24639.379,18.877535
1372.3349055530448,24633.404,18.865211
1372.3362944261326,24633.262,18.86413
1372.3376832992212,24670.803,18.8809
1372.3390721723092,24682.713,18.880375
1372.3404610453977,24622.434,18.859175
1372.3418499186027,24615.709,18.864206
1372.3432387916914,24603.422,18.856209
1372.3446276647796,24629.822,18.869392
1372.346016537867,24606.695,18.856531
1372.3474054109556,24654.916,18.87017
1372.3487942840443,24631.521,18.86415
1372.350183157132,24620.484,18.8704
1372.3515720302207,24625.742,18.870026
1372.3529609034258,24655.697,18.874962
1372.3543497765138,24640.207,18.873188
1372.3557386496018,24614.791,18.870964
1372.3571275226896,24585.328,18.869005
1372.3585163957782,24615.898,18.86418
1372.359905268867,24638.557,18.871136
1372.361294141955,24620.38,18.862606
1372.3626830151602,24647.627,18.871504
1372.3640718882489,24626.492,18.860373
1372.3654607613366,24612.889,18.863298
1372.3668496344249,24637.904,18.869047
1372.3682385075126,24632.086,18.87018
1372.3696273806013,24635.31,18.868021
1372.3710162538064,24647.02,18.870499
1372.3724051268941,24616.559,18.861979
1372.3737939999828,24640.943,18.868359
1372.375182873071,24609.854,18.852795
1372.3765717461588,24638.19,18.864857
1372.3779606193639,24643.016,18.865425
1372.379349492452,24616.285,18.861885
1372.3807383655408,24629.02,18.859426
1372.3821272386294,24620.564,18.861748
1372.3835161117172,24633.041,18.861208
1372.3849049849218,24610.785,18.856173
1372.3862938580096,24611.256,18.852037
1372.3876827310983,24634.385,18.858646
1372.389071604187,24618.395,18.860735
1372.3904604773911,24620.746,18.861177
1372.3918493504798,24614.459,18.863815
1372.3932382235685,24619.48,18.861954
1372.3946270966567,24628.654,18.869698
1372.3960159698609,24600.799,18.855247
1372.397404842949,24642.46,18.87692
1372.3987937160377,24608.076,18.854355
1372.4001825891264,24623.814,18.857761
1372.4015714623306,24631.885,18.863503
1372.404349208508,24626.426,18.859917
1372.4057380815952,24625.37,18.861141
1372.4071269547994,24646.188,18.864145
1372.408515827888,24621.45,18.85397
1372.4099047009768,24643.242,18.86775
1372.4112935741819,24636.906,18.863012
1372.41268244727,24654.322,18.87186
1372.4140713203587,24646.62,18.86854
1372.415460193563,24621.266,18.858759
1372.4168490666502,24641.082,18.859299
1372.418237939739,24652.889,18.866282
1372.419626812944,24615.78,18.855736
1372.4210156860327,24622.506,18.870905
1372.4224045591213,24607.332,18.850296
1372.4251823054142,24620.238,18.860434
1372.4265711785024,24635.643,18.862818
1372.4279600517061,24646.982,18.87288
1372.4293489247948,24630.104,18.864964
1372.4307377978835,24589.715,18.84397
1372.4321266710876,24655.281,18.87182
1372.4335155441763,24617.953,18.855755
1372.434904417265,24619.568,18.860487
1372.4362932904694,24633.836,18.861263
1372.4376821635574,24638.047,18.872898
1372.4390710366451,24607.492,18.851767
1372.4404599098502,24651.016,18.864353
1372.441848782939,24612.957,18.865438
1372.4432376561435,24642.371,18.875216
1372.4446265292322,24632.332,18.863125
1372.4460154023209,24646.873,18.866093
1372.447404275525,24636.611,18.86437
1372.4487931486133,24629.416,18.855228
1372.4501820218175,24646.854,18.869675
1372.4515708949061,24585.559,18.852743
1372.4529597679948,24669.654,18.874157
1372.454348641199,24597.885,18.856623
1372.4557375142876,24589.799,18.855913
1372.4571263874923,24573.059,18.845028
1372.45851526058,24641.035,18.87662
1372.4599041337851,24652.584,18.87163
1372.462681879962,24599.777,18.855915
1372.464070753167,24630.445,18.865929
1372.4654596262549,24612.406,18.854149
1372.4668484994595,24625.9,18.863094
1372.4682373725473,24611.201,18.850193
1372.4696262457524,24589.615,18.85109
1372.471015118841,24648.549,18.862757
1372.4724039920452,24601.297,18.85448
1372.4737928651339,24625.797,18.867191
1372.475181738339,24671.799,18.880253
1372.4765706114272,24627.982,18.862959
1372.4779594846314,24632.727,18.859594
1372.4793483577196,24644.158,18.87095
1372.4807372309247,24627.98,18.86471
1372.4821261040133,24662.232,18.87277
1372.4835149772175,24621.07,18.859732
1372.4849038503062,24655.314,18.86626
1372.4862927235113,24616.715,18.861557
1372.4876815965986,24642.027,18.863087
1372.4890704698028,24622.768,18.862293
1372.4904593428914,24622.824,18.860714
1372.4932370891852,24627.762,18.856577
1372.4946259623898,24616.686,18.859062
1372.4960148354785,24626.465,18.862906
1372.4974037086836,24634.627,18.863028
1372.4987925817707,24606.105,18.859482
1372.500181454975,24605.479,18.857754
1372.5015703281802,24634.055,18.85985
1372.5029592012688,24627.008,18.867992
1372.504348074474,24644.479,18.869091
1372.5057369475617,24614.133,18.858095
1372.5071258207668,24619.094,18.855885
1372.508514693855,24630.174,18.85924
1372.5099035670587,24631.076,18.85835
1372.5112924401474,24621.354,18.86035
1372.5126813133525,24644.205,18.860952
1372.5140701865575,24645.697,18.865784
1372.5154590596462,24614.998,18.852304
1372.5168479328504,24643.764,18.862722
1372.5182368059382,24632.342,18.873901
1372.5196256791428,24623.44,18.8645
1372.521014552347,24601.996,18.856476
1372.5224034254356,24646.023,18.86429
1372.5237922986407,24663.469,18.873009
1372.5251811717294,24642.006,18.858337
1372.5265700449345,24628.426,18.860106
1372.5279589181391,24636.363,18.859224
1372.5293477912269,24604.635,18.850668
1372.5307366644315,24633.443,18.863672
1372.5321255376357,24628.941,18.8744
1372.5335144107244,24626.363,18.859652
1372.5349032839295,24594.111,18.856802
1372.5362921571345,24676.996,18.87908
1372.5376810302232,24653.33,18.86884
1372.539069903427,24622.793,18.863256
1372.5404587765147,24622.951,18.855198
1372.5418476497198,24623.9,18.863073
1372.5432365229244,24606.463,18.857773
1372.544625396013,24644.324,18.881134
1372.5460142692182,24614.973,18.85744
1372.5474031424233,24586.824,18.854004
1372.5487920156284,24606.305,18.851086
1372.5501808887154,24648.125,18.863121
1372.5515697619198,24622.32,18.857195
1372.5543475082127,24597.252,18.853973
1372.5557363814178,24639.56,18.869955
1372.5571252546229,24604.453,18.863312
1372.5585141277115,24629.94,18.865524
1372.5599030009162,24614.691,18.86407
1372.56129187412,24645.092,18.871489
1372.562680747325,24609.686,18.858019
1372.5640696204136,24607.979,18.86272
1372.5654584936178,24601.803,18.86005
1372.566847366823,24624.502,18.867601
1372.5682362399116,24637.85,18.873922
1372.5696251131167,24638.082,18.865072
1372.5710139863208,24643.164,18.858915
1372.5724028595246,24635.65,18.865826
1372.5737917326132,24634.998,18.864561
1372.5751806058183,24623.629,18.867771
1372.576569479023,24630.506,18.854008
1372.577958352228,24627.22,18.859383
1372.5793472253167,24669.951,18.871872
1372.580736098521,24625.559,18.86047
1372.582124971725,24636.85,18.858961
1372.5835138449297,24623.508,18.863003
1372.5849027180184,24611.998,18.853167
1372.5862915912235,24620.818,18.85565
1372.5876804644276,24618.775,18.857136
1372.5890693376327,24628.64,18.866571
1372.5904582108374,24631.979,18.864273
1372.5918470839251,24626.355,18.860971
1372.5932359571302,24626.258,18.8644
1372.5946248303349,24605.734,18.857615
1372.59601370354,24642.938,18.867613
1372.5974025767448,24638.928,18.866234
1372.5987914498328,24620.322,18.859411
1372.6001803230379,24635.32,18.861353
1372.601569196242,24632.492,18.866364
1372.6029580694467,24633.107,18.862293
1372.6043469426518,24621.035,18.864235
1372.605735815856,24614.047,18.853638
1372.6071246889446,24617.066,18.858622
1372.6085135621497,24636.94,18.86115
1372.6099024353543,24644.71,18.873556
1372.6112913085585,24602.455,18.855923
1372.612680181763,24654.754,18.871614
1372.6140690549678,24660.756,18.874342
1372.6154579280565,24634.514,18.865137
1372.616846801261,24622.709,18.864002
1372.6182356744662,24639.576,18.867271
1372.6196245476713,24581.98,18.856064
1372.6210134208754,24635.678,18.862581
1372.62240229408,24609.691,18.847536
1372.6237911672843,24609.365,18.85415
1372.6251800404893,24626.691,18.861065
1372.626568913578,24630.092,18.851728
1372.6279577867826,24645.258,18.863409
1372.6293466599877,24628.586,18.864828
1372.6307355331926,24637.559,18.860075
1372.632124406396,24662.852,18.86975
1372.6335132796007,24648.066,18.869287
1372.6349021528058,24657.076,18.871634
1372.636291026011,24603.36,18.856752
1372.637679899216,24602.273,18.85378
1372.6390687724202,24639.766,18.865889
1372.6404576455088,24631.387,18.866547
1372.641846518714,24602.96,18.857494
1372.6432353919176,24662.758,18.870605
1372.6446242651223,24666.191,18.869764
1372.6460131383271,24593.516,18.854021
1372.647402011532,24655.248,18.872902
1372.648790884737,24655.682,18.865732
1372.6501797579417,24635.932,18.866356
1372.6515686311468,24643.684,18.865995
1372.652957504351,24646.39,18.874002
1372.6543463775547,24607.594,18.859795
1372.6557352507598,24644.988,18.864185
1372.6571241239649,24618.252,18.858202
1372.65851299717,24618.26,18.865015
1372.659901870375,24621.285,18.85728
1372.6612907435797,24626.307,18.862068
1372.6626796167839,24600.828,18.856756
1372.664068489988,24633.736,18.86672
1372.6654573631927,24633.38,18.862902
1372.6668462363978,24654.25,18.865995
1372.6682351096028,24656.1,18.865557
1372.669623982808,24602.602,18.864977
1372.671012856013,24653.543,18.87044
1372.6724017292172,24628.055,18.86054
1372.6737906024218,24614.67,18.85135
1372.675179475626,24619.973,18.859121
1372.6765683488306,24643.047,18.864109
1372.6779572220355,24626.342,18.86429
1372.6793460952404,24599.453,18.85185
1372.6807349684454,24634.434,18.871492
1372.6821238416505,24637.326,18.860113
1372.6835127148543,24633.826,18.869001
1372.684901588059,24643.887,18.864895
1372.686290461264,24660.688,18.879957
1372.6876793344682,24622.115,18.859158
1372.6890682076732,24637.543,18.867805
1372.6904570808783,24604.045,18.855759
1372.6918459540834,24659.094,18.870335
1372.6932348272885,24635.27,18.862663
1372.6946237004922,24649.254,18.869911
1372.6960125736964,24625.348,18.859129
1372.6974014469015,24644.344,18.87304
1372.6987903201061,24602.527,18.851881
1372.7001791933112,24630.984,18.857334
1372.7015680665163,24647.605,18.86368
1372.7029569398378,24646.625,18.871092
1372.704345813042,24593.402,18.85975
1372.7057346862457,24622.201,18.859638
1372.7071235594508,24643.703,18.862112
1372.7085124326559,24620.852,18.856146
1372.7099013058603,24653.012,18.873104
1372.7112901790651,24647.043,18.865139
1372.7126790522702,24638.275,18.867506
1372.7140679254753,24630.424,18.862215
1372.71545679868,24598.492,18.863989
1372.716845672,24639.139,18.86569
1372.7182345452052,24634.771,18.861462
1372.7196234184103,24606.232,18.861975
1372.7210122916144,24625.32,18.857077
1372.7224011648195,24614.562,18.860765
1372.7237900380246,24636.508,18.867798
1372.7251789112292,24614.61,18.861578
1372.7265677844334,24635.723,18.85838
1372.727956657754,24638.775,18.874332
1372.729345530959,24625.59,18.865238
1372.7307344041642,24603.518,18.850883
1372.7321232773688,24636.18,18.868284
1372.733512150574,24622.932,18.862005
1372.734901023779,24594.615,18.848028
1372.7362898969832,24648.473,18.87259
1372.7376787703042,24643.676,18.86223
1372.7390676435084,24640.717,18.873152
1372.7404565167135,24658.58,18.869583
1372.7418453899186,24598.398,18.855984
1372.743234263123,24611.346,18.856445
1372.7446231364443,24654.025,18.868958
1372.746012009649,24606.758,18.861488
1372.747400882853,24644.393,18.87322
1372.7487897560582,24627.457,18.858803
1372.7501786292628,24637.51,18.864836
1372.7515675024679,24631.873,18.864277
1372.7529563757894,24620.555,18.85964
1372.7543452489936,24588.887,18.848124
1372.7557341221986,24627.87,18.872332
1372.7571229954033,24656.555,18.872068
1372.7585118687239,24608.576,18.854548
1372.759900741929,24631.797,18.8612
1372.7612896151331,24649.34,18.873919
1372.7626784883382,24647.04,18.865934
1372.7640673615433,24620.184,18.85825
1372.7654562348644,24637.957,18.863468
1372.7668451080685,24638.273,18.866209
1372.7682339812732,24642.295,18.861437
1372.7696228544783,24640.588,18.863667
1372.7710117277998,24632.668,18.869244
1372.772400601004,24646.314,18.867363
1372.773789474209,24639.467,18.865835
1372.775178347414,24628.041,18.857176
1372.7765672207347,24648.867,18.86829
1372.7779560939393,24608.246,18.858477
1372.7793449671435,24596.898,18.868282
1372.7807338403486,24658.305,18.868034
1372.78212271367,24648.947,18.867977
1372.7835115868747,24634.727,18.872572
1372.7849004600798,24670.496,18.871042
1372.7862893334013,24647.26,18.870193
1372.787678206605,24622.004,18.858995
1372.7890670798092,24633.615,18.869146
1372.7904559530143,24624.535,18.866774
1372.7918448263358,24607.6,18.857887
1372.793233699541,24643.455,18.864897
1372.794622572745,24629.914,18.863121
1372.7960114460666,24585.67,18.85185
1372.7974003192717,24618.732,18.861336
1372.7987891924754,24644.166,18.872494
1372.8001780657964,24605.021,18.848665
1372.8015669390015,24619.508,18.853865
1372.8029558122066,24622.26,18.85498
1372.8043446855281,24625.807,18.858898
1372.8057335587323,24634.984,18.86988
1372.8071224319374,24615.36,18.856754
1372.8085113052582,24627.244,18.860699
1372.8099001784617,24613.045,18.852936
1372.8112890516668,24582.244,18.847195
1372.8126779249883,24649.566,18.873625
1372.8140667981934,24615.291,18.859003
1372.8154556713985,24655.383,18.866673
1372.8168445447195,24606.889,18.852436
1372.8182334179246,24638.7,18.861732
1372.8196222911288,24588.6,18.85134
1372.821011164449,24611.342,18.859201
1372.822400037654,24635.715,18.874216
1372.823788910859,24624.414,18.862524
1372.8251777841806,24616.08,18.860407
1372.8265666573857,24648.834,18.864635
1372.8279555307063,24637.672,18.866764
1372.829344403911,24647.742,18.867975
1372.830733277115,24666.768,18.86878
1372.8321221504361,24644.205,18.86471
1372.8335110236412,24636.24,18.865078
1372.8348998969627,24612.697,18.851862
1372.8362887701678,24626.113,18.864536
1372.837677643373,24631.908,18.870298
1372.8390665166935,24636.102,18.866869
1372.840455389898,24652.326,18.876642
1372.8418442632187,24605.766,18.860962
1372.843233136423,24631.934,18.856327
1372.844622009628,24639.594,18.860271
1372.8460108829495,24625.807,18.866287
1372.8473997561546,24608.91,18.858921
1372.848788629476,24657.719,18.867624
1372.8501775026798,24614.387,18.862253
1372.8515663760008,24628.719,18.862232
1372.852955249206,24618.203,18.860079
1372.85434412241,24635.074,18.863766
1372.8557329957316,24672.42,18.875587
1372.8571218689367,24621.654,18.859783
1372.8585107422582,24638.598,18.871164
1372.8598996154633,24602.434,18.866552
1372.8612884887834,24623.102,18.859987
1372.8626773619876,24598.053,18.851274
1372.864066235309,24615.346,18.865368
1372.8654551085137,24647.932,18.873661
1372.8668439818352,24605.135,18.864681
1372.8682328550403,24616.344,18.860422
1372.869621728361,24634.764,18.865501
1372.8710106015656,24649.25,18.870161
1372.8723994748862,24596.223,18.854248
1372.8737883480912,24609.715,18.866796
1372.8751772214127,24616.92,18.858816
1372.876566094617,24633.398,18.865803
1372.8779549679384,24645.922,18.865824
1372.8793438411435,24647.24,18.87149
1372.8807327144646,24629.154,18.85776
1372.8821215876687,24613.082,18.85917
1372.8835104609898,24632.95,18.864714
1372.8848993341949,24576.053,18.849043
1372.8862882075164,24641.965,18.875072
1372.8876770807206,24630.668,18.860683
1372.889065954042,24631.938,18.867764
1372.8904548272471,24603.883,18.854698
1372.8918437005673,24624.719,18.866137
1372.8932325737715,24597.383,18.854301
1372.894621447093,24608.236,18.86147
1372.896010320298,24627.543,18.873625
1372.8973991936195,24616.777,18.866062
1372.8987880668242,24658.959,18.871107
1372.9001769401457,24627.232,18.869839
1372.9015658134672,24603.37,18.863258
1372.902954686671,24615.785,18.86025
1372.9043435599915,24613.713,18.861414
1372.9057324331966,24614.277,18.858124
1372.907121306518,24631.924,18.866146
1372.9085101797232,24625.332,18.862984
1372.9098990530438,24635.518,18.868444
1372.9112879262489,24571.854,18.846136
1372.91267679957,24639.732,18.862762
1372.91406567289,24627.373,18.86269
1372.9154545460951,24609.465,18.860804
1372.9168434194166,24600.344,18.85915
1372.9182322926217,24628.844,18.86013
1372.9196211659432,24639.254,18.859377
1372.9210100392638,24609.78,18.856321
1372.922398912469,24608.486,18.856724
1372.9237877857895,24606.553,18.85915
1372.9251766589932,24620.045,18.86018
1372.9265655323147,24586.986,18.855776
1372.9279544056362,24619.654,18.85449
1372.9293432788413,24608.45,18.862173
1372.9307321521628,24611.93,18.859987
1372.9321210253675,24620.95,18.858747
1372.933509898688,24637.783,18.86643
1372.934898772009,24604.648,18.853374
1372.9362876452133,24597.33,18.851303
1372.9376765185348,24606.357,18.85651
1372.9390653918563,24598.56,18.85938
1372.9404542650614,24622.012,18.860167
1372.9418431383829,24602.482,18.851727
1372.9432320117035,24606.71,18.850306
1372.944620884908,24630.098,18.860723
1372.9460097582287,24622.71,18.854202
1372.9473986315497,24627.691,18.861158
1372.9487875047548,24601.184,18.854279
1372.9501763780763,24624.148,18.853163
1372.9515652513978,24649.537,18.864746
1372.952954124603,24631.418,18.870443
1372.9543429979228,24646.906,18.870058
1372.9557318712436,24612.156,18.858047
1372.9571207444487,24602.268,18.861784
1372.9585096177693,24645.742,18.86491
1372.9598984910908,24639.586,18.86967
1372.961287364296,24623.99,18.858253
1372.9626762376174,24621.307,18.866743
1372.964065110939,24621.729,18.857897
1372.9654539841426,24588.295,18.851524
1372.9668428574637,24649.81,18.871899
1372.9682317307852,24632.258,18.861198
1372.9696206039894,24620.2,18.858131
1372.9710094773109,24635.303,18.863815
1372.9723983506324,24614.754,18.858536
1372.9737872239539,24610.67,18.868322
1372.975176097158,24593.688,18.851072
1372.9765649704782,24632.244,18.864521
1372.9779538437997,24649.982,18.868237
1372.9793427171212,24662.115,18.876293
1372.9807315903258,24659.596,18.87001
1372.9821204636473,24627.072,18.848415
1372.9835093369688,24677.535,18.873909
1372.984898210174,24641.166,18.864754
1372.9862870834945,24652.941,18.864513
1372.9876759568147,24638.66,18.860432
1372.9890648301362,24619.7,18.85781
1372.9904537033412,24632.555,18.856983
1372.9918425766618,24652.814,18.86331
1372.9932314499833,24647.996,18.861107
1372.9946203233048,24632.713,18.863565
1372.996009196626,24622.928,18.861221
1372.99739806983,24617.027,18.860306
1372.9987869431511,24627.486,18.864155
1373.0001758164726,24609.307,18.855291
1373.001564689794,24643.604,18.865803
1373.0029535629983,24660.648,18.874664
1373.0043424363198,24633.697,18.865477
1373.0057313096413,24652.252,18.864422
1373.007120182962,24587.365,18.854471
1373.008509056283,24640.059,18.878887
1373.0098979294871,24626.236,18.859417
1373.0112868028086,24610.086,18.857386
1373.0126756761301,24642.19,18.865229
1373.0140645494512,24614.75,18.855404
1373.0154534227727,24612.242,18.862234
1373.0168422959769,24586.18,18.840824
1373.0182311692977,24615.178,18.853369
1373.019620042619,24613.643,18.861462
1373.02100891594,24624.398,18.864262
1373.0223977892615,24606.018,18.855915
1373.0237866624666,24602.322,18.85781
1373.0251755357872,24631.531,18.865868
1373.0265644091087,24640.232,18.867123
1373.0279532824297,24597.553,18.856184
1373.0293421557503,24622.861,18.86331
1373.0307310290718,24649.242,18.865875
1373.0321199022765,24645.283,18.865377
1373.033508775598,24626.795,18.856546
1373.0348976489192,24628.52,18.860287
1373.03628652224,24631.844,18.857449
1373.0376753955616,24608.938,18.857553
1373.0390642688822,24597.193,18.849197
1373.0404531422032,24618.506,18.868017
1373.0418420154083,24621.273,18.858965
1373.0432308887289,24652.125,18.877083
1373.0446197620504,24591.057,18.846172
1373.046008635372,24658.16,18.864307
1373.047397508693,24629.572,18.857704
1373.0487863820135,24640.586,18.863354
1373.0501752553344,24613.713,18.85626
1373.0515641286556,24615.764,18.853876
1373.0529530018607,24609.822,18.848064
1373.0543418751818,24634.18,18.862503
1373.0557307485033,24649.16,18.865084
1373.0571196218248,24604.967,18.856594
1373.0585084951454,24633.049,18.858883
1373.0598973684664,24661.656,18.869268
1373.061286241787,24616.883,18.859394
1373.0626751151085,24640.71,18.869814
1373.06406398843,24612.707,18.865435
1373.065452861751,24610.81,18.860107
1373.0668417350726,24628.477,18.863228
1373.0682306082774,24607.94,18.851414
1373.0696194815973,24622.314,18.861118
1373.0710083549184,24655.992,18.86889
1373.0723972282399,24633.053,18.857141
1373.0737861015614,24593.453,18.853064
1373.0751749748829,24639.334,18.864223
1373.0765638482035,24633.998,18.862928
1373.077952721525,24599.918,18.853724
1373.0793415948465,24618.227,18.8587
1373.0807304681666,24647.025,18.865364
1373.0821193414877,24616.057,18.85827
1373.083508214809,24641.709,18.87477
1373.0848970881302,24635.117,18.863317
1373.0862859614517,24612.297,18.847696
1373.0876748347728,24651.479,18.861795
1373.0890637080943,24616.422,18.855265
1373.0904525814149,24617.895,18.854372
1373.091841454735,24615.61,18.855928
1373.0932303280565,24635.834,18.857136
1373.0946192012616,24619.883,18.859772
1373.096008074583,24652.465,18.86622
1373.0973969479046,24643.02,18.86678
1373.0987858212254,24664.678,18.868628
1373.1001746945467,24624.705,18.86352
1373.1015635678677,24603.389,18.861465
1373.1029524411879,24613.404,18.85518
1373.1043413145094,24589.26,18.846273
1373.1057301878309,24633.49,18.859232
1373.1071190611524,24607.85,18.860413
1373.108507934474,24633.826,18.87056
1373.1098968077945,24599.37,18.852654
1373.111285681116,24626.791,18.858295
1373.112674554437,24642.764,18.860046
1373.1140634277572,24610.53,18.85079
1373.1154523010784,24619.47,18.859072
1373.1168411743997,24641.52,18.87311
1373.1182300478376,24630.084,18.864777
1373.1196189211591,24664.836,18.866583
1373.1210077944802,24616.803,18.84953
1373.1223966678008,24641.262,18.859356
1373.1237855411218,24610.533,18.850012
1373.1251744144424,24627.459,18.859465
1373.126563287764,24638.355,18.87151
1373.1279521610854,24638.697,18.858767
1373.129341034407,24599.098,18.851227
1373.1307299077284,24623.428,18.859356
1373.1321187810493,24626.783,18.865303
1373.13350765437,24643.244,18.86599
1373.1348965276907,24613.53,18.850883
1373.1362854010117,24636.613,18.86239
1373.1376742743332,24630.934,18.864695
1373.1390631476547,24641.219,18.861834
1373.1418408942977,24630.059,18.855911
1373.1432297676179,24631.242,18.866835
1373.1446186410549,24617.014,18.851564
1373.1460075143764,24683.412,18.873838
1373.1473963876972,24597.37,18.85054
1373.1487852610185,24651.986,18.868462
1373.15017413434,24650.928,18.858477
1373.1515630076615,24611.22,18.855207
1373.152951880983,24629.94,18.850983
1373.1543407543031,24647.158,18.86385
1373.1557296276242,24641.53,18.86189
1373.1571185009457,24635.557,18.871675
1373.1585073742663,24651.957,18.866161
1373.1598962477042,24657.395,18.866734
1373.1626739943472,24614.518,18.852543
1373.1640628676687,24624.19,18.858541
1373.1654517409888,24669.107,18.878546
1373.1668406143094,24660.666,18.868757
1373.168229487631,24632.924,18.855032
1373.169618360952,24626.004,18.861973
1373.17100723439,24624.217,18.85944
1373.1723961077114,24641.877,18.861164
1373.173784981033,24637.434,18.856821
1373.1751738543535,24604.443,18.851616
1373.1765627276736,24647.133,18.865799
1373.1779516009951,24666.746,18.873663
1373.1793404743166,24626.557,18.855188
1373.1807293477539,24621.326,18.855724
1373.1821182210751,24596.412,18.844893
1373.1848959677181,24618.416,18.861883
1373.1862848410392,24627.525,18.859343
1373.1876737143593,24642.951,18.871058
1373.1890625877973,24608.31,18.853695
1373.1918403344393,24641.621,18.861713
1373.1932292077609,24615.82,18.851685
1373.1946180810824,24630.627,18.853502
1373.1960069544032,24638.13,18.862497
1373.1973958278404,24639.92,18.860064
1373.198784701161,24637.672,18.872461
1373.2001735744825,24608.654,18.853426
1373.201562447804,24659.393,18.869822
1373.202951321125,24618.385,18.85801
1373.204340194563,24625.979,18.85581
1373.2057290678845,24612.932,18.855402
1373.2085068145261,24584.418,18.850615
1373.2098956878467,24605.877,18.85168
1373.2112845612846,24624.918,18.858017
1373.2140623079267,24662.12,18.87268
1373.2154511812482,24614.846,18.85712
1373.2168400546861,24641.299,18.862257
1373.2182289280072,24653.035,18.861023
1373.2196178013278,24587.97,18.8498
1373.2210066746488,24625.434,18.853985
1373.2223955479703,24652.527,18.863054
1373.2251732947288,24689.564,18.877903
1373.2265621680504,24604.521,18.858902
1373.2279510413712,24608.854,18.855326
1373.2293399148084,24621.24,18.857727
1373.23072878813,24633.83,18.858438
1373.2321176614505,24642.625,18.870932
1373.233506534772,24607.305,18.850088
1373.23489540821,24615.383,18.843142
1373.236284281531,24624.09,18.86068
1373.2376731548525,24644.828,18.859888
1373.2390620282895,24621.523,18.85636
1373.2404509016105,24569.568,18.838291
1373.241839774932,24638.564,18.864208
1373.2432286482526,24616.309,18.856287
1373.2446175216905,24615.521,18.845394
1373.246006395012,24619.969,18.862362
1373.2473952683326,24625.912,18.861227
1373.2487841416537,24627.395,18.85629
1373.2501730150907,24667.557,18.872509
1373.2515618884122,24610.309,18.863468
1373.2529507617337,24652.928,18.869621
1373.2543396351712,24645.434,18.861729
1373.2557285084927,24633.414,18.861282
1373.2571173818142,24626.105,18.848488
1373.2585062552512,24603.559,18.860353
1373.2598951285722,24610.879,18.85728
1373.2612840018928,24611.906,18.851007
1373.2626728752143,24630.963,18.852425
1373.2640617486522,24639.889,18.864965
1373.2654506219728,24601.404,18.85397
1373.2668394952943,24641.553,18.856535
1373.2682283687323,24617.592,18.855068
1373.2696172420533,24656.248,18.865246
1373.2723949888114,24617.682,18.851274
1373.2737838621329,24682.041,18.87842
1373.2751727354544,24597.262,18.849257
1373.2765616088914,24636.72,18.862207
1373.2793393555344,24645.6,18.86382
1373.280728228971,24635.336,18.857311
1373.2821171022915,24635.2,18.860262
1373.2835059757294,24643.434,18.866121
1373.2862837223724,24665.178,18.871284
1373.28767259581,24652.646,18.862999
1373.2890614691314,24650.291,18.863976
1373.290450342453,24647.162,18.872576
1373.2918392158895,24613.348,18.857595
1373.29322808921,24616.795,18.860209
1373.2946169625316,24644.555,18.864416
1373.2960058359695,24622.875,18.857159
1373.298783582728,24585.26,18.84738
1373.3001724560495,24645.412,18.864758
1373.301561329371,24625.309,18.856852
1373.3029502028076,24624.256,18.857096
1373.3043390761286,24629.62,18.860792
1373.3057279495665,24578.732,18.856035
1373.307116822888,24627.3,18.857752
1373.3085056962095,24627.02,18.854698
1373.3098945696465,24603.139,18.851213
1373.311283442968,24625.979,18.861403
1373.312672316405,24618.484,18.859728
1373.3140611897252,24628.494,18.852552
1373.3154500630467,24632.773,18.86111
1373.3168389364846,24623.72,18.857725
1373.3182278098056,24638.363,18.86063
1373.3196166832436,24587.82,18.851135
1373.321005556565,24604.166,18.861198
1373.3223944298866,24602.473,18.860321
1373.3237833033236,24662.326,18.870157
1373.3251721766437,24607.432,18.85247
1373.3265610500816,24608.717,18.856062
1373.3279499234031,24614.277,18.851229
1373.3293387968401,24637.465,18.857227
1373.3307276701617,24632.318,18.862307
1373.3321165435996,24646.54,18.860714
1373.3335054169206,24599.34,18.846058
1373.3348942902412,24633.193,18.861664
1373.3362831636787,24686.584,18.875008
1373.3376720370002,24621.018,18.852947
1373.339060910438,24642.46,18.862375
1373.3404497837587,24631.027,18.851568
1373.3418386571966,24627.725,18.863363
1373.343227530518,24645.564,18.862797
1373.3446164039551,24601.955,18.850689
1373.3460052772762,24628.562,18.856365
1373.3473941507132,24629.953,18.866236
1373.3487830240347,24632.465,18.864243
1373.3501718974726,24596.057,18.849474
1373.3515607707936,24611.02,18.856369
1373.3529496442316,24631.926,18.865929
1373.354338517553,24618.832,18.85646
1373.35572739099,24614.178,18.84951
1373.3571162643111,24639.86,18.870358
1373.3585051377481,24640.07,18.864613
1373.3598940110696,24633.367,18.86108
1373.3626717578281,24631.781,18.857573
1373.364060631266,24625.662,18.863745
1373.365449504587,24633.66,18.85239
1373.369616124783,24597.658,18.848694
1373.3710049981046,24649.113,18.863503
1373.3723938715425,24653.107,18.865166
1373.373782744863,24603.738,18.850878
1373.375171618301,24656.076,18.868093
1373.3765604916216,24673.883,18.876143
1373.3793382383806,24607.342,18.85064
1373.3807271118176,24620.186,18.862137
1373.382115985139,24651.805,18.858711
1373.383504858577,24632.375,18.861872
1373.386282605336,24608.502,18.849905
1373.387671478773,24606.484,18.85401
1373.389060352094,24600.062,18.852926
1373.390449225532,24625.068,18.857937
1373.3918380988525,24633.068,18.864265
1373.3932269722904,24646.86,18.868166
1373.394615845612,24613.59,18.852762
1373.396004719049,24616.64,18.854618
1373.39739359237,24618.277,18.853502
1373.398782465807,24633.016,18.862988
1373.400171339245,24642.648,18.87523
1373.4015602125664,24605.203,18.863258
1373.402949086004,24602.762,18.850954
1373.4043379593254,24619.146,18.857416
1373.4057268327633,24627.379,18.861046
1373.407115706084,24638.178,18.86928
1373.408504579521,24633.775,18.863724
1373.4098934529584,24616.541,18.858438
1373.41128232628,24623.072,18.85867
1373.4126711997178,24640.502,18.863443
1373.4140600730384,24629.523,18.850328
1373.4154489464763,24637.646,18.856045
1373.4168378199142,24614.994,18.854752
1373.4182266932353,24612.021,18.860613
1373.4196155666723,24629.86,18.86169
1373.4210044399933,24606.19,18.84831
1373.4223933134313,24637.21,18.862047
1373.423782186869,24631.486,18.863707
1373.4251710601898,24630.44,18.864594
1373.4265599336277,24609.012,18.847942
1373.4279488070656,24620.533,18.856434
1373.4293376803857,24631.176,18.859869
1373.4307265538228,24656.533,18.86887
1373.4321154271443,24633.523,18.865555
1373.4335043005822,24627.877,18.856115
1373.43489317402,24652.725,18.869265
1373.437670920779,24626.58,18.856386
1373.439059794217,24616.45,18.858372
1373.4404486675369,24641.246,18.857203
1373.4418375409741,24612.752,18.859432
1373.443226414412,24625.879,18.868116
1373.4446152877335,24646.85,18.856083
1373.4460041611715,24603.07,18.851929
1373.447393034492,24629.545,18.86452
1373.44878190793,24625.334,18.86395
1373.450170781368,24624.998,18.85436
1373.451559654688,24630.627,18.86165
1373.4529485281255,24614.543,18.855932
1373.4543374015634,24668.896,18.867931
1373.455726274885,24598.363,18.851425
1373.4571151483226,24658.447,18.861961
1373.4585040217598,24637.6,18.86217
1373.4612817685183,24623.096,18.853035
1373.462670641955,24633.535,18.85347
1373.4640595153928,24635.74,18.86347
1373.4654483887143,24638.82,18.862194
1373.4668372621522,24629.725,18.86119
1373.4682261355902,24650.844,18.8665
1373.4696150089112,24610.643,18.852318
1373.4710038823491,24638.107,18.862005
1373.4723927557861,24638.652,18.859406
1373.4737816291063,24664.715,18.855652
1373.4751705025442,24611.52,18.850475
1373.476559375982,24629.09,18.860935
1373.47794824942,24616.678,18.857103
1373.4793371227415,24627.95,18.854902
1373.4807259961785,24624.732,18.864298
1373.4821148696165,24640.11,18.865433
1373.4835037429375,24658.387,18.864365
1373.484892616374,24598.49,18.851742
1373.486281489812,24638.86,18.866465
1373.48767036325,24616.406,18.857265
1373.4890592365712,24635.28,18.86902
1373.4904481100089,24636.49,18.854153
1373.4918369834463,24634.883,18.86203
1373.4932258567678,24644.258,18.870487
1373.4946147302048,24626.701,18.854733
1373.4960036036414,24611.879,18.857576
1373.4973924770793,24640.691,18.860928
1373.4987813504008,24646.314,18.864672
1373.5001702238387,24636.568,18.860165
1373.5015590972766,24659.059,18.876478
1373.502947970714,24653.268,18.863409
1373.5043368440347,24647.361,18.866724
1373.5071145909092,24644.387,18.855911
1373.508503464347,24637.705,18.860281
1373.509892337785,24638.28,18.860334
1373.5112812111065,24626.037,18.854942
1373.5126700845444,24624.193,18.858898
1373.5140589579814,24634.625,18.858068
1373.515447831419,24661.484,18.867968
1373.5168367047395,24643.244,18.860073
1373.518225578177,24601.11,18.846033
1373.5196144516149,24631.402,18.85576
1373.5210033250526,24627.207,18.85618
1373.5223921983738,24615.824,18.847198
1373.5237810718118,24583.201,18.850443
1373.5251699452492,24665.193,18.867247
1373.5265588186862,24666.2,18.864048
1373.5279476921237,24638.979,18.86822
1373.5293365654443,24613.105,18.848549
1373.5307254388822,24640.236,18.867388
1373.5321143123201,24654.193,18.856522
1373.533503185758,24623.238,18.853247
1373.534892059196,24633.709,18.861559
1373.536280932516,24645.121,18.858425
1373.537669805953,24624.69,18.852798
1373.539058679391,24613.89,18.857563
1373.5404475528285,24599.133,18.846931
1373.5418364262664,24641.898,18.867102
1373.5432252997043,24625.244,18.861233
1373.5446141730258,24633.86,18.860909
1373.5460030464637,24637.47,18.86023
1373.5473919199003,24601.402,18.848835
1373.5487807933373,24639.943,18.859137
1373.5501696667752,24639.06,18.857296
1373.5515585402127,24643.854,18.867388
1373.5529474135342,24646.059,18.857712
1373.5557251604096,24635.102,18.849688
1373.5571140338475,24626.146,18.85812
1373.5598917807215,24618.963,18.858437
1373.561280654043,24618.707,18.850378
1373.56266952748,24639.979,18.853455
1373.564058400918,24654.125,18.87471
1373.5654472743558,24659.852,18.861614
1373.5668361477938,24647.035,18.865932
1373.5682250212312,24631.318,18.863905
1373.5696138946676,24638.168,18.855877
1373.5710027679888,24644.094,18.862654
1373.5723916414267,24639.584,18.858007
1373.5737805148642,24623.064,18.853054
1373.5751693883021,24618.994,18.862638
1373.57655826174,24614.814,18.85111
1373.577947135178,24651.408,18.853025
1373.579336008615,24609.488,18.844692
1373.5807248820515,24620.986,18.85183
1373.582113755373,24649.027,18.864546
1373.583502628811,24620.93,18.857243
1373.5848915022484,24621.299,18.859047
1373.586280375686,24633.26,18.854368
1373.5876692491238,24627.38,18.859894
1373.5890581225617,24617.637,18.847158
1373.5904469959992,24633.402,18.854057
1373.5918358694357,24614.54,18.851414
1373.5932247428736,24615.2,18.847273
1373.5946136163116,24626.95,18.851625
1373.5960024896322,24600.312,18.844831
1373.59739136307,24611.803,18.8466
1373.598780236508,24585.287,18.846605
1373.600169109946,24654.021,18.867907
1373.6015579833831,24614.92,18.845722
1373.6029468568195,24590.96,18.847017
1373.6043357302574,24624.484,18.858513
1373.6057246036953,24636.568,18.854992
1373.6071134771328,24601.678,18.852478
1373.6085023505707,24623.895,18.856573
1373.6098912240086,24627.463,18.845276
1373.6112800974456,24594.03,18.846891
1373.612668970883,24619.826,18.849943
1373.6140578442037,24633.281,18.862312
1373.6154467176416,24610.633,18.85105
1373.6168355910795,24635.666,18.860971
1373.6182244645167,24644.287,18.859957
1373.6196133379544,24609.707,18.853245
1373.630724325455,24641.215,18.85979
1373.632113198893,24634.52,18.86401
1373.6335020723304,24634.201,18.862936
1373.6348909457674,24632.426,18.853233
1373.6362798192044,24628.922,18.865547
1373.6376686926424,24611.357,18.853865
1373.6390575660803,24658.86,18.870598
1373.6404464395177,24636.803,18.859783
1373.6418353129557,24662.35,18.88092
1373.6432241863936,24634.916,18.86917
1373.6446130598306,24628.791,18.85065
1373.646001933268,24620.596,18.860651
1373.647390806705,24634.184,18.859713
1373.648779680143,24628.11,18.853992
1373.650168553581,24628.588,18.871336
1373.6515574270181,24623.713,18.864883
1373.6529463004558,24636.15,18.87038
1373.6543351738933,24609.246,18.85012
1373.6557240473303,24611.293,18.856802
1373.6571129207682,24610.832,18.84962
1373.6585017942057,24617.795,18.84852
1373.6598906676436,24610.594,18.862076
1373.6612795410815,24643.941,18.860518
1373.6626684145185,24630.62,18.862278
1373.6640572879564,24627.684,18.864077
1373.665446161394,24644.695,18.858713
1373.666835034831,24628.549,18.860931
1373.6682239082688,24622.957,18.85921
1373.6696127817058,24615.588,18.850178
1373.6710016551438,24636.574,18.867733
1373.6723905285817,24642.922,18.860579
1373.6737794020191,24627.791,18.862154
1373.675168275457,24609.896,18.85141
1373.676557148894,24623.258,18.85758
1373.6779460223315,24635.484,18.864008
1373.6793348957694,24669.773,18.877676
1373.6807237692065,24643.736,18.868423
1373.6821126426444,24613.465,18.85615
1373.6835015160823,24634.102,18.861982
1373.6848903895193,24628.404,18.868395
1373.6862792629572,24628.049,18.856653
1373.6876681363947,24642.113,18.865564
1373.6890570098317,24616.143,18.856478
1373.690445883386,24657.47,18.870039
1373.6918347568235,24646.367,18.872332
1373.6932236302614,24638.42,18.862427
1373.6946125036993,24645.625,18.866747
1373.6960013771363,24634.816,18.86075
1373.6973902505738,24642.945,18.86392
1373.6987791240108,24642.445,18.870098
1373.7001679974487,24641.697,18.875086
1373.7015568708866,24623.488,18.863743
1373.7029457443236,24630.318,18.856295
1373.7043346177616,24619.951,18.854744
1373.7057234911995,24618.256,18.85929
1373.707112364637,24629.984,18.858555
1373.708501238074,24626.328,18.86147
1373.7098901116278,24603.357,18.85926
1373.7112789850657,24642.322,18.867275
1373.7126678585037,24637.523,18.858084
1373.7140567319407,24651.064,18.865505
1373.7154456053786,24597.04,18.86039
1373.7168344788165,24628.451,18.864279
1373.7182233522535,24624.361,18.857533
1373.719612225691,24594.146,18.84471
1373.721001099128,24644.537,18.871254
1373.722389972566,24651.508,18.87465
1373.7237788461202,24593.053,18.860098
1373.7251677195577,24617.797,18.857088
1373.7265565929956,24628.7,18.856287
1373.7279454664335,24625.48,18.864485
1373.7293343398705,24611.021,18.85845
1373.730723213308,24656.79,18.870604
1373.732112086745,24630.133,18.860464
1373.733500960183,24638.34,18.86177
1373.7348898337373,24600.727,18.857513
1373.7362787071743,24654.637,18.871265
1373.7376675806122,24664.283,18.869123
1373.7390564540501,24619.363,18.857224
1373.7404453274867,24615.783,18.861217
1373.7418342009241,24650.232,18.8751
1373.743223074362,24615.016,18.859009
1373.7446119479164,24623.725,18.858862
1373.7460008213543,24628.348,18.862265
1373.7473896947913,24614.873,18.858202
1373.7487785682292,24617.143,18.85756
1373.7501674416671,24608.246,18.854887
1373.7515563151037,24627.266,18.870176
1373.7529451885407,24619.857,18.85813
1373.754334062095,24631.516,18.864794
1373.7557229355325,24626.834,18.862352
1373.7571118089704,24622.703,18.854149
1373.7585006824083,24620.842,18.860254
1373.7598895558463,24599.826,18.85526
1373.7612784292842,24615.854,18.862394
1373.7626673028371,24637.217,18.860762
1373.7640561762742,24614.508,18.862827
1373.765445049712,24609.732,18.862368
1373.766833923149,24661.186,18.877594
1373.768222796587,24633.508,18.860382
1373.769611670025,24636.166,18.856962
1373.7710005435792,24645.555,18.87018
1373.7723894170172,24638.727,18.863466
1373.7737782904537,24610.246,18.855572
1373.7751671638912,24642.621,18.86448
1373.776556037329,24626.01,18.86944
1373.7779449108825,24572.477,18.845947
1373.7793337843204,24620.861,18.857231
1373.7807226577584,24624.926,18.864408
1373.7821115311963,24646.725,18.859756
1373.7835004046333,24610.498,18.858822
1373.7848892781863,24649.143,18.866058
1373.7862781516242,24653.596,18.865177
1373.787667025062,24596.748,18.848782
1373.7890558984996,24603.111,18.852243
1373.7904447719375,24630.803,18.863813
1373.7918336454918,24610.826,18.854925
1373.7932225189297,24609.271,18.861053
1373.7946113923667,24629.057,18.859703
1373.7960002658033,24649.535,18.860361
1373.7973891392412,24666.299,18.86821
1373.7987780127955,24595.426,18.855244
1373.8001668862325,24662.41,18.86379
1373.8015557596705,24623.4,18.86108
1373.8029446331084,24605.357,18.857384
1373.8043335066627,24656.996,18.862555
1373.8057223801002,24620.713,18.860533
1373.8071112535367,24639.008,18.865004
1373.8085001269746,24614.88,18.857004
1373.809889000529,24628.658,18.85983
1373.811277873966,24634.168,18.854834
1373.812666747404,24625.48,18.86112
1373.8140556208418,24612.021,18.854593
1373.8154444943962,24629.906,18.863602
1373.8168333678332,24621.418,18.855305
1373.8182222412697,24675.283,18.870543
1373.8196111147076,24617.135,18.852016
1373.820999988262,24629.967,18.869658
1373.8223888616994,24632.367,18.860859
1373.8237777351374,24614.525,18.855665
1373.8251666085753,24650.037,18.864735
1373.8265554821296,24631.51,18.858953
1373.8279443555666,24636.248,18.862677
1373.8293332290032,24639.564,18.859365
1373.830722102441,24656.01,18.87172
1373.8321109759954,24619.654,18.858824
1373.8334998494324,24654.125,18.870821
1373.8348887228703,24632.967,18.858688
1373.8362775963083,24663.477,18.867086
1373.8376664698621,24622.48,18.858791
1373.8390553432992,24602.867,18.860636
1373.8404442167366,24639.479,18.866776
1373.841833090291,24651.227,18.859669
1373.8432219637289,24661.428,18.87234
1373.8446108371659,24654.777,18.8645
1373.8459997106038,24640.986,18.869907
1373.8473885841581,24665.26,18.869928
1373.8487774575951,24635.514,18.863487
1373.8501663310326,24650.352,18.861328
1373.851555204586,24645.287,18.867147
1373.852944078024,24627.783,18.859121
1373.8543329514619,24615.525,18.858547
1373.8557218250157,24625.426,18.858395
1373.8571106984537,24652.057,18.866165
1373.8584995718916,24614.531,18.857113
1373.859888445445,24628.664,18.861256
1373.8612773188825,24673.209,18.871891
1373.8626661923195,24612.426,18.860676
1373.8640550657574,24634.135,18.861332
1373.8654439393117,24644.389,18.859735
1373.8668328127487,24601.04,18.85401
1373.8682216861866,24616.42,18.856495
1373.869610559741,24608.467,18.85322
1373.8709994331784,24621.55,18.855505
1373.8723883066154,24603.664,18.85372
1373.8737771801693,24636.729,18.855629
1373.8751660536072,24596.05,18.861946
1373.8765549270452,24629.285,18.862146
1373.8779438005986,24635.885,18.86455
1373.8793326740365,24621.125,18.853003
1373.8807215474744,24629.574,18.862514
1373.8821104210278,24589.178,18.845333
1373.8834992944653,24642.857,18.873936
1373.8848881679023,24647.09,18.8648
1373.8862770414567,24644.256,18.86314
1373.8876659148946,24670.459,18.864439
1373.8890547884484,24599.986,18.854858
1373.8904436618864,24641.545,18.864796
1373.8918325353234,24648.201,18.869738
1373.8932214088773,24663.514,18.872803
1373.894610282315,24633.662,18.862764
1373.8959991557522,24627.594,18.861572
1373.8973880293065,24629.521,18.859507
1373.8987769027444,24653.969,18.866203
1373.9001657761814,24637.637,18.860144
1373.9015546497358,24629.73,18.869728
1373.9029435231732,24622.307,18.8635
1373.9043323967267,24614.629,18.851513
1373.9057212701646,24635.219,18.858902
1373.907110143602,24604.822,18.853407
1373.9084990171564,24638.068,18.861893
1373.9098878905943,24638.006,18.862144
1373.9112767640313,24610.094,18.858192
1373.9126656375856,24636.635,18.859913
1373.9140545110226,24597.08,18.858068
1373.9154433845765,24631.379,18.866827
1373.9168322580144,24644.502,18.866198
1373.9182211314514,24634.264,18.865242
1373.9196100050058,24610.217,18.852674
1373.9209988784437,24646.824,18.868824
1373.9223877519976,24687.553,18.877377
1373.9237766254355,24607.465,18.849737
1373.9251654988725,24647.621,18.868748
1373.9265543724264,24626.398,18.874056
1373.927943245864,24647.53,18.86842
1373.9293321194177,24643.201,18.867834
1373.9307209928556,24614.873,18.854956
1373.9321098662936,24625.172,18.867453
1373.933498739847,24636.56,18.86294
1373.934887613285,24614.174,18.860876
1373.9362764868388,24648.049,18.867495
1373.9376653602758,24660.459,18.871674
1373.9390542337137,24670.441,18.869064
1373.9404431072676,24643.406,18.868076
1373.9418319807055,24639.31,18.868671
1373.9432208542596,24616.146,18.852047
1373.9446097276968,24650.803,18.865847
1373.9459986012512,24617.314,18.861223
1373.9473874746882,24620.406,18.858446
1373.9487763481256,24614.979,18.858742
1373.95016522168,24628.043,18.862616
1373.951554095117,24601.162,18.845465
1373.9529429686713,24631.88,18.862099
1373.9543318421092,24618.174,18.8593
1373.9557207156631,24637.727,18.858564
1373.9571095891001,24646.988,18.871487
1373.958498462654,24615.514,18.856827
1373.9598873360917,24649.262,18.87185
1373.9612762095294,24635.459,18.861635
1373.9626650830833,24629.082,18.864708
1373.9640539565212,24655.453,18.865988
1373.9654428300755,24619.01,18.864187
1373.9668317035125,24624.756,18.852287
1373.9682205770664,24623.5,18.863338
1373.9696094505034,24634.736,18.864328
1373.9709983240577,24583.838,18.846617
1373.9723871974957,24667.084,18.87692
1373.9765538180416,24656.926,18.868296
1373.9779426914788,24645.826,18.868643
1373.9793315649158,24629.69,18.868494
1373.9807204384697,24638.348,18.858406
1373.9821093119076,24634.707,18.865509
1373.983498185462,24618.75,18.852928
1373.984887058899,24617.36,18.865341
1373.9862759324533,24617.746,18.859314
1373.9876648058912,24623.436,18.864937
1373.989053679445,24628.7,18.858004
1373.990442552882,24621.012,18.859474
1373.9918314264357,24641.521,18.863829
1373.9932202998734,24661.926,18.871977
1373.9946091734278,24632.117,18.857645
1373.9959980468652,24647.89,18.864864
1373.9973869204196,24648.004,18.875402
1373.9987757938575,24654.629,18.871132
1374.000164667411,24620.432,18.855747
1374.0015535408484,24594.988,18.853275
1374.0029424144018,24627.236,18.859169
1374.0043312878397,24594.908,18.85924
1374.005720161394,24628.674,18.861895
1374.0071090348315,24659.262,18.870665
1374.0084979083858,24641.03,18.864773
1374.0098867818235,24598.158,18.85548
1374.0112756553772,24625.127,18.857437
1374.0126645288142,24619.062,18.865013
1374.014053402368,24652.822,18.871538
1374.015442275806,24645.709,18.861656
1374.0168311493603,24631.54,18.859842
1374.0182200229137,24639.227,18.860193
1374.0196088963517,24626.367,18.860455
1374.020997769906,24620.479,18.857407
1374.0223866433435,24621.686,18.875517
1374.0237755168969,24613.629,18.865707
1374.025164390334,24623.414,18.8531
1374.0265532638882,24591.002,18.845644
1374.0279421373261,24621.217,18.864117
1374.02933101088,24633.488,18.863823
1374.030719884318,24604.809,18.857761
1374.0321087578723,24611.959,18.856436
1374.0334976313088,24636.824,18.859865
1374.0348865048622,24678.309,18.873219
1374.0362753784166,24659.84,18.868547
1374.0376642518545,24628.504,18.85948
1374.0390531254088,24622.719,18.855621
1374.0404419988463,24665.46,18.877821
1374.0418308724004,24621.926,18.860283
1374.043219745838,24595.594,18.854193
1374.044608619391,24625.63,18.861795
1374.0459974928285,24626.268,18.857262
1374.0473863663829,24606.225,18.856829
1374.0487752399372,24608.117,18.856972
1374.050164113375,24616.234,18.854317
1374.0515529869285,24599.887,18.851126
1374.0529418603664,24610.158,18.855434
1374.0543307339208,24598.127,18.859972
1374.0557196073573,24629.105,18.861713
1374.057108480911,24633.82,18.864017
1374.058497354465,24608.36,18.851013
1374.059886227903,24614.307,18.859503
1374.0612751014573,24670.947,18.87188
1374.0626639748948,24625.016,18.872272
1374.0640528484491,24649.91,18.87405
1374.065441721887,24643.05,18.867804
1374.06683059544,24609.84,18.852362
1374.0682194689934,24646.217,18.869303
1374.0696083424314,24636.346,18.856482
1374.0709972159857,24623.576,18.867706
1374.0723860894236,24652.732,18.870605
1374.0737749629773,24633.639,18.86332
1374.0751638365314,24589.617,18.846094
1374.0765527099693,24617.629,18.863615
1374.0779415835223,24604.201,18.852644
1374.0793304569597,24647.268,18.86911
1374.080719330514,24601.342,18.849579
1374.0821082040684,24623.068,18.863
1374.0834970775063,24641.264,18.860989
1374.0848859510597,24647.324,18.868195
1374.0862748244977,24631.0,18.856926
1374.087663698052,24628.416,18.856888
1374.089052571605,24659.8,18.871288
1374.090441445042,24639.617,18.861517
1374.0918303185963,24649.916,18.86953
1374.0932191921506,24653.338,18.865398
1374.0946080655885,24616.564,18.855375
1374.0959969391424,24614.402,18.851183
1374.0973858125803,24615.111,18.859306
1374.0987746861347,24612.531,18.854124
1374.1001635596876,24619.754,18.859133
1374.1015524331247,24601.898,18.855925
1374.102941306679,24647.086,18.859747
1374.1043301802333,24642.924,18.864603
1374.1057190536712,24627.57,18.860973
1374.107107927225,24615.26,18.854654
1374.1084968006626,24619.783,18.862488
1374.109885674217,24618.135,18.861212
1374.1112745477699,24636.555,18.86101
1374.1126634212073,24638.807,18.86223
1374.1140522947617,24646.357,18.867826
1374.115441168316,24646.084,18.86899
1374.116830041754,24631.518,18.856972
1374.1182189153074,24632.115,18.862999
1374.1196077888617,24620.82,18.858587
1374.1209966622991,24639.2,18.865257
1374.122385535852,24631.592,18.860226
1374.123774409406,24655.736,18.864779
1374.125163282844,24644.488,18.864788
1374.1265521563982,24639.389,18.866343
1374.1279410299526,24620.23,18.857088
1374.12932990339,24625.744,18.865734
1374.1307187769444,24620.807,18.853111
1374.1321076504978,24655.219,18.869396
1374.1334965239344,24611.375,18.855106
1374.1348853974887,24641.947,18.863865
1374.136274271043,24612.723,18.852465
1374.137663144481,24601.28,18.855726
1374.1390520180353,24641.309,18.859032
1374.1404408915887,24606.59,18.85715
1374.1418297650266,24627.635,18.865864
1374.1432186385805,24631.965,18.867878
1374.1446075121335,24627.043,18.860548
1374.1459963855714,24620.73,18.85824
1374.1473852591257,24622.307,18.863535
1374.14877413268,24626.186,18.858414
1374.150163006118,24628.232,18.866505
1374.1515518796714,24646.73,18.87073
1374.1529407532257,24662.992,18.872812
1374.154329626663,24608.396,18.858847
1374.1557185002157,24588.863,18.853054
1374.15710737377,24630.865,18.853752
1374.1584962473244,24621.262,18.865776
1374.1598851207623,24630.076,18.862398
1374.1612739943166,24642.303,18.877005
1374.1626628678705,24610.248,18.855698
1374.1640517413084,24638.258,18.862543
1374.1654406148618,24613.016,18.854607
1374.1668294884148,24616.604,18.859367
1374.1682183618527,24621.523,18.856197
1374.169607235407,24615.785,18.85574
1374.1709961089614,24620.268,18.867968
1374.1723849825157,24641.193,18.867325
1374.1737738559527,24603.057,18.858469
1374.175162729507,24629.53,18.861706
1374.176551603061,24645.121,18.865582
1374.177940476614,24634.549,18.857573
1374.1793293500518,24631.408,18.853802
1374.1807182236062,24611.83,18.858757
1374.1821070971605,24640.662,18.862206
1374.1834959705984,24607.791,18.858139
1374.1848848441518,24629.855,18.859476
1374.1862737177062,24682.07,18.874165
1374.1876625912598,24623.46,18.867428
1374.1890514646961,24578.518,18.841534
1374.1904403382505,24626.785,18.867815
1374.1918292118048,24596.04,18.852102
1374.1932180853587,24618.445,18.857676
1374.1946069587966,24649.014,18.871168
1374.195995832351,24614.959,18.85518
1374.1973847059053,24618.305,18.85375
1374.1987735794587,24627.13,18.87171
1374.2001624528953,24624.44,18.862846
1374.2015513264496,24617.582,18.863188
1374.202940200004,24675.553,18.86879
1374.2043290735576,24639.139,18.855309
1374.2057179469953,24628.74,18.869423
1374.2071068205496,24667.65,18.86683
1374.208495694104,24641.223,18.857487
1374.2098845676578,24640.676,18.863224
1374.2112734410944,24601.842,18.849121
1374.2126623146487,24618.123,18.85664
1374.214051188203,24610.125,18.860594
1374.2154400617565,24637.303,18.861862
1374.2168289351944,24650.219,18.871235
1374.2182178087487,24610.666,18.867212
1374.219606682303,24624.605,18.860249
1374.2209955558567,24602.455,18.854792
1374.222384429293,24653.477,18.867344
1374.2237733028473,24611.09,18.860214
1374.2251621764017,24641.77,18.8611
1374.2265510499556,24641.633,18.862131
1374.22793992351,24610.346,18.860348
1374.2293287969478,24616.662,18.858597
1374.2307176705021,24640.115,18.861328
1374.2321065440556,24644.166,18.857399
1374.2334954176085,24616.688,18.859621
1374.2348842910465,24626.957,18.85716
1374.2362731646008,24603.354,18.855902
1374.2376620381542,24640.482,18.869555
1374.2390509117085,24646.096,18.859892
1374.2404397852629,24648.164,18.875477
1374.2418286587003,24635.256,18.86046
1374.2432175322538,24598.545,18.849648
1374.2446064058076,24625.242,18.861847
1374.245995279362,24593.389,18.84936
1374.2473841529163,24615.256,18.859966
1374.2487730263533,24625.658,18.862898
1374.2501618999077,24655.043,18.866632
1374.251550773462,24619.055,18.856823
1374.2529396470156,24614.297,18.861788
1374.2543285205693,24623.484,18.856102
1374.2557173940063,24611.754,18.852013
1374.2571062675606,24600.537,18.86232
1374.258495141115,24620.861,18.860777
1374.2598840146688,24630.877,18.862074
1374.2612728882232,24627.207,18.862309
1374.262661761661,24652.352,18.871038
1374.2640506352145,24624.395,18.86218
1374.2654395087684,24635.404,18.865143
1374.2668283823218,24611.508,18.8513
1374.2682172558762,24640.496,18.858475
1374.2696061294305,24648.512,18.865187
1374.2709950028675,24640.225,18.86539
1374.2723838764218,24637.047,18.870382
1374.2737727499762,24652.557,18.878462
1374.27516162353,24622.96,18.861889
1374.2765504970835,24643.258,18.855566
1374.2779393706373,24626.182,18.86295
1374.2793282440753,24602.16,18.848969
1374.2807171176296,24628.816,18.859352
1374.282105991183,24622.686,18.85919
1374.2834948647373,24603.846,18.854595
1374.2848837382917,24640.635,18.862772
1374.2862726118453,24646.223,18.861176
1374.2876614852826,24633.965,18.857388
1374.289050358836,24615.957,18.845585
1374.2904392323903,24623.506,18.854034
1374.2918281059447,24631.9,18.861963
1374.2932169794985,24647.572,18.862942
1374.2946058530529,24623.498,18.858494
1374.2959947266072,24639.02,18.861084
1374.2973836000442,24640.66,18.869331
1374.298772473598,24611.248,18.857834
1374.3001613471515,24613.34,18.853941
1374.3015502207058,24637.604,18.861061
1374.3029390942602,24624.656,18.859917
1374.3043279678136,24622.38,18.860714
1374.305716841368,24650.49,18.870619
1374.3071057148059,24597.838,18.849087
1374.3084945883597,24620.13,18.860334
1374.3098834619132,24622.604,18.863594
1374.311272335467,24641.055,18.863644
1374.3126612090214,24620.77,18.85736
1374.3140500825757,24617.627,18.855347
1374.3154389561291,24619.904,18.857817
1374.316827829567,24644.078,18.866617
1374.3182167031214,24623.053,18.857365
1374.3196055766748,24609.195,18.859186
1374.3209944502287,24645.254,18.86268
1374.322383323782,24634.602,18.853317
1374.3237721973364,24615.24,18.86105
1374.3251610708908,24659.176,18.86725
1374.3265499444447,24626.502,18.86888
1374.327938817999,24631.877,18.858435
1374.329327691437,24611.932,18.857813
1374.3307165649903,24637.348,18.868906
1374.3321054385442,24619.008,18.853529
1374.3334943120976,24655.508,18.865845
1374.334883185652,24641.275,18.860743
1374.3362720592063,24617.52,18.859865
1374.3376609327597,24656.594,18.872925
1374.339049806314,24653.014,18.868029
1374.3404386798684,24614.049,18.860342
1374.3418275533058,24627.98,18.859644
1374.3432164268593,24609.434,18.859085
1374.3446053004131,24627.99,18.863335
1374.3459941739675,24612.092,18.866076
1374.3473830475218,24654.148,18.87365
1374.3487719210752,24625.232,18.855164
1374.3501607946296,24626.404,18.86329
1374.351549668184,24622.762,18.854433
1374.3529385417373,24623.068,18.867338
1374.3543274152912,24631.271,18.86526
1374.3557162888446,24650.676,18.869864
1374.3571051622826,24606.518,18.862377
1374.3584940358369,24624.168,18.85441
1374.3598829093908,24650.594,18.867975
1374.361271782945,24665.59,18.875544
1374.3626606564994,24622.074,18.864296
1374.3640495300529,24595.89,18.849043
1374.3654384036067,24600.84,18.85731
1374.3668272771602,24609.865,18.857918
1374.3682161507145,24628.277,18.858665
1374.3696050242688,24642.225,18.866547
1374.3709938978222,24648.285,18.869205
1374.3723827713766,24634.604,18.86973
1374.373771644931,24656.229,18.873732
1374.3751605183684,24629.377,18.860252
1374.3765493919218,24621.201,18.86608
1374.3779382654757,24610.533,18.852962
1374.37932713903,24643.248,18.867298
1374.3807160125843,24615.744,18.85264
1374.3821048861378,24631.396,18.858425
1374.383493759692,24632.883,18.860632
1374.3848826332464,24640.7,18.86492
1374.3862715067999,24640.709,18.867062
1374.3876603803537,24616.328,18.855173
1374.3890492539072,24650.705,18.862957
1374.3904381274615,24649.787,18.868002
1374.3918270010158,24636.89,18.859098
1374.3932158745697,24614.504,18.864317
1374.394604748124,24622.793,18.86572
1374.3959936216784,24634.23,18.860094
1374.3973824952318,24606.783,18.854712
1374.3987713687854,24614.738,18.853683
1374.400160242339,24616.678,18.854395
1374.4015491158934,24637.998,18.858473
1374.4029379893313,24629.412,18.864176
1374.4043268628848,24645.982,18.861612
1374.405715736439,24648.205,18.8681
1374.4071046099934,24626.496,18.864191
1374.4084934835473,24635.777,18.863958
1374.4098823571007,24647.709,18.865501
1374.4112712306546,24664.027,18.879114
1374.412660104209,24625.945,18.86229
1374.4140489777633,24638.418,18.865395
1374.4154378513167,24638.693,18.857784
1374.416826724871,24644.055,18.869064
1374.4182155984254,24625.791,18.854776
1374.4196044719788,24654.223,18.872046
1374.4209933455327,24649.264,18.862661
1374.422382219086,24624.424,18.861502
1374.4237710926404,24657.184,18.867283
1374.4251599661948,24595.94,18.84457
1374.4265488397486,24638.568,18.862877
1374.427937713303,24628.752,18.855064
1374.4293265868573,24614.678,18.859814
1374.4307154604107,24618.871,18.85476
1374.4321043339644,24608.686,18.855154
1374.433493207518,24619.168,18.860817
1374.4348820810724,24647.43,18.866722
1374.4362709546267,24613.781,18.85178
1374.4376598281801,24666.717,18.872929
1374.4390487017345,24593.074,18.85659
1374.4404375752888,24623.262,18.858526
1374.4418264488427,24654.566,18.870897
1374.443215322396,24622.049,18.860909
1374.44460419595,24619.06,18.862326
1374.4459930695043,24619.348,18.86523
1374.4473819430586,24618.281,18.854946
1374.448770816612,24637.934,18.861206
1374.4501596901664,24633.27,18.859505
1374.4515485637207,24616.275,18.852968
1374.4529374372742,24639.02,18.86054
1374.454326310828,24603.62,18.852142
1374.4557151843815,24639.295,18.858522
1374.4571040579358,24630.303,18.86199
1374.4584929314901,24626.33,18.865257
1374.459881805044,24597.64,18.857075
1374.4612706785983,24609.775,18.862614
1374.4626595521527,24657.814,18.86609
1374.464048425706,24615.207,18.851217
1374.4654372992597,24631.006,18.864256
1374.4668261728134,24590.482,18.855005
1374.4682150463677,24614.93,18.853863
1374.469603919922,24616.893,18.857115
1374.4709927934755,24618.111,18.857864
1374.4723816670298,24621.584,18.865988
1374.4737705405842,24588.531,18.848541
1374.475159414138,24639.117,18.87262
1374.4765482876915,24621.625,18.858736
1374.4779371612453,24636.834,18.854206
1374.4793260347997,24630.805,18.856577
1374.4807149083538,24630.596,18.86777
1374.4821037819074,24632.092,18.863142
1374.4834926555782,24641.354,18.875338
1374.4848815291325,24627.412,18.855965
1374.486270402686,24638.896,18.864342
1374.4876592762398,24623.375,18.861708
1374.4890481497932,24647.793,18.874262
1374.4904370233476,24610.396,18.862015
1374.491825896902,24654.559,18.869602
1374.4932147704558,24631.965,18.86758
1374.49460364401,24640.816,18.86337
1374.4959925175644,24635.295,18.87048
1374.4973813911179,24627.611,18.868155
1374.4987702646713,24639.95,18.86564
1374.5001591382252,24630.47,18.857141
1374.5015480117795,24645.7,18.87127
1374.5029368853338,24637.418,18.852406
1374.5043257588873,24639.717,18.864685
1374.5057146324416,24658.318,18.866634
1374.507103505996,24605.135,18.852404
1374.5084923795498,24624.877,18.865028
1374.5098812531032,24630.467,18.863365
1374.5112701267735,24651.654,18.866087
1374.5126590003279,24638.787,18.860365
1374.514047873882,24644.678,18.874128
1374.5154367474356,24635.887,18.863358
1374.51682562099,24632.898,18.858383
1374.5182144945443,24644.05,18.859125
1374.5196033680977,24630.793,18.872644
1374.5209922416516,24621.92,18.859592
1374.522381115205,24627.068,18.858023
1374.5237699887593,24617.076,18.85795
1374.5251588623137,24642.895,18.860592
1374.5265477358676,24618.818,18.862139
1374.5279366094219,24609.693,18.857561
1374.5293254829762,24623.146,18.856438
1374.530714356646,24602.611,18.848778
1374.5321032301995,24635.408,18.873827
1374.5334921037534,24625.271,18.86023
1374.5348809773077,24631.908,18.859142
1374.536269850862,24641.936,18.86867
1374.5376587244155,24612.182,18.860256
1374.5390475979698,24630.674,18.855162
1374.5404364715241,24645.303,18.866432
1374.541825345078,24624.889,18.857227
1374.5432142186314,24656.328,18.868513
1374.5446030921853,24645.262,18.87378
1374.5459919658558,24628.564,18.863707
1374.54738083941,24593.863,18.853518
1374.5487697129638,24621.557,18.862625
1374.5501585865181,24647.268,18.87072
1374.5515474600725,24640.55,18.871151
1374.552936333626,24635.088,18.873642
1374.5543252071798,24632.701,18.866533
1374.5557140807332,24633.275,18.860367
1374.5571029542875,24631.852,18.860518
1374.5584918278419,24629.02,18.861303
1374.5598807015122,24663.363,18.871485
1374.5612695750665,24619.355,18.856085
1374.5626584486206,24618.266,18.85514
1374.5640473221742,24616.383,18.856268
1374.5654361957277,24614.2,18.852398
1374.5668250692815,24609.646,18.851591
1374.5682139428359,24629.215,18.861624
1374.5696028163902,24601.459,18.85528
1374.5709916899436,24634.977,18.861635
1374.5723805636144,24621.035,18.855501
1374.5737694371687,24617.977,18.859877
1374.5751583107226,24628.057,18.860521
1374.576547184276,24643.35,18.864073
1374.5779360578297,24652.52,18.86228
1374.5793249313838,24631.76,18.864138
1374.5807138049381,24615.207,18.861712
1374.582102678492,24621.111,18.861122
1374.5834915520463,24616.992,18.862894
1374.584880425717,24632.062,18.865198
1374.5862692992705,24630.945,18.863598
1374.5876581728244,24604.883,18.850431
1374.5890470463778,24627.055,18.860996
1374.5904359199321,24601.367,18.85154
1374.5918247934865,24635.264,18.858738
1374.5932136670403,24633.14,18.870785
1374.594602540711,24627.943,18.862408
1374.5959914142652,24641.39,18.869728
1374.5973802878189,24614.814,18.859543
1374.5987691613723,24654.379,18.866224
1374.6001580349262,24645.342,18.86266
1374.6015469084805,24629.414,18.860483
1374.6029357820348,24617.277,18.854366
1374.6043246557047,24622.3,18.859476
1374.605713529259,24603.047,18.857124
1374.6071024028133,24622.51,18.859228
1374.6084912763672,24659.748,18.868856
1374.6098801499206,24637.645,18.864592
1374.6112690234743,24627.533,18.86699
1374.6126578970284,24665.771,18.876608
1374.6140467706991,24639.648,18.858349
1374.615435644253,24645.42,18.868845
1374.6168245178073,24653.238,18.863594
1374.6182133913617,24651.334,18.872124
1374.619602264915,24651.287,18.85764
1374.620991138469,24615.393,18.855803
1374.6223800120224,24622.639,18.852995
1374.6237688856932,24600.432,18.855473
1374.6251577592475,24630.045,18.861568
1374.6265466328014,24584.512,18.845291
1374.6279355063555,24631.441,18.855217
1374.6293243799096,24630.393,18.866005
1374.6307132534635,24620.805,18.855772
1374.6321021271333,24648.012,18.86064
1374.6334910006872,24604.193,18.854832
1374.6348798742415,24589.947,18.848284
1374.6362687477958,24612.756,18.845104
1374.6376576213493,24574.922,18.854923
1374.6390464949036,24604.984,18.853006
1374.6404353685743,24548.082,18.832808
1374.6418242421273,24580.365,18.844273
1374.643213115681,24588.822,18.851213
1374.644601989235,24567.201,18.844114
1374.6459908627894,24589.648,18.849054
1374.6473797363437,24581.242,18.836401
1374.648768610014,24574.43,18.843634
1374.6501574835684,24598.543,18.84501
1374.6515463571227,24571.82,18.83417
1374.6529352306757,24569.707,18.84113
1374.654324104229,24580.658,18.838451
1374.6557129778998,24567.338,18.840967
1374.6571018514542,24566.096,18.844685
1374.6584907250085,24589.988,18.840166
1374.6598795985622,24594.342,18.850264
1374.6612684721163,24564.578,18.839981
1374.662657345787,24589.102,18.844952
1374.66404621934,24584.785,18.84402
1374.6654350928939,24579.61,18.84087
1374.6668239664482,24596.312,18.854856
1374.6682128400025,24574.691,18.852106
1374.6696017135569,24593.164,18.849045
1374.6709905872267,24597.398,18.850853
1374.672379460781,24597.771,18.84627
1374.6737683343354,24618.691,18.855856
1374.6751572078892,24582.107,18.85144
1374.6765460814427,24596.535,18.849382
1374.6779349551125,24575.916,18.848108
1374.6793238286668,24582.033,18.845299
1374.6807127022212,24621.205,18.853914
1374.682101575775,24602.508,18.848251
1374.6834904493294,24616.424,18.858591
1374.6848793230001,24626.504,18.856539
1374.6862681965536,24623.53,18.857185
1374.6876570701074,24602.178,18.853699
1374.6890459436609,24640.762,18.86445
1374.6904348173316,24615.027,18.862127
1374.691823690886,24627.426,18.855087
1374.6932125644396,24627.24,18.860035
1374.6946014379937,24604.248,18.851181
1374.695990311548,24593.826,18.84683
1374.6973791852183,24620.973,18.86158
1374.6987680587717,24628.412,18.861788
1374.7001569323256,24643.566,18.865887
1374.70154580588,24633.596,18.857765
1374.7029346794343,24626.023,18.854177
1374.7043235531041,24608.062,18.848034
1374.7057124266585,24619.453,18.857628
1374.7071013002128,24656.986,18.865707
1374.7084901737667,24617.596,18.860966
1374.7098790474365,24657.889,18.87312
1374.71126792099,24623.74,18.860983
1374.7126567945443,24636.408,18.870457
1374.7140456680986,24640.715,18.863745
1374.7154345416525,24648.096,18.868498
1374.7168234153232,24626.674,18.86048
1374.7182122888776,24649.055,18.879139
1374.719601162431,24625.775,18.861898
1374.7209900359849,24628.477,18.855703
1374.7223789096547,24614.938,18.86624
1374.723767783209,24630.512,18.856165
1374.7251566567634,24600.973,18.8491
1374.7265455303168,24618.062,18.853346
1374.7279344039875,24640.482,18.866302
1374.7293232775419,24585.246,18.84891
1374.7307121510958,24637.85,18.85455
1374.7321010246492,24643.7,18.867876
1374.7334898983195,24623.318,18.859251
1374.7348787718738,24602.557,18.854197
1374.7362676454281,24628.55,18.857786
1374.7376565189816,24608.684,18.852995
1374.739045392536,24641.139,18.865494
1374.7404342662066,24634.38,18.857904
1374.7418231397603,24636.443,18.868895
1374.743212013314,24617.62,18.857056
1374.7446008868674,24624.861,18.865557
1374.7459897605381,24607.162,18.854616
1374.7473786340925,24655.355,18.868906
1374.7487675076463,24643.598,18.863731
1374.7501563812007,24621.668,18.862654
1374.7515452548714,24650.902,18.875006
1374.7529341284248,24635.49,18.872105
1374.7543230019787,24625.098,18.860985
1374.7557118756486,24629.842,18.865414
1374.757100749203,24637.06,18.863508
1374.7584896227572,24605.232,18.853535
1374.7598784963106,24622.32,18.859077
1374.7612673699814,24626.676,18.863338
1374.7626562435357,24642.629,18.864506
1374.7640451170896,24636.371,18.867367
1374.765433990643,24629.299,18.862663
1374.7668228643133,24623.484,18.862822
1374.7682117378677,24633.217,18.86192
1374.769600611422,24668.416,18.877417
1374.7709894849754,24616.453,18.863573
1374.7723783586462,24622.654,18.856739
1374.7737672322005,24661.229,18.871317
1374.7751561057541,24621.502,18.862015
1374.7765449793078,24635.26,18.86747
1374.7779338529776,24656.73,18.870758
1374.779322726532,24628.291,18.859673
1374.7807116000863,24647.13,18.869505
1374.7821004737566,24634.762,18.862364
1374.783489347311,24642.377,18.853722
1374.7848782208653,24633.637,18.866451
1374.7862670944187,24624.666,18.859331
1374.787655968089,24626.201,18.857943
1374.7890448416424,24619.355,18.85789
1374.7904337151967,24620.766,18.853653
1374.7918225888675,24658.178,18.864843
1374.793211462421,24638.771,18.867552
1374.7946003359752,24637.318,18.866562
1374.7959892095296,24647.14,18.864613
1374.7973780831999,24645.23,18.860003
1374.7987669567542,24633.291,18.862144
1374.8001558303076,24617.03,18.851385
1374.801544703978,24594.34,18.857492
1374.8029335775323,24596.574,18.850252
1374.8043224510857,24666.824,18.877247
1374.80571132464,24609.791,18.859268
1374.8071001983108,24624.49,18.864996
1374.8084890718642,24619.857,18.8635
1374.8098779454185,24603.732,18.851952
1374.8112668190888,24631.562,18.859987
1374.8126556926422,24635.057,18.862955
1374.8140445661966,24627.008,18.86448
1374.8154334397504,24635.322,18.857286
1374.8168223134212,24619.486,18.8591
1374.8182111869755,24633.797,18.86185
1374.819600060529,24649.064,18.868826
1374.8209889341997,24638.668,18.862154
1374.8223778077534,24623.666,18.856874
1374.823766681307,24641.771,18.864162
1374.8251555549778,24644.441,18.865074
1374.8265444285312,24638.35,18.86717
1374.8279333020855,24638.617,18.861998
1374.8293221756398,24625.105,18.864796
1374.8307110493101,24633.648,18.866402
1374.8320999228645,24643.87,18.862864
1374.833488796418,24641.87,18.855068
1374.8348776700882,24594.623,18.854204
1374.8362665436425,24642.21,18.874401
1374.837655417196,24632.107,18.859438
1374.8390442908667,24617.693,18.85771
1374.840433164421,24624.027,18.867891
1374.8418220379745,24650.97,18.879227
1374.8432109116452,24654.598,18.862675
1374.844599785199,24652.998,18.873846
1374.8459886587525,24637.332,18.861443
1374.8473775324233,24637.46,18.85257
1374.8487664059771,24623.455,18.863272
1374.8501552795315,24621.207,18.858112
1374.8515441530858,24627.262,18.856873
1374.8529330267556,24644.812,18.875174
1374.85432190031,24588.432,18.85664
1374.8557107738636,24626.783,18.877512
1374.8570996475337,24652.314,18.867321
1374.858488521088,24690.732,18.884418
1374.8598773946414,24630.795,18.865509
1374.8612662683122,24640.857,18.867447
1374.8626551418665,24649.52,18.87024
1374.8640440154204,24602.7,18.851044
1374.8654328890912,24634.61,18.87214
1374.8668217626446,24631.521,18.851015
1374.8682106361985,24643.63,18.858917
1374.8709883834226,24626.314,18.862362
1374.872377256977,24630.832,18.860527
1374.8737661306477,24652.06,18.868692
1374.8751550042011,24630.803,18.860817
1374.8765438777555,24644.783,18.864958
1374.8779327514258,24618.566,18.86322
1374.8793216249792,24615.512,18.859705
1374.8807104985335,24647.445,18.863655
1374.8820993722038,24638.85,18.867065
1374.8834882457581,24618.828,18.86031
1374.8848771193125,24673.377,18.877426
1374.8862659929823,24628.262,18.85274
1374.8876548665366,24625.104,18.86122
1374.889043740091,24597.361,18.855991
1374.8932103608681,24618.121,18.854733
1374.8945992345389,24632.451,18.870468
1374.8959881080932,24650.154,18.867378
1374.8973769817635,24610.443,18.850859
1374.8987658553178,24636.71,18.860178
1374.9001547288722,24631.07,18.85893
1374.901543602542,24612.35,18.849176
1374.9029324760959,24625.73,18.861847
1374.9043213496493,24618.953,18.864798
1374.90571022332,24598.918,18.855314
1374.9070990968744,24628.643,18.859653
1374.9084879704278,24600.764,18.852936
1374.9098768440986,24620.291,18.85939
1374.911265717653,24621.973,18.859236
1374.9126545912068,24612.424,18.852713
1374.9140434648766,24639.121,18.865705
1374.9154323384305,24631.303,18.867313
1374.9168212119848,24651.41,18.863346
1374.9182100856556,24641.34,18.865492
1374.919598959209,24612.75,18.854145
1374.9209878328797,24632.412,18.86432
1374.922376706434,24623.748,18.861038
1374.9237655799875,24638.494,18.859016
1374.9251544536578,24622.566,18.856153
1374.9265433272112,24621.723,18.856129
1374.9279322007656,24645.367,18.863367
1374.9293210744363,24642.133,18.864443
1374.9307099479902,24632.77,18.862543
1374.9320988215445,24650.645,18.872683
1374.9334876952153,24643.469,18.864826
1374.9348765687687,24599.297,18.85346
1374.936265442439,24608.242,18.85415
1374.9376543159924,24610.188,18.859343
1374.9390431895467,24617.094,18.853956
1374.9404320632175,24622.7,18.858482
1374.941820936771,24635.238,18.860672
1374.9432098103252,24647.125,18.860853
1374.944598683996,24646.05,18.857454
1374.9459875575499,24623.99,18.857319
1374.9473764312197,24644.637,18.858006
1374.9487653047736,24622.406,18.855501
1374.950154178328,24584.396,18.842625
1374.9515430519987,24600.953,18.843048
1374.952931925552,24624.014,18.84806
1374.9543207991064,24630.16,18.864943
1374.9557096727772,24645.178,18.867365
1374.9570985463315,24629.537,18.867615
1374.9584874200013,24635.03,18.855185
1374.9598762935543,24656.066,18.871384
1374.9612651671086,24634.953,18.864697
1374.9626540407794,24625.402,18.858685
1374.9640429143333,24648.87,18.863722
1374.9654317878876,24618.518,18.853127
1374.9682095351127,24627.379,18.857906
1374.9695984087825,24630.824,18.859924
1374.9709872823355,24619.873,18.85623
1374.9723761558898,24624.82,18.863102
1374.9737650295606,24655.613,18.863401
1374.975153903114,24665.562,18.86694
1374.9765427767848,24655.402,18.86332
1374.977931650339,24621.73,18.855608
1374.9793205238934,24612.586,18.862629
1374.9807093975637,24649.043,18.863579
1374.9820982711167,24629.34,18.860416
1374.9834871447874,24621.93,18.856455
1374.9848760183418,24652.557,18.86927
1374.9862648918952,24612.1,18.85769
1374.987653765566,24638.852,18.86434
1374.9890426391203,24620.988,18.852316
1374.990431512791,24612.889,18.848724
1374.9918203863444,24605.486,18.851841
1374.9932092598974,24620.75,18.858229
1374.9945981335682,24617.572,18.849035
1374.9959870071225,24628.328,18.854088
1374.9973758807928,24640.1,18.858746
1374.9987647543471,24600.24,18.849958
1375.0001536279015,24635.998,18.862852
1375.0015425015722,24642.943,18.862354
1375.0029313751256,24609.094,18.854538
1375.004320248795,24627.004,18.8621
1375.0057091223493,24629.127,18.859543
1375.0070979959037,24637.95,18.856836
1375.0084868695735,24633.963,18.860191
1375.0098757431279,24642.285,18.866014
1375.0112646167986,24630.84,18.857405
1375.012653490353,24602.645,18.857105
1375.0140423639068,24638.502,18.856232
1375.0154312375762,24611.803,18.85861
1375.0168201111305,24643.4,18.854177
1375.0182089848013,24615.01,18.853025
1375.0195978583547,24641.62,18.86416
1375.020986731909,24629.97,18.85454
1375.0223756055798,24632.533,18.858253
1375.0237644791341,24652.125,18.868187
1375.0251533528049,24652.922,18.862772
1375.0265422263578,24630.812,18.85869
1375.0279311000277,24622.127,18.865973
1375.029319973582,24638.357,18.856974
1375.0307088471359,24673.645,18.873072
1375.0320977208066,24640.217,18.865807
1375.033486594361,24598.508,18.848185
1375.0348754680317,24599.027,18.852606
1375.0362643415858,24640.725,18.86381
1375.0376532151386,24610.508,18.854197
1375.0390420888089,24640.094,18.861485
1375.0404309623632,24625.418,18.86236
1375.041819836033,24668.44,18.877214
1375.0432087095874,24612.074,18.854183
1375.044597583258,24620.01,18.858679
1375.0459864568124,24632.518,18.859236
1375.0473753303668,24645.139,18.864634
1375.0487642040362,24628.256,18.856773
1375.05015307759,24622.76,18.855484
1375.0515419512606,24603.521,18.846241
1375.0529308248142,24608.557,18.851032
1375.054319698485,24614.166,18.853603
1375.0557085720393,24658.594,18.86959
1375.0570974455936,24619.371,18.847927
1375.0584863192644,24637.81,18.853384
1375.0598751928173,24635.316,18.863232
1375.0612640664872,24649.615,18.868628
1375.0626529400415,24629.258,18.858597
1375.0640418137118,24642.064,18.864298
1375.0654306872661,24651.268,18.85327
1375.0668195608205,24648.705,18.863739
1375.0682084344912,24613.229,18.853487
1375.0695973080453,24627.883,18.859858
1375.0709861817145,24632.781,18.854967
1375.0723750552684,24609.928,18.851238
1375.0737639289391,24646.252,18.869019
1375.0751528024925,24650.305,18.86568
1375.0765416760469,24648.658,18.867662
1375.0779305497176,24589.744,18.846018
1375.0793194232715,24619.438,18.850254
1375.0807082969422,24631.81,18.857635
1375.0820971704966,24638.305,18.863834
1375.0834860441664,24640.57,18.862913
1375.08487491772,24601.586,18.848923
1375.0862637913901,24679.982,18.869234
1375.0876526649445,24622.18,18.860624
1375.0890415384988,24623.629,18.858345
1375.0904304121686,24613.014,18.854721
1375.091819285723,24591.61,18.845518
1375.0932081593937,24636.076,18.853395
1375.0945970329476,24625.104,18.854296
1375.0959859066174,24650.682,18.863087
1375.0973747801713,24614.846,18.8593
1375.098763653842,24641.648,18.863342
1375.1001525273964,24631.957,18.859234
1375.1015414009498,24629.482,18.858593
1375.1029302746206,24652.043,18.861876
1375.104319148175,24628.201,18.853209
1375.1057080218447,24659.215,18.871346
1375.1070968953986,24672.2,18.862978
1375.1084857690685,24589.338,18.842222
1375.1098746426228,24672.965,18.86889
1375.1112635162935,24613.61,18.86136
1375.1126523898474,24618.316,18.854382
1375.1140412634018,24634.38,18.8604
1375.1154301370725,24633.31,18.86062
1375.116819010626,24641.246,18.870895
1375.1182078842958,24631.145,18.859648
1375.1195967578496,24607.037,18.848398
1375.1209856315204,24609.717,18.84944
1375.1223745050747,24622.67,18.85215
1375.1237633787446,24637.684,18.862307
1375.125152252299,24631.354,18.85948
1375.1265411259697,24616.863,18.856441
1375.127929999524,24640.152,18.866518
1375.1293188731943,24643.844,18.85923
1375.1307077467472,24606.926,18.854189
1375.1320966203016,24625.984,18.863266
1375.133485493972,24636.182,18.862476
1375.1348743675258,24621.527,18.85234
1375.1362632411965,24627.281,18.852865
1375.1376521147508,24583.352,18.844387
1375.1390409884216,24663.518,18.866009
1375.140429861975,24618.219,18.853735
1375.1418187356444,24634.55,18.857107
1375.1432076091987,24634.68,18.855165
1375.1445964828695,24618.006,18.85532
1375.1459853564234,24617.156,18.854454
1375.147374230094,24637.75,18.864998
1375.1487631036484,24627.004,18.854946
1375.1501519772028,24636.963,18.864576
1375.1515408508726,24621.607,18.85835
1375.1529297244256,24627.027,18.853287
1375.1543185980963,24608.426,18.845629
1375.1557074716507,24605.193,18.845547
1375.1570963453205,24629.64,18.854918
1375.1584852188748,24631.344,18.86006
1375.1598740925456,24646.549,18.852732
1375.1612629661,24637.979,18.857986
1375.1626518397702,24631.969,18.860643
1375.1640407133232,24601.768,18.85822
1375.165429586994,24640.717,18.861952
1375.166818460548,24611.713,18.852734
1375.168207334218,24677.926,18.867739
1375.1695962077724,24642.172,18.869513
1375.1709850814432,24601.512,18.844292
1375.1723739549975,24615.969,18.854475
1375.1737628285518,24578.969,18.840395
1375.1751517022212,24623.264,18.85887
1375.1765405757747,24604.053,18.85163
1375.1779294494454,24590.904,18.844154
1375.1793183229993,24637.828,18.859308
1375.18070719667,24624.71,18.849022
1375.1820960702244,24637.78,18.86127
1375.1834849438949,24631.182,18.855751
1375.184873817449,24611.334,18.850914
1375.1862626911184,24643.133,18.856962
1375.1876515646723,24593.652,18.847628
1375.189040438343,24615.633,18.851261
1375.1904293118964,24628.615,18.854061
1375.1918181855672,24635.525,18.855047
1375.1932070591215,24619.44,18.849018
1375.1945959327923,24585.605,18.8496
1375.1959848063466,24620.305,18.850111
1375.197373680016,24617.705,18.85793
1375.1987625535696,24622.451,18.854933
1375.2001514272401,24624.285,18.851084
1375.201540300794,24612.697,18.856169
1375.2029291744648,24643.623,18.860046
1375.204318048019,24616.135,18.853325
1375.2057069215734,24620.713,18.85474
1375.2070957952442,24652.646,18.859081
1375.2084846687972,24623.682,18.85381
1375.209873542467,24645.857,18.871916
1375.2112624160213,24648.656,18.856863
1375.2126512896916,24626.13,18.848747
1375.214040163246,24612.508,18.85156
1375.2154290369165,24639.89,18.858168
1375.2168179104706,24647.27,18.87192
1375.2182067841413,24649.424,18.860695
1375.2195956576952,24664.049,18.867086
1375.220984531365,24640.13,18.859512
1375.222373404919,24634.184,18.850136
1375.2237622785888,24644.371,18.85368
1375.225151152143,24675.168,18.879143
1375.2265400258138,24623.111,18.852066
1375.2279288993682,24622.207,18.849169
1375.229317773039,24619.234,18.856422
1375.2307066465928,24609.543,18.847872
1375.2320955202626,24601.053,18.853191
1375.233484393816,24638.469,18.862091
1375.2348732674864,24644.629,18.858324
1375.2362621410407,24622.643,18.855202
1375.2376510147114,24633.781,18.850729
1375.2390398882658,24642.318,18.87342
1375.2404287619365,24621.473,18.85832
1375.24181763549,24594.29,18.840958
1375.2432065091602,24652.281,18.868322
1375.2445953827137,24612.611,18.855665
1375.245984256384,24661.4,18.869225
1375.2473731299383,24630.979,18.860622
1375.2487620036088,24620.652,18.862967
1375.250150877163,24640.73,18.858395
1375.2515397508337,24642.559,18.86554
1375.2529286243876,24641.354,18.859295
1375.2543174980574,24606.045,18.846666
1375.2557063716113,24676.23,18.869236
1375.257095245281,24622.768,18.853022
1375.2584841188354,24651.025,18.858694
1375.2598729925062,24663.518,18.857946
1375.2612618660605,24622.215,18.852777
1375.2626507397313,24610.705,18.844688
1375.2640396132851,24670.75,18.866009
1375.2654284869557,24640.13,18.853178
1375.2668173605093,24634.604,18.850458
1375.2682062341787,24631.344,18.864458
1375.269595107733,24667.809,18.873524
1375.2709839814038,24629.588,18.854836
1375.2723728549581,24623.89,18.854364
1375.2737617286289,24626.355,18.856012
1375.2751506021823,24611.445,18.851702
1375.276539475853,24623.682,18.857468
1375.277928349407,24627.447,18.854906
1375.2793172230763,24657.758,18.86721
1375.2807060966304,24647.047,18.871943
1375.282094970301,24619.162,18.84925
1375.2834838438553,24644.05,18.86412
1375.284872717526,24633.31,18.85176
1375.28626159108,24628.15,18.845966
1375.2876504647506,24634.65,18.858536
1375.289039338304,24643.8,18.85974
1375.2904282119734,24638.742,18.86121
1375.2918170855278,24632.541,18.856846
1375.2932059591985,24621.723,18.85721
1375.2945948327529,24628.041,18.856562
1375.2959837064236,24630.854,18.850502
1375.2973725799773,24652.943,18.852406
1375.2987614536478,24650.385,18.85532
1375.3001503272021,24637.97,18.860113
1375.3015392008715,24611.28,18.850454
1375.3029280744254,24620.176,18.849749
1375.3043169480961,24645.684,18.85918
1375.3057058216505,24618.96,18.84784
1375.3070946953212,24665.37,18.861336
1375.308483568991,24634.58,18.857424
1375.3098724425454,24626.5,18.84648
1375.3112613162161,24659.938,18.86428
1375.312650189769,24665.393,18.875029
1375.314039063439,24660.045,18.860235
1375.3154279369933,24614.994,18.848536
1375.316816810664,24633.154,18.857603
1375.3182056842184,24643.977,18.86433
1375.3195945578886,24643.184,18.853947
1375.320983431443,24635.64,18.860413
1375.3223723051137,24620.44,18.8578
1375.3237611786667,24622.496,18.851065
1375.3251500523365,24636.281,18.857107
1375.3265389258909,24653.838,18.863136
1375.3279277995616,24624.56,18.852346
1375.329316673116,24650.98,18.855988
1375.330705546786,24638.71,18.8536
1375.3320944203401,24625.008,18.85513
1375.3334832940109,24663.621,18.857206
1375.3348721675638,24619.986,18.849329
1375.3362610412341,24596.322,18.84837
1375.3390387884592,24622.691,18.859776
1375.3404276620136,24601.305,18.846197
1375.3418165356834,24605.006,18.846424
1375.3432054092377,24605.648,18.84784
1375.3445942829085,24637.22,18.860924
1375.3459831564621,24606.084,18.84883
1375.3473720301322,24621.8,18.859095
1375.348760903802,24604.443,18.850527
1375.3501497773564,24622.375,18.84743
1375.351538651027,24664.77,18.869705
1375.352927524581,24603.041,18.85047
1375.3543163982517,24658.447,18.864275
1375.355705271806,24601.008,18.846699
1375.357094145476,24620.88,18.857336
1375.3584830190298,24647.473,18.857811
1375.3598718926996,24632.686,18.850742
1375.361260766254,24625.447,18.856611
1375.3626496399247,24605.963,18.850973
1375.3640385134781,24616.527,18.850761
1375.3654273871489,24657.219,18.860939
1375.3668162607032,24628.16,18.847725
1375.3682051343735,24606.598,18.845062
1375.369594007927,24624.354,18.854242
1375.3709828815972,24640.912,18.854324
1375.3723717551516,24627.775,18.854086
1375.3737606288223,24670.297,18.872665
1375.3751495023757,24657.105,18.861269
1375.3765383760465,24603.543,18.843098
1375.3779272497172,24646.88,18.865725
1375.3793161232709,24604.855,18.847153
1375.3807049969414,24646.824,18.858812
1375.3820938704953,24630.426,18.856863
1375.3834827441651,24619.092,18.852797
1375.3848716177195,24662.568,18.873499
1375.3862604913897,24602.617,18.845522
1375.387649364944,24642.246,18.860117
1375.3890382386148,24604.527,18.849064
1375.3904271121683,24646.9,18.860004
1375.391815985839,24629.482,18.854677
1375.3932048593929,24672.361,18.879076
1375.3945937330627,24644.605,18.862505
1375.395982606617,24634.088,18.856594
1375.397371480287,24628.396,18.854204
1375.3987603538412,24654.08,18.860868
1375.400149227512,24639.854,18.854761
1375.4015381011823,24640.299,18.862005
1375.4029269747366,24648.842,18.85801
1375.4043158484064,24621.54,18.851454
1375.4057047219603,24617.898,18.854649
1375.407093595631,24631.191,18.864838
1375.4084824691845,24622.521,18.851257
1375.4098713428552,24590.11,18.843973
1375.4112602164096,24621.52,18.856373
1375.4126490900796,24666.102,18.86336
1375.4140379636337,24619.863,18.847914
1375.4154268373045,24617.809,18.849426
1375.4168157108584,24629.605,18.852697
1375.4182045845282,24635.182,18.856169
1375.419593458082,24666.93,18.867167
1375.4209823317528,24602.748,18.848665
1375.4223712053072,24636.514,18.856953
1375.423760078977,24648.879,18.874384
1375.4251489526478,24624.955,18.855349
1375.426537826202,24638.252,18.855377
1375.4279266998722,24613.715,18.848278
1375.4293155734258,24635.611,18.860172
1375.4307044470956,24643.598,18.858496
1375.43209332065,24640.6,18.85874
1375.4334821943207,24628.875,18.85141
1375.4348710678746,24639.6,18.86261
1375.4362599415454,24652.793,18.857244
1375.4376488150997,24651.926,18.85335
1375.4390376887695,24639.633,18.855186
1375.4404265623234,24636.46,18.867998
1375.4418154359932,24629.295,18.856777
1375.443204309664,24632.34,18.853569
1375.4445931832183,24652.422,18.856073
1375.4459820568882,24623.635,18.853115
1375.4473709304425,24639.541,18.854242
1375.4487598041133,24600.969,18.851788
1375.4501486776676,24604.725,18.847906
1375.4515375513379,24645.35,18.858393
1375.4529264248908,24591.234,18.846003
1375.4543152985616,24662.93,18.863625
1375.455704172116,24619.223,18.85081
1375.4570930457858,24633.176,18.85766
1375.45848191934,24632.494,18.85241
1375.4598707930109,24677.152,18.8649
1375.4612596665652,24658.121,18.855743
1375.4626485402353,24635.922,18.853876
1375.4640374139044,24653.912,18.861992
1375.4654262874587,24625.682,18.86381
1375.4668151611295,24633.176,18.858992
1375.4682040346834,24599.79,18.837986
1375.4695929083541,24638.312,18.86038
1375.4709817819084,24632.889,18.866283
1375.4723706555792,24646.652,18.860388
1375.4737595291326,24620.447,18.852074
1375.475148402802,24655.125,18.85975
1375.4765372763563,24636.902,18.85745
1375.477926150027,24606.545,18.845703
1375.4793150235805,24632.545,18.851362
1375.4807038972513,24647.984,18.8682
1375.482092770922,24601.38,18.845022
1375.4834816444763,24623.258,18.847265
1375.484870518147,24639.012,18.859758
1375.4862593917,24648.477,18.854576
1375.4876482653704,24634.37,18.86138
1375.4890371389247,24650.158,18.8631
1375.4904260125945,24629.512,18.851969
1375.4918148861489,24618.18,18.856611
1375.4932037598196,24656.465,18.865221
1375.494592633374,24644.592,18.855188
1375.4959815070447,24642.346,18.859447
1375.4973703805977,24650.404,18.867739
1375.4987592542675,24595.176,18.842594
1375.5001481279382,24630.83,18.858131
1375.5015370014921,24623.629,18.845732
1375.5029258751629,24616.83,18.849297
1375.5043147487172,24640.338,18.862396
1375.505703622388,24624.072,18.853624
1375.5070924959423,24649.414,18.855862
1375.5084813696117,24673.414,18.86987
1375.509870243165,24655.107,18.858866
1375.5112591168358,24602.533,18.857931
1375.5126479903893,24608.01,18.84414
1375.51403686406,24639.121,18.857918
1375.5154257377308,24624.21,18.847815
1375.5168146112846,24631.658,18.849289
1375.5182034849554,24653.04,18.858719
1375.5195923585097,24643.982,18.85338
1375.5209812321796,24635.77,18.857243
1375.5223701057334,24616.521,18.846834
1375.5237589794033,24663.014,18.859238
1375.5251478529576,24643.354,18.85838
1375.5265367266284,24605.547,18.853102
1375.5279256001818,24586.041,18.843946
1375.5293144738525,24645.91,18.864641
1375.5307033474069,24654.748,18.864214
1375.5320922210772,24661.463,18.869883
1375.533481094747,24640.836,18.861603
1375.5348699683009,24642.242,18.856318
1375.5362588419716,24599.373,18.85228
1375.537647715526,24672.256,18.868021
1375.5390365891958,24634.438,18.857946
1375.5404254627501,24641.635,18.859043
1375.5418143364209,24652.844,18.856705
1375.5432032099752,24652.646,18.870747
1375.5445920836453,24628.164,18.856026
1375.545980957198,24610.725,18.843401
1375.5473698308688,24618.055,18.84767
1375.548758704423,24647.582,18.856728
1375.5501475780934,24613.494,18.843084
1375.5515364517642,24615.049,18.859753
1375.5529253253185,24610.451,18.843924
1375.5543141989892,24622.453,18.859379
1375.5557030725427,24655.752,18.860313
1375.557091946212,24625.377,18.852837
1375.5584808197664,24620.129,18.848349
1375.5612585669905,24621.793,18.848173
1375.5626474406613,24648.537,18.858189
1375.5640363142156,24651.691,18.859093
1375.5654251878864,24625.266,18.851828
1375.5668140615567,24613.924,18.855267
1375.5682029351096,24607.21,18.855644
1375.5695918087804,24632.668,18.855465
1375.5709806823347,24620.219,18.85041
1375.5723695560046,24620.322,18.851223
1375.573758429559,24668.805,18.874119
1375.5751473032296,24611.934,18.848787
1375.576536176784,24639.342,18.85564
1375.5779250504547,24605.28,18.85261
1375.5793139240077,24641.264,18.86141
1375.5807027976775,24663.34,18.863033
1375.5820916712319,24626.117,18.851765
1375.5834805449022,24599.584,18.84458
1375.584869418573,24629.209,18.845242
1375.5862582921272,24620.31,18.852072
1375.587647165798,24644.291,18.856085
1375.5890360393523,24603.37,18.84811
1375.5904249130217,24598.924,18.848232
1375.5918137865751,24666.164,18.86723
1375.5932026602459,24635.268,18.852839
1375.5945915337993,24645.29,18.853352
1375.59598040747,24637.8,18.855684
1375.5973692810244,24606.54,18.844173
1375.5987581546951,24658.371,18.86102
1375.6001470283659,24610.854,18.85332
1375.6015359019198,24645.338,18.859568
1375.6029247755896,24636.758,18.860287
1375.6043136491435,24634.646,18.86013
1375.6057025228133,24662.893,18.868557
1375.6070913963677,24599.484,18.855183
1375.6084802700384,24617.65,18.855099
1375.6098691435927,24655.85,18.858946
1375.6112580172635,24613.842,18.846458
1375.612646890817,24608.615,18.85541
1375.6140357644872,24649.8,18.858652
1375.6154246380406,24671.37,18.872187
1375.6182023853817,24602.861,18.851831
1375.619591258936,24681.63,18.86659
1375.6209801326067,24661.102,18.860136
1375.622369006161,24619.191,18.854368
1375.623757879831,24601.598,18.851906
1375.6251467533846,24614.621,18.848469
1375.6265356270546,24646.74,18.85781
1375.627924500608,24620.922,18.85199
1375.6307022478331,24628.957,18.85333
1375.632091121504,24637.172,18.854935
1375.6334799950582,24638.06,18.858097
1375.6348688687285,24638.803,18.858555
1375.6362577423993,24618.604,18.849337
1375.6376466159527,24629.893,18.853693
1375.639035489622,24623.234,18.855513
1375.6418132368472,24640.648,18.871286
1375.6432021104015,24642.355,18.861567
1375.6459798576257,24628.338,18.852612
1375.6473687312964,24610.557,18.853767
1375.6487576048503,24624.31,18.857445
1375.6501464785197,24636.604,18.855108
1375.651535352074,24611.605,18.852413
1375.6529242257448,24587.02,18.84965
1375.6543130994155,24619.203,18.848946
1375.6557019729698,24591.758,18.849741
1375.6570908466397,24652.654,18.864418
1375.658479720194,24645.287,18.862309
1375.6598685938648,24621.574,18.849062
1375.6612574674177,24621.209,18.849283
1375.6626463410876,24618.729,18.849003
1375.664035214642,24651.541,18.860472
1375.6654240883126,24684.691,18.870066
1375.666812961867,24636.334,18.853148
1375.6682018355373,24646.701,18.869234
1375.6695907090916,24668.312,18.865913
1375.6709795827624,24661.342,18.861288
1375.672368456315,24605.926,18.852034
1375.6737573299852,24643.205,18.85421
1375.675146203656,24637.348,18.852654
1375.6765350772102,24647.541,18.87099
1375.677923950881,24646.959,18.859098
1375.6793128244344,24633.41,18.857058
1375.6807016981052,24608.197,18.852894
1375.6820905716595,24661.777,18.861317
1375.6834794453289,24631.305,18.859913
1375.6848683188828,24651.5,18.860086
1375.6862571925535,24616.916,18.850023
1375.6876460661078,24656.97,18.86184
1375.6890349397786,24639.842,18.860126
1375.690423813332,24627.473,18.845024
1375.6918126870028,24642.85,18.85781
1375.693201560557,24643.707,18.852114
1375.694590434227,24601.39,18.843245
1375.6959793078972,24609.215,18.845493
1375.6973681814507,24616.504,18.855566
1375.6987570551214,24603.143,18.842594
1375.7001459286757,24604.08,18.844772
1375.701534802346,24630.248,18.857025
1375.7029236759004,24630.264,18.852673
1375.7043125495711,24610.287,18.848333
1375.7057014231245,24638.85,18.860172
1375.7070902967946,24633.922,18.850773
1375.7084791703483,24641.475,18.867823
1375.709868044019,24591.377,18.850954
1375.7112569175733,24655.326,18.85569
1375.7126457912432,24629.758,18.858587
1375.7140346647975,24629.984,18.86068
1375.7154235384683,24629.195,18.85194
1375.7168124121386,24623.504,18.857565
1375.7182012856929,24594.166,18.848139
1375.7195901593627,24615.547,18.852594
1375.7209790329166,24643.574,18.866055
1375.7223679065871,24633.611,18.855
1375.7237567801408,24646.572,18.868616
1375.7251456538115,24627.576,18.861584
1375.7265345273659,24650.668,18.8652
1375.7279234010357,24633.533,18.863895
1375.72931227459,24639.82,18.860193
1375.7307011482603,24602.111,18.846424
1375.7320900218137,24610.93,18.849258
1375.7334788954845,24605.387,18.850433
1375.7348677690384,24621.867,18.849777
1375.7362566427091,24641.125,18.853754
1375.7376455162635,24644.51,18.853895
1375.7390343899333,24611.969,18.85388
1375.7404232634876,24631.803,18.862457
1375.7418121371584,24604.338,18.849928
1375.7432010108282,24643.447,18.859463
1375.744589884382,24644.752,18.85868
1375.745978758052,24634.314,18.853924
1375.7473676316063,24657.09,18.867432
1375.748756505277,24643.232,18.854797
1375.750145378831,24626.0,18.846083
1375.7515342525016,24602.61,18.844223
1375.752923126056,24662.773,18.872822
1375.7543119997258,24622.543,18.853748
1375.7557008732795,24634.22,18.857527
1375.7570897469495,24648.56,18.856256
1375.7584786205039,24605.21,18.854586
1375.7598674941746,24654.234,18.871994
1375.761256367728,24592.074,18.844866
1375.7626452413988,24632.207,18.862068
1375.7640341149531,24616.67,18.853151
1375.7654229886239,24633.33,18.858599
1375.7668118621777,24637.727,18.86171
1375.7682007358471,24616.424,18.845608
1375.7695896094015,24615.844,18.844389
1375.7709784830722,24650.691,18.869068
1375.7723673566256,24612.809,18.846931
1375.7737562302964,24659.602,18.864565
1375.7751451039671,24638.582,18.858429
1375.7765339775215,24612.75,18.854383
1375.7779228511913,24608.713,18.855059
1375.7793117247443,24629.549,18.855457
1375.780700598415,24619.979,18.853704
1375.7820894719694,24649.303,18.86657
1375.7834783456397,24629.08,18.856972
1375.784867219194,24589.586,18.846298
1375.7862560928647,24667.158,18.86053
1375.787644966419,24645.201,18.855251
1375.7904227136423,24637.188,18.850088
1375.7918115873126,24628.627,18.849743
1375.793200460867,24601.97,18.851664
1375.7945893345368,24638.326,18.863703
1375.7959782080911,24623.02,18.853584
1375.7973670817619,24633.426,18.851603
1375.7987559553162,24628.46,18.85382
1375.800144828987,24626.418,18.855387
1375.80153370254,24608.904,18.844103
1375.8029225762102,24648.19,18.861513
1375.8043114497643,24646.008,18.85675
1375.8057003234344,24630.855,18.85173
1375.8070891969887,24579.879,18.839314
1375.8084780706595,24613.465,18.853592
1375.8098669442138,24594.791,18.845932
1375.8112558178846,24622.877,18.853329
1375.8126446914375,24647.61,18.860764
1375.8140335651074,24652.096,18.858587
1375.8154224386617,24623.664,18.863667
1375.816811312332,24598.557,18.85572
1375.8182001858863,24614.344,18.847065
1375.819589059557,24631.242,18.856049
1375.8209779331114,24602.518,18.85235
1375.822366806782,24634.775,18.850996
1375.8237556803356,24637.45,18.855976
1375.8251445540054,24612.768,18.85277
1375.8279223012291,24629.633,18.849346
1375.8293111747835,24623.104,18.850395
1375.8307000484542,24635.924,18.862165
1375.8320889220086,24657.143,18.865364
1375.8334777956793,24642.656,18.864939
1375.8348666692332,24626.318,18.853136
1375.836255542903,24650.992,18.86779
1375.8376444164567,24596.299,18.841991
1375.8390332901267,24618.96,18.847288
1375.8404221637975,24619.908,18.860027
1375.8418110373518,24652.428,18.861135
1375.8431999110226,24629.8,18.857145
1375.844588784577,24643.768,18.854877
1375.8459776582467,24636.264,18.85997
1375.847366531801,24624.377,18.863945
1375.8487554054714,24602.646,18.84334
1375.8501442790243,24608.965,18.84989
1375.851533152695,24624.994,18.85568
1375.8529220262494,24661.49,18.857433
1375.85431089992,24620.926,18.849615
1375.855699773474,24652.639,18.846716
1375.857088647028,24607.25,18.859459
1375.8584775206987,24634.236,18.857977
1375.859866394252,24616.438,18.847992
1375.8612552679215,24650.719,18.857986
1375.8626441414758,24630.494,18.85718
1375.8640330151466,24652.207,18.859198
1375.8681996359255,24615.396,18.85326
1375.8695885095963,24624.227,18.856892
1375.8709773831504,24639.834,18.854889
1375.8723662568195,24638.22,18.862692
1375.8737551303734,24634.072,18.860073
1375.8751440040442,24638.836,18.856289
1375.8765328775985,24670.146,18.863724
1375.8779217512692,24656.867,18.864862
1375.8793106248227,24619.963,18.852287
1375.8806994984934,24611.398,18.857647
1375.8820883720477,24624.24,18.846092
1375.8834772457171,24606.006,18.85163
1375.884866119271,24647.457,18.868813
1375.8862549929415,24621.586,18.862024
1375.8876438664956,24635.344,18.856495
1375.8890327401664,24634.611,18.85595
1375.8904216137203,24622.832,18.84805
1375.891810487391,24601.098,18.848072
1375.8931993609453,24639.184,18.86254
1375.8945882346152,24654.951,18.86322
1375.895977108169,24619.76,18.843206
1375.897365981839,24632.502,18.85367
1375.8987548553932,24687.484,18.875883
1375.900143729064,24599.521,18.852669
1375.9029214762886,24636.475,18.849886
1375.9043103498427,24630.4,18.858253
1375.9056992235128,24637.615,18.8606
1375.9070880970662,24629.814,18.855888
1375.9084769707365,24615.031,18.854954
1375.9098658442908,24658.242,18.86261
1375.9112547179616,24628.16,18.848274
1375.912643591515,24654.332,18.862328
1375.9140324651858,24649.264,18.861036
1375.91542133874,24623.705,18.865005
1375.916810212294,24683.594,18.865545
1375.9181990859647,24646.723,18.856243
1375.9195879595181,24625.05,18.856358
1375.920976833188,24628.018,18.850883
1375.9223657067423,24625.402,18.855673
1375.9237545804126,24637.219,18.858742
1375.925143453967,24627.512,18.862019
1375.9265323276377,24642.893,18.850416
1375.927921201191,24631.574,18.8571
1375.9293100748619,24599.58,18.845747
1375.9306989484162,24641.336,18.864424
1375.9320878220865,24629.209,18.854301
1375.93347669564,24628.506,18.85382
1375.9362544428643,24636.672,18.858622
1375.9376433165348,24614.918,18.850737
1375.9390321900887,24608.268,18.85445
1375.9404210637595,24625.014,18.85188
1375.9418099373138,24617.398,18.856598
1375.9431988108672,24667.455,18.864738
1375.9445876845375,24637.293,18.850832
1375.945976558091,24643.82,18.85684
1375.9473654317617,24637.03,18.850239
1375.948754305316,24641.172,18.851711
1375.9501431789863,24634.87,18.859396
1375.9515320525406,24642.424,18.851566
1375.9529209262112,24664.54,18.868298
1375.9543097997648,24626.979,18.85825
1375.9556986734347,24617.49,18.843561
1375.9570875469885,24596.639,18.83836
1375.9584764206593,24623.273,18.858513
1375.9598652942136,24611.854,18.853302
1375.9612541678835,24635.223,18.8539
1375.9626430414378,24627.07,18.848217
1375.9640319149921,24665.6,18.860464
1375.9654207886624,24633.148,18.848047
1375.9668096622158,24650.438,18.857952
1375.968198535886,24658.45,18.864908
1375.96958740944,24652.93,18.851536
1375.9709762831108,24638.146,18.85935
1375.9737540303354,24643.957,18.861586
1375.9751429038897,24604.887,18.854961
1375.9765317775596,24632.283,18.86266
1375.977920651114,24605.854,18.850285
1375.9793095246678,24682.305,18.866611
1375.9806983983376,24625.1,18.853327
1375.982087271892,24601.54,18.847363
1375.9834761455622,24625.805,18.85298
1375.9848650191166,24634.39,18.856197
1375.986253892787,24597.564,18.840322
1375.9876427663407,24634.498,18.858057
1375.9890316400115,24632.896,18.862597
1375.990420513565,24643.354,18.862839
1375.9918093872352,24608.11,18.852087
1375.9931982607895,24643.59,18.86597
1375.994587134343,24662.621,18.866032
1375.9959760080137,24610.48,18.859983
1375.997364881568,24609.664,18.843443
1375.9987537552383,24553.658,18.83098
1376.0001426287927,24652.36,18.86736
1376.0029203760168,24629.283,18.860703
1376.0043092496867,24609.22,18.847414
1376.0056981232406,24654.428,18.855358
1376.007086996795,24610.78,18.84709
1376.0084758704656,24623.484,18.853058
1376.009864744019,24650.602,18.860676
1376.0112536176898,24613.76,18.845984
1376.0126424912442,24626.873,18.855255
1376.0140313649144,24612.158,18.85508
1376.0154202384679,24627.186,18.843414
1376.0168091120217,24635.188,18.864277
1376.0195868592464,24606.96,18.84485
1376.0209757329167,24649.014,18.862963
1376.022364606471,24611.166,18.848913
1376.0237534801417,24625.121,18.851799
1376.025142353696,24650.244,18.854612
1376.026531227366,24656.068,18.8617
1376.027920100919,24606.65,18.849617
1376.0293089744732,24645.262,18.862822
1376.030697848144,24650.385,18.865295
1376.0320867216979,24641.021,18.864136
1376.0334755953686,24629.283,18.853436
1376.0348644689227,24630.475,18.84466
1376.0362533425932,24641.072,18.8494
1376.037642216147,24643.758,18.867857
1376.0390310897,24609.268,18.84524
1376.0404199633708,24657.525,18.871899
1376.0418088369252,24629.643,18.862074
1376.043197710595,24629.451,18.84085
1376.0445865841493,24629.27,18.852823
1376.04597545782,24659.877,18.861977
1376.0473643313744,24608.86,18.849922
1376.0487532049287,24668.318,18.870594
1376.0501420785981,24660.602,18.85481
1376.0515309521516,24634.41,18.85532
1376.0529198258223,24625.266,18.845276
1376.0543086993762,24635.146,18.84883
1376.0570864466013,24604.422,18.840115
1376.0584753201556,24620.486,18.852243
1376.0598641938263,24630.658,18.852983
1376.0612530673798,24607.273,18.861979
1376.06264194105,24596.684,18.848583
1376.0640308146035,24629.408,18.862087
1376.0654196881574,24652.387,18.853884
1376.0681974353822,24616.697,18.849274
1376.0695863090527,24631.912,18.85736
1376.070975182607,24671.943,18.860065
1376.072364056161,24614.525,18.85194
1376.0737529298308,24626.928,18.85352
1376.0751418033847,24581.457,18.853014
1376.0779195506088,24616.025,18.848173
1376.0793084241632,24628.307,18.859163
1376.080697297834,24638.879,18.856817
1376.0820861713883,24658.805,18.865742
1376.0834750450583,24641.312,18.853624
1376.0848639186124,24634.443,18.850147
1376.0862527921663,24648.559,18.861507
1376.0876416658357,24610.26,18.849255
1376.08903053939,24654.203,18.859062
1376.0904194130608,24676.434,18.86836
1376.091808286615,24650.895,18.860031
1376.0931971601694,24624.785,18.849424
1376.0945860338393,24602.805,18.845594
1376.0959749073936,24647.244,18.863186
1376.097363781064,24627.945,18.851326
1376.0987526546166,24634.031,18.853447
1376.1015304018415,24646.588,18.850039
1376.1029192753958,24623.344,18.847584
1376.1043081490666,24634.361,18.859781
1376.1056970226205,24610.42,18.849737
1376.1070858961748,24640.547,18.852953
1376.1084747698455,24627.672,18.862242
1376.1098636433985,24635.379,18.861399
1376.1112525170684,24630.082,18.858402
1376.114030264177,24625.621,18.854588
1376.1154191378478,24608.842,18.847313
1376.1168080114014,24650.945,18.862293
1376.118196885072,24637.287,18.859186
1376.1195857586263,24607.416,18.850702
1376.1306967474075,24635.14,18.861362
1376.1320856209613,24621.738,18.86447
1376.1334744946312,24644.402,18.859526
1376.1348633681846,24627.207,18.862288
1376.136252241739,24643.842,18.864086
1376.1376411154097,24628.545,18.857994
1376.1390299889636,24626.44,18.857489
1376.1404188626343,24606.24,18.859804
1376.1418077361886,24600.53,18.850077
1376.143196609742,24603.393,18.846235
1376.1445854834128,24643.484,18.862524
1376.1459743569667,24600.137,18.85182
1376.14736323052,24641.264,18.873234
1376.1487521041909,24601.52,18.86075
1376.1501409777443,24652.68,18.867006
1376.151529851415,24678.611,18.870523
1376.1529187249694,24632.512,18.861898
1376.1543075985232,24631.598,18.870152
1376.155696472194,24676.64,18.877432
1376.1570853457474,24628.217,18.862646
1376.1584742193013,24650.385,18.870466
1376.159863092972,24638.852,18.856436
1376.1612519665255,24670.012,18.87468
1376.1626408400798,24632.82,18.858906
1376.1640297137506,24634.908,18.857708
1376.1654185873042,24616.67,18.854216
1376.1668074608583,24639.865,18.861002
1376.168196334529,24656.09,18.872904
1376.169585208083,24631.05,18.854025
1376.1709740817528,24665.215,18.866991
1376.1723629553067,24624.486,18.860146
1376.173751828861,24634.12,18.86014
1376.1751407025317,24621.164,18.859953
1376.1765295760852,24614.662,18.853447
1376.1779184496395,24661.477,18.858961
1376.1793073233102,24610.973,18.856033
1376.1806961968646,24620.068,18.859653
1376.1820850704182,24618.12,18.853764
1376.1834739440874,24636.34,18.865107
1376.1848628176417,24628.967,18.861378
1376.186251691196,24626.424,18.86382
1376.1876405648663,24605.014,18.850294
1376.1890294384207,24624.947,18.861017
1376.190418311975,24591.96,18.857174
1376.1918071856458,24625.441,18.855566
1376.1931960591992,24663.469,18.87555
1376.1945849327522,24662.96,18.869617
1376.195973806423,24643.604,18.86511
1376.1973626799772,24592.96,18.84466
1376.1987515535309,24621.543,18.856901
1376.2001404272014,24625.832,18.854488
1376.2015293007557,24638.773,18.855238
1376.20291817431,24610.514,18.861021
1376.2043070479808,24652.38,18.866714
1376.2056959215338,24648.672,18.86658
1376.2070847950877,24655.691,18.87042
1376.2084736687584,24649.527,18.862606
1376.2098625423118,24629.018,18.860878
1376.2112514158662,24607.021,18.848175
1376.212640289537,24649.941,18.862713
1376.2140291630913,24619.002,18.857483
1376.2154180366456,24634.168,18.865292
1376.216806910315,24615.703,18.849577
1376.2181957838684,24632.121,18.859543
1376.2195846574227,24626.557,18.858524
1376.220973531093,24621.928,18.85755
1376.2223624046474,24619.879,18.854883
1376.2237512782017,24649.656,18.861454
1376.2251401518724,24598.414,18.850515
1376.2265290254268,24652.865,18.861406
1376.2279178989802,24622.703,18.854862
1376.2293067726505,24662.773,18.86534
1376.230695646204,24666.527,18.868353
1376.2320845197573,24639.926,18.863775
1376.233473393428,24648.857,18.858818
1376.2348622669824,24658.17,18.866232
1376.2362511405368,24604.822,18.85491
1376.237640014091,24641.34,18.864998
1376.2390288877614,24643.06,18.86718
1376.2404177613157,24611.521,18.85279
1376.2418066348691,24628.125,18.858957
1376.2431955085385,24624.248,18.85761
1376.2445843820929,24627.852,18.873291
1376.2459732556472,24642.719,18.86214
1376.247362129318,24642.666,18.860584
1376.2487510028723,24608.365,18.85459
1376.2501398764257,24652.078,18.866667
1376.25152874998,24626.396,18.858932
1376.2529176236503,24643.213,18.856907
1376.2543064972033,24644.902,18.861843
1376.2556953707576,24639.562,18.858385
1376.2570842444284,24653.525,18.862516
1376.2584731179827,24635.275,18.860867
1376.259861991537,24648.742,18.863766
1376.2612508652069,24627.594,18.854996
1376.2626397387612,24625.344,18.856182
1376.2640286123155,24623.02,18.859211
1376.2654174858685,24618.877,18.868288
1376.2668063595384,24611.408,18.854788
1376.2681952330927,24624.52,18.857746
1376.269584106647,24649.85,18.867392
1376.2709729803178,24667.543,18.863636
1376.2723618538716,24633.33,18.859331
1376.273750727426,24642.143,18.861086
1376.2751396009803,24632.81,18.867552
1376.2765284746501,24642.488,18.867188
1376.277917348204,24647.477,18.863905
1376.2793062217575,24638.055,18.861109
1376.2806950954282,24604.75,18.865606
1376.2820839689825,24655.818,18.861206
1376.283472842536,24610.537,18.864723
1376.2848617160903,24627.729,18.866674
1376.286250589761,24624.467,18.855492
1376.287639463315,24614.479,18.859282
1376.2890283368683,24606.115,18.847677
1376.2904172104222,24650.936,18.864355
1376.291806084093,24622.11,18.851366
1376.2931949576473,24653.033,18.868717
1376.2945838312007,24636.346,18.856216
1376.2959727048715,24633.951,18.864416
1376.2973615784258,24628.246,18.873919
1376.2987504519792,24639.578,18.862328
1376.3001393255336,24634.475,18.857038
1376.3015281992039,24602.51,18.85722
1376.3029170727573,24594.645,18.858295
1376.3043059463116,24633.63,18.861135
1376.3056948198655,24632.682,18.861063
1376.3070836935362,24620.22,18.854586
1376.3084725670906,24649.768,18.86178
1376.309861440644,24617.633,18.865246
1376.3112503141983,24669.42,18.867752
1376.312639187869,24602.088,18.851257
1376.3140280614227,24651.139,18.866446
1376.3154169349764,24615.945,18.853579
1376.3168058085298,24594.963,18.849663
1376.3181946822006,24601.162,18.849718
1376.319583555755,24634.95,18.857756
1376.3209724293088,24653.924,18.863693
1376.322361302863,24654.893,18.862572
1376.3237501765338,24655.785,18.861032
1376.3251390500873,24599.656,18.850702
1376.3265279236412,24621.822,18.853151
1376.3279167971946,24641.787,18.85798
1376.3293056708653,24623.52,18.850298
1376.3306945444197,24644.06,18.860998
1376.332083417973,24627.38,18.854042
1376.3334722915274,24626.488,18.856153
1376.3348611651982,24588.46,18.846333
1376.3362500387525,24607.826,18.853498
1376.3376389123064,24660.604,18.86385
1376.3390277858593,24636.105,18.859108
1376.3404166594137,24614.57,18.854233
1376.3418055330844,24632.281,18.85747
1376.3431944066378,24622.203,18.852154
1376.3445832801922,24620.338,18.847263
1376.3459721537465,24633.535,18.85614
1376.3473610274173,24631.871,18.856358
1376.3487499009716,24625.014,18.854023
1376.3501387745246,24642.375,18.859362
1376.351527648078,24629.105,18.861292
1376.3529165216323,24606.553,18.854654
1376.3543053953026,24615.076,18.85554
1376.355694268857,24629.947,18.861126
1376.3570831424113,24628.87,18.865583
1376.3584720159656,24670.674,18.869385
1376.3598608896364,24645.947,18.864643
1376.3612497631893,24600.71,18.856997
1376.3626386367428,24645.115,18.861864
1376.364027510297,24627.467,18.8524
1376.3654163838505,24618.258,18.861609
1376.3668052575213,24631.541,18.85418
1376.3681941310756,24629.574,18.856337
1376.36958300463,24636.781,18.856903
1376.3709718781843,24626.918,18.8594
1376.3723607517381,24643.834,18.871042
1376.373749625408,24636.266,18.858816
1376.3751384989619,24624.326,18.857283
1376.3765273725153,24604.31,18.852745
1376.3779162460696,24665.99,18.86783
1376.379305119624,24624.514,18.852358
1376.3806939932947,24632.36,18.861202
1376.382082866849,24628.738,18.860733
1376.3834717404025,24626.7,18.853144
1376.3848606139568,24643.4,18.86766
1376.3862494875107,24620.11,18.85938
1376.38763836118,24629.094,18.856165
1376.3890272347344,24632.521,18.864353
1376.3904161082887,24645.19,18.868462
1376.3918049818421,24592.576,18.852783
1376.3931938553965,24639.54,18.863459
1376.3945827289508,24612.414,18.856665
1376.3959716026216,24631.707,18.861565
1376.397360476176,24634.389,18.856255
1376.3987493497289,24628.102,18.858347
1376.4001382232823,24611.56,18.850946
1376.4015270968366,24683.547,18.872906
1376.402915970507,24627.215,18.861013
1376.4043048440612,24632.812,18.858831
1376.4056937176156,24648.496,18.8643
1376.40708259117,24606.387,18.85607
1376.4084714647242,24648.15,18.86258
1376.4098603382772,24646.115,18.859772
1376.411249211947,24627.176,18.862675
1376.4126380855014,24629.086,18.857567
1376.4140269590548,24627.35,18.864872
1376.4154158326091,24635.148,18.863855
1376.4168047061635,24638.393,18.863209
1376.4181935797178,24636.684,18.851728
1376.4195824533886,24607.963,18.85389
1376.4209713269424,24614.258,18.860106
1376.4223602004959,24658.875,18.858494
1376.4237490740497,24631.1,18.857948
1376.4251379476032,24664.904,18.870213
1376.4265268211575,24662.09,18.86628
1376.4279156948282,24624.736,18.856024
1376.4293045683826,24589.049,18.848707
1376.430693441937,24635.36,18.861917
1376.4320823154903,24621.004,18.860952
1376.4334711890447,24621.574,18.864403
1376.4348600625985,24664.936,18.874325
1376.4362489361515,24613.441,18.85191
1376.4376378098223,24670.31,18.87748
1376.4390266833766,24649.605,18.866304
1376.440415556931,24606.297,18.84565
1376.4418044304853,24622.734,18.857136
1376.4431933040387,24625.357,18.855682
1376.444582177593,24653.146,18.864887
1376.4459710511467,24617.174,18.861973
1376.4473599248158,24614.746,18.869312
1376.4487487983702,24610.99,18.861822
1376.4501376719245,24640.6,18.862787
1376.4515265454788,24663.66,18.86726
1376.4529154190332,24659.65,18.871443
1376.454304292587,24635.543,18.859255
1376.4556931661414,24632.215,18.857347
1376.4570820396957,24638.547,18.862244
1376.458470913365,24626.047,18.859543
1376.4598597869185,24636.877,18.858871
1376.4612486604728,24651.33,18.874537
1376.4626375340272,24674.49,18.881723
1376.4640264075815,24638.477,18.867521
1376.465415281135,24616.312,18.85363
1376.4668041546893,24640.814,18.869736
1376.4681930282436,24641.188,18.862757
1376.469581901914,24650.498,18.869408
1376.4709707754673,24617.838,18.851572
1376.4723596490212,24653.398,18.865314
1376.4737485225755,24623.082,18.856043
1376.4751373961299,24641.088,18.857994
1376.4765262696833,24628.771,18.852829
1376.4779151432376,24650.516,18.867647
1376.479304016792,24627.896,18.865162
1376.4806928903454,24650.121,18.870813
1376.4820817638997,24628.893,18.857399
1376.48347063757,24585.943,18.850065
1376.4848595111234,24614.834,18.853436
1376.4862483846778,24612.938,18.856834
1376.4876372582316,24631.514,18.85631
1376.489026131786,24677.953,18.872921
1376.4904150053403,24622.783,18.85829
1376.4918038788937,24606.258,18.8512
1376.493192752448,24603.46,18.847225
1376.4945816260017,24661.605,18.867416
1376.4959704995554,24624.44,18.870016
1376.4973593732261,24638.82,18.864109
1376.4987482467795,24649.742,18.865677
1376.5001371203339,24617.34,18.852476
1376.5015259938882,24633.979,18.858555
1376.502914867442,24673.432,18.869143
1376.5043037409964,24654.361,18.868038
1376.5056926145508,24632.533,18.861654
1376.5070814881042,24642.69,18.860598
1376.508470361658,24611.205,18.848248
1376.5098592352115,24617.318,18.865519
1376.5112481087658,24622.55,18.863146
1376.5126369823201,24630.385,18.856047
1376.5140258558736,24633.336,18.85698
1376.515414729428,24649.098,18.860353
1376.5168036030987,24670.707,18.86716
1376.518192476653,24639.02,18.86117
1376.5195813502069,24667.451,18.870506
1376.5209702237598,24664.273,18.866539
1376.5223590973142,24625.445,18.856354
1376.5237479708685,24633.64,18.85778
1376.525136844422,24633.834,18.859238
1376.5265257179763,24634.596,18.855743
1376.5279145915306,24648.154,18.86724
1376.529303465085,24625.623,18.863195
1376.5306923386393,24648.871,18.862593
1376.5320812121922,24639.85,18.859766
1376.5334700857456,24618.842,18.859957
1376.5348589593,24631.729,18.858503
1376.5362478328539,24610.89,18.869104
1376.5376367064082,24605.82,18.849897
1376.5390255799625,24608.943,18.85122
1376.5404144535169,24618.37,18.85537
1376.5418033271876,24619.176,18.858513
1376.5431922007404,24632.166,18.85888
1376.544581074294,24595.898,18.857485
1376.5459699478483,24576.451,18.851776
1376.5473588214018,24650.07,18.863104
1376.548747694956,24623.46,18.860624
1376.5501365685104,24637.797,18.861517
1376.5515254420648,24624.934,18.859041
1376.552914315619,24619.768,18.856245
1376.554303189173,24642.47,18.862473
1376.5556920627264,24610.363,18.856731
1376.5570809362803,24649.475,18.869503
1376.5584698098337,24617.053,18.84709
1376.559858683388,24641.314,18.862453
1376.5612475569424,24617.865,18.859388
1376.5626364304967,24611.758,18.850954
1376.564025304051,24639.209,18.86125
1376.5654141776045,24616.984,18.86358
1376.5668030511588,24601.434,18.853636
1376.5681919247127,24600.502,18.854095
1376.5695807982656,24610.459,18.862267
1376.57096967182,24585.295,18.857628
1376.5723585453743,24615.1,18.855295
1376.5737474189286,24631.035,18.858435
1376.575136292483,24631.195,18.857199
1376.5765251660364,24604.354,18.855394
1376.5779140395907,24607.28,18.854898
1376.579302913145,24610.89,18.859917
1376.580691786698,24629.688,18.856358
1376.5820806602514,24631.84,18.863417
1376.5834695338058,24652.361,18.860056
1376.5848584073601,24619.865,18.855434
1376.5862472809144,24586.664,18.847906
1376.5876361544683,24599.455,18.859251
1376.5890250280227,24677.25,18.872746
1376.590413901577,24618.008,18.855164
1376.5918027751304,24616.848,18.860764
1376.593191648684,24659.154,18.861095
1376.5945805222377,24648.338,18.862654
1376.595969395792,24645.723,18.861536
1376.5973582693464,24619.59,18.857088
1376.5987471428998,24677.906,18.873398
1376.6001360164541,24617.432,18.854662
1376.6015248900085,24630.088,18.863213
1376.6029137635624,24630.197,18.858643
1376.6043026371158,24643.729,18.861574
1376.6056915106697,24628.512,18.859034
1376.607080384224,24661.031,18.86549
1376.6084692577783,24643.082,18.865747
1376.6098581313317,24576.008,18.84559
1376.611247004886,24622.525,18.864347
1376.612635878324,24617.969,18.851618
1376.6140247518774,24637.258,18.854239
1376.6154136254318,24635.773,18.857098
1376.6168024989856,24633.62,18.859398
1376.618191372539,24614.328,18.862843
1376.6195802460934,24603.21,18.858063
1376.6209691196473,24611.758,18.854551
1376.6223579932016,24609.953,18.850433
1376.623746866756,24587.748,18.844866
1376.6251357403094,24627.85,18.860796
1376.6265246138637,24632.494,18.853035
1376.627913487418,24647.191,18.873932
1376.6293023609715,24636.342,18.867697
1376.6306912345253,24643.666,18.858095
1376.6320801080788,24643.148,18.862795
1376.633468981633,24605.133,18.854282
1376.6348578551874,24642.967,18.861485
1376.6362467287413,24642.219,18.865583
1376.6376356021792,24631.225,18.872213
1376.6390244757335,24662.828,18.867077
1376.6404133492879,24658.707,18.870214
1376.6418022228413,24628.562,18.858465
1376.6431910963943,24622.764,18.862871
1376.6445799699486,24628.674,18.860868
1376.645968843503,24635.86,18.852833
1376.6473577170564,24647.057,18.868309
1376.6487465906107,24639.512,18.856491
1376.650135464165,24654.871,18.862772
1376.6515243377194,24650.541,18.862354
1376.6529132112732,24647.904,18.86225
1376.6543020848262,24634.314,18.862059
1376.6556909582641,24648.182,18.867327
1376.6570798318185,24635.148,18.863363
1376.658468705372,24639.607,18.863361
1376.6598575789262,24629.121,18.854776
1376.6612464524806,24614.129,18.845503
1376.662635326035,24643.19,18.860353
1376.6640241995892,24643.062,18.86898
1376.6654130731422,24655.193,18.871058
1376.6668019466956,24638.799,18.85415
1376.66819082025,24607.934,18.847086
1376.6695796936874,24638.152,18.863548
1376.6709685672417,24599.93,18.854723
1376.672357440796,24629.428,18.85457
1376.6737463143504,24648.463,18.867966
1376.6751351879047,24648.299,18.86365
1376.6765240614582,24618.984,18.853031
1376.6779129350116,24659.398,18.868828
1376.6793018085655,24618.348,18.858519
1376.680690682119,24598.66,18.856462
1376.6820795555568,24612.54,18.86017
1376.6834684291111,24635.135,18.860836
1376.6848573026655,24616.215,18.856712
1376.6862461762198,24590.27,18.847422
1376.6876350497737,24622.787,18.855389
1376.689023923328,24625.062,18.853828
1376.6904127968814,24605.273,18.857924
1376.691801670318,24630.56,18.85488
1376.6931905438723,24599.203,18.857029
1376.6945794174267,24621.9,18.855963
1376.695968290981,24671.986,18.870062
1376.6973571645353,24618.824,18.864017
1376.6987460380888,24649.95,18.860373
1376.700134911643,24631.902,18.86541
1376.701523785081,24629.332,18.863916
1376.702912658634,24582.479,18.851866
1376.7043015321879,24629.758,18.855213
1376.7056904057422,24645.81,18.860615
1376.7070792792965,24640.588,18.854267
1376.7084681528506,24660.621,18.875841
1376.7098570264043,24568.914,18.842289
1376.7112458998422,24637.31,18.858227
1376.7126347733965,24634.662,18.860542
1376.71402364695,24634.51,18.86589
1376.7154125205038,24633.094,18.862806
1376.7168013940573,24634.014,18.860651
1376.7181902676116,24608.055,18.857643
1376.7195791410495,24604.895,18.855436
1376.7209680146034,24643.535,18.870039
1376.7223568881577,24621.389,18.857065
1376.723745761712,24616.316,18.855534
1376.7251346352655,24606.541,18.85005
1376.7265235087025,24622.396,18.868254
1376.7279123822564,24633.773,18.868063
1376.7293012558107,24632.342,18.858591
1376.730690129365,24668.172,18.874659
1376.7320790029185,24612.008,18.854952
1376.7334678764728,24627.047,18.864557
1376.7348567499107,24604.232,18.855621
1376.7362456234646,24655.172,18.863785
1376.737634497019,24608.463,18.85943
1376.7390233705723,24645.738,18.866503
1376.7404122441262,24623.035,18.853596
1376.741801117564,24629.127,18.862362
1376.7431899911176,24630.967,18.853045
1376.744578864672,24624.422,18.8558
1376.7459677382262,24627.96,18.85765
1376.7473566117797,24623.46,18.85388
1376.7487454852176,24633.973,18.867144
1376.750134358772,24605.43,18.866821
1376.7515232323258,24637.676,18.861065
1376.7529121058792,24610.535,18.858469
1376.7543009793167,24651.857,18.866203
1376.755689852871,24646.244,18.866673
1376.757078726425,24641.65,18.857916
1376.7584675999788,24607.01,18.850357
1376.759856473533,24591.178,18.841623
1376.761245346971,24634.666,18.861443
1376.7626342205253,24655.105,18.866957
1376.7640230940788,24622.064,18.858194
1376.7654119676317,24607.436,18.84569
1376.7668008410697,24655.666,18.871557
1376.768189714624,24637.6,18.867306
1376.7695785881779,24654.295,18.860266
1376.7709674617322,24645.557,18.868454
1376.7723563351701,24631.736,18.8636
1376.7737452087244,24631.105,18.867582
1376.7751340822786,24624.379,18.858177
1376.7765229558313,24614.45,18.854895
1376.7779118292688,24617.69,18.851843
1376.779300702823,24610.02,18.851284
1376.7806895763765,24613.83,18.855791
1376.7820784499309,24634.32,18.865818
1376.7834673233688,24644.977,18.86535
1376.784856196923,24632.504,18.855095
1376.7862450704774,24640.76,18.863462
1376.7876339440313,24625.45,18.857134
1376.7890228174683,24658.414,18.863367
1376.790411691022,24595.674,18.866524
1376.7918005645756,24632.426,18.865181
1376.79318943813,24604.523,18.85412
1376.7945783115679,24621.2,18.856071
1376.7959671851222,24621.506,18.860844
1376.7973560586765,24632.572,18.859459
1376.7987449321136,24637.195,18.858002
1376.8001338056679,24640.6,18.867472
1376.8015226792218,24610.445,18.852394
1376.8029115527747,24669.17,18.876514
1376.8043004262126,24651.738,18.861973
1376.805689299767,24624.709,18.860151
1376.807078173321,24641.451,18.86852
1376.8084670467588,24637.098,18.861351
1376.8098559203127,24642.734,18.860888
1376.811244793867,24593.129,18.85047
1376.8126336674204,24591.982,18.849728
1376.814022540857,24636.65,18.861792
1376.8154114144113,24636.447,18.867546
1376.8168002879656,24611.5,18.851631
1376.8181891614036,24605.498,18.860083
1376.8195780349579,24604.96,18.855131
1376.8209669085118,24644.32,18.863754
1376.8223557819497,24628.07,18.858454
1376.8237446555038,24615.445,18.860731
1376.8251335290565,24603.86,18.85266
1376.826522402494,24623.148,18.851744
1376.8279112760483,24640.486,18.859114
1376.8293001496027,24605.188,18.858541
1376.8306890230406,24630.777,18.85896
1376.832077896594,24640.6,18.863314
1376.8334667701483,24641.027,18.860329
1376.8348556435863,24632.936,18.855997
1376.8362445171401,24642.604,18.86769
1376.8376333906936,24628.604,18.864248
1376.8390222641308,24598.402,18.855785
1376.8404111376844,24620.973,18.858912
1376.8418000112388,24614.607,18.860165
1376.8431888846767,24625.111,18.85479
1376.844577758231,24630.604,18.854843
1376.8459666317854,24627.379,18.863005
1376.8473555052224,24604.65,18.855871
1376.8487443787767,24638.637,18.8644
1376.8501332523306,24671.809,18.871538
1376.8515221257671,24677.02,18.87604
1376.8529109993215,24590.256,18.85745
1376.8542998728758,24601.223,18.856974
1376.8556887463137,24649.668,18.867332
1376.8570776198678,24633.594,18.861673
1376.8584664934215,24627.479,18.863407
1376.8598553668594,24652.395,18.860796
1376.8612442404137,24649.877,18.868473
1376.8626331138503,24612.484,18.861874
1376.8640219874037,24643.553,18.869825
1376.865410860958,24635.088,18.866928
1376.866799734396,24648.87,18.85662
1376.8681886079503,24644.818,18.865501
1376.8695774815042,24584.525,18.850567
1376.870966354942,24659.21,18.86098
1376.8723552284964,24623.598,18.856329
1376.8737441019334,24659.883,18.870775
1376.8751329754868,24613.822,18.853935
1376.8765218490407,24633.828,18.87252
1376.8779107224786,24644.752,18.866856
1376.879299596033,24657.533,18.87274
1376.88068846947,24620.535,18.861021
1376.8820773430243,24583.11,18.846655
1376.8834662165787,24609.078,18.854155
1376.8848550900161,24640.65,18.856796
1376.8862439635705,24625.229,18.855963
1376.8876328370075,24655.645,18.867977
1376.889021710561,24613.197,18.858374
1376.8904105841152,24647.285,18.867748
1376.8917994575527,24632.281,18.864313
1376.893188331107,24634.275,18.863472
1376.894577204545,24596.441,18.856573
1376.8959660780984,24625.441,18.862589
1376.8973549515363,24628.271,18.862415
1376.8987438250906,24654.377,18.872213
1376.9001326986445,24604.982,18.854362
1376.9015215720815,24650.826,18.860727
1376.9029104456354,24627.98,18.851112
1376.9042993190733,24621.172,18.852533
1376.9056881926274,24595.785,18.84958
1376.9070770660646,24620.254,18.85554
1376.908465939619,24642.703,18.862919
1376.9098548130569,24621.865,18.860542
1376.9112436866112,24631.824,18.865276
1376.9126325601646,24640.74,18.85993
1376.9140214336012,24643.877,18.867035
1376.9154103071555,24627.244,18.856798
1376.9167991805934,24605.797,18.853592
1376.9181880541473,24605.982,18.85305
1376.9195769275852,24620.986,18.856697
1376.9209658011396,24617.947,18.857584
1376.9223546745775,24630.926,18.848858
1376.9237435481316,24625.928,18.855568
1376.925132421568,24634.156,18.86426
1376.9265212951218,24661.398,18.86829
1376.9279101685597,24607.23,18.857517
1376.9292990421131,24590.441,18.850142
1376.9306879156675,24617.611,18.863205
1376.9320767891054,24632.145,18.861036
1376.9334656626597,24601.258,18.859634
1376.9348545360976,24598.938,18.853115
1376.9362434096515,24603.316,18.85163
1376.9376322830885,24633.576,18.858273
1376.9390211566422,24650.352,18.870089
1376.9404100300794,24642.695,18.864376
1376.9417989036338,24673.967,18.868011
1376.9431877770717,24623.814,18.864794
1376.944576650626,24653.678,18.863016
1376.945965524064,24615.7,18.854591
1376.9473543976173,24622.15,18.864275
1376.9487432710548,24606.385,18.857857
1376.9501321446082,24665.377,18.870472
1376.9515210180457,24604.947,18.855179
1376.9529098916,24614.64,18.8557
1376.9542987650377,24631.086,18.860996
1376.9556876384754,24625.553,18.857588
1376.9570765120297,24620.994,18.850943
1376.9584653854672,24603.598,18.854267
1376.9598542590215,24627.594,18.858643
1376.9612431324585,24618.979,18.868181
1376.9626320060115,24614.713,18.859875
1376.9640208794494,24619.434,18.860529
1376.9654097530038,24634.012,18.859951
1376.9667986264417,24692.021,18.879328
1376.968187499996,24665.873,18.865488
1376.9695763734335,24650.326,18.872297
1376.9709652469878,24612.918,18.858763
1376.9723541204255,24636.11,18.859947
1376.9737429939782,24616.707,18.850117
1376.9751318674157,24623.967,18.859598
1376.9765207408536,24641.871,18.864502
1376.977909614408,24660.826,18.867603
1376.9792984878459,24644.018,18.873209
1376.9806873613993,24644.139,18.861538
1376.9820762348372,24664.584,18.874346
1376.9834651083916,24608.746,18.855503
1376.984853981829,24622.36,18.855719
1376.986242855266,24630.34,18.85749
1376.9876317288197,24662.266,18.864895
1376.9890206022574,24631.354,18.85991
1376.9904094758117,24642.225,18.863972
1376.9917983492492,24642.674,18.864223
1376.9931872228035,24612.9,18.8529
1376.9945760962414,24649.78,18.868553
1376.9959649696784,24600.092,18.851007
1376.9973538432328,24630.604,18.861446
1376.9987427166702,24647.701,18.874804
1377.0001315902236,24610.13,18.860737
1377.0015204636616,24624.72,18.868767
1377.002909337099,24653.945,18.86834
1377.0042982106531,24675.545,18.89142
1377.0056870840908,24640.541,18.86564
1377.0070759576447,24635.773,18.865028
1377.0084648310826,24603.717,18.85499
1377.0098537045205,24650.182,18.872284
1377.011242578074,24649.498,18.87026
1377.0126314515114,24615.79,18.859755
1377.0140203250648,24613.105,18.858955
1377.0154091985028,24606.715,18.858454
1377.0167980719407,24604.223,18.848618
1377.0181869454946,24627.047,18.863237
1377.0195758189325,24652.125,18.87199
1377.0209646923702,24625.736,18.85425
1377.0223535659243,24634.36,18.862606
1377.0237424393617,24617.453,18.85735
1377.0251313127983,24622.959,18.86068
1377.0265201863526,24609.27,18.861265
1377.0279090597905,24633.617,18.861374
1377.029297933344,24631.195,18.86238
1377.030686806782,24651.51,18.86808
1377.0320756802198,24637.75,18.860212
1377.0334645537741,24622.582,18.854887
1377.034853427212,24601.799,18.85278
1377.0362423006486,24616.693,18.859844
1377.037631174202,24648.955,18.869473
1377.03902004764,24597.451,18.853724
1377.0404089210774,24625.094,18.868902
1377.0417977946317,24620.48,18.853735
1377.0431866680697,24632.166,18.857372
1377.0445755415076,24621.479,18.861938
1377.045964415062,24618.277,18.870512
1377.047353288499,24667.963,18.872095
1377.0487421619364,24639.098,18.863337
1377.0501310354898,24655.059,18.866282
1377.0515199089273,24611.041,18.85931
1377.0529087823652,24619.994,18.856476
1377.055686529357,24604.898,18.850578
1377.057075402795,24622.71,18.86152
1377.0584642762324,24646.816,18.864132
1377.0598531497867,24634.555,18.856987
1377.0612420232237,24619.166,18.857561
1377.0626308966603,24666.633,18.868547
1377.0640197702146,24645.328,18.877043
1377.0654086436525,24601.469,18.855566
1377.0667975170904,24659.791,18.870386
1377.0681863905284,24659.63,18.863016
1377.0695752640822,24630.97,18.864372
1377.07096413752,24594.752,18.85239
1377.0723530109576,24631.97,18.861568
1377.0737418845106,24627.836,18.864233
1377.075130757948,24596.197,18.854961
1377.076519631386,24650.365,18.867609
1377.0779085048239,24659.195,18.873901
1377.0792973783782,24619.168,18.86336
1377.0806862518152,24613.162,18.85415
1377.0820751252531,24621.316,18.856724
1377.083463998691,24605.152,18.86414
1377.084852872245,24626.334,18.864412
1377.086241745682,24611.148,18.857227
1377.087630619119,24630.178,18.865736
1377.0890194925569,24603.207,18.851324
1377.0904083661112,24596.281,18.856369
1377.0917972395487,24642.729,18.870342
1377.0931861129866,24587.977,18.847677
1377.0945749864245,24631.857,18.8569
1377.095963859978,24635.066,18.86121
1377.0973527334158,24609.148,18.861197
1377.0987416068533,24629.293,18.863491
1377.1001304802903,24627.557,18.866432
1377.1015193538447,24614.457,18.852455
1377.102908227282,24629.078,18.855734
1377.1042971007196,24647.27,18.865313
1377.1056859741575,24613.367,18.871727
1377.107074847595,24604.662,18.85653
1377.1084637211493,24620.404,18.863731
1377.1098525945872,24644.602,18.87129
1377.1112414680242,24618.666,18.863314
1377.1126303414617,24625.229,18.856321
1377.1140192148987,24636.5,18.86803
1377.115408088453,24622.451,18.856846
1377.116796961891,24626.852,18.860392
1377.1181858353284,24617.453,18.847664
1377.1195747087663,24633.215,18.873919
1377.120963582204,24644.47,18.867071
1377.1223524557581,24605.727,18.86425
1377.1237413291956,24659.4,18.873405
1377.1251302026321,24642.938,18.873405
1377.12651907607,24640.65,18.866598
1377.127907949508,24627.922,18.860794
1377.129296822945,24646.232,18.86315
1377.1306856964993,24632.865,18.862131
1377.1320745699372,24596.012,18.855957
1377.1334634433751,24633.945,18.87339
1377.134852316813,24613.658,18.861399
1377.1362411902496,24610.338,18.86631
1377.1376300636866,24675.627,18.883587
1377.139018937241,24627.986,18.862303
1377.1404078106784,24632.555,18.86265
1377.1417966841163,24614.617,18.853579
1377.1431855575543,24602.37,18.85371
1377.1445744309922,24620.729,18.860037
1377.14596330443,24620.846,18.8624
1377.147352177867,24596.312,18.843496
1377.148741051421,24634.02,18.858892
1377.150129924858,24640.125,18.877483
1377.1515187982955,24579.14,18.843655
1377.1529076717331,24587.543,18.848528
1377.1542965451708,24643.658,18.868118
1377.1556854186088,24634.785,18.862825
1377.1570742920467,24636.203,18.858862
1377.1584631654841,24594.416,18.854996
1377.1598520390385,24620.314,18.856958
1377.1612409124755,24626.402,18.857067
1377.162629785912,24633.639,18.862806
1377.16401865935,24623.238,18.864792
1377.1654075327879,24617.217,18.857513
1377.1667964062258,24603.229,18.852911
1377.1681852796637,24617.959,18.856394
1377.1709630265386,24631.521,18.85774
1377.1723518999765,24637.166,18.868984
1377.173740773413,24639.033,18.876135
1377.175129646967,24634.727,18.859419
1377.176518520405,24626.752,18.859787
1377.1779073938428,24605.535,18.858335
1377.1792962672807,24654.727,18.871515
1377.1806851407177,24624.09,18.860538
1377.1820740141557,24619.807,18.85331
1377.1834628875936,24616.654,18.856615
1377.184851761031,24606.594,18.860876
1377.186240634468,24617.451,18.870586
1377.187629507905,24606.113,18.857424
1377.189018381343,24638.775,18.863762
1377.190407254781,24651.752,18.873993
1377.1917961282184,24624.135,18.868198
1377.1931850016563,24627.535,18.86925
1377.1945738750942,24638.994,18.868309
1377.1973516219691,24617.49,18.857096
1377.1987404954066,24607.787,18.857891
1377.20012936896,24620.7,18.861359
1377.201518242398,24640.604,18.865568
1377.2042959892729,24624.854,18.8615
1377.2056848627108,24640.74,18.866394
1377.2070737361482,24637.863,18.872053
1377.2084626095861,24635.066,18.86467
1377.209851483024,24653.082,18.879929
1377.211240356461,24666.389,18.871521
1377.2126292298985,24642.234,18.866087
1377.2140181033355,24621.49,18.86237
1377.2154069767735,24622.846,18.861425
1377.2167958502114,24641.064,18.866434
1377.2181847236486,24582.828,18.846697
1377.2195735970863,24627.96,18.866018
1377.2209624705242,24633.693,18.86869
1377.2223513439621,24618.582,18.86824
1377.2237402173996,24615.832,18.855684
1377.2251290908362,24621.63,18.854893
1377.226517964274,24620.03,18.854406
1377.227906837712,24614.35,18.852201
1377.229295711149,24647.18,18.866625
1377.2306845844705,24611.527,18.85615
1377.2320734579084,24608.883,18.856255
1377.2334623313463,24639.31,18.863878
1377.2348512047843,24628.582,18.853395
1377.2362400782208,24604.846,18.862547
1377.2376289516578,24604.139,18.862743
1377.2390178250957,24622.34,18.86228
1377.2404066985332,24606.396,18.853704
1377.2417955719711,24620.99,18.854092
1377.243184445409,24624.424,18.859373
1377.244573318847,24638.768,18.861423
1377.2459621922849,24617.059,18.855772
1377.247351065722,24636.414,18.86236
1377.2487399391593,24653.438,18.878386
1377.2501288125964,24637.371,18.871283
1377.2515176860336,24617.324,18.856941
1377.2529065594713,24617.918,18.85667
1377.2542954327928,24609.941,18.852581
1377.2556843062307,24617.355,18.862194
1377.2570731796686,24591.883,18.851662
1377.258462053106,24645.105,18.867935
1377.259850926544,24651.54,18.866413
1377.261239799981,24612.764,18.856342
1377.2626286734176,24641.604,18.864437
1377.2640175468555,24645.162,18.869621
1377.2654064202934,24642.197,18.869728
1377.2667952937313,24662.969,18.867153
1377.2681841670528,24631.72,18.866077
1377.2695730404898,24598.014,18.851164
1377.2709619139277,24644.754,18.86655
1377.2723507873657,24631.207,18.86422
1377.2737396608031,24633.305,18.859343
1377.2751285342401,24630.29,18.866032
1377.2765174076776,24614.338,18.862743
1377.2779062811146,24593.385,18.858347
1377.279295154436,24629.523,18.862343
1377.280684027874,24594.947,18.849886
1377.282072901312,24622.467,18.861137
1377.2834617747499,24600.768,18.845795
1377.284850648187,24632.584,18.859486
1377.2862395216248,24631.816,18.866524
1377.2876283950623,24641.588,18.85852
1377.2890172683824,24624.15,18.863794
1377.2904061418203,24616.65,18.856163
1377.2917950152582,24600.82,18.859646
1377.2931838886961,24622.521,18.860569
1377.294572762134,24612.152,18.85924
1377.295961635571,24625.484,18.866064
1377.2973505088926,24600.506,18.850632
1377.2987393823305,24670.19,18.865202
1377.300128255767,24618.09,18.852634
1377.301517129204,24652.297,18.866987
1377.302906002642,24629.36,18.86289
1377.3042948759635,24623.0,18.868277
1377.3056837494014,24600.94,18.861328
1377.3070726228389,24637.664,18.866621
1377.3084614962768,24635.791,18.861677
1377.3098503697147,24657.615,18.87587
1377.3112392430353,24644.773,18.866745
1377.3126281164728,24669.486,18.8749
1377.3140169899098,24626.484,18.861225
1377.3154058633477,24604.604,18.849848
1377.3167947367856,24617.861,18.86342
1377.3181836101064,24614.873,18.854984
1377.319572483544,24621.172,18.860825
1377.320961356982,24632.836,18.871254
1377.3223502304195,24640.852,18.86894
1377.323739103741,24642.742,18.866312
1377.325127977178,24604.69,18.852951
1377.3265168506155,24660.945,18.869408
1377.3279057240534,24622.344,18.85792
1377.3292945974904,24616.74,18.860306
1377.330683470812,24639.176,18.871635
1377.3320723442498,24628.783,18.863857
1377.333461217687,24629.049,18.85518
1377.3348500911247,24627.596,18.867294
1377.3362389644462,24643.076,18.876242
1377.3376278378837,24646.684,18.880205
1377.3390167113207,24624.357,18.86252
1377.3404055846418,24659.195,18.86661
1377.3417944580797,24626.492,18.863235
1377.3431833315176,24634.092,18.86152
1377.3445722049546,24633.64,18.86154
1377.345961078276,24609.965,18.861444
1377.347349951714,24612.35,18.854675
1377.348738825152,24612.562,18.853416
1377.3501276984728,24619.465,18.859783
1377.351516571909,24607.686,18.859669
1377.352905445347,24626.707,18.86342
1377.354294318785,24625.146,18.861128
1377.355683192106,24641.11,18.874887
1377.357072065544,24643.055,18.86659
1377.3584609389818,24616.115,18.858803
1377.3598498123033,24625.523,18.861322
1377.3612386857412,24607.59,18.861492
1377.3626275591778,24608.652,18.868261
1377.3640164324984,24649.85,18.865044
1377.3654053059363,24634.518,18.86291
1377.3667941793735,24629.416,18.864908
1377.3681830526948,24636.03,18.87871
1377.3695719261327,24601.336,18.854755
1377.3709607995706,24609.51,18.856739
1377.3723496728921,24638.723,18.861776
1377.3737385463296,24625.287,18.867058
1377.3751274197666,24621.656,18.855223
1377.3765162930877,24617.59,18.86711
1377.3779051665247,24608.213,18.863785
1377.3792940399626,24629.742,18.867847
1377.380682913284,24631.414,18.871227
1377.382071786722,24639.002,18.855713
1377.3834606600435,24620.35,18.86204
1377.3848495334805,24634.004,18.860737
1377.3862384069184,24617.277,18.85675
1377.3876272802395,24595.879,18.85689
1377.389016153676,24626.496,18.866701
1377.3904050269975,24606.912,18.861465
1377.3917939004355,24651.701,18.873867
1377.3931827738734,24618.084,18.865828
1377.3945716471949,24598.566,18.867897
1377.395960520632,24605.543,18.85125
1377.3973493939534,24601.115,18.851349
1377.3987382673913,24642.672,18.86933
1377.4001271408285,24639.93,18.862883
1377.4015160141494,24618.87,18.86464
1377.4029048875864,24628.406,18.862415
1377.4042937609079,24625.164,18.862469
1377.4056826343458,24631.95,18.866724
1377.4070715077833,24631.988,18.864937
1377.4084603811048,24605.5,18.859104
1377.4098492545427,24617.004,18.859625
1377.4112381278633,24683.307,18.877584
1377.4126270013012,24582.951,18.84789
1377.4140158746222,24643.115,18.861631
1377.4154047480592,24601.078,18.857973
1377.4167936213807,24638.834,18.857687
1377.4181824948178,24643.611,18.862352
1377.4195713682557,24623.19,18.867664
1377.4209602415772,24597.322,18.854588
1377.4223491150146,24605.742,18.851688
1377.4237379883361,24602.19,18.858461
1377.425126861774,24602.922,18.85308
1377.4265157350947,24608.072,18.865534
1377.4279046085321,24614.744,18.861095
1377.4292934818527,24631.47,18.855484
1377.4306823552906,24627.229,18.85836
1377.4320712286121,24589.285,18.849224
1377.4334601020494,24613.244,18.860653
1377.4348489753706,24598.975,18.84837
1377.4362378488086,24612.152,18.861649
1377.43762672213,24633.533,18.862438
1377.4390155955675,24605.098,18.860453
1377.4404044688877,24586.932,18.85791
1377.4417933423256,24617.27,18.864864
1377.443182215647,24632.047,18.86427
1377.444571089084,24582.098,18.85589
1377.4459599624056,24632.273,18.869946
1377.4473488358435,24574.744,18.853664
1377.448737709165,24611.03,18.856777
1377.450126582603,24646.885,18.871956
1377.451515455923,24563.295,18.840618
1377.45290432936,24621.441,18.859976
1377.4542932026816,24622.424,18.862509
1377.4556820760026,24598.71,18.856855
1377.4570709494405,24626.518,18.858557
1377.458459822762,24611.85,18.859955
1377.4598486962,24642.664,18.868109
1377.4612375695215,24566.363,18.844172
1377.4626264429585,24585.457,18.863756
1377.4640153162795,24641.654,18.871325
1377.4654041897165,24630.354,18.86458
1377.4667930630371,24621.703,18.870798
1377.4681819363586,24638.41,18.863346
1377.4695708097966,24602.713,18.858839
1377.470959683118,24615.47,18.857124
1377.472348556556,24633.387,18.864887
1377.473737429877,24619.48,18.862993
1377.4751263031985,24629.854,18.865532
1377.4765151766355,24643.531,18.869108
1377.4779040499557,24645.031,18.867765
1377.4792929233936,24644.184,18.866459
1377.480681796715,24606.879,18.860588
1377.4820706700366,24637.035,18.862146
1377.4834595434745,24612.56,18.868826
1377.484848416795,24646.83,18.871428
1377.486237290233,24637.627,18.875923
1377.4876261635545,24596.479,18.85869
1377.4890150368756,24637.637,18.864986
1377.4904039103126,24650.963,18.876572
1377.4917927836336,24596.463,18.8586
1377.4931816569551,24644.795,18.872477
1377.494570530393,24616.309,18.867617
1377.4959594037136,24623.902,18.868742
1377.4973482770351,24635.83,18.864632
1377.498737150473,24629.094,18.868246
1377.5001260237939,24641.482,18.868042
1377.5015148971152,24642.645,18.864523
1377.5029037705526,24640.102,18.870867
1377.5042926438732,24603.98,18.851265
1377.5056815171947,24596.906,18.85631
1377.5070703906322,24656.215,18.874657
1377.5084592639537,24657.605,18.880257
1377.5098481372752,24619.879,18.858028
1377.5112370107122,24630.809,18.862242
1377.5126258840337,24586.037,18.859549
1377.5140147573552,24641.238,18.875168
1377.5154036307924,24625.135,18.878145
1377.5167925041133,24618.885,18.85064
1377.5181813774338,24642.342,18.86735
1377.5195702507554,24626.166,18.861317
1377.5209591241933,24610.705,18.854858
1377.5223479975143,24644.053,18.86588
1377.5237368708358,24625.744,18.860575
1377.5251257442737,24642.33,18.866371
1377.5265146175952,24617.178,18.861008
1377.5279034909158,24619.996,18.862837
1377.529292364236,24620.182,18.858572
1377.530681237674,24618.54,18.87318
1377.5320701109954,24663.988,18.87075
1377.533458984316,24649.7,18.86546
1377.5348478576375,24642.0,18.865896
1377.5362367310754,24610.596,18.86311
1377.537625604397,24645.484,18.876324
1377.5390144777184,24618.45,18.858612
1377.5404033510385,24609.822,18.861212
1377.541792224476,24613.291,18.869392
1377.5431810977975,24667.326,18.873861
1377.544569971118,24619.805,18.859375
1377.5459588444396,24609.889,18.856806
1377.547347717761,24597.365,18.85138
1377.548736591199,24637.578,18.865221
1377.5501254645205,24640.11,18.867313
1377.5515143378411,24655.729,18.873798
1377.5529032111626,24628.328,18.867214
1377.5542920844837,24605.107,18.866358
1377.5556809579202,24628.828,18.863909
1377.5570698312417,24607.4,18.866217
1377.5598475778847,24620.697,18.861582
1377.5612364512062,24616.965,18.859816
1377.5626253246432,24613.887,18.858053
1377.5640141979648,24603.426,18.857658
1377.5654030712863,24638.348,18.876322
1377.5667919446064,24648.543,18.871073
1377.568180817927,24634.727,18.866451
1377.5695696912485,24619.496,18.862686
1377.5709585646864,24659.93,18.871462
1377.572347438008,24635.021,18.868269
1377.573736311329,24633.242,18.869162
1377.5751251846505,24601.646,18.859098
1377.576514057972,24596.959,18.857498
1377.5779029312926,24606.176,18.860796
1377.5792918046136,24653.922,18.875978
1377.5806806780506,24634.078,18.868423
1377.5820695513721,24644.107,18.871225
1377.5834584246936,24622.283,18.863466
1377.5848472980142,24683.107,18.88582
1377.5862361713357,24605.68,18.862839
1377.5876250446572,24621.197,18.867332
1377.5890139179783,24619.682,18.86534
1377.5904027912998,24635.512,18.869152
1377.5917916646204,24626.076,18.868279
1377.5931805379414,24613.324,18.854776
1377.5945694113793,24605.012,18.861773
1377.5959582847,24628.822,18.879372
1377.5973471580214,24639.543,18.865725
1377.598736031343,24610.02,18.865875
1377.6001249046635,24618.104,18.865784
1377.601513777985,24625.2,18.866901
1377.6029026513065,24624.184,18.864962
1377.6042915246276,24653.012,18.877132
1377.6056803979482,24627.736,18.856049
1377.6070692712692,24647.367,18.86823
1377.6084581445907,24611.22,18.863174
1377.6098470179122,24620.982,18.869831
1377.6112358912328,24630.598,18.870197
1377.6126247645543,24621.686,18.871931
1377.6140136378758,24643.209,18.872898
1377.6154025111973,24653.062,18.870914
1377.6167913845188,24628.07,18.866383
1377.618180257839,24602.709,18.864717
1377.6195691311596,24658.273,18.873838
1377.620958004481,24656.92,18.875372
1377.6223468779185,24602.975,18.855787
1377.62373575124,24618.303,18.868828
1377.6251246245615,24599.023,18.86543
1377.626513497883,24564.967,18.857943
1377.6279023712045,24602.398,18.853067
1377.6292912444087,24589.812,18.855726
1377.6306801177298,24652.502,18.877964
1377.6320689910503,24560.877,18.853708
1377.633457864371,24603.127,18.853413
1377.6348467376924,24570.76,18.85211
1377.636235611014,24587.166,18.856096
1377.6376244843354,24554.602,18.844534
1377.639013357657,24588.465,18.850588
1377.640402230978,24590.7,18.854488
1377.6417911042995,24586.512,18.855207
1377.64317997762,24554.314,18.839178
1377.6445688509402,24538.557,18.838093
1377.6459577242617,24563.428,18.844513
1377.6473465975832,24553.959,18.839966
1377.6487354709047,24579.936,18.84806
1377.6501243442262,24581.21,18.85998
1377.6515132175468,24583.883,18.852728
1377.6529020908683,24580.834,18.859413
1377.6542909641898,24617.887,18.864988
1377.65567983751,24624.709,18.86496
1377.6570687107146,24651.01,18.877071
1377.6584575840361,24627.707,18.869347
1377.6598464573576,24616.459,18.868382
1377.6612353306791,24617.045,18.868082
1377.6626242039997,24639.934,18.869158
1377.6640130773212,24615.475,18.870695
1377.6654019506427,24662.965,18.891869
1377.6667908239633,24632.875,18.872046
1377.6681796972848,24598.188,18.851545
1377.6695685704894,24607.4,18.864391
1377.67095744381,24634.047,18.872837
1377.6723463171315,24614.344,18.860043
1377.6737351904526,24602.145,18.86862
1377.675124063774,24609.684,18.866343
1377.6765129370956,24621.928,18.857246
1377.6779018104162,24633.906,18.869267
1377.6792906836213,24585.223,18.853558
1377.6806795569428,24642.44,18.873646
1377.6820684302636,24636.72,18.867027
1377.6834573035844,24637.783,18.883612
1377.684846176905,24659.398,18.878157
1377.6862350502265,24646.312,18.87505
1377.6876239234316,24616.543,18.866016
1377.6890127967526,24626.215,18.867077
1377.6904016700742,24606.107,18.863613
1377.6917905433957,24620.14,18.86533
1377.6931794167172,24631.76,18.874033
1377.6945682900378,24633.346,18.870308
1377.6959571632415,24605.168,18.865189
1377.697346036563,24602.055,18.865488
1377.6987349098845,24626.13,18.866491
1377.700123783205,24631.46,18.875608
1377.7015126564102,24648.234,18.868969
1377.7029015297317,24624.51,18.874765
1377.7042904030532,24640.043,18.879486
1377.7056792763747,24620.926,18.865442
1377.7070681496948,24622.096,18.865303
1377.7084570228994,24614.244,18.855627
1377.709845896221,24632.73,18.872858
1377.7112347695415,24641.207,18.870253
1377.712623642863,24616.84,18.865683
1377.7140125160681,24625.13,18.861744
1377.7154013893887,24648.188,18.88271
1377.7167902627102,24676.66,18.879875
1377.7181791359153,24627.178,18.872202
1377.7195680092368,24603.62,18.86648
1377.7209568825579,24625.812,18.871405
1377.722345755878,24636.357,18.868511
1377.723734629083,24679.633,18.883108
1377.7251235024046,24617.232,18.86534
1377.7265123757252,24627.027,18.872034
1377.7279012489303,24633.273,18.868317
1377.7292901222518,24617.303,18.86276
1377.7306789955733,24636.506,18.870564
1377.7320678688948,24623.076,18.872337
1377.7334567420985,24610.521,18.857073
1377.734845615419,24642.246,18.873463
1377.7362344887406,24629.477,18.878391
1377.7376233619452,24648.166,18.887802
1377.7390122352667,24600.639,18.86552
1377.7404011085882,24631.635,18.879887
1377.7417899817933,24620.625,18.87082
1377.7431788551148,24616.367,18.861279
1377.7445677284354,24628.762,18.867193
1377.74595660164,24637.047,18.870905
1377.7473454749606,24640.36,18.86956
1377.7487343481648,24621.764,18.865612
1377.7501232214863,24628.586,18.878857
1377.752900968013,24639.398,18.870071
1377.7542898413344,24601.025,18.859907
1377.7556787146555,24633.586,18.874462
1377.7570675878605,24613.4,18.867247
1377.7584564611811,24612.426,18.870178
1377.7598453343849,24647.416,18.875658
1377.7612342077064,24682.34,18.887762
1377.7626230810279,24675.855,18.896355
1377.764011954233,24620.355,18.874153
1377.7654008275545,24635.459,18.872923
1377.7667897007586,24630.994,18.873907
1377.7681785740801,24661.375,18.875916
1377.7695674474016,24635.08,18.867714
1377.7709563206063,24619.773,18.873154
1377.7723451939269,24623.72,18.87005
1377.7737340671315,24613.121,18.869745
1377.775122940453,24651.123,18.873297
1377.776511813658,24578.76,18.857197
1377.7779006869787,24645.94,18.874283
1377.7792895601838,24648.285,18.877924
1377.7806784335053,24605.65,18.858088
1377.7820673067095,24628.006,18.8783
1377.783456180031,24624.51,18.879908
1377.784845053352,24647.916,18.872309
1377.7862339265562,24618.863,18.876108
1377.7876227998777,24590.973,18.8555
1377.7890116730823,24626.312,18.869753
1377.7904005464038,24633.389,18.87221
1377.791789419609,24647.332,18.88066
1377.7931782929295,24620.744,18.865747
1377.7945671661346,24606.47,18.858276
1377.795956039456,24626.504,18.868153
1377.7973449126605,24636.227,18.870966
1377.7987337859813,24606.145,18.86858
1377.8001226591855,24662.666,18.882761
1377.8015115323906,24640.414,18.875525
1377.802900405712,24621.615,18.8685
1377.8042892789167,24611.795,18.866673
1377.8056781522382,24629.314,18.86894
1377.8070670254433,24636.402,18.878094
1377.8084558987648,24604.098,18.864569
1377.80984477197,24620.69,18.873106
1377.81123364529,24611.816,18.867212
1377.8126225184942,24583.488,18.862736
1377.8140113916993,24622.158,18.872053
1377.81540026502,24621.85,18.88554
1377.816789138225,24606.69,18.869024
1377.8181780115465,24621.646,18.876524
1377.8195668847516,24623.164,18.873087
1377.8223446312777,24646.064,18.876085
1377.8237335044819,24606.96,18.875145
1377.825122377803,24624.55,18.871931
1377.826511251007,24611.14,18.869835
1377.8279001243286,24599.977,18.872927
1377.8292889975337,24634.521,18.87703
1377.8306778707388,24639.045,18.88096
1377.8320667440603,24622.453,18.873226
1377.8334556172645,24601.623,18.861273
1377.8348444904695,24622.664,18.867712
1377.8362333637906,24616.12,18.875431
1377.8376222369943,24655.186,18.879738
1377.8390111101994,24604.568,18.868992
1377.840399983521,24620.291,18.87527
1377.841788856726,24644.06,18.875982
1377.843177729931,24618.707,18.86759
1377.8445666032517,24639.11,18.876427
1377.8459554764568,24624.19,18.882696
1377.8473443496619,24613.117,18.870623
1377.8487332229824,24606.758,18.876608
1377.850122096187,24620.943,18.881025
1377.8515109693913,24629.361,18.881287
1377.8528998427128,24642.143,18.870007
1377.8542887159178,24639.623,18.87783
1377.8556775891225,24589.418,18.860422
1377.857066462444,24646.486,18.883198
1377.858455335649,24644.0,18.88378
1377.8598442088532,24620.137,18.872437
1377.8612330820583,24586.28,18.865776
1377.8626219553792,24594.316,18.867132
1377.8640108285836,24633.174,18.874159
1377.8653997017886,24636.15,18.883467
1377.8667885749928,24644.818,18.88476
1377.8681774483143,24624.287,18.887476
1377.8695663215194,24607.693,18.87699
1377.870955194724,24596.82,18.875542
1377.8723440679291,24634.8,18.888268
1377.8737329412506,24635.064,18.882444
1377.8751218144548,24600.28,18.868547
1377.8765106876594,24625.855,18.886736
1377.8778995608636,24650.666,18.887852
1377.8792884341851,24643.414,18.877
1377.8806773073902,24597.533,18.866444
1377.8820661805944,24644.334,18.879183
1377.8848439270046,24625.043,18.87452
1377.886232800326,24645.357,18.885065
1377.8876216735312,24623.84,18.87721
1377.8890105467349,24632.205,18.880747
1377.8903994199395,24641.066,18.879383
1377.8917882931446,24608.738,18.866806
1377.8931771663488,24654.447,18.884457
1377.8959549128754,24660.664,18.881123
1377.8973437860805,24621.494,18.876703
1377.8987326592855,24626.092,18.885307
1377.9015104056944,24609.254,18.875807
1377.9028992788985,24652.455,18.878695
1377.9042881522196,24660.072,18.880232
1377.9070658986298,24605.266,18.866224
1377.9084547718348,24632.791,18.878645
1377.90984364504,24583.027,18.854753
1377.911232518244,24602.693,18.871044
1377.9126213914492,24627.002,18.878628
1377.9140102646536,24596.268,18.865658
1377.915399137857,24640.162,18.887602
1377.9167880111786,24609.754,18.88055
1377.9181768843837,24608.418,18.874708
1377.9195657575888,24591.938,18.869312
1377.9209546307939,24609.512,18.872128
1377.9223435039985,24632.32,18.880747
1377.9237323772036,24608.281,18.869661
1377.9251212504087,24636.834,18.875025
1377.9265101236128,24595.045,18.86659
1377.9278989968175,24624.627,18.87345
1377.9306767432267,24606.105,18.869047
1377.9320656164318,24619.36,18.873425
1377.933454489636,24590.102,18.866543
1377.934843362841,24661.898,18.877771
1377.9362322360462,24637.713,18.884758
1377.9376211092508,24607.994,18.873005
1377.939009982456,24630.846,18.878225
1377.94039885566,24668.79,18.888767
1377.9417877288647,24634.83,18.884325
1377.9431766020698,24607.047,18.870607
1377.944565475274,24622.86,18.87519
1377.945954348479,24562.66,18.867706
1377.9473432216842,24639.383,18.882076
1377.9487320948883,24647.252,18.884342
1377.9501209680934,24607.135,18.868652
1377.9515098412985,24613.297,18.876951
1377.9528987145031,24625.463,18.878082
1377.955676460912,24639.527,18.878014
1377.957065334117,24583.107,18.86639
1377.9584542073221,24621.648,18.873524
1377.9612319537314,24639.512,18.886528
1377.9626208269365,24619.41,18.870434
1377.9640097001416,24605.293,18.870266
1377.9653985732302,24646.094,18.877499
1377.966787446434,24640.16,18.881605
1377.9681763196381,24594.213,18.865784
1377.9695651928432,24640.07,18.889223
1377.9709540660479,24640.744,18.887625
1377.972342939253,24602.129,18.872839
1377.973731812458,24638.375,18.87764
1377.9751206856631,24635.36,18.884083
1377.9765095588682,24583.979,18.854883
1377.977898431956,24609.111,18.869045
1377.9792873051604,24635.07,18.880245
1377.9806761783648,24625.508,18.87282
1377.982065051569,24628.293,18.89033
1377.9848427979791,24631.01,18.870728
1377.9862316711842,24628.738,18.866348
1377.9876205442729,24613.883,18.875647
1377.9890094174775,24647.246,18.884853
1377.9903982906826,24645.348,18.880638
1377.9917871638877,24610.928,18.874924
1377.9931760370914,24636.908,18.882778
1377.9959537833843,24612.02,18.87311
1377.9973426565894,24634.338,18.881775
1377.9987315297944,24609.184,18.87387
1378.0001204029986,24641.947,18.883547
1378.0015092760873,24613.89,18.877972
1378.0028981492924,24610.832,18.875193
1378.004287022497,24606.965,18.867207
1378.0056758957012,24612.053,18.873383
1378.0070647689058,24630.906,18.87404
1378.0084536419945,24606.752,18.886438
1378.0098425151996,24620.775,18.874857
1378.0112313884038,24614.207,18.884909
1378.0126202616088,24640.012,18.88201
1378.0140091346975,24611.754,18.876488
1378.0153980079017,24631.258,18.885567
1378.0167868811068,24628.791,18.879486
1378.018175754195,24599.574,18.879814
1378.0195646273992,24623.613,18.880703
1378.022342373809,24590.047,18.867977
1378.0237312468976,24631.54,18.891783
1378.0251201201027,24616.754,18.88159
1378.0278978663955,24626.988,18.880535
1378.0292867396006,24614.336,18.882463
1378.0306756128057,24620.656,18.883732
1378.0320644858934,24610.84,18.874353
1378.0334533590972,24643.266,18.888113
1378.0348422323023,24636.992,18.883461
1378.036231105391,24616.143,18.877861
1378.0376199785956,24599.22,18.871618
1378.0390088518006,24594.143,18.879925
1378.0403977248893,24620.209,18.87109
1378.0417865980944,24619.34,18.872473
1378.0431754712995,24579.488,18.870764
1378.0445643443866,24619.48,18.871061
1378.045953217591,24617.959,18.879774
1378.0473420906796,24654.271,18.899817
1378.0487309638838,24632.496,18.87294
1378.050119837089,24644.32,18.89943
1378.0515087101776,24614.693,18.870312
1378.0528975833827,24617.482,18.869646
1378.0542864564713,24602.398,18.872253
1378.055675329676,24623.516,18.882357
1378.0570642027646,24615.904,18.868229
1378.0584530759688,24636.611,18.88782
1378.0598419491726,24646.412,18.892372
1378.0612308222612,24631.955,18.881023
1378.0626196954663,24629.787,18.88618
1378.064008568555,24607.443,18.871815
1378.0667863148478,24604.139,18.859116
1378.068175188053,24664.428,18.897923
1378.0695640611416,24634.074,18.88146
1378.0709529343453,24686.645,18.898987
1378.0723418074335,24638.135,18.869762
1378.0737306806386,24614.13,18.878738
1378.0751195537273,24628.783,18.87714
1378.0765084269324,24626.92,18.884068
1378.0778973000201,24622.428,18.880772
1378.0792861732252,24585.283,18.873442
1378.080675046314,24624.893,18.870317
1378.082063919518,24628.453,18.886509
1378.0834527926067,24632.531,18.887379
1378.0848416658114,24668.99,18.882612
1378.0876194121042,24627.715,18.871027
1378.0890082851924,24617.08,18.891878
1378.0903971583975,24625.576,18.878534
1378.0917860314862,24638.605,18.887005
1378.0931749046904,24609.598,18.8792
1378.094563777779,24628.658,18.88455
1378.0959526508677,24607.373,18.877106
1378.097341524072,24637.598,18.888884
1378.0987303971601,24656.729,18.881538
1378.1001192703643,24634.762,18.887543
1378.101508143453,24618.479,18.883501
1378.1028970165416,24631.037,18.883066
1378.1042858897463,24613.246,18.882906
1378.105674762835,24625.498,18.879282
1378.10706363604,24625.654,18.88455
1378.1084525091287,24621.443,18.901373
1378.1098413822165,24595.996,18.871353
1378.1112302554202,24612.387,18.882418
1378.1126191285089,24634.723,18.878113
1378.1140080015975,24625.44,18.872385
1378.1153968748017,24608.121,18.876904
1378.1167857478904,24657.86,18.900341
1378.118174620979,24623.787,18.88717
1378.1195634941841,24629.738,18.885292
1378.1209523672728,24619.463,18.879568
1378.122341240361,24608.148,18.882032
1378.1237301135652,24625.484,18.879175
1378.1251189866534,24606.986,18.883305
1378.1265078597412,24602.695,18.883823
1378.1278967329463,24626.23,18.893805
1378.129285606035,24606.29,18.87588
1378.1306744791236,24625.826,18.890993
1378.1320633523287,24652.793,18.891994
1378.1334522254165,24636.934,18.890188
1378.1348410985051,24641.08,18.883982
1378.1362299715934,24629.662,18.8833
1378.137618844797,24626.492,18.888927
1378.1390077178858,24620.842,18.885767
1378.1403965909744,24637.682,18.880922
1378.141785464063,24642.576,18.899734
1378.1431743372682,24620.654,18.881592
1378.144563210356,24665.385,18.891098
1378.1459520834446,24632.797,18.891487
1378.148729829621,24641.81,18.906822
1378.1501187028257,24651.479,18.881172
1378.1515075759135,24584.047,18.86981
1378.1528964490021,24597.527,18.867159
1378.1542853220908,24606.115,18.8802
1378.155674195179,24591.61,18.881813
1378.157063068384,24635.48,18.892109
1378.1584519414728,24613.955,18.875101
1378.1598408145605,24612.857,18.88927
1378.1612296876492,24622.332,18.895687
1378.162618560737,24605.258,18.884546
1378.1640074338243,24627.922,18.887009
1378.166785180118,24634.049,18.879646
1378.1681740532067,24625.627,18.882584
1378.1695629262954,24575.207,18.871983
1378.1709517993836,24635.135,18.893105
1378.1723406724723,24644.227,18.887354
1378.173729545561,24653.57,18.892252
1378.1751184186487,24609.74,18.90059
1378.1765072917367,24622.3,18.883163
1378.177896164941,24598.867,18.87407
1378.1792850380298,24627.322,18.881596
1378.1806739111184,24628.498,18.897608
1378.1820627842062,24613.04,18.875963
1378.1834516572949,24649.584,18.887102
1378.1848405303836,24591.533,18.89008
1378.1862294034718,24580.6,18.87455
1378.1876182765604,24624.727,18.889208
1378.1890071496482,24635.604,18.89164
1378.1903960227364,24593.889,18.883839
1378.191784895825,24594.424,18.866499
1378.1931737689129,24642.81,18.891312
1378.1945626420015,24586.463,18.87681
1378.1959515150902,24641.264,18.88824
1378.197340388178,24643.576,18.888098
1378.1987292612666,24601.98,18.880423
1378.2001181343553,24628.922,18.885767
1378.201507007444,24624.818,18.881834
1378.2028958805322,24650.312,18.88971
1378.2042847536195,24637.984,18.891554
1378.2056736267082,24591.05,18.877678
1378.2070624997968,24606.281,18.87304
1378.2084513728846,24621.176,18.887035
1378.2098402459733,24617.99,18.879097
1378.211229119062,24630.168,18.88123
1378.2126179921506,24587.32,18.871561
1378.2140068652393,24623.77,18.875618
1378.2153957383266,24638.795,18.886557
1378.2167846114144,24630.34,18.8821
1378.218173484503,24603.4,18.872845
1378.2195623575913,24602.889,18.874453
1378.22095123068,24630.771,18.884197
1378.2223401036522,24609.957,18.874979
1378.2237289767409,24612.752,18.884905
1378.2251178498295,24609.047,18.875313
1378.2265067229173,24632.268,18.891584
1378.227895596006,24642.72,18.900402
1378.2292844690937,24635.021,18.886698
1378.230673342181,24630.994,18.877544
1378.2320622152697,24613.234,18.88314
1378.2334510883584,24615.32,18.889135
1378.2348399613306,24639.133,18.887394
1378.2362288344193,24598.975,18.892979
1378.2376177075075,24641.375,18.889154
1378.2390065805962,24652.057,18.896084
1378.2403954536849,24648.906,18.894245
1378.2417843267722,24643.78,18.887638
1378.2431731997435,24590.648,18.87975
1378.2445620728322,24638.049,18.889753
1378.2459509459209,24603.074,18.879604
1378.2473398190095,24623.846,18.876957
1378.2487286920973,24655.959,18.898106
1378.2501175650696,24639.66,18.881872
1378.2515064381582,24632.957,18.89512
1378.2528953112464,24635.271,18.887493
1378.2542841843351,24621.885,18.875479
1378.2570619303947,24647.166,18.895256
1378.2584508034834,24592.902,18.877735
1378.2598396765711,24625.025,18.88922
1378.2612285495434,24616.533,18.873642
1378.262617422632,24649.371,18.891209
1378.2640062957198,24630.166,18.88328
1378.2653951688085,24621.83,18.881695
1378.2667840417807,24629.42,18.882576
1378.268172914869,24606.182,18.884386
1378.2695617879567,24636.668,18.885023
1378.2709506609285,24628.07,18.879768
1378.2723395340172,24618.072,18.884647
1378.2737284071059,24650.602,18.894642
1378.2751172800772,24631.104,18.890093
1378.2765061531659,24576.436,18.877651
1378.2778950262546,24649.781,18.900246
1378.2792838992268,24610.482,18.880878
1378.2806727723155,24636.725,18.885136
1378.2820616454028,24600.51,18.876644
1378.2834505183741,24608.611,18.873508
1378.2848393914628,24608.746,18.890388
1378.286228264551,24645.139,18.89036
1378.2876171375233,24628.889,18.882153
1378.289006010612,24619.445,18.887264
1378.2903948835842,24597.26,18.878994
1378.2917837566729,24626.928,18.881832
1378.2931726297606,24636.006,18.89291
1378.294561502732,24635.61,18.893576
1378.2959503758202,24644.158,18.886084
1378.2973392487916,24615.79,18.883633
1378.2987281218802,24616.283,18.87641
1378.300116994969,24577.428,18.876057
1378.3015058679412,24647.404,18.896076
1378.3028947410298,24606.445,18.879755
1378.3042836140016,24596.865,18.87877
1378.3056724870903,24592.945,18.870356
1378.3070613600626,24636.588,18.892023
1378.3084502331496,24592.693,18.879309
1378.3098391061212,24613.0,18.88628
1378.31122797921,24638.78,18.893604
1378.3126168521821,24629.758,18.902742
1378.3140057252708,24605.33,18.877916
1378.3153945982422,24630.94,18.884165
1378.3167834713308,24652.281,18.897305
1378.318172344303,24619.951,18.887777
1378.3195612173913,24612.723,18.884953
1378.3209500903636,24595.604,18.87498
1378.3223389634513,24612.008,18.89006
1378.3237278364231,24570.775,18.86934
1378.3251167095118,24557.842,18.865799
1378.3265055824832,24584.703,18.870094
1378.3278944555718,24585.998,18.872265
1378.329283328544,24603.033,18.881916
1378.3306722015154,24590.922,18.873533
1378.332061074604,24614.473,18.881393
1378.3334499475764,24559.941,18.86656
1378.3348388206646,24581.074,18.863707
1378.336227693636,24550.719,18.852613
1378.3376165666077,24628.168,18.885895
1378.3390054396964,24566.56,18.86918
1378.3403943126686,24583.525,18.87745
1378.3417831857564,24546.535,18.865465
1378.3431720587287,24565.686,18.866322
1378.344560931701,24588.42,18.876139
1378.3459498047896,24599.035,18.87495
1378.3473386777619,24562.25,18.871273
1378.3487275507327,24581.363,18.870846
1378.3501164238205,24566.309,18.864487
1378.3515052967928,24549.305,18.86123
1378.3528941697646,24549.006,18.866774
1378.3542830428532,24573.113,18.875404
1378.3556719158255,24544.213,18.865261
1378.3584496618864,24590.05,18.880878
1378.3598385348578,24593.098,18.880405
1378.3612274078291,24596.934,18.879778
1378.362616280801,24547.611,18.866663
1378.3640051538887,24592.74,18.879002
1378.365394026861,24598.19,18.875444
1378.3667828998332,24575.445,18.87582
1378.3681717728055,24606.129,18.877779
1378.3695606458941,24642.225,18.895056
1378.370949518866,24576.047,18.872072
1378.3723383918382,24621.42,18.890806
1378.3737272648104,24624.93,18.891134
1378.3751161378975,24643.285,18.896135
1378.376505010869,24633.615,18.894135
1378.3778938838414,24640.107,18.890316
1378.3792827568136,24629.826,18.880089
1378.3806716297859,24625.893,18.887178
1378.3820605028736,24622.795,18.886276
1378.3834493758459,24670.479,18.900097
1378.3848382488181,24643.244,18.90024
1378.38622712179,24609.48,18.882303
1378.3876159947613,24632.074,18.892208
1378.389004867733,24595.527,18.897812
1378.3903937408218,24613.203,18.886538
1378.391782613794,24631.445,18.891756
1378.3931714867654,24645.639,18.89885
1378.3959492327099,24631.395,18.896124
1378.3973381056812,24633.781,18.896786
1378.3987269786535,24630.742,18.895372
1378.4001158516257,24646.816,18.897764
1378.401504724714,24620.273,18.891226
1378.4028935976853,24585.033,18.880821
1378.404282470657,24639.242,18.89243
1378.4056713436294,24624.932,18.892715
1378.4070602166016,24605.88,18.892076
1378.408449089573,24622.53,18.89312
1378.4098379625452,24589.604,18.876808
1378.4112268355175,24610.824,18.89623
1378.4126157084897,24646.986,18.889881
1378.414004581462,24624.51,18.91215
1378.415393454433,24618.705,18.884949
1378.4167823274042,24622.695,18.900972
1378.4181712003765,24624.232,18.893116
1378.4195600733483,24657.727,18.902617
1378.4209489463206,24630.998,18.894634
1378.4223378192928,24586.354,18.887146
1378.423726692265,24589.875,18.880915
1378.4251155652373,24645.121,18.903399
1378.4265044382087,24622.658,18.897537
1378.42789331118,24617.28,18.8834
1378.4292821841518,24619.303,18.889147
1378.4306710571232,24628.824,18.89419
1378.4320599300954,24627.867,18.894857
1378.43483767604,24629.318,18.892876
1378.4362265490122,24630.537,18.897934
1378.437615421984,24616.404,18.893347
1378.4390042949562,24655.674,18.90465
1378.440393167812,24638.67,18.907957
1378.4417820407828,24607.951,18.890512
1378.4431709137543,24654.336,18.911585
1378.4445597867266,24622.61,18.894266
1378.4459486596988,24639.098,18.895653
1378.447337532671,24654.512,18.906652
1378.4487264056424,24590.207,18.895601
1378.4528930244423,24597.383,18.892097
1378.4542818974137,24596.373,18.884338
1378.4556707703855,24626.242,18.896564
1378.4570596433578,24610.291,18.893534
1378.4584485163298,24601.836,18.894445
1378.459837389185,24620.363,18.895767
1378.4612262621572,24623.121,18.882652
1378.4640040081008,24667.402,18.910828
1378.465392881073,24671.457,18.919165
1378.466781753929,24620.018,18.891815
1378.4681706269007,24651.04,18.902308
1378.469559499872,24607.916,18.896685
1378.4709483728438,24612.986,18.892569
1378.4723372456997,24633.396,18.896265
1378.4751149916433,24639.488,18.903837
1378.4765038646156,24623.611,18.896593
1378.4778927374714,24628.67,18.90918
1378.4792816104436,24650.645,18.90049
1378.480670483416,24610.207,18.895445
1378.4820593562704,24657.314,18.901709
1378.4834482292417,24634.479,18.904942
1378.4862259750694,24590.82,18.888668
1378.4876148480416,24615.031,18.894163
1378.489003721014,24611.03,18.887074
1378.4903925938697,24589.13,18.891106
1378.491781466842,24589.295,18.892895
1378.4945592126683,24606.559,18.903826
1378.49594808564,24648.31,18.906752
1378.4973369586114,24637.516,18.909555
1378.4987258314673,24611.982,18.904045
1378.5001147044395,24592.549,18.89124
1378.5015035772954,24657.469,18.914545
1378.5028924502676,24621.146,18.897518
1378.5042813232394,24625.28,18.895374
1378.5056701960953,24587.705,18.897135
1378.5070590690675,24613.852,18.89535
1378.5084479419218,24625.365,18.90817
1378.5098368148933,24612.803,18.905018
1378.5112256877492,24646.68,18.910454
1378.5126145607214,24604.84,18.898542
1378.5140034335773,24608.77,18.898035
1378.5153923065486,24582.602,18.897781
1378.5167811794045,24643.363,18.91011
1378.5181700523767,24627.74,18.908546
1378.519558925232,24599.977,18.898043
1378.5209477982044,24596.91,18.905
1378.5223366710593,24622.785,18.895645
1378.523725544031,24609.795,18.906277
1378.5251144168867,24613.678,18.900787
1378.5265032898583,24609.033,18.899235
1378.5278921627141,24621.13,18.904808
1378.5292810356864,24620.604,18.905138
1378.5306699085413,24618.252,18.908249
1378.5320587815136,24644.008,18.918242
1378.5334476543694,24630.78,18.90109
1378.5376142730515,24615.17,18.908348
1378.5390031460238,24627.625,18.897507
1378.5403920188796,24607.068,18.906645
1378.541780891851,24580.84,18.90644
1378.5431697647068,24628.43,18.909548
1378.5445586375627,24636.666,18.916212
1378.5487252562452,24612.184,18.904018
1378.5515030020724,24580.365,18.898323
1378.5528918749278,24629.207,18.911892
1378.5542807479,24618.861,18.916016
1378.555669620756,24631.344,18.922195
1378.5570584936117,24619.791,18.90633
1378.5584473665838,24618.832,18.91027
1378.559836239439,24634.39,18.914377
1378.5612251122948,24624.385,18.914175
1378.5640028581206,24635.973,18.923359
1378.5653917309764,24623.742,18.915512
1378.5667806038323,24610.03,18.902983
1378.5681694768045,24634.146,18.917614
1378.5695583496604,24603.74,18.91111
1378.5709472225158,24613.098,18.91419
1378.5723360953716,24600.248,18.903835
1378.5737249682275,24597.457,18.905394
1378.5751138411981,24566.375,18.883595
1378.5765027140533,24672.62,18.926504
1378.583447078448,24635.877,18.917849
1378.5862248241592,24607.545,18.907785
1378.5931691885526,24636.773,18.909342
1378.5945580614084,24615.693,18.916245
1378.5959469342642,24627.914,18.912884
1378.5973358071192,24604.314,18.906422
1378.6098356629354,24638.488,18.914536
1378.6306687556507,24629.316,18.937294
1378.6320576285066,24639.611,18.933496
1378.6334465013624,24606.205,18.92211
1378.6348353742178,24647.285,18.93253
1378.6362242469572,24610.164,18.927916
1378.637613119813,24624.244,18.934204
1378.639001992669,24660.598,18.936407
1378.6403908655248,24600.22,18.923767
1378.6417797383797,24625.328,18.923883
1378.6431686112346,24606.275,18.923822
1378.64455748409,24612.531,18.930183
1378.6459463568285,24613.652,18.920053
1378.6473352296844,24604.62,18.917486
1378.6487241025402,24631.895,18.9232
1378.650112975396,24608.602,18.92133
1378.6515018482519,24592.203,18.919752
1378.6528907209909,24618.969,18.9316
1378.6542795938467,24645.914,18.931683
1378.6556684667025,24628.096,18.926556
1378.6570573395568,24607.906,18.92304
1378.6584462122955,24612.941,18.929235
1378.6598350851514,24624.387,18.925417
1378.6612239580072,24616.719,18.918962
1378.662612830863,24624.945,18.929752
1378.6640017036016,24599.555,18.92261
1378.6653905764574,24629.697,18.927866
1378.6667794493133,24669.984,18.944183
1378.6681683220522,24616.5,18.920618
1378.6695571949072,24610.867,18.927183
1378.6709460677625,24586.766,18.92199
1378.672334940502,24630.098,18.935534
1378.6737238133578,24603.025,18.935867
1378.6751126862127,24608.861,18.93039
1378.6765015589522,24616.654,18.937416
1378.677890431808,24615.941,18.92987
1378.679279304663,24647.68,18.939148
1378.6806681774024,24632.738,18.935003
1378.6820570502582,24615.43,18.926401
1378.6834459231136,24626.219,18.928234
1378.684834795852,24597.475,18.925312
1378.6862236687075,24618.225,18.929089
1378.687612541447,24619.416,18.930407
1378.6890014143028,24631.531,18.935125
1378.6903902870413,24616.207,18.934877
1378.6917791598971,24622.127,18.933151
1378.693168032753,24652.107,18.937937
1378.6945569054924,24643.896,18.936815
1378.6959457783482,24633.918,18.93606
1378.6973346510863,24634.852,18.946327
1378.6987235239412,24616.566,18.933641
1378.7001123966807,24619.59,18.929085
1378.701501269536,24630.709,18.938696
1378.7028901422755,24594.781,18.929201
1378.7042790151313,24610.07,18.925812
1378.7056678878707,24648.656,18.942738
1378.7070567607266,24646.275,18.943548
1378.708445633465,24609.36,18.935091
1378.70983450632,24607.781,18.93001
1378.711223379059,24605.229,18.926298
1378.7126122517975,24583.541,18.929146
1378.7140011246534,24613.734,18.929909
1378.7153899973928,24599.426,18.933289
1378.7167788702486,24639.58,18.939968
1378.718167742988,24599.7,18.938513
1378.7195566158434,24617.408,18.93627
1378.7209454885829,24628.117,18.942585
1378.7223343613223,24617.14,18.933165
1378.7237232341765,24613.11,18.947086
1378.7251121069153,24619.463,18.938684
1378.7265009796547,24623.045,18.942266
1378.7278898525105,24614.955,18.938656
1378.72927872525,24602.086,18.937355
1378.7306675979885,24620.115,18.939718
1378.7320564708443,24608.87,18.935339
1378.7334453435838,24634.67,18.942617
1378.7348342163227,24595.395,18.939392
1378.7362230891786,24604.475,18.938942
1378.737611961917,24630.342,18.94483
1378.739000834656,24656.014,18.956856
1378.7403897073953,24617.17,18.942327
1378.7417785802504,24637.518,18.950613
1378.7431674529898,24603.77,18.940453
1378.7445563257293,24627.693,18.942333
1378.7459451984678,24612.393,18.942316
1378.7473340713236,24610.795,18.945755
1378.748722944063,24603.344,18.951372
1378.7501118168025,24595.297,18.937096
1378.7515006895414,24641.174,18.949118
1378.752889562396,24622.332,18.939903
1378.7542784351353,24629.498,18.951445
1378.7556673078748,24630.938,18.943361
1378.7570561806133,24638.44,18.95047
1378.7584450533527,24599.482,18.948006
1378.7598339260921,24615.549,18.944834
1378.761222798948,24653.422,18.963625
1378.7626116716874,24649.014,18.955528
1378.764000544426,24644.31,18.953455
1378.765389417165,24632.086,18.952026
1378.7667782899034,24620.031,18.94819
1378.7681671626424,24614.42,18.94701
1378.7695560353818,24606.582,18.948456
1378.7709449081212,24589.25,18.936926
1378.7723337808607,24633.238,18.963417
1378.7737226537165,24630.629,18.961372
1378.775111526455,24638.496,18.950079
1378.7765003991944,24658.902,18.965406
1378.777889271933,24620.654,18.959888
1378.779278144671,24627.076,18.956738
1378.7806670174105,24652.307,18.963612
1378.7820558901499,24660.201,18.969902
1378.7834447628893,24640.297,18.955875
1378.7848336356287,24626.957,18.947317
1378.7862225083677,24627.547,18.968723
1378.7876113811071,24629.34,18.955193
1378.7890002538466,24644.191,18.971842
1378.790389126585,24628.814,18.960165
1378.7917779993236,24627.906,18.95715
1378.7931668720626,24645.176,18.963032
1378.794555744802,24633.654,18.962545
1378.7959446175414,24643.418,18.960869
1378.7973334901635,24641.277,18.960463
1378.798722362903,24622.408,18.960644
1378.8001112356424,24607.479,18.958656
1378.8015001083813,24610.035,18.959631
1378.8028889811208,24591.03,18.954231
1378.8042778538602,24617.254,18.96391
1378.8056667265987,24654.58,18.97079
1378.8070555993374,24643.771,18.976595
1378.8084444720762,24605.37,18.957415
1378.8098333446992,24593.984,18.957085
1378.8112222174386,24601.352,18.965414
1378.8126110901771,24612.59,18.967337
1378.8139999629166,24627.781,18.971529
1378.815388835656,24640.018,18.980335
1378.8167777083954,24650.799,18.981266
1378.8181665810184,24598.379,18.957819
1378.8195554537565,24615.305,18.969305
1378.8209443264955,24619.396,18.970724
1378.822333199235,24597.373,18.965603
1378.823722071857,24611.25,18.962894
1378.8251109445964,24620.219,18.972372
1378.8264998173358,24650.264,18.97868
1378.8278886900753,24622.133,18.972713
1378.8292775626983,24614.32,18.970001
1378.8306664354368,24633.646,18.970537
1378.8320553081758,24597.39,18.96967
1378.8334441807979,24642.402,18.985874
1378.8348330535368,24619.586,18.97476
1378.8362219262763,24640.791,18.976965
1378.8376107990157,24596.918,18.972664
1378.8389996716387,24633.154,18.980843
1378.840388544378,24634.066,18.976646
1378.8417774170002,24614.027,18.978838
1378.8431662897397,24618.354,18.972721
1378.844555162479,24622.703,18.98566
1378.8459440351007,24610.664,18.978357
1378.8473329078392,24645.047,18.996244
1378.8487217805787,24620.66,18.979057
1378.8501106532017,24584.006,18.971731
1378.851499525941,24606.771,18.98312
1378.8528883985637,24616.52,18.981598
1378.854277271303,24634.58,18.992542
1378.855666143926,24628.555,18.97882
1378.8570550166646,24597.81,18.977373
1378.858443889404,24591.877,18.978842
1378.8598327620261,24622.143,18.98389
1378.8612216347651,24603.305,18.97898
1378.8626105073881,24603.74,18.978033
1378.8639993801266,24597.605,18.981
1378.8653882527497,24631.139,18.98197
1378.866777125489,24619.549,18.981928
1378.8681659981116,24622.8,18.987043
1378.869554870851,24613.85,18.989187
1378.870943743474,24628.219,18.989332
1378.872332616097,24636.605,18.993351
1378.8737214888356,24630.258,18.996864
1378.8751103614572,24581.473,18.97754
1378.8764992341967,24630.514,18.995834
1378.8778881068197,24638.76,18.997395
1378.8792769795582,24614.572,18.986813
1378.8806658521812,24635.018,18.995413
1378.8820547248042,24613.424,18.989676
1378.8834435975436,24663.5,19.005724
1378.8848324701667,24614.67,18.99431
1378.8862213427892,24592.3,18.978487
1378.8876102155277,24623.143,18.99281
1378.8889990881503,24642.355,19.001642
1378.8903879607724,24620.557,18.996458
1378.8917768335118,24631.766,19.004612
1378.8931657061348,24663.477,19.003557
1378.8945545787578,24632.123,19.00089
1378.8959434514973,24612.447,18.993465
1378.8973323241194,24580.006,18.978592
1378.8987211967424,24622.893,18.995424
1378.9001100694818,24616.062,18.997417
1378.9014989421034,24649.8,19.007435
1378.902887814726,24641.75,19.007812
1378.904276687349,24636.54,19.001728
1378.905665559972,24616.057,19.00192
1378.9070544327112,24596.29,18.996098
1378.9084433053335,24625.828,18.99811
1378.9098321779566,24648.658,19.013042
1378.9112210505796,24585.545,19.001724
1378.912609923318,24586.969,18.992247
1378.9139987959406,24623.855,19.011719
1378.9153876685627,24603.555,19.00725
1378.9167765411858,24609.611,19.009634
1378.9181654138088,24625.328,19.009996
1378.9195542864313,24618.578,19.003448
1378.9209431590543,24637.26,19.01934
1378.9223320317938,24601.049,19.011112
1378.9237209044159,24599.227,19.006836
1378.9251097770389,24623.59,19.007088
1378.9264986496619,24587.045,19.002768
1378.927887522284,24622.434,19.009457
1378.9292763949065,24607.166,19.006216
1378.9306652675286,24605.838,19.006176
1378.9320541401516,24612.797,19.012482
1378.9334430127747,24645.596,19.02727
1378.9348318853972,24591.809,19.011105
1378.9362207580202,24629.17,19.011631
1378.9376096306432,24627.365,19.019537
1378.9389985032662,24646.988,19.024145
1378.940387375889,24645.033,19.021875
1378.9417762485105,24620.031,19.008705
1378.943165121133,24640.916,19.025816
1378.944553993756,24607.227,19.0149
1378.9459428663781,24593.31,19.01641
1378.9473317390011,24575.16,19.012386
1378.9487206116241,24595.805,19.018187
1378.9501094842472,24595.182,19.01015
1378.9514983568702,24600.41,19.02148
1378.9528872294927,24641.32,19.025051
1378.9542761021157,24604.533,19.015024
1378.9556649747378,24621.307,19.03813
1378.957053847243,24628.572,19.025652
1378.958442719866,24618.982,19.021097
1378.959831592489,24614.463,19.033342
1378.961220465112,24636.414,19.039413
1378.962609337735,24604.902,19.022398
1378.9639982103572,24588.371,19.017597
1378.9653870829802,24631.023,19.034676
1378.9667759554868,24622.006,19.030615
1378.9681648281094,24619.814,19.054117
1378.9695537007315,24654.268,19.044163
1378.970942573354,24621.557,19.03814
1378.972331445977,24629.406,19.04072
1378.9737203184834,24575.756,19.019693
1378.9751091911057,24639.184,19.048414
1378.9764980637287,24611.635,19.030056
1378.9778869363518,24614.008,19.040316
1378.9792758088574,24599.379,19.034819
1378.9806646814804,24614.354,19.036715
1378.9820535541035,24626.754,19.04003
1378.9834424266096,24621.975,19.042822
1378.9848312992317,24631.16,19.0502
1378.9862201718543,24634.59,19.042664
1378.9876090443609,24623.3,19.043234
1378.9889979169839,24636.238,19.045633
1378.990386789606,24635.492,19.050976
1378.9917756621126,24629.662,19.051016
1378.9931645347356,24641.764,19.057825
1378.9945534073586,24621.205,19.047855
1378.9959422798652,24631.852,19.05807
1378.9973311524868,24604.027,19.043137
1378.9987200249925,24610.96,19.044012
1379.0001088976155,24617.041,19.05065
1379.001497770238,24647.967,19.062803
1379.0028866427447,24620.746,19.06303
1379.0042755153677,24609.207,19.057253
1379.0056643878743,24624.777,19.062172
1379.007053260497,24634.904,19.062885
1379.008442133003,24574.953,19.048306
1379.009831005626,24629.568,19.061958
1379.0112198781317,24652.902,19.0677
1379.0126087507533,24623.637,19.063444
1379.01399762326,24636.713,19.062288
1379.015386495883,24608.2,19.06904
1379.0167753683895,24601.168,19.053904
1379.0181642410125,24617.895,19.059208
1379.0195531135187,24602.61,19.058834
1379.0209419861417,24600.092,19.060486
1379.0223308586483,24629.182,19.068388
1379.023719731154,24614.277,19.075895
1379.025108603776,24612.916,19.074533
1379.0264974762822,24616.148,19.07831
1379.0278863489052,24650.062,19.074575
1379.0292752214118,24627.475,19.078667
1379.0306640939175,24646.0,19.08997
1379.0320529665405,24622.559,19.075714
1379.033441839047,24595.834,19.073277
1379.0348307115532,24621.752,19.087078
1379.0362195841763,24600.752,19.070961
1379.037608456682,24637.55,19.093662
1379.0389973291872,24624.143,19.076456
1379.0403862018102,24641.01,19.091595
1379.0417750743168,24629.975,19.08602
1379.0431639468234,24610.855,19.091162
1379.04455281933,24608.783,19.082977
1379.045941691952,24618.832,19.092302
1379.0473305644587,24611.39,19.086271
1379.0487194369653,24624.88,19.086983
1379.0501083094714,24622.793,19.085932
1379.0514971820935,24620.793,19.08568
1379.0528860545996,24627.617,19.086998
1379.0542749271062,24595.941,19.080637
1379.0556637996128,24604.932,19.084927
1379.0570526721185,24607.408,19.093517
1379.058441544625,24590.05,19.082684
1379.0598304172481,24637.143,19.09721
1379.0612192897538,24642.521,19.102377
1379.0626081622604,24650.215,19.102531
1379.063997034767,24615.95,19.095594
1379.0653859072731,24638.303,19.097754
1379.0667747797788,24628.799,19.099857
1379.068163652285,24595.986,19.098747
1379.0695525247916,24627.152,19.102793
1379.0709413972982,24589.926,19.093323
1379.0723302699203,24590.145,19.099575
1379.0737191424269,24631.145,19.097729
1379.0751080149334,24626.625,19.10781
1379.07649688744,24630.885,19.103903
1379.0778857599466,24618.842,19.101728
1379.0792746324519,24624.422,19.102894
1379.0806635049576,24625.326,19.106546
1379.0820523774642,24627.635,19.112879
1379.0834412499703,24623.232,19.104683
1379.084830122477,24619.51,19.103735
1379.0862189949835,24615.035,19.100445
1379.08760786749,24609.898,19.101284
1379.0889967398803,24638.492,19.114624
1379.090385612386,24611.164,19.094454
1379.0917744848925,24617.99,19.112146
1379.0931633573982,24669.13,19.122902
1379.0945522299035,24645.836,19.119062
1379.09594110241,24626.883,19.108854
1379.0973299749166,24653.664,19.122187
1379.0987188474232,24617.734,19.110765
1379.1001077199298,24606.68,19.11508
1379.1014965923196,24627.004,19.119764
1379.1028854648262,24599.19,19.112669
1379.1042743373328,24650.816,19.119957
1379.1056632098384,24606.059,19.110287
1379.1070520823444,24696.672,19.136772
1379.1084409547339,24618.004,19.120398
1379.1098298272404,24627.96,19.122435
1379.111218699747,24611.857,19.112276
1379.1126075722527,24641.912,19.121439
1379.1139964447593,24616.416,19.120224
1379.1153853171495,24579.885,19.121552
1379.1167741896556,24651.684,19.13216
1379.1181630621622,24624.098,19.12074
1379.1195519345524,24611.049,19.115185
1379.120940807058,24606.045,19.124115
1379.122329679564,24646.22,19.135736
1379.1237185519535,24577.543,19.107597
1379.12510742446,24605.422,19.112139
1379.1264962969667,24615.438,19.125992
1379.127885169356,24633.107,19.130524
1379.1292740418626,24635.21,19.130905
1379.1306629143692,24594.426,19.123724
1379.1320517867593,24617.277,19.129898
1379.133440659266,24622.525,19.12612
1379.1348295316548,24599.969,19.124464
1379.136218404161,24595.29,19.128374
1379.1376072766675,24607.865,19.12048
1379.1389961490568,24616.69,19.126709
1379.1403850215634,24599.04,19.130669
1379.1417738939535,24647.346,19.132124
1379.1431627664601,24593.088,19.121712
1379.1445516388503,24617.035,19.136513
1379.145940511356,24597.459,19.130657
1379.1473293837462,24630.37,19.132494
1379.1487182562523,24625.29,19.13793
1379.1501071286411,24610.693,19.135612
1379.1514960011477,24618.568,19.130846
1379.152884873538,24639.678,19.142546
1379.1542737460445,24604.201,19.131636
1379.1556626184347,24587.1,19.124971
1379.157051490824,24606.023,19.131775
1379.1584403633306,24615.168,19.133205
1379.1598292357207,24633.611,19.141874
1379.1612181082264,24587.639,19.123497
1379.1626069806161,24599.236,19.136787
1379.1639958530054,24610.127,19.13509
1379.165384725512,24618.855,19.140076
1379.1667735979022,24644.031,19.144184
1379.168162470292,24651.852,19.145224
1379.1695513427985,24644.29,19.142498
1379.1709402151887,24591.484,19.132387
1379.172329087578,24604.037,19.137472
1379.1737179600846,24638.48,19.139963
1379.1751068324747,24647.385,19.154606
1379.176495704864,24577.447,19.138346
1379.1778845772537,24616.285,19.140188
1379.1792734497594,24599.21,19.140682
1379.1806623221496,24611.217,19.143608
1379.1820511945398,24613.123,19.14529
1379.1834400669295,24628.17,19.148563
1379.1848289393197,24616.314,19.147795
1379.1862178118263,24598.238,19.135817
1379.1876066842165,24612.027,19.154703
1379.1889955566066,24624.066,19.148302
1379.1903844289952,24630.031,19.148493
1379.1917733013847,24635.525,19.149212
1379.193162173775,24610.943,19.154467
1379.1945510461642,24611.117,19.141434
1379.1959399186708,24645.717,19.15248
1379.197328791061,24598.043,19.154486
1379.1987176634511,24629.121,19.148552
1379.2001065358413,24634.633,19.155855
1379.201495408231,24655.658,19.169613
1379.2028842806212,24624.584,19.153482
1379.2042731530105,24625.227,19.149355
1379.2056620253993,24640.135,19.157232
1379.2070508977895,24612.84,19.162
1379.2084397701797,24606.863,19.157593
1379.2098286425698,24604.86,19.160015
1379.21121751496,24616.246,19.165756
1379.2126063873493,24629.97,19.163105
1379.2139952597395,24608.516,19.157547
1379.2153841321297,24630.607,19.175629
1379.2167730045194,24634.39,19.163584
1379.2181618769087,24598.96,19.163826
1379.2195507492984,24631.75,19.175907
1379.2209396216886,24638.97,19.170403
1379.222328493962,24631.19,19.167274
1379.2237173663516,24612.188,19.166666
1379.2251062387418,24603.605,19.183386
1379.226495111132,24652.365,19.18768
1379.2278839835212,24626.014,19.16734
1379.2292728559114,24600.227,19.173164
1379.2306617283016,24631.2,19.172464
1379.232050600575,24609.64,19.170467
1379.2334394729642,24626.318,19.183727
1379.234828345354,24617.371,19.170437
1379.236217217744,24606.26,19.172014
1379.2376060901342,24589.752,19.169437
1379.238994962407,24618.773,19.178629
1379.2403838347973,24606.104,19.186602
1379.2417727071875,24624.717,19.18541
1379.2431615795776,24594.44,19.177477
1379.2445504518514,24629.629,19.177052
1379.2459393242402,24617.05,19.193085
1379.2473281966295,24617.447,19.18607
1379.2487170689033,24581.957,19.182793
1379.250105941293,24620.404,19.195286
1379.2514948136832,24618.303,19.19358
1379.252883685957,24609.451,19.193556
1379.254272558347,24600.867,19.1958
1379.2556614307373,24621.967,19.19458
1379.2570503030101,24638.693,19.204666
1379.2584391754003,24577.809,19.192677
1379.2598280476732,24614.398,19.200037
1379.261216920062,24632.197,19.20363
1379.2626057923358,24601.723,19.204176
1379.263994664726,24573.875,19.200949
1379.2653835371161,24618.377,19.201576
1379.26677240939,24616.588,19.218689
1379.2681612817796,24588.92,19.198044
1379.2695501540534,24621.373,19.203085
1379.2709390264436,24643.498,19.216782
1379.2723278987164,24626.857,19.2151
1379.2737167711057,24631.219,19.216686
1379.275105643379,24597.055,19.209272
1379.2764945156528,24661.0,19.230476
1379.277883388043,24603.2,19.221556
1379.2792722603158,24612.266,19.215166
1379.280661132706,24598.766,19.221478
1379.2820500049797,24601.914,19.215883
1379.283438877253,24624.758,19.21914
1379.2848277496432,24601.04,19.230957
1379.286216621917,24602.725,19.225445
1379.2876054943063,24635.146,19.231222
1379.2889943665793,24612.273,19.24229
1379.2903832388524,24592.145,19.23285
1379.2917721112426,24606.744,19.229757
1379.2931609835164,24622.604,19.238186
1379.2945498557892,24576.91,19.227425
1379.295938728063,24623.273,19.240393
1379.2973276004532,24602.66,19.240427
1379.298716472727,24609.498,19.2373
1379.3001053450007,24601.365,19.244484
1379.301494217273,24595.396,19.233854
1379.3028830896628,24589.209,19.239176
1379.3042719619366,24606.863,19.25353
1379.3056608342094,24623.117,19.249582
1379.3070497064832,24661.455,19.259819
1379.308438578757,24602.285,19.249441
1379.3098274511472,24621.463,19.258892
1379.311216323421,24592.75,19.254076
1379.3126051956938,24630.293,19.261097
1379.3139940679675,24599.568,19.254623
1379.3153829402409,24651.242,19.274694
1379.3167718125133,24600.334,19.262535
1379.318160684787,24627.523,19.26998
1379.3195495570608,24626.873,19.270107
1379.3209384293345,24609.057,19.264612
1379.322327301608,24610.518,19.261478
1379.3237161738812,24609.059,19.273108
1379.3251050462713,24649.508,19.290445
1379.326493918545,24624.932,19.279966
1379.327882790818,24619.807,19.280067
1379.3292716630913,24606.225,19.280403
1379.3306605353641,24608.494,19.28061
1379.3320494075215,24616.162,19.283115
1379.3334382797952,24645.133,19.296116
1379.3362160243423,24607.35,19.280104
1379.337604896616,24626.496,19.291443
1379.338993768889,24609.375,19.288496
1379.3403826411627,24616.56,19.29557
1379.3417715134365,24588.484,19.282167
1379.3431603857102,24613.826,19.291079
1379.344549257983,24611.857,19.295385
1379.345938130139,24624.184,19.306662
1379.3473270024128,24623.129,19.305052
1379.3487158746866,24635.14,19.30887
1379.35010474696,24605.771,19.294624
1379.3514936192337,24619.746,19.316002
1379.3528824915074,24594.86,19.30344
1379.3542713636648,24666.451,19.333296
1379.3556602359386,24638.584,19.326397
1379.3570491082114,24628.375,19.312767
1379.3584379804843,24633.943,19.320621
1379.3598268526412,24629.523,19.322847
1379.3626045971878,24608.578,19.326641
1379.3639934693451,24590.607,19.319445
1379.365382341619,24604.064,19.328562
1379.3667712138927,24593.973,19.31966
1379.3695489583233,24605.54,19.331383
1379.370937830597,24633.094,19.34108
1379.3723267027528,24623.982,19.33417
1379.3751044471833,24611.418,19.341438
1379.376493319457,24639.861,19.3357
1379.3778821916144,24593.78,19.334284
1379.3792710638872,24632.986,19.352135
1379.380659936161,24613.105,19.348858
1379.3820488083184,24643.666,19.354465
1379.3834376805917,24640.367,19.358355
1379.384826552749,24610.354,19.348047
1379.3862154250219,24626.963,19.355183
1379.3876042971788,24617.0,19.356205
1379.3889931694523,24633.99,19.361042
1379.390382041609,24614.008,19.35552
1379.3917709137663,24659.465,19.368195
1379.39315978604,24622.732,19.362898
1379.3945486581965,24596.707,19.363176
1379.3959375304703,24583.867,19.356445
1379.3973264026276,24597.025,19.361471
1379.398715274785,24593.182,19.359127
1379.4001041470583,24624.645,19.37029
1379.4014930192143,24626.914,19.377535
1379.4028818913716,24606.78,19.374392
1379.4042707636454,24632.045,19.376963
1379.4056596358018,24595.648,19.370008
1379.4070485079592,24614.846,19.374086
1379.408437380233,24588.678,19.37743
1379.4098262523903,24643.656,19.387146
1379.4112151245477,24609.885,19.38124
1379.412603996704,24616.932,19.393095
1379.4139928689774,24614.959,19.386938
1379.4153817411338,24607.926,19.389864
1379.4167706132907,24599.209,19.384493
1379.418159485448,24605.982,19.393581
1379.4195483576054,24632.646,19.397478
1379.4209372298792,24611.377,19.388245
1379.4223261020363,24637.053,19.40249
1379.423714974193,24592.549,19.396994
1379.4251038463503,24659.46,19.406704
1379.4264927185077,24592.793,19.401077
1379.4278815906637,24653.53,19.413551
1379.42927046282,24635.742,19.409384
1379.4306593349775,24633.338,19.41651
1379.4320482071348,24627.3,19.418251
1379.4334370794086,24621.799,19.414318
1379.4348259515655,24578.959,19.399359
1379.4362148237228,24623.492,19.418423
1379.4376036958802,24633.334,19.416103
1379.4389925680366,24643.104,19.423386
1379.440381440194,24576.668,19.412373
1379.4417703123504,24625.639,19.422386
1379.4431591843909,24593.447,19.412025
1379.4445480565482,24634.588,19.431162
1379.4459369287047,24640.475,19.432713
1379.447325800862,24629.484,19.434214
1379.4487146730194,24621.377,19.424147
1379.4501035451763,24620.594,19.428272
1379.4514924173336,24626.516,19.439272
1379.452881289491,24619.418,19.44277
1379.4542701616483,24615.875,19.446838
1379.4556590338047,24640.59,19.44094
1379.4570479058443,24618.795,19.43148
1379.4584367780017,24614.441,19.439592
1379.459825650159,24579.879,19.430655
1379.4612145223155,24626.518,19.4432
1379.4626033944728,24624.324,19.450544
1379.4639922665137,24644.988,19.455694
1379.465381138671,24616.541,19.44415
1379.4667700108284,24617.617,19.457285
1379.4681588829853,24598.064,19.447037
1379.4695477550263,24651.35,19.468868
1379.4709366271827,24614.844,19.455725
1379.4723254993387,24619.121,19.462166
1379.4737143713796,24599.248,19.45298
1379.475103243537,24608.125,19.467947
1379.4764921156943,24631.877,19.470695
1379.4778809877353,24606.666,19.460505
1379.4792698598917,24589.588,19.460625
1379.4806587319326,24612.01,19.471882
1379.48204760409,24640.562,19.47421
1379.4834364762469,24627.982,19.47366
1379.484825348287,24631.494,19.487083
1379.4862142204438,24623.803,19.48614
1379.4876030924838,24623.227,19.48129
1379.4889919646412,24603.436,19.47754
1379.490380836682,24659.184,19.496677
1379.4917697088395,24604.71,19.485842
1379.4931585808804,24596.643,19.486464
1379.4945474530368,24608.783,19.482002
1379.4959363250778,24641.012,19.496391
1379.497325197235,24586.871,19.494488
1379.4987140692747,24608.273,19.487883
1379.5001029413152,24626.152,19.495995
1379.5014918134725,24620.326,19.50366
1379.5028806855134,24618.574,19.505266
1379.5042695576708,24632.738,19.50754
1379.5056584297108,24602.775,19.508066
1379.5070473017518,24624.842,19.511595
1379.508436173909,24613.307,19.508205
1379.5098250459491,24610.879,19.512934
1379.51121391799,24629.246,19.516516
1379.512602790147,24622.912,19.513
1379.513991662187,24618.066,19.518974
1379.515380534228,24635.605,19.52155
1379.5167694062684,24598.781,19.519857
1379.5181582784257,24664.799,19.541594
1379.5195471504667,24642.8,19.534685
1379.5209360225067,24638.332,19.527561
1379.5223248945476,24625.932,19.523684
1379.5237137665886,24640.893,19.540773
1379.525102638746,24667.969,19.544445
1379.526491510786,24649.59,19.538708
1379.5278803828255,24623.906,19.537579
1379.5292692548664,24589.152,19.53887
1379.5306581269074,24627.334,19.54064
1379.5320469989479,24645.639,19.551632
1379.5334358709888,24605.375,19.550114
1379.5348247430297,24660.03,19.560987
1379.5362136150707,24642.432,19.555437
1379.5376024871116,24609.46,19.553389
1379.5389913591516,24627.092,19.564003
1379.5403802311916,24610.203,19.554207
1379.5417691032321,24634.723,19.564102
1379.5431579752722,24605.178,19.562859
1379.544546847313,24620.35,19.561268
1379.545935719354,24620.857,19.574804
1379.547324591395,24611.758,19.560284
1379.548713463436,24620.777,19.56469
1379.5501023354764,24663.887,19.58765
1379.5514912075173,24614.611,19.564472
1379.5528800795582,24631.242,19.572844
1379.5542689515983,24611.736,19.568289
1379.5556578236385,24612.76,19.564287
1379.5570466956788,24638.016,19.58498
1379.5584355676033,24605.227,19.573397
1379.5598244396442,24611.37,19.578117
1379.5612133116842,24648.209,19.590551
1379.5626021837252,24619.016,19.58392
1379.563991055766,24608.623,19.58472
1379.5653799276902,24584.754,19.569767
1379.566768799731,24628.049,19.589632
1379.568157671772,24620.818,19.594313
1379.569546543812,24612.79,19.593197
1379.5709354157361,24653.74,19.604057
1379.5723242877762,24611.338,19.597523
1379.573713159817,24621.596,19.59826
1379.5751020317416,24616.666,19.591322
1379.5764909037816,24636.406,19.603905
1379.5778797758226,24631.396,19.602043
1379.579268647747,24609.238,19.594406
1379.580657519788,24645.113,19.602161
1379.5820463917125,24631.668,19.610117
1379.583435263752,24632.373,19.608555
1379.5848241357926,24621.877,19.607243
1379.586213007717,24641.727,19.612734
1379.5876018797571,24609.244,19.614456
1379.5889907516816,24641.518,19.619526
1379.5903796237226,24619.832,19.606127
1379.591768495647,24653.291,19.6182
1379.593157367688,24619.518,19.623234
1379.5945462396116,24619.29,19.620567
1379.5959351116526,24639.049,19.625463
1379.5973239835766,24665.41,19.640297
1379.5987128554998,24590.846,19.609505
1379.6001017275407,24639.262,19.625284
1379.6014905994653,24623.834,19.619234
1379.6028794715062,24612.342,19.628405
1379.6042683434307,24645.33,19.636507
1379.6056572153543,24644.479,19.623405
1379.6070460873952,24628.791,19.629017
1379.6084349593198,24670.174,19.643402
1379.6098238312434,24596.473,19.61158
1379.6112127032843,24617.281,19.623549
1379.6126015752084,24672.824,19.644407
1379.613990447132,24632.25,19.635845
1379.6153793190565,24608.6,19.62849
1379.616768191097,24630.803,19.628145
1379.6181570630215,24612.191,19.631363
1379.619545934946,24617.193,19.62472
1379.6209348068696,24604.469,19.628094
1379.6223236787941,24629.174,19.636934
1379.6237125507187,24637.895,19.636738
1379.6251014227596,24672.703,19.650633
1379.6264902946832,24646.684,19.638445
1379.6278791666064,24631.867,19.636879
1379.6292680385309,24631.871,19.652634
1379.6306569104554,24613.38,19.638592
1379.6320457823795,24646.625,19.646046
1379.633434654304,24652.527,19.641079
1379.6348235262285,24583.297,19.628408
1379.636212398153,24600.271,19.642963
1379.6376012700775,24622.352,19.638504
1379.6389901420011,24608.174,19.630148
1379.6403790139248,24659.861,19.655558
1379.6417678858488,24640.459,19.64558
1379.6431567577724,24654.758,19.655256
1379.644545629697,24626.873,19.646616
1379.6459345016215,24663.371,19.648458
1379.647323373546,24600.043,19.648449
1379.6487122454705,24648.814,19.646294
1379.6501011173946,24618.227,19.640253
1379.651489989319,24616.928,19.648785
1379.6528788611272,24643.035,19.657917
1379.6542677330501,24627.746,19.647486
1379.655656604974,24639.482,19.64698
1379.6570454768985,24621.0,19.639565
1379.658434348823,24635.416,19.645723
1379.659823220631,24617.033,19.645557
1379.6612120925547,24634.17,19.641386
1379.6626009644792,24640.309,19.638193
1379.6639898364037,24659.34,19.654959
1379.6653787082114,24654.383,19.647623
1379.666767580136,24624.74,19.633057
1379.6681564520604,24640.957,19.653542
1379.6695453238676,24619.275,19.638723
1379.6709341957917,24603.393,19.63416
1379.6723230677153,24633.451,19.649836
1379.6737119395234,24620.465,19.640856
1379.675100811448,24614.898,19.642536
1379.676489683255,24596.723,19.627493
1379.6778785551796,24633.242,19.64481
1379.6792674271042,24602.64,19.630312
1379.6806562989123,24618.084,19.653137
1379.6820451708368,24612.422,19.646093
1379.6834340426435,24596.209,19.637741
1379.6848229145676,24619.807,19.641478
1379.6862117863757,24622.62,19.649591
1379.6876006582993,24577.83,19.63037
1379.6889895301074,24617.64,19.637407
1379.690378402032,24615.643,19.63949
1379.69176727384,24586.986,19.635204
1379.6931561456481,24629.287,19.644785
1379.6945450175717,24615.975,19.64377
1379.6959338893798,24617.49,19.645224
1379.6973227611875,24611.045,19.644695
1379.6987116331106,24617.203,19.642874
1379.7001005049187,24569.045,19.634504
1379.7014893767268,24642.842,19.656086
1379.7028782486514,24592.945,19.641714
1379.7042671204595,24628.3,19.656551
1379.7056559922667,24638.754,19.65076
1379.7070448641912,24608.707,19.643902
1379.7084337359993,24628.24,19.6605
1379.7098226078065,24634.494,19.655483
1379.7112114796141,24620.125,19.656755
1379.7126003514213,24615.467,19.65181
1379.7139892233458,24635.424,19.661257
1379.715378095154,24618.445,19.658394
1379.7167669669616,24597.768,19.64699
1379.7181558387697,24629.164,19.657784
1379.7195447105778,24645.834,19.665316
1379.720933582385,24588.697,19.656384
1379.722322454193,24621.002,19.657703
1379.7237113260012,24629.295,19.660408
1379.7251001978093,24624.639,19.6642
1379.7264890696165,24628.264,19.663021
1379.7278779415396,24627.434,19.660381
1379.7292668133477,24630.94,19.669079
1379.7306556850394,24606.096,19.663382
1379.732044556847,24631.047,19.668339
1379.7334334286552,24635.975,19.671307
1379.7348223004633,24642.787,19.684452
1379.7362111722714,24631.393,19.668818
1379.7376000440795,24615.389,19.668667
1379.7389889158867,24600.863,19.682732
1379.740377787694,24680.127,19.688189
1379.7417666595015,24632.11,19.68703
1379.7431555313087,24648.066,19.689573
1379.7445444030004,24618.201,19.678566
1379.7459332748085,24616.943,19.680925
1379.7473221466166,24628.283,19.684101
1379.7487110184247,24625.463,19.686632
1379.7500998902324,24654.414,19.68841
1379.751488761924,24636.492,19.700783
1379.7528776337322,24642.307,19.705862
1379.7542665055387,24622.062,19.700632
1379.755655377346,24626.182,19.700924
1379.7570442490378,24611.447,19.692595
1379.758433120846,24634.191,19.704927
1379.759821992654,24623.877,19.699352
1379.7612108643448,24606.35,19.704903
1379.7625997361529,24620.947,19.704176
1379.7639886078446,24631.928,19.71028
1379.7667663514603,24648.787,19.71546
1379.768155223152,24605.566,19.70681
1379.7695440949592,24677.967,19.729746
1379.7709329666504,24628.867,19.715918
1379.7723218384576,24599.621,19.713898
1379.7737107101493,24622.102,19.721996
1379.7750995819574,24581.354,19.71925
1379.7764884536482,24642.094,19.725317
1379.7778773254563,24616.81,19.72933
1379.779266197148,24609.21,19.723616
1379.7806550688397,24604.338,19.72853
1379.783432812338,24604.863,19.73033
1379.7848216841458,24657.766,19.746279
1379.7862105558374,24651.072,19.74257
1379.7875994275282,24641.537,19.735708
1379.7889882993363,24602.549,19.732183
1379.790377171028,24615.164,19.744604
1379.7917660427197,24639.963,19.751476
1379.7931549144114,24611.443,19.739449
1379.7945437862186,24637.303,19.75083
1379.7959326579103,24621.71,19.749685
1379.7973215296015,24603.598,19.742844
1379.7987104012918,24614.637,19.760315
1379.8000992729835,24633.584,19.763346
1379.8014881447916,24655.049,19.778748
1379.8028770164833,24628.87,19.75943
1379.804265888175,24655.064,19.773455
1379.8056547598658,24591.674,19.75832
1379.8070436315575,24632.271,19.785065
1379.8084325032492,24640.092,19.779488
1379.80982137494,24618.373,19.768616
1379.8112102466316,24610.428,19.771578
1379.8125991183229,24645.596,19.783957
1379.8139879900136,24666.557,19.80069
1379.8153768617053,24623.713,19.778177
1379.8167657333966,24606.355,19.784435
1379.8181546050882,24623.906,19.794285
1379.81954347678,24607.89,19.788025
1379.8209323484707,24595.975,19.787592
1379.8223212201624,24624.9,19.799997
1379.823710091854,24623.4,19.800543
1379.8250989635458,24632.834,19.81433
1379.8264878352365,24636.406,19.800447
1379.8278767069269,24638.436,19.800852
1379.8292655785021,24623.037,19.809052
1379.8306544501938,24573.91,19.795067
1379.832043321885,24611.916,19.814096
1379.8334321935768,24617.281,19.822987
1379.8348210652684,24654.488,19.819565
1379.8362099368437,24611.785,19.821974
1379.8375988085354,24605.475,19.815968
1379.8389876802262,24641.322,19.820835
1379.840376551917,24639.865,19.83364
1379.8417654234918,24631.97,19.82876
1379.8431542951826,24624.385,19.829617
1379.8445431668742,24643.889,19.837986
1379.8459320384495,24642.514,19.833706
1379.8473209101412,24617.074,19.838587
1379.8487097817165,24649.145,19.841795
1379.8500986534077,24642.322,19.857218
1379.8514875250994,24646.035,19.850801
1379.8528763966747,24651.357,19.86319
1379.8542652683655,24629.854,19.849766
1379.85565413994,24636.238,19.84872
1379.857043011631,24619.158,19.85275
1379.8584318832063,24663.432,19.863943
1379.859820754898,24616.062,19.85673
1379.8612096264724,24630.977,19.858929
1379.8625984980476,24636.256,19.868305
1379.8639873697393,24624.408,19.866013
1379.8653762413142,24612.258,19.86189
1379.8667651130058,24613.963,19.862556
1379.868153984581,24650.01,19.879318
1379.8695428561555,24615.473,19.86164
1379.8709317278467,24630.297,19.872244
1379.872320599421,24622.262,19.867805
1379.8737094709963,24621.137,19.88068
1379.8750983425716,24643.998,19.877438
1379.8764872142624,24631.506,19.883726
1379.8778760858377,24585.188,19.875118
1379.879264957413,24613.617,19.876282
1379.8806538289882,24619.582,19.87856
1379.88204270068,24603.654,19.88777
1379.8834315722538,24675.836,19.895126
1379.8848204438286,24615.252,19.894611
1379.886209315404,24651.266,19.900927
1379.8875981869783,24660.688,19.903212
1379.8889870585535,24625.404,19.88864
1379.8903759301288,24659.164,19.901144
1379.891764801704,24630.676,19.895288
1379.8931536732794,24592.125,19.900341
1379.8945425448537,24647.588,19.90277
1379.895931416429,24633.941,19.907999
1379.8973202880043,24647.572,19.916233
1379.8987091595782,24610.818,19.911873
1379.900098031153,24611.24,19.911959
1379.9014869027283,24654.65,19.92147
1379.9028757743035,24579.56,19.898447
1379.9042646458788,24581.016,19.91045
1379.9056535174532,24593.38,19.90907
1379.9070423890284,24626.588,19.917011
1379.9084312606037,24621.377,19.925756
1379.909820132178,24646.404,19.948141
1379.911209003637,24627.062,19.939861
1379.9125978752118,24617.576,19.92548
1379.9139867467861,24601.996,19.935255
1379.9167644898198,24649.074,19.940105
1379.9195422329703,24591.293,19.936813
1379.9209311045447,24603.344,19.93593
1379.9223199760036,24601.076,19.94122
1379.9237088475788,24569.67,19.930107
1379.9250977191532,24590.404,19.947517
1379.926486590612,24610.24,19.960331
1379.9278754621869,24646.076,19.95783
1379.9292643336448,24618.775,19.952824
1379.93065320522,24630.246,19.966381
1379.9320420766785,24635.193,19.969158
1379.9334309482538,24581.166,19.946936
1379.934819819829,24616.664,19.97052
1379.936208691287,24669.441,19.984306
1379.9375975627459,24605.725,19.963524
1379.9389864343211,24640.27,19.969135
1379.94037530578,24592.922,19.962564
1379.9417641773543,24638.633,19.983915
1379.9431530488118,24628.611,19.986492
1379.944541920387,24627.395,19.98356
1379.945930791846,24620.64,19.981295
1379.9473196633044,24641.803,19.985098
1379.9487085348796,24621.23,19.98234
1379.9500974063385,24625.494,19.985975
1379.9514862777974,24659.006,19.986465
1379.9528751493726,24648.064,19.99822
1379.9542640208306,24626.133,19.996853
1379.9556528922888,24630.945,20.004042
1379.957041763747,24635.094,19.998875
1379.9584306352049,24639.041,20.019354
1379.9598195067801,24632.082,19.995626
1379.961208378239,24618.518,20.00464
1379.9625972496979,24610.07,19.999397
1379.9639861211567,24610.154,19.99918
1379.9653749926151,24596.254,20.002977
1379.966763864074,24620.686,20.01215
1379.9681527355328,24656.328,20.028435
1379.9695416069908,24673.5,20.02092
1379.9709304784492,24644.5,20.024866
1379.9723193500236,24605.855,20.01751
1379.9737082214824,24576.037,20.00857
1379.9750970929413,24654.852,20.0265
1379.9764859642828,24628.094,20.02729
1379.9778748357417,24619.047,20.022223
1379.9792637072005,24599.977,20.017656
1379.980652578659,24610.088,20.020502
1379.9820414501178,24608.23,20.026905
1379.9834303215766,24607.455,20.020676
1379.9848191930346,24644.025,20.035902
1379.986208064493,24633.062,20.037558
1379.987596935951,24669.31,20.05428
1379.9889858072934,24594.646,20.032421
1379.9903746787522,24622.77,20.037313
1379.9917635502102,24642.188,20.039272
1379.993152421669,24606.207,20.049566
1379.9945412930115,24629.906,20.057838
1379.9959301644703,24607.648,20.042055
1379.9973190359292,24647.748,20.052202
1379.9987079072712,24618.879,20.053225
1380.0000967787291,24615.365,20.050095
1380.0014856501875,24647.598,20.068485
1380.002874521529,24634.87,20.052362
1380.004263392988,24594.385,20.053808
1380.0056522643304,24636.111,20.06641
1380.0070411357892,24604.348,20.063261
1380.008430007248,24665.92,20.06914
1380.0098188785896,24628.441,20.058369
1380.0112077500485,24607.834,20.065601
1380.012596621391,24637.537,20.071255
1380.0139854928484,24621.12,20.06223
1380.0153743641904,24583.084,20.067146
1380.0167632355328,24619.35,20.074102
1380.0181521069917,24656.775,20.076412
1380.0195409783341,24591.492,20.070457
1380.020929849792,24643.824,20.087133
1380.0223187211345,24611.143,20.072195
1380.023707592477,24660.316,20.078491
1380.025096463935,24626.473,20.087503
1380.0264853352774,24666.27,20.099243
1380.0278742066198,24655.438,20.09042
1380.0292630779618,24645.36,20.089157
1380.0306519494197,24641.416,20.086052
1380.0320408207617,24642.967,20.097187
1380.0334296921042,24631.076,20.102133
1380.0348185634466,24633.162,20.095594
1380.0362074347881,24650.977,20.096867
1380.0375963061306,24630.18,20.104565
1380.0389851775894,24658.883,20.102638
1380.0403740489319,24634.525,20.109442
1380.0417629202743,24615.494,20.087568
1380.0431517916154,24586.266,20.091097
1380.044540662957,24609.717,20.104801
1380.0459295342994,24589.902,20.089977
1380.0473184056414,24577.463,20.097479
1380.0487072769838,24632.26,20.115719
1380.0500961483262,24628.662,20.113104
1380.0514850196687,24624.648,20.115753
1380.0528738910111,24622.514,20.111624
1380.0542627623527,24611.475,20.116537
1380.0556516335787,24649.385,20.123655
1380.0570405049211,24630.846,20.117807
1380.0584293762622,24618.29,20.117418
1380.0598182476037,24635.027,20.129545
1380.0612071189462,24647.967,20.134472
1380.0625959902886,24610.943,20.129827
1380.0639848615147,24633.713,20.129044
1380.0653737328566,24614.451,20.134695
1380.066762604199,24621.38,20.128578
1380.0681514755415,24594.746,20.128885
1380.0695403467666,24605.105,20.128918
1380.070929218109,24618.844,20.13414
1380.0723180894508,24626.652,20.137218
1380.0737069606762,24626.867,20.142319
1380.0750958320186,24622.838,20.134817
1380.0764847032438,24629.201,20.143234
1380.0778735745862,24622.701,20.139692
1380.0792624459286,24593.236,20.13834
1380.0806513171542,24616.84,20.137535
1380.0820401884966,24649.24,20.1472
1380.0834290597227,24618.105,20.138771
1380.0848179310651,24600.16,20.147156
1380.0862068022911,24610.93,20.145126
1380.0875956735158,24614.045,20.13743
1380.0889845448573,24642.705,20.145443
1380.0903734160834,24654.129,20.164022
1380.091762287425,24666.307,20.16508
1380.093151158651,24636.145,20.156067
1380.0973177724454,24621.16,20.152542
1380.098706643671,24636.94,20.15512
1380.100095514897,24605.4,20.153189
1380.1014843862386,24640.438,20.164316
1380.1028732574632,24606.455,20.157475
1380.1042621286892,24643.137,20.166847
1380.1056509999153,24573.9,20.161081
1380.1070398711413,24567.3,20.145452
1380.1084287424837,24628.252,20.182066
1380.1098176137089,24607.363,20.170782
1380.1112064849349,24606.834,20.167398
1380.112595356161,24629.5,20.169895
1380.1139842273865,24614.396,20.164568
1380.1153730986125,24621.99,20.16866
1380.1167619698376,24614.457,20.17711
1380.1181508410632,24608.775,20.158297
1380.1195397122892,24617.17,20.174084
1380.1209285835143,24623.68,20.17789
1380.1223174547404,24624.734,20.178873
1380.1237063259664,24602.633,20.178432
1380.1250951971915,24609.264,20.17096
1380.1264840684175,24645.041,20.188963
1380.1278729395272,24622.088,20.187445
1380.1292618107532,24647.945,20.186554
1380.1306506819788,24624.97,20.1818
1380.1320395532034,24676.162,20.199705
1380.1334284244294,24635.727,20.1897
1380.134817295539,24600.215,20.189243
1380.1362061667642,24630.271,20.191229
1380.1375950379902,24605.863,20.188398
1380.1389839090998,24624.53,20.194998
1380.1403727803258,24665.6,20.200577
1380.1417616515519,24645.705,20.196373
1380.1431505226606,24646.982,20.196362
1380.1445393938866,24606.074,20.195747
1380.1459282651122,24629.818,20.200428
1380.1473171362204,24602.834,20.17782
1380.1487060074464,24664.016,20.211405
1380.150094878556,24646.852,20.210678
1380.151483749782,24619.45,20.186592
1380.1528726208917,24653.604,20.20959
1380.1542614921168,24611.324,20.192888
1380.1556503632264,24653.742,20.205297
1380.1570392344524,24584.209,20.18438
1380.1584281055611,24592.613,20.195532
1380.1598169766703,24585.635,20.207268
1380.1612058478954,24615.89,20.194958
1380.162594719005,24596.875,20.192104
1380.1639835901146,24605.47,20.193361
1380.1653724613402,24632.88,20.198732
1380.1667613324498,24597.742,20.19487
1380.1681502035594,24575.361,20.18495
1380.1695390746681,24622.28,20.206179
1380.1709279458942,24674.008,20.216366
1380.1723168170038,24657.963,20.213596
1380.1737056881134,24631.879,20.201527
1380.175094559222,24633.604,20.226063
1380.1764834303303,24617.46,20.198671
1380.17787230144,24612.652,20.20503
1380.1792611725496,24659.031,20.211092
1380.1806500436587,24633.389,20.210764
1380.1820389148847,24634.354,20.212215
1380.1834277859944,24629.232,20.215015
1380.184816657104,24632.592,20.220196
1380.1862055282136,24622.717,20.20922
1380.1875943992059,24593.25,20.197353
1380.1889832703148,24629.05,20.203693
1380.1903721414237,24568.346,20.188189
1380.1917610125324,24636.818,20.204338
1380.193149883642,24611.947,20.200464
1380.1945387547516,24605.848,20.210703
1380.1959276258613,24657.191,20.204159
1380.1973164969709,24666.277,20.217463
1380.1987053679636,24600.613,20.198471
1380.2000942390732,24623.504,20.212582
1380.2014831101828,24628.709,20.218811
1380.205649723393,24632.305,20.20939
1380.2070385945026,24616.627,20.213383
1380.2084274654958,24628.09,20.198868
1380.2098163366045,24574.703,20.192945
1380.211205207714,24597.588,20.203247
1380.2125940787073,24615.041,20.207703
1380.2139829498165,24616.096,20.20674
1380.2153718208097,24620.072,20.20477
1380.2167606919193,24624.76,20.211828
1380.2181495629125,24631.84,20.213715
1380.2195384340212,24628.34,20.212517
1380.220927305013,24613.71,20.202965
1380.2223161761226,24656.305,20.219877
1380.2237050471158,24642.5,20.211285
1380.225093918108,24612.871,20.21336
1380.2264827892177,24629.318,20.209333
1380.227871660211,24650.879,20.209753
1380.229260531204,24627.215,20.203663
1380.2306494023137,24601.773,20.199898
1380.2320382733064,24622.998,20.197958
1380.2334271442987,24651.879,20.209753
1380.2348160152915,24603.59,20.212753
1380.2362048864002,24603.074,20.203531
1380.2375937573934,24673.172,20.21612
1380.2389826283866,24630.314,20.203539
1380.2403714993798,24613.049,20.212013
1380.241760370373,24612.55,20.191317
1380.2431492413652,24663.219,20.220541
1380.2445381123584,24623.4,20.198675
1380.2459269833516,24612.395,20.209286
1380.2473158543444,24637.957,20.215153
1380.248704725453,24647.701,20.20025
1380.2500935963294,24624.914,20.202362
1380.2514824673226,24583.664,20.19314
1380.2528713383158,24617.23,20.197367
1380.254260209308,24625.252,20.200186
1380.2556490803013,24613.06,20.196644
1380.2570379512945,24614.037,20.20439
1380.2584268222868,24626.715,20.201145
1380.25981569328,24620.22,20.187376
1380.2612045642732,24614.152,20.201447
1380.2625934351495,24647.34,20.203749
1380.2639823061418,24633.209,20.198053
1380.2653711771345,24621.875,20.188932
1380.2667600481277,24616.389,20.190893
1380.2681489190045,24642.674,20.202154
1380.27092666099,24637.547,20.187996
1380.2723155318668,24625.51,20.19179
1380.27370440286,24640.547,20.201876
1380.2750932738531,24617.777,20.187101
1380.276482144729,24624.04,20.187757
1380.2792598865976,24644.365,20.192286
1380.2806487575904,24601.662,20.177925
1380.2820376284672,24617.584,20.18888
1380.2834264994603,24615.285,20.181873
1380.2848153703371,24629.393,20.183353
1380.288981983083,24604.27,20.18555
1380.2903708540762,24586.863,20.181229
1380.291759724952,24620.307,20.173552
1380.2945374667042,24639.29,20.186073
1380.2959263376974,24591.793,20.159464
1380.2973152085742,24617.28,20.175253
1380.2987040794505,24664.072,20.197514
1380.3000929503273,24627.438,20.17911
1380.301481821204,24627.764,20.186323
1380.3028706921964,24601.424,20.172165
1380.3042595630732,24627.361,20.18245
1380.30564843395,24599.832,20.170433
1380.307037304826,24622.225,20.171524
1380.3084261757022,24598.059,20.160257
1380.309815046578,24628.1,20.171455
1380.3112039174548,24607.436,20.17305
1380.3125927883316,24594.463,20.1621
1380.313981659208,24612.191,20.166782
1380.3153705300847,24644.924,20.171518
1380.3167594009615,24613.252,20.169092
1380.3181482718383,24626.783,20.17351
1380.3195371425986,24647.982,20.174358
1380.3209260134745,24644.707,20.178999
1380.3223148843508,24604.998,20.16063
1380.3237037552267,24605.97,20.163061
1380.3250926261026,24658.225,20.17161
1380.326481496863,24640.762,20.171633
1380.3278703677397,24637.09,20.161507
1380.3292592386165,24605.445,20.152832
1380.3306481094933,24624.955,20.166113
1380.3320369802532,24616.887,20.157711
1380.33342585113,24624.812,20.1523
1380.3348147218903,24612.271,20.154543
1380.3362035927662,24640.78,20.15944
1380.3375924636425,24604.482,20.140766
1380.338981334402,24623.086,20.156185
1380.3403702052788,24624.209,20.151974
1380.3417590760391,24659.441,20.15994
1380.343147946915,24610.307,20.151844
1380.3445368176754,24591.021,20.135653
1380.3459256885521,24630.363,20.161837
1380.347314559312,24640.938,20.148905
1380.3487034300724,24642.771,20.149244
1380.3514811717087,24636.281,20.14363
1380.3528700424686,24606.355,20.139347
1380.3542589133444,24587.71,20.135141
1380.3570366548652,24639.262,20.14094
1380.3584255256246,24608.123,20.133667
1380.3598143965014,24598.004,20.132692
1380.3612032672618,24660.953,20.14501
1380.3625921380217,24658.61,20.151325
1380.3653698795424,24637.508,20.14024
1380.3667587503019,24660.984,20.146675
1380.3681476210618,24627.61,20.138699
1380.3695364918212,24631.25,20.14725
1380.3709253625816,24609.695,20.129063
1380.372314233342,24650.07,20.153337
1380.3737031041017,24642.56,20.137491
1380.3750919748618,24679.24,20.156588
1380.3778697163825,24684.139,20.150902
1380.3792585871429,24613.041,20.128456
1380.3806474579028,24633.805,20.139912
1380.3820363285458,24644.934,20.13624
1380.3834251993057,24631.623,20.143791
1380.3848140700652,24612.65,20.128534
1380.3862029408256,24605.387,20.129652
1380.3875918114695,24639.693,20.124247
1380.3889806822299,24632.416,20.123472
1380.3903695529903,24641.824,20.146383
1380.3917584236333,24609.193,20.126804
1380.3931472943937,24642.748,20.147415
1380.394536165154,24623.793,20.12534
1380.3973139065565,24584.18,20.110723
1380.3987027772005,24598.91,20.132338
1380.4014805186048,24605.531,20.127342
1380.4028693893642,24626.572,20.127977
1380.4056471306521,24610.504,20.126238
1380.4070360014118,24632.842,20.126009
1380.4084248720555,24626.951,20.12844
1380.409813742816,24608.023,20.124609
1380.4112026134594,24629.18,20.1419
1380.4125914841024,24630.316,20.134754
1380.413980354746,24589.775,20.121058
1380.4153692255063,24619.082,20.12653
1380.4167580961503,24599.059,20.119616
1380.4181469667933,24602.87,20.125004
1380.4195358374373,24637.824,20.138609
1380.4209247080812,24626.375,20.130886
1380.4223135787252,24654.9,20.146095
1380.4237024494855,24610.354,20.127422
1380.4250913201286,24603.521,20.131327
1380.426480190772,24599.926,20.14125
1380.427869061415,24616.758,20.136518
1380.4292579320586,24613.582,20.135204
1380.4306468027025,24620.66,20.133408
1380.4320356733465,24614.967,20.131493
1380.433424543874,24666.215,20.155357
1380.434813414518,24631.111,20.14459
1380.436202285161,24614.791,20.133482
1380.437591155805,24554.275,20.130718
1380.4403688970915,24614.504,20.148766
1380.4417577676181,24596.133,20.13374
1380.444535508906,24612.611,20.14186
1380.44592437955,24620.777,20.141191
1380.447313250077,24603.36,20.135712
1380.448702120721,24602.04,20.143732
1380.450090991365,24600.32,20.150723
1380.4514798618916,24618.676,20.144762
1380.4528687325355,24621.244,20.14749
1380.454257603063,24622.94,20.154581
1380.4570353442332,24612.855,20.155436
1380.4584242148762,24607.484,20.150356
1380.4598130854038,24653.615,20.152805
1380.4625908265748,24590.967,20.156378
1380.4639796971023,24568.81,20.146933
1380.4653685677463,24621.943,20.165545
1380.4667574382738,24586.672,20.158455
1380.4681463088014,24615.191,20.16647
1380.4695351794444,24597.977,20.161581
1380.4709240499715,24600.65,20.16162
