time,flux,flux_err
1325.2966258808235,9262.704,12.471729
1325.2980147804474,9271.197,12.47647
1325.299403680013,9290.673,12.498974
1325.3007925795785,9262.817,12.483087
1325.3021814792023,9277.714,12.492529
1325.303570378768,9260.417,12.487941
1325.3049592783916,9268.42,12.487627
1325.3063481780152,9267.215,12.484974
1325.307737077639,9252.614,12.486145
1325.309125977263,9276.093,12.492971
1325.3105148768866,9279.656,12.501593
1325.3119037765102,9290.626,12.508321
1325.3132926761343,9288.617,12.508824
1325.3146815757586,9258.725,12.493155
1325.3160704753825,9271.366,12.495854
1325.3174593750637,9273.819,12.516551
1325.318848274688,9279.161,12.514286
1325.32023717437,9270.971,12.502837
1325.3216260740512,9249.609,12.496677
1325.3230149736758,9268.015,12.508636
1325.3244038733578,9257.163,12.5096245
1325.325792773039,9268.922,12.509201
1325.3271816727217,9292.551,12.528421
1325.3285705724036,9287.139,12.521002
1325.329959472085,9274.707,12.51525
1325.331348371826,9270.503,12.521792
1325.3327372715084,9260.533,12.512792
1325.3341261711905,9275.305,12.521303
1325.3355150709306,9279.792,12.534017
1325.3369039706126,9289.983,12.541572
1325.338292870353,9278.658,12.546976
1325.339681770093,9279.078,12.538155
1325.341070669833,9256.287,12.53205
1325.3424595695733,9267.092,12.53782
1325.3438484692554,9284.398,12.5462885
1325.3452373690536,9275.083,12.546639
1325.3466262687946,9290.998,12.55789
1325.3480151685346,9261.907,12.549275
1325.3494040682742,9261.464,12.549066
1325.3507929680734,9263.14,12.553432
1325.3521818678134,9249.057,12.553171
1325.3535707676112,9271.601,12.56626
1325.354959667352,9251.012,12.5587635
1325.3563485671505,9266.249,12.580286
1325.357737466948,9282.176,12.576737
1325.3591263666888,9277.678,12.583932
1325.3605152664875,9268.011,12.58473
1325.361904166285,9282.261,12.589648
1325.363293066084,9255.302,12.578791
1325.3646819659414,9270.637,12.586204
1325.3660708657392,9265.594,12.585606
1325.3674597655374,9281.067,12.595894
1325.3688486653366,9265.327,12.607826
1325.3702375651924,9257.626,12.590128
1325.3716264649909,9275.005,12.604812
1325.3730153648482,9268.902,12.610392
1325.3744042647047,9277.275,12.615685
1325.3757931645612,9288.502,12.6191
1325.3771820643597,9282.413,12.621878
1325.3785709642164,9277.711,12.626248
1325.3799598640728,9267.788,12.6179085
1325.3813487639293,9277.103,12.628485
1325.3827376638449,9251.285,12.6220045
1325.3841265637016,9290.002,12.649448
1325.3855154635573,9263.681,12.633107
1325.3869043634147,9275.384,12.649297
1325.3882932633294,9277.079,12.646859
1325.3896821631854,9265.088,12.650176
1325.391071063101,9287.953,12.656531
1325.3924599630157,9259.5625,12.655573
1325.3938488628717,9267.3955,12.655736
1325.3952377627872,9282.768,12.663579
1325.396626662702,9282.952,12.654078
1325.3980155626161,9281.296,12.667364
1325.3994044625315,9278.259,12.675723
1325.4007933624468,9262.631,12.676392
1325.402182262361,9290.885,12.688887
1325.403571162334,9266.462,12.67665
1325.4049600622495,9273.484,12.676999
1325.4063489621637,9268.346,12.687403
1325.4077378621366,9270.839,12.687527
1325.4091267620522,9260.5205,12.674435
1325.410515662025,9300.181,12.705313
1325.4119045619982,9280.1455,12.700297
1325.4132934619713,9270.92,12.70348
1325.414682361886,9272.154,12.701372
1325.4160712618589,9280.187,12.709009
1325.4174601618322,9273.025,12.715402
1325.4188490618058,9278.794,12.71235
1325.4202379617789,9281.223,12.715954
1325.4216268618093,9282.043,12.732009
1325.4230157617828,9289.969,12.736453
1325.424404661756,9284.203,12.7255745
1325.4257935617863,9283.135,12.730764
1325.4271824617601,9280.218,12.752618
1325.4285713617915,9258.366,12.727175
1325.4299602617637,9277.197,12.740052
1325.4313491617957,9263.373,12.730323
1325.4327380618267,9277.911,12.741741
1325.4341269618574,9283.347,12.743538
1325.4355158618894,9276.224,12.743478
1325.4369047619211,9267.696,12.745236
1325.4382936619515,9282.9375,12.757132
1325.439682561983,9275.508,12.752804
1325.4410714620149,9266.202,12.7499075
1325.4424603620453,9278.413,12.761917
1325.4438492620766,9272.407,12.762087
1325.4452381621666,9280.921,12.766562
1325.4466270621972,9272.087,12.764736
1325.4480159622865,9281.354,12.784603
1325.4494048623185,9294.2705,12.777277
1325.4507937624078,9321.398,12.792803
1325.4521826624975,9279.734,12.781445
1325.4535715625868,9291.102,12.796653
1325.4549604626188,9250.905,12.77515
1325.4563493627081,9270.523,12.789879
1325.457738262797,9273.498,12.78534
1325.459127162887,9286.2,12.799272
1325.4605160630347,9289.554,12.802115
1325.4619049631233,9282.973,12.813757
1325.4632938632133,9293.482,12.810441
1325.464682763303,9263.825,12.810881
1325.4660716634498,9272.146,12.806978
1325.4674605635398,9282.963,12.808872
1325.4688494636875,9258.936,12.811137
1325.4702383637762,9298.897,12.8261385
1325.4716272639246,9287.185,12.827374
1325.473016164073,9265.428,12.82199
1325.4744050642198,9282.38,12.830838
1325.4757939643093,9298.244,12.841797
1325.4771828644577,9292.766,12.843823
1325.4785717646046,9285.654,12.840705
1325.4799606647523,9260.699,12.834771
1325.4813495649587,9295.737,12.854153
1325.4827384651055,9288.459,12.851238
1325.4841273652532,9280.481,12.855744
1325.4855162654014,9258.623,12.849337
1325.4869051656067,9271.193,12.857767
1325.4882940657542,9273.061,12.86577
1325.4896829659608,9287.532,12.863858
1325.4910718661092,9291.622,12.874415
1325.492460766315,9289.144,12.875989
1325.4938496665202,9290.206,12.877817
1325.4952385666686,9264.785,12.872888
1325.4966274668743,9269.679,12.885554
1325.4980163670796,9280.866,12.890743
1325.4994052672862,9281.465,12.896595
1325.500794167492,9284.221,12.894476
1325.5021830676972,9288.276,12.907953
1325.5035719679036,9268.61,12.899932
1325.5049608681095,9270.051,12.893592
1325.5063497683727,9269.723,12.895833
1325.5077386685791,9287.826,12.913701
1325.5091275687857,9270.723,12.911902
1325.5105164690492,9292.1,12.920903
1325.511905369255,9286.485,12.916936
1325.5132942695197,9278.418,12.925746
1325.514683169725,9267.835,12.921636
1325.516072069989,9292.08,12.939842
1325.5174609702538,9286.918,12.935702
1325.518849870517,9271.117,12.934031
1325.5202387707811,9310.736,12.960215
1325.521627671046,9283.907,12.943419
1325.5230165713092,9285.658,12.949627
1325.5244054715733,9266.312,12.943821
1325.525794371838,9284.725,12.963489
1325.527183272102,9272.728,12.956282
1325.528572172366,9281.471,12.962305
1325.52996107263,9289.611,12.96916
1325.531349972953,9274.994,12.963422
1325.5327388732169,9280.712,12.97326
1325.5341277735386,9270.199,12.971027
1325.5355166738034,9294.349,12.990256
1325.5369055741255,9304.141,12.993599
1325.5382944744472,9273.289,12.989885
1325.539683374712,9279.264,12.986418
1325.5410722750341,9290.222,12.98737
1325.5424611753558,9265.557,12.9807625
1325.5438500756788,9258.733,12.995766
1325.5452389760017,9287.524,13.006233
1325.546627876323,9268.53,12.995384
1325.5480167766455,9276.629,13.008671
1325.5494056769683,9295.805,13.014536
1325.55079457729,9294.581,13.028193
1325.552183477612,9291.069,13.02346
1325.5535723779933,9296.874,13.021362
1325.554961278315,9270.73,13.029331
1325.556350178637,9271.042,13.0176325
1325.5577390790183,9283.927,13.037218
1325.5591279793405,9288.121,13.028859
1325.560516879721,9272.16,13.024691
1325.5619057801016,9284.713,13.035107
1325.5632946804237,9288.284,13.04015
1325.564683580804,9301.052,13.046586
1325.5660724811846,9256.184,13.025861
1325.5674613815652,9270.818,13.035839
1325.5688502819455,9280.302,13.04659
1325.5702391822679,9279.2,13.047002
1325.571628082707,9298.535,13.058827
1325.5730169830877,9297.063,13.065883
1325.5744058834673,9302.394,13.060261
1325.5757947838486,9279.093,13.052489
1325.5771836842298,9276.202,13.054969
1325.5785725846094,9272.0625,13.05536
1325.5799614850482,9300.409,13.0720825
1325.5813503854295,9281.854,13.066462
1325.5827392858673,9273.975,13.063287
1325.5841281862479,9286.275,13.06774
1325.585517086687,9297.979,13.070197
1325.5869059870668,9275.405,13.078891
1325.5882948875055,9267.612,13.064646
1325.5896837879448,9281.308,13.075877
1325.5910726883828,9298.746,13.07842
1325.5924615888214,9300.3955,13.09306
1325.5938504892026,9263.667,13.073212
1325.5952393896414,9291.652,13.084564
1325.5966282900802,9300.595,13.097156
1325.5980171905187,9301.169,13.09101
1325.5994060910155,9282.825,13.080734
1325.6007949914542,9276.638,13.081455
1325.602183891893,9283.851,13.092045
1325.6035727923315,9267.253,13.08084
1325.6049616928285,9298.315,13.097115
1325.6063505932673,9295.172,13.101877
1325.6077394937065,9305.072,13.096379
1325.6091283942035,9320.467,13.111354
1325.6105172946413,9293.819,13.100111
1325.6119061951388,9281.1875,13.095634
1325.6132950956364,9274.969,13.100656
1325.6146839960745,9295.755,13.095227
1325.6160728965713,9287.054,13.09871
1325.617461797069,9282.977,13.09853
1325.6188506975652,9281.235,13.097619
1325.6202395980038,9295.909,13.105708
1325.6216284985014,9298.935,13.10838
1325.6230173989975,9289.988,13.101422
1325.6244062994945,9295.05,13.103029
1325.6257952000503,9269.851,13.08761
1325.6271841005464,9279.998,13.098904
1325.6285730010434,9261.045,13.086626
1325.6299619015408,9296.982,13.103344
1325.6313508020378,9290.7,13.106919
1325.6327397025927,9269.784,13.089855
1325.6341286030895,9283.246,13.108864
1325.6355175036447,9268.846,13.0942
1325.6369064041417,9288.427,13.102831
1325.6382953046966,9285.396,13.098015
1325.6396842051936,9280.307,13.104022
1325.6410731057488,9297.572,13.113459
1325.6424620063037,9288.155,13.109731
1325.6438509068005,9298.179,13.102612
1325.6452398073557,9264.685,13.079771
1325.6466287079108,9278.331,13.094868
1325.6480176084665,9284.974,13.093548
1325.6494065090221,9289.683,13.11286
1325.6507954095766,9281.206,13.085321
1325.6521843101318,9248.078,13.076496
1325.6535732106875,9309.396,13.099134
1325.654962111242,9305.848,13.103155
1325.656351011797,9297.706,13.105207
1325.6577399123528,9281.17,13.090548
1325.6591288129655,9294.726,13.100133
1325.6605177135204,9277.72,13.084974
1325.6619066140763,9282.172,13.0808735
1325.663295514689,9281.608,13.09149
1325.664684415244,9271.523,13.087315
1325.666073315858,9280.26,13.087492
1325.667462216413,9297.909,13.091378
1325.6688511170262,9270.237,13.077109
1325.6702400176396,9283.895,13.083712
1325.6716289181948,9280.679,13.086552
1325.673017818808,9288.955,13.092217
1325.6744067194213,9282.285,13.09742
1325.6757956200347,9287.5,13.083452
1325.6771845206479,9290.756,13.093304
1325.6785734212028,9262.452,13.073332
1325.6799623218162,9290.054,13.086829
1325.68135122243,9272.238,13.080811
1325.6827401231017,9277.107,13.07604
1325.6841290237141,9290.617,13.084519
1325.6855179243282,9288.155,13.088256
1325.6869068249416,9269.982,13.081913
1325.688295725555,9258.544,13.07063
1325.689684626227,9288.582,13.091503
1325.6910735268395,9275.116,13.082496
1325.692462427453,9272.542,13.075785
1325.693851328125,9275.369,13.082656
1325.6952402287377,9265.43,13.081415
1325.696629129409,9288.493,13.094937
1325.6980180300231,9303.73,13.088849
1325.6994069306947,9282.173,13.087052
1325.7007958313081,9277.888,13.093789
1325.7021847319795,9294.659,13.097807
1325.703573632651,9306.443,13.08643
1325.7049625333225,9286.106,13.089933
1325.7063514339359,9288.731,13.087296
1325.7077403346073,9293.731,13.101742
1325.7091292352789,9295.343,13.09708
1325.7105181359505,9298.591,13.086667
1325.7119070366218,9263.49,13.0774555
1325.7132959372932,9282.435,13.091413
1325.7146848379648,9290.772,13.099319
1325.7160737386364,9284.027,13.096127
1325.7174626393667,9287.7705,13.09014
1325.7188515400383,9277.992,13.114159
1325.7202404407092,9285.908,13.101905
1325.7216293413812,9312.055,13.107704
1325.723018242111,9286.45,13.09648
1325.7244071427817,9288.578,13.093299
1325.7257960434538,9292.411,13.109207
1325.7271849441836,9270.135,13.090618
1325.7285738448552,9280.86,13.102405
1325.7299627455855,9274.684,13.088731
1325.7313516463144,9288.01,13.102029
1325.7327405469862,9294.409,13.107395
1325.7341294477164,9274.502,13.091541
1325.7355183484462,9273.947,13.100132
1325.7369072491176,9283.201,13.105829
1325.7382961498472,9298.86,13.112527
1325.739685050577,9288.298,13.110186
1325.7410739513068,9302.845,13.116197
1325.7424628520364,9280.891,13.105892
1325.7438517527662,9285.006,13.105639
1325.745240653496,9291.735,13.119737
1325.7466295542256,9297.601,13.121711
1325.7480184549552,9277.824,13.10693
1325.749407355685,9301.235,13.117897
1325.7507962564148,9272.557,13.108705
1325.7521851571444,9268.346,13.116145
1325.753574057933,9296.479,13.127099
1325.7549629586626,9294.176,13.1240635
1325.7563518593918,9284.719,13.125628
1325.7577407601805,9289.367,13.126407
1325.75912966091,9262.481,13.111474
1325.7605185616392,9301.203,13.13551
1325.7619074624276,9283.665,13.129947
1325.7632963631575,9294.49,13.136287
1325.7646852639446,9287.512,13.125198
1325.766074164733,9280.766,13.129185
1325.767463065463,9295.649,13.138698
1325.7688519662508,9292.45,13.133504
1325.7702408670395,9272.044,13.139028
1325.7716297677691,9306.97,13.147733
1325.773018668557,9274.506,13.150929
1325.774407569345,9286.122,13.138216
1325.775796470133,9280.746,13.137707
1325.7771853709207,9302.821,13.145599
1325.7785742717087,9273.048,13.143554
1325.7799631724968,9288.567,13.145992
1325.7813520732846,9296.988,13.149284
1325.7827409740723,9264.909,13.141676
1325.7841298748604,9271.814,13.144333
1325.7855187756488,9286.595,13.153036
1325.7869076764368,9262.62,13.146936
1325.788296577224,9272.852,13.144248
1325.7896854780126,9299.741,13.155596
1325.7910743788589,9273.532,13.144954
1325.792463279646,9288.213,13.157208
1325.7938521804347,9283.818,13.159036
1325.7952410812807,9288.591,13.159798
1325.796629982068,9288.387,13.1703615
1325.798018882915,9266.221,13.150136
1325.7994077837027,9274.702,13.151544
1325.8007966845482,9271.914,13.155557
1325.802185585337,9293.206,13.170318
1325.8035744861836,9285.584,13.161184
1325.8049633870298,9281.594,13.153114
1325.8063522878176,9292.714,13.166177
1325.8077411886636,9270.312,13.1598625
1325.8091300895098,9276.204,13.157357
1325.810518990356,9297.912,13.160978
1325.8119078911438,9260.043,13.158255
1325.8132967919898,9312.44,13.176799
1325.8146856928363,9258.351,13.156628
1325.8160745936823,9286.282,13.165216
1325.8174634945283,9287.877,13.168529
1325.8188523953745,9269.68,13.164054
1325.8202412962207,9274.812,13.164876
1325.8216301970674,9292.517,13.16678
1325.8230190979136,9304.9375,13.171869
1325.8244079987592,9303.607,13.177634
1325.825796899664,9286.26,13.17033
1325.8271858005103,9288.102,13.182286
1325.8285747013556,9263.238,13.16118
1325.8299636022023,9276.951,13.174312
1325.8313525031067,9294.357,13.173268
1325.832741403952,9276.728,13.17396
1325.834130304799,9286.944,13.16843
1325.8355192057031,9290.254,13.184064
1325.8369081065487,9308.396,13.199
1325.8382970074538,9279.252,13.167229
1325.8396859083007,9283.488,13.175466
1325.8410748092042,9284.195,13.172079
1325.8424637100504,9277.1875,13.171301
1325.8438526109553,9274.959,13.16826
1325.8452415118597,9280.629,13.169431
1325.8466304127057,9307.814,13.179441
1325.84801931361,9294.951,13.177021
1325.8494082145146,9284.116,13.172116
1325.8507971154188,9273.202,13.164854
1325.8521860162648,9293.186,13.175635
1325.8535749171692,9289.371,13.16882
1325.8549638180737,9274.266,13.1584215
1325.8563527189779,9283.319,13.165761
1325.857741619883,9282.396,13.1602545
1325.8591305207872,9285.408,13.165761
1325.860519421691,9298.358,13.167953
1325.861908322596,9266.127,13.152457
1325.8632972235002,9288.172,13.159171
1325.864686124404,9264.554,13.152468
1325.8660750253089,9293.001,13.16398
1325.8674639262715,9284.275,13.15516
1325.868852827175,9301.856,13.166269
1325.87024172808,9269.524,13.15477
1325.871630628985,9275.74,13.144479
1325.873019529947,9265.803,13.139431
1325.8744084308512,9291.572,13.157443
1325.8757973317563,9289.784,13.143376
1325.8771862327183,9278.434,13.138222
1325.8785751336225,9291.274,13.139813
1325.8799640345858,9290.708,13.136913
1325.8813529354893,9292.825,13.136403
1325.882741836452,9284.3125,13.139794
1325.884130737357,9305.09,13.148769
1325.8855196383195,9270.903,13.117908
1325.8869085392237,9261.636,13.111936
1325.8882974401863,9298.145,13.130413
1325.8896863411494,9277.745,13.112395
1325.891075242112,9290.684,13.122693
1325.8924641430156,9292.895,13.116467
1325.8938530439789,9302.186,13.131039
1325.8952419449415,9272.281,13.1097555
1325.8966308459032,9294.389,13.129743
1325.8980197468666,9293.095,13.121404
1325.8994086477708,9268.04,13.111577
1325.9007975487327,9286.372,13.119378
1325.902186449696,9278.219,13.116674
1325.9035753506585,9294.237,13.115467
1325.9049642516204,9287.459,13.104743
1325.9063531525837,9300.58,13.11083
1325.9077420535468,9284.658,13.105043
1325.9091309545668,9280.965,13.105858
1325.9105198555294,9307.309,13.105715
1325.9119087564925,9265.798,13.09057
1325.9132976574545,9269.741,13.096836
1325.9146865584169,9265.195,13.104363
1325.9160754593802,9288.447,13.096881
1325.9174643604003,9270.202,13.08583
1325.9188532613628,9272.673,13.0873375
1325.920242162326,9291.933,13.112706
1325.9216310633462,9301.671,13.097052
1325.9230199643087,9282.235,13.090463
1325.9244088653302,9302.434,13.09599
1325.9257977662933,9293.027,13.096507
1325.927186667256,9285.33,13.088638
1325.9285755682758,9294.9,13.091164
1325.929964469239,9289.767,13.095811
1325.93135337026,9286.871,13.097441
1325.93274227128,9278.619,13.07835
1325.934131172243,9288.113,13.089368
1325.935520073264,9293.05,13.093375
1325.9369089742838,9298.244,13.08592
1325.9382978752471,9281.486,13.087004
1325.9396867762678,9286.207,13.080463
1325.941075677288,9289.994,13.089767
1325.9424645783095,9280.691,13.07546
1325.9438534792728,9305.026,13.088799
1325.9452423802927,9295.31,13.079382
1325.9466312813136,9288.554,13.079226
1325.9480201823349,9285.514,13.076267
1325.9494090833548,9277.186,13.065175
1325.9507979843756,9278.934,13.075051
1325.952186885397,9273.571,13.0740185
1325.953575786417,9288.982,13.079753
1325.954964687438,9274.92,13.072723
1325.9563535884593,9288.525,13.080767
1325.95774248948,9290.582,13.078181
1325.959131390501,9293.858,13.074491
1325.9605202915216,9288.28,13.077479
1325.9619091925422,9310.037,13.085288
1325.964686994642,9293.578,13.075779
1325.9660758956636,9278.887,13.068856
1325.9674647966842,9278.631,13.065441
1325.9688536977626,9277.284,13.064177
1325.970242598784,9264.393,13.069302
1325.9716314998047,9289.949,13.068793
1325.973020400883,9251.98,13.055157
1325.9744093019042,9279.744,13.075061
1325.9757982029257,9304.303,13.075657
1325.977187104004,9292.251,13.078022
1325.9785760050247,9294.526,13.07172
1325.9799649061044,9271.66,13.05978
1325.9813538071246,9261.512,13.059808
1325.9827427082034,9300.931,13.07085
1325.984131609225,9283.202,13.071989
1325.985520510303,9289.857,13.070839
1325.9869094113822,9273.51,13.059756
1325.9882983124037,9285.6045,13.066279
1325.9896872134818,9274.774,13.064148
1325.9910761145609,9267.57,13.057546
1325.9924650155822,9274.703,13.065241
1325.9938539166612,9291.153,13.071668
1325.99524281774,9282.288,13.065023
1325.996631718819,9283.787,13.072309
1325.998020619898,9287.723,13.078828
1325.9994095209188,9274.724,13.063645
1326.0007984219976,9274.542,13.0647135
1326.0021873230774,9294.116,13.074028
1326.0035762241562,9280.971,13.063935
1326.0049651252345,9296.608,13.079171
1326.0063540263143,9268.952,13.065866
1326.007742927393,9285.976,13.076418
1326.0091318284715,9283.371,13.089019
1326.0105207295512,9292.08,13.0745
1326.0119096306307,9275.644,13.070197
1326.0132985317089,9293.273,13.083481
1326.014687432788,9298.984,13.091605
1326.0160763338674,9274.309,13.072812
1326.017465235004,9286.273,13.081383
1326.0188541360828,9266.407,13.075897
1326.0202430371626,9277.305,13.085168
1326.021631938241,9292.327,13.088623
1326.0230208393198,9285.664,13.094282
1326.0244097404577,9294.126,13.092268
1326.0257986415365,9281.052,13.083101
1326.0271875426156,9304.872,13.104497
1326.0285764437529,9298.402,13.09051
1326.0299653448317,9308.393,13.104741
1326.0313542459105,9285.174,13.107521
1326.0327431470478,9290.225,13.0931015
1326.0341320481268,9312.547,13.1060295
1326.0355209492639,9300.706,13.098016
1326.036909850343,9277.786,13.091429
1326.0382987514802,9292.225,13.090357
1326.039687652559,9278.297,13.083719
1326.041076553696,9303.05,13.092423
1326.0424654547758,9293.196,13.097603
1326.0438543559137,9286.07,13.086877
1326.04524325705,9288.162,13.094163
1326.0466321581291,9281.458,13.079131
1326.048021059267,9277.666,13.083352
1326.0494099604034,9283.653,13.105256
1326.0507988614825,9295.807,13.084607
1326.0521877626202,9286.492,13.086735
1326.0535766637565,9296.997,13.096642
1326.0549655648356,9291.385,13.098608
1326.0563544659733,9267.966,13.0793
1326.0577433671099,9291.382,13.094918
1326.059132268247,9307.268,13.09802
1326.0605211693849,9258.075,13.072385
1326.0619100705221,9289.807,13.095293
1326.0632989716594,9285.133,13.092241
1326.0646878727382,9284.116,13.08916
1326.0660767738752,9273.833,13.082544
1326.0674656750125,9295.574,13.092738
1326.0688545761498,9283.181,13.086784
1326.0702434772868,9275.384,13.0871935
1326.071632378424,9294.047,13.094133
1326.0730212795613,9258.51,13.081383
1326.0744101806984,9279.026,13.086737
1326.0757990818936,9268.981,13.078118
1326.0771879830309,9294.361,13.093652
1326.0785768841681,9275.594,13.086185
1326.079965785306,9289.541,13.093
1326.081354686443,9275.921,13.082377
1326.0827435875801,9275.845,13.081842
1326.084132488718,9275.086,13.083978
1326.0855213899129,9284.137,13.086431
1326.08691029105,9279.777,13.082944
1326.0882991921878,9280.559,13.099938
1326.0896880933824,9300.473,13.097658
1326.0910769945197,9280.635,13.087519
1326.0924658956576,9293.979,13.089545
1326.0938547967946,9272.2705,13.079102
1326.0952436979899,9302.129,13.098275
1326.0966325991271,9279.487,13.087071
1326.0980215003226,9295.841,13.093633
1326.0994104014596,9283.714,13.089112
1326.1007993026549,9274.982,13.083157
1326.1021882037921,9272.366,13.0784
1326.1035771049294,9304.728,13.09905
1326.1049660061246,9291.108,13.097126
1326.10635490732,9288.341,13.082416
1326.1077438084574,9291.082,13.08933
1326.1091327096526,9290.531,13.091729
1326.1105216107896,9291.1455,13.089018
1326.1119105119858,9286.888,13.091003
1326.1132994131228,9254.368,13.076248
1326.1146883143176,9309.691,13.098797
1326.1160772155138,9279.186,13.090889
1326.1174661166508,9275.311,13.087879
1326.1188550178456,9291.754,13.093088
1326.1202439190417,9291.713,13.091392
1326.121632820237,9295.667,13.096301
1326.123021721374,9281.522,13.084705
1326.1244106225702,9288.902,13.087489
1326.125799523765,9295.816,13.084377
1326.1271884249602,9298.907,13.092807
1326.1285773260981,9292.69,13.089301
1326.1299662272934,9276.307,13.073024
1326.1313551284888,9266.971,13.082887
1326.1327440296843,9265.469,13.0740385
1326.1341329308796,9284.5205,13.083925
1326.1355218320748,9283.8125,13.079512
1326.1369107332703,9296.493,13.086193
1326.1382996344657,9277.528,13.080952
1326.139688535661,9276.116,13.0800705
1326.1410774368564,9299.902,13.090604
1326.142466338052,9259.502,13.073612
1326.1438552392478,9264.065,13.080077
1326.1452441404433,9281.226,13.087012
1326.1466330416379,9300.446,13.089745
1326.1480219428338,9305.834,13.085897
1326.1494108440293,9276.195,13.084033
1326.1507997452238,9258.06,13.065604
1326.15218864642,9276.528,13.077666
1326.1535775476154,9298.517,13.080901
1326.1549664488682,9315.081,13.086468
1326.1563553500644,9290.796,13.082324
1326.1577442512596,9277.224,13.074337
1326.1591331524544,9266.258,13.070143
1326.1605220536505,9298.143,13.083862
1326.161910954905,9288.651,13.081101
1326.1632998561001,9277.138,13.069053
1326.1646887572954,9295.437,13.094996
1326.166077658549,9280.45,13.075667
1326.1674665597445,9285.521,13.075928
1326.1688554609398,9280.241,13.067354
1326.1702443621932,9292.678,13.079159
1326.1716332633887,9282.874,13.077563
1326.1730221645842,9276.036,13.067363
1326.1744110658376,9298.044,13.087242
1326.175799967033,9279.199,13.066931
1326.1771888682867,9281.564,13.073601
1326.178577769482,9279.047,13.071419
1326.1799666706781,9299.48,13.079852
1326.1813555719316,9305.746,13.101335
1326.1827444731264,9296.122,13.076339
1326.1841333743807,9276.85,13.069883
1326.185522275576,9272.311,13.066512
1326.186911176829,9290.145,13.06466
1326.188300078083,9267.89,13.064638
1326.1896889792786,9298.541,13.076671
1326.1910778805313,9282.221,13.067165
1326.1924667817273,9283.999,13.0630245
1326.193855682981,9259.638,13.05939
1326.1952445842337,9281.311,13.061423
1326.1966334854299,9290.855,13.06956
1326.1980223866842,9304.55,13.0716305
1326.1994112879377,9300.3955,13.071743
1326.2008001891331,9298.692,13.078072
1326.2021890903868,9298.431,13.068011
1326.2035779916403,9311.864,13.089792
1326.2049668928937,9268.399,13.064611
1326.2063557940892,9291.106,13.069563
1326.2077446953429,9279.429,13.05965
1326.2091335965963,9279.974,13.058943
1326.21052249785,9272.841,13.071957
1326.211911399104,9294.126,13.063261
1326.2133003002996,9308.58,13.073063
1326.2146892015523,9289.509,13.0643635
1326.2160781028067,9291.844,13.068557
1326.2174670040602,9277.022,13.054011
1326.2188559053131,9278.915,13.064553
1326.2202448065675,9264.27,13.047005
1326.221633707821,9278.871,13.057045
1326.223022609074,9290.863,13.059985
1326.2244115103283,9294.669,13.061912
1326.2258004115818,9309.698,13.069645
1326.2271893128348,9287.537,13.059865
1326.2285782140889,9287.535,13.051764
1326.229967115343,9280.339,13.051241
1326.231356016596,9287.252,13.057986
1326.2327449178495,9285.914,13.06456
1326.2341338191038,9275.438,13.0519285
1326.2355227203568,9315.018,13.069854
1326.2369116216103,9274.911,13.057353
1326.2383005228646,9292.265,13.0565
1326.239689424118,9279.262,13.058906
1326.2410783253717,9282.331,13.0589485
1326.2424672266254,9300.893,13.060456
1326.243856127937,9282.697,13.052869
1326.2452450291908,9281.319,13.053269
1326.2466339304444,9296.489,13.06341
1326.2480228316986,9272.593,13.047976
1326.2494117329522,9276.276,13.046773
1326.2508006342632,9292.954,13.055832
1326.2521895355173,9280.971,13.05094
1326.253578436771,9288.807,13.063237
1326.2549673380238,9269.514,13.041742
1326.2563562393364,9277.84,13.050091
1326.25774514059,9262.434,13.044975
1326.2591340418428,9273.387,13.04836
1326.2605229431554,9289.365,13.057147
1326.2619118444097,9290.282,13.060176
1326.2633007456625,9274.749,13.048973
1326.2646896469744,9297.51,13.052065
1326.2660785482287,9280.555,13.05278
1326.2674674494815,9293.328,13.056042
1326.2688563507934,9282.226,13.052347
1326.2702452520475,9301.267,13.049554
1326.2716341533585,9262.835,13.03818
1326.2730230546122,9293.846,13.051476
1326.2744119559245,9286.541,13.045932
1326.2758008571775,9293.187,13.05258
1326.2771897584892,9270.337,13.035142
1326.2785786597435,9280.968,13.044009
1326.279967561056,9282.786,13.039808
1326.2813564623095,9296.1455,13.052825
1326.2827453636207,9271.659,13.045927
1326.284134264875,9309.522,13.05119
1326.2855231661867,9286.324,13.045553
1326.2869120674397,9278.515,13.038046
1326.2883009687523,9295.674,13.048976
1326.2896898700058,9280.913,13.034862
1326.291078771317,9297.629,13.061074
1326.2924676726293,9272.327,13.040954
1326.293856573883,9268.279,13.031395
1326.295245475194,9296.741,13.059535
1326.2966343765063,9278.66,13.037582
1326.2980232777606,9289.744,13.045971
1326.2994121790719,9279.618,13.035514
1326.3008010803835,9286.891,13.031965
1326.3021899816379,9291.125,13.043831
1326.303578882949,9276.206,13.030936
1326.3049677842607,9282.773,13.039034
1326.306356685515,9271.661,13.037012
1326.307745586826,9261.968,13.029288
1326.309134488138,9267.321,13.033897
1326.3105233894503,9273.1455,13.032624
1326.3119122907622,9275.098,13.036602
1326.3133011920156,9309.996,13.047699
1326.3146900933275,9289.48,13.0380945
1326.3160789946394,9287.575,13.036959
1326.317467895951,9278.964,13.041301
1326.3188567972627,9277.578,13.030054
1326.3202456985753,9289.354,13.04633
1326.3216345998287,9281.639,13.032253
1326.32302350114,9279.521,13.043691
1326.3244124024525,9287.232,13.05733
1326.3258013037641,9289.122,13.038386
1326.3271902050753,9283.073,13.0365305
1326.328579106388,9291.665,13.037139
1326.3299680077002,9279.299,13.0386505
1326.3313569090112,9280.788,13.040261
1326.332745810323,9276.757,13.028144
1326.3341347116354,9295.563,13.041427
1326.3355236129466,9280.648,13.044813
1326.3369125142583,9273.493,13.045219
1326.3383014155709,9281.882,13.041503
1326.339690316882,9294.974,13.040495
1326.3410792181937,9292.501,13.047712
1326.3424681195063,9270.636,13.03596
1326.3438570208175,9284.962,13.039298
1326.3452459221292,9285.965,13.034772
1326.3466348234417,9290.301,13.045923
1326.3480237247534,9271.449,13.033931
1326.3508015273771,9298.882,13.050448
1326.3521904286888,9267.75,13.031228
1326.3535793300005,9280.512,13.039494
1326.3549682313123,9267.362,13.0456085
1326.3563571326824,9291.411,13.05038
1326.357746033994,9283.199,13.050139
1326.3591349353057,9273.437,13.045262
1326.3605238366183,9272.655,13.03905
1326.3619127379309,9275.357,13.039781
1326.363301639242,9291.691,13.045101
1326.364690540612,9296.147,13.043269
1326.3660794419245,9282.938,13.045833
1326.3674683432355,9269.502,13.03658
1326.3688572445474,9285.337,13.046352
1326.3702461459181,9272.712,13.040572
1326.3716350472291,9284.337,13.035617
1326.373023948541,9295.948,13.050676
1326.3744128498533,9305.816,13.056345
1326.3758017512225,9294.329,13.053739
1326.3771906525344,9301.694,13.060753
1326.3785795538467,9302.042,13.04995
1326.3799684551586,9290.933,13.049115
1326.3813573565287,9286.75,13.057223
1326.3827462578404,9292.418,13.05305
1326.3841351591523,9278.684,13.045753
1326.3855240605224,9272.772,13.046884
1326.386912961834,9301.239,13.054367
1326.3883018632039,9298.626,13.05365
1326.3896907645158,9283.553,13.043436
1326.3910796658276,9272.57,13.046189
1326.3924685671975,9290.973,13.046301
1326.3938574685092,9300.453,13.052967
1326.3952463698213,9289.696,13.068602
1326.3966352711918,9284.74,13.053997
1326.3980241725042,9303.514,13.052954
1326.3994130738736,9278.15,13.04526
1326.4008019751852,9288.582,13.050835
1326.402190876556,9282.196,13.055961
1326.4035797778672,9284.627,13.046856
1326.404968679237,9267.577,13.043249
1326.4063575805496,9281.655,13.05123
1326.407746481919,9288.273,13.05876
1326.4091353832307,9288.927,13.058904
1326.4105242846015,9298.185,13.067283
1326.4119131859131,9276.495,13.047328
1326.413302087283,9270.506,13.046131
1326.4146909885949,9267.155,13.045701
1326.416079889965,9276.276,13.056644
1326.4174687912766,9296.141,13.064087
1326.4188576926467,9263.015,13.051776
1326.4202465939586,9280.587,13.059411
1326.4216354953285,9279.314,13.046982
1326.4230243966983,9284.861,13.06056
1326.4244132980102,9278.025,13.055986
1326.4258021993803,9277.274,13.058789
1326.427191100692,9267.622,13.063978
1326.4285800020618,9271.86,13.048
1326.4299689034326,9265.601,13.056919
1326.4313578047445,9297.539,13.065335
1326.4327467061137,9287.668,13.0607
1326.4341356074844,9313.22,13.073491
1326.435524508796,9290.336,13.060048
1326.4369134101662,9301.289,13.069987
1326.4383023115367,9281.104,13.053752
1326.439691212848,9266.57,13.052119
1326.4410801142178,9291.697,13.061101
1326.4424690155886,9262.919,13.057851
1326.4438579169005,9276.668,13.058175
1326.4452468182706,9281.487,13.061813
1326.4466357196404,9299.751,13.063817
1326.448024620952,9311.673,13.074768
1326.4494135223222,9294.557,13.071865
1326.4508024236923,9274.711,13.06261
1326.4521913250621,9292.704,13.067333
1326.453580226374,9296.694,13.07709
1326.454969127744,9299.816,13.076372
1326.456358029114,9316.369,13.088008
1326.4577469304838,9287.77,13.067675
1326.459135831854,9284.894,13.062307
1326.4605247331658,9271.599,13.062726
1326.4619136345364,9284.205,13.062861
1326.4633025359065,9279.936,13.0565
1326.4646914372759,9278.062,13.06586
1326.4660803386464,9272.957,13.069341
1326.4674692399583,9273.298,13.060727
1326.4688581413275,9299.79,13.059482
1326.470247042698,9277.457,13.058312
1326.471635944068,9287.279,13.072563
1326.4730248454373,9262.642,13.056241
1326.474413746808,9271.372,13.059587
1326.475802648178,9274.466,13.061646
1326.4771915495483,9289.626,13.071263
1326.4785804508606,9291.996,13.06706
1326.4799693522307,9281.794,13.066442
1326.4813582536005,9280.998,13.066339
1326.4827471549704,9273.046,13.059745
1326.4841360563405,9291.234,13.075
1326.4855249577106,9292.44,13.065857
1326.4869138590805,9290.555,13.070359
1326.4883027604506,9303.526,13.075172
1326.4896916618206,9286.192,13.075923
1326.4910805631905,9281.793,13.063953
1326.4924694645604,9269.214,13.072381
1326.4938583659311,9274.186,13.0640135
1326.495247267301,9300.634,13.078071
1326.4966361686704,9282.199,13.06448
1326.4980250700412,9287.014,13.078492
1326.499413971411,9281.949,13.071513
1326.5008028727805,9290.622,13.066968
1326.5021917741512,9282.754,13.065536
1326.503580675521,9263.91,13.066243
1326.5049695768905,9305.086,13.079676
1326.506358478261,9282.444,13.069551
1326.5077473796312,9251.923,13.0657015
1326.5091362810003,9280.923,13.074793
1326.5105251823709,9299.002,13.083515
1326.5119140837417,9287.713,13.06956
1326.513302985111,9289.467,13.081612
1326.514691886481,9289.329,13.071669
1326.5160807878517,9289.778,13.073145
1326.5174696892216,9265.656,13.068339
1326.5188585905917,9284.879,13.076076
1326.5202474919618,9279.574,13.070182
1326.5216363933316,9285.184,13.081717
1326.52302529476,9267.46,13.066686
1326.52441419613,9284.701,13.081159
1326.5258030975006,9271.447,13.068127
1326.5271919988706,9278.9795,13.076217
1326.5285809002398,9246.137,13.0700245
1326.5299698016104,9269.299,13.078212
1326.5313587029805,9296.271,13.090682
1326.5327476043497,9302.969,13.090952
1326.5341365057786,9278.126,13.076777
1326.5355254071487,9278.416,13.085916
1326.536914308518,9275.604,13.076693
1326.5383032098887,9267.593,13.077477
1326.5396921112585,9288.745,13.08874
1326.541081012628,9268.288,13.076345
1326.542469914057,9250.895,13.074582
1326.5438588154275,9294.593,13.091425
1326.5452477167967,9274.237,13.083909
1326.546636618167,9275.816,13.086974
1326.5480255195375,9286.671,13.08609
1326.5494144209067,9276.662,13.082788
1326.550803322335,9293.889,13.091771
1326.5521922237056,9280.83,13.092918
1326.553581125075,9311.095,13.115339
1326.5549700264448,9292.065,13.089189
1326.5563589278738,9292.312,13.095451
1326.5577478292437,9293.351,13.093478
1326.559136730614,9295.597,13.104262
1326.5605256319839,9286.858,13.0994625
1326.5619145334128,9292.276,13.101669
1326.5633034347827,9306.33,13.108045
1326.5646923361521,9291.011,13.098794
1326.5660812375227,9285.169,13.097177
1326.567470138951,9288.446,13.091126
1326.5688590403204,9291.908,13.095285
1326.570247941691,9293.281,13.096971
1326.5716368431192,9301.029,13.098041
1326.5730257444884,9282.283,13.07945
1326.574414645859,9294.223,13.092603
1326.5758035472297,9282.931,13.088705
1326.5771924486573,9268.812,13.083697
1326.5785813500272,9273.034,13.094812
1326.579970251398,9282.736,13.089156
1326.5813591528256,9289.378,13.0912485
1326.5827480541955,9285.413,13.096447
1326.5841369555662,9299.582,13.094359
1326.5855258569936,9289.84,13.102953
1326.5869147583637,9276.564,13.085652
1326.5883036597343,9289.782,13.090179
1326.5896925611617,9276.298,13.107806
1326.5910814625317,9300.927,13.113793
1326.5924703639023,9277.248,13.094916
1326.5938592653313,9280.176,13.088185
1326.5952481667014,9273.374,13.087299
1326.5966370680705,9278.402,13.092741
1326.5980259694995,9280.692,13.0909195
1326.5994148708694,9285.703,13.095664
1326.600803772297,9286.364,13.099334
1326.6021926736678,9302.322,13.099012
1326.6035815750377,9283.536,13.096074
1326.6049704764653,9289.404,13.098837
1326.606359377836,9299.039,13.104741
1326.6077482792648,9265.646,13.092882
1326.609137180634,9284.727,13.094419
1326.610526082004,9276.093,13.096115
1326.6119149834328,9290.404,13.097289
1326.6133038848022,9282.924,13.093714
1326.6146927862303,9274.227,13.097786
1326.616081687601,9289.599,13.101095
1326.6174705890287,9292.145,13.112062
1326.6188594903986,9281.761,13.1012
1326.6202483917693,9274.961,13.096037
1326.621637293197,9265.559,13.090596
1326.6230261945668,9274.615,13.09439
1326.6244150959958,9260.575,13.085922
1326.6258039973657,9293.747,13.097997
1326.6271928987937,9269.402,13.091777
1326.628581800164,9284.371,13.097963
1326.6299707015921,9281.185,13.093879
1326.631359602962,9290.234,13.107981
1326.6327485043903,9279.191,13.0942545
1326.6341374057608,9283.816,13.105945
1326.6355263071891,9271.523,13.093856
1326.6369152085583,9311.726,13.112648
1326.638304109929,9280.864,13.097955
1326.6396930113574,9270.259,13.089941
1326.6410819127266,9272.534,13.09347
1326.6424708141556,9309.772,13.101842
1326.6438597155263,9275.29,13.095949
1326.6452486169537,9288.214,13.094559
1326.6466375183238,9292.606,13.095394
1326.6480264197526,9294.388,13.100622
1326.64941532118,9296.111,13.104569
1326.6508042225503,9265.491,13.088064
1326.652193123979,9263.506,13.081001
1326.6535820253482,9292.578,13.095351
1326.6549709267765,9278.243,13.091181
1326.656359828147,9286.891,13.090081
1326.6577487295754,9270.644,13.08143
1326.6591376309455,9285.558,13.093452
1326.6605265323735,9279.366,13.081686
1326.6619154337434,9274.466,13.083111
1326.663304335172,9286.991,13.089134
1326.6646932365418,9273.126,13.083267
1326.6660821379699,9277.495,13.0777
1326.66747103934,9291.371,13.097499
1326.6688599407682,9282.696,13.080474
1326.6702488421963,9306.867,13.090808
1326.6716377435662,9298.179,13.098268
1326.6730266449945,9292.872,13.086324
1326.674415546365,9280.261,13.084733
1326.675804447794,9289.912,13.085159
1326.6771933491634,9272.329,13.08351
1326.6785822505915,9279.55,13.0747795
1326.6799711520205,9272.747,13.076712
1326.6813600533899,9300.735,13.083082
1326.682748954818,9287.103,13.07729
1326.6841378561887,9276.324,13.068953
1326.6855267576163,9300.907,13.085937
1326.6869156590444,9255.963,13.056079
1326.6896934618433,9242.408,13.050734
1326.6910823632131,9265.84,13.06232
1326.6924712646414,9272.7295,13.064327
1326.6938601660697,9293.171,13.073317
1326.6952490674396,9258.967,13.063754
1326.6966379688677,9298.233,13.0770645
1326.698026870238,9295.321,13.072438
1326.699415771666,9309.174,13.074472
1326.7008046730941,9290.732,13.066887
1326.7021935744642,9317.569,13.067853
1326.7035824758925,9271.129,13.050491
1326.7049713773206,9282.097,13.070007
1326.7063602786905,9314.612,13.075772
1326.7077491801194,9270.49,13.058472
1326.7091380814895,9279.777,13.050197
1326.710526982917,9267.179,13.055189
1326.711915884346,9272.995,13.056565
1326.714693687144,9306.044,13.068338
1326.7160825885728,9281.619,13.051404
1326.7174714899422,9302.186,13.056094
1326.7188603913703,9289.688,13.057643
1326.7202492927993,9279.381,13.050986
1326.7216381941694,9285.885,13.051206
1326.7230270955977,9274.955,13.050347
1326.7244159969675,9282.985,13.048177
1326.7258048983956,9267.261,13.045561
1326.727193799824,9304.181,13.061654
1326.728582701194,9290.584,13.050597
1326.729971602622,9287.097,13.053109
1326.7313605040501,9260.625,13.0406275
1326.7327494054205,9292.215,13.046126
1326.7341383068485,9295.827,13.050941
1326.7355272082766,9316.108,13.052462
1326.7369161096467,9285.245,13.047635
1326.738305011075,9315.362,13.061502
1326.7396939125038,9271.447,13.043076
1326.7410828138738,9275.5,13.041521
1326.7424717153012,9300.84,13.051964
1326.74386061673,9273.549,13.040617
1326.7452495181585,9286.833,13.034469
1326.7466384195277,9295.8955,13.047735
1326.7480273209565,9295.385,13.04626
1326.7494162223848,9289.116,13.039832
1326.750805123754,9277.927,13.033602
1326.752194025183,9288.837,13.039994
1326.753582926611,9293.311,13.044549
1326.7549718279813,9277.5,13.033829
1326.75636072941,9296.658,13.046528
1326.7577496308384,9277.439,13.035754
1326.7591385322082,9281.657,13.033697
1326.7605274336363,9298.691,13.0370655
1326.7619163350646,9288.66,13.033694
1326.7633052364347,9284.68,13.0315695
1326.7646941378628,9300.231,13.0416155
1326.7660830392908,9301.48,13.038757
1326.7674719407194,9305.53,13.043177
1326.7688608420892,9272.898,13.02862
1326.7702497435173,9281.486,13.027475
1326.7716386449463,9262.395,13.028632
1326.7730275463161,9274.256,13.0273905
1326.7744164477438,9267.145,13.026614
1326.7758053491727,9283.565,13.019329
1326.7771942506008,9282.109,13.030135
1326.7785831519702,9295.133,13.034638
1326.7799720533992,9287.48,13.034399
1326.7813609548273,9298.994,13.039832
1326.7827498561967,9278.166,13.032244
1326.7841387576254,9295.01,13.034838
1326.7855276590537,9284.516,13.03595
1326.7869165604811,9281.183,13.024294
1326.7883054618517,9281.841,13.025781
1326.7896943632807,9285.483,13.035576
1326.791083264709,9285.61,13.026348
1326.792472166079,9285.394,13.032365
1326.7938610675071,9262.53,13.017639
1326.7952499689352,9285.605,13.030606
1326.7966388703635,9270.693,13.016806
1326.7980277717336,9292.982,13.0430355
1326.7994166731617,9278.876,13.035923
1326.8008055745897,9272.261,13.0203
1326.80219447596,9302.455,13.032109
1326.8035833773888,9300.794,13.049691
1326.804972278817,9273.773,13.027177
1326.8063611802445,9271.781,13.019716
1326.807750081615,9272.699,13.0230465
1326.8091389830433,9269.828,13.032928
1326.8105278844707,9266.557,13.019139
1326.8119167858997,9299.712,13.038201
1326.8133056872698,9285.295,13.030818
1326.8146945886972,9274.258,13.025109
1326.8160834901262,9292.083,13.036362
1326.817472391496,9291.047,13.02546
1326.8188612929237,9276.531,13.022056
1326.8202501943526,9269.381,13.026301
1326.8216390957814,9280.842,13.03189
1326.8230279971506,9278.335,13.028114
1326.824416898579,9258.633,13.016429
1326.8258058000079,9286.584,13.023113
1326.8271947014352,9266.825,13.01714
1326.8285836028053,9301.997,13.036617
1326.829972504234,9275.177,13.024185
1326.8313614056624,9275.21,13.025184
1326.8327503070325,9283.736,13.025307
1326.8341392084606,9270.809,13.028321
1326.8355281098895,9274.879,13.030738
1326.8369170113176,9300.356,13.032665
1326.838305912687,9297.765,13.030542
1326.839694814116,9275.9795,13.027792
1326.841083715544,9280.038,13.026113
1326.8424726169717,9261.377,13.011218
1326.8438615183422,9282.425,13.029795
1326.8452504197705,9259.985,13.012451
1326.846639321198,9293.22,13.026968
1326.8480282226267,9312.932,13.045686
1326.849417123997,9256.13,13.018407
1326.8508060254244,9286.321,13.022896
1326.8521949268531,9291.07,13.01939
1326.853583828224,9276.666,13.018217
1326.8549727296515,9284.361,13.029086
1326.8563616310796,9275.287,13.021631
1326.8577505325086,9298.622,13.024931
1326.8591394338778,9264.943,13.017187
1326.860528335306,9282.99,13.017746
1326.861917236735,9259.12,13.010462
1326.8633061381624,9295.141,13.023907
1326.8646950395325,9288.019,13.019659
1326.8660839409613,9297.985,13.02187
1326.8674728423896,9286.618,13.012655
1326.8688617438177,9263.3545,13.008056
1326.8702506451875,9277.035,13.012344
1326.8716395466165,9281.218,13.010487
1326.8730284480448,9275.368,13.008278
1326.874417349414,9274.716,13.004624
1326.875806250843,9315.306,13.019614
1326.877195152271,9278.542,13.00198
1326.8785840536987,9276.857,13.005558
1326.8799729550694,9272.423,13.004929
1326.8813618564975,9275.414,13.003251
1326.8827507579251,9281.928,13.002285
1326.884139659354,9307.256,13.011208
1326.8855285607247,9274.449,12.997741
1326.886917462152,9289.827,13.005269
1326.8883063635803,9275.354,12.999692
1326.889695264951,9290.386,12.999296
1326.8910841663785,9286.925,12.998967
1326.8924730678066,9291.143,12.998409
1326.8938619692356,9288.739,12.999522
1326.895250870605,9273.477,12.996885
1326.896639772033,9292.585,13.0000725
1326.898028673462,9286.096,12.990107
1326.899417574832,9290.217,12.985385
1326.9008064762602,9291.442,12.992808
1326.9021953776885,9260.634,12.979663
1326.9035842791166,9260.781,12.985018
1326.9049731804864,9270.337,12.977704
1326.906362081915,9282.869,12.998867
1326.907750983343,9280.842,12.970988
1326.9091398847129,9285.946,12.990434
1326.9105287861412,9296.609,12.987521
1326.91191768757,9284.216,12.971604
1326.9133065889982,9304.207,12.992516
1326.9146954903674,9268.478,12.959035
1326.9160843917964,9286.603,12.962873
1326.9174732932254,9274.326,12.962346
1326.9188621945948,9281.519,12.958956
1326.9202510960229,9266.687,12.956419
1326.9216399974518,9291.232,12.967992
1326.9230288988792,9279.542,12.954453
1326.9244178002493,9261.901,12.950617
1326.925806701678,9269.486,12.950517
1326.9271956031055,9278.979,12.955655
1326.9285845044758,9291.602,12.952467
1326.9299734059045,9273.82,12.947827
1326.9313623073328,9277.646,12.949107
1326.9327512087027,9282.165,12.947539
1326.9341401101308,9275.502,12.949677
1326.935529011559,9275.767,12.943976
1326.9369179129292,9283.424,12.947732
1326.9383068143572,9279.422,12.939676
1326.9396957157853,9256.888,12.927784
1326.9410846172138,9288.565,12.943701
1326.9424735185837,9285.629,12.9370985
1326.9438624200118,9276.812,12.933302
1326.94525132144,9277.375,12.940897
1326.9466402228102,9287.489,12.936735
1326.9480291242382,9281.384,12.946802
1326.9494180256672,9279.493,12.938052
1326.950806927037,9288.885,12.942437
1326.9521958284652,9271.215,12.933886
1326.9535847298941,9270.378,12.92439
1326.9549736312636,9299.241,12.94146
1326.9563625326916,9279.751,12.929627
1326.9577514341206,9288.227,12.936852
1326.95914033549,9285.212,12.921509
1326.960529236918,9267.734,12.914924
1326.961918138347,9275.6,12.91092
1326.963307039717,9281.098,12.925168
1326.9646959411452,9277.693,12.916972
1326.9660848425735,9277.244,12.916755
1326.9674737439434,9289.979,12.922083
1326.9688626453715,9300.866,12.91998
1326.9702515467998,9268.62,12.910617
1326.9716404481699,9245.298,12.897811
1326.973029349598,9265.178,12.896853
1326.974418251026,9269.447,12.906413
1326.9758071523963,9286.073,12.922591
1326.9771960538244,9266.653,12.903646
1326.9785849551943,9289.159,12.912901
1326.9799738566226,9278.318,12.901191
1326.9813627580513,9307.389,12.912968
1326.9827516594214,9276.805,12.895724
1326.9841405608488,9278.632,12.901258
1326.9855294622778,9285.244,12.907228
1326.9869183636479,9279.392,12.908561
1326.9883072650762,9285.506,12.895878
1326.989696166505,9273.321,12.887695
1326.991085067874,9295.708,12.903329
1326.9924739693024,9279.165,12.897218
1326.993862870673,9280.189,12.897344
1326.9952517721013,9290.579,12.901555
1326.9966406735296,9292.313,12.893591
1326.9980295748994,9274.24,12.893077
1326.9994184763277,9280.023,12.886051
1327.0008073776978,9283.49,12.895467
1327.0021962791259,9301.797,12.903602
1327.003585180554,9306.79,12.912314
1327.004974081924,9296.737,12.901536
1327.0063629833523,9293.001,12.895119
1327.0077518847804,9297.837,12.901211
1327.0091407861503,9275.031,12.887983
1327.0105296875788,9291.614,12.894472
1327.0119185889487,9273.145,12.891026
1327.0133074903777,9289.788,12.893609
1327.0146963917475,9257.196,12.881819
1327.0160852931751,9276.923,12.892739
1327.017474194604,9281.907,12.891532
1327.018863095974,9282.691,12.886637
1327.0202519974014,9271.524,12.887418
1327.021640898772,9274.759,12.8868
1327.0230298002004,9283.163,12.8928795
1327.0244187016278,9255.795,12.873766
1327.0258076029984,9285.391,12.888743
1327.0271965044274,9271.689,12.881841
1327.0285854057972,9277.707,12.887087
1327.0299743072255,9287.903,12.8958
1327.0313632085956,9291.731,12.89521
1327.0327521100237,9282.896,12.899484
1327.0341410113938,9285.381,12.890776
1327.035529912822,9280.155,12.888163
1327.0369188142502,9280.43,12.891136
1327.03830771562,9277.545,12.887741
1327.0396966170483,9298.841,12.891995
1327.0410855184184,9280.177,12.886361
1327.0424744198465,9259.385,12.892039
1327.0438633212163,9293.548,12.890339
1327.0452522226453,9291.148,12.883506
1327.0466411240154,9284.764,12.890585
1327.0480300254428,9277.919,12.88774
1327.0494189268136,9282.03,12.894047
1327.0508078282417,9277.727,12.883756
1327.0521967296693,9290.335,12.891731
1327.05358563104,9281.379,12.88782
1327.0549745324681,9287.054,12.883554
1327.0563634338375,9283.746,12.89307
1327.0577523352665,9285.667,12.887848
1327.059141236637,9291.109,12.893483
1327.0605301380645,9291.267,12.885337
1327.0619190394345,9288.653,12.89605
1327.0633079408633,9278.38,12.886935
1327.0646968422327,9303.556,12.895643
1327.0660857436608,9286.204,12.898135
1327.0674746450316,9265.964,12.885191
1327.0688635464599,9273.609,12.8805
1327.07025244783,9283.311,12.891878
1327.071641349258,9283.536,12.884945
1327.0730302506288,9275.422,12.90035
1327.0744191519987,9266.402,12.8806095
1327.0758080534263,9268.569,12.889637
1327.0771969547968,9307.332,12.912316
1327.0785858562251,9268.194,12.889441
1327.0799747575945,9274.891,12.891887
1327.0813636590233,9295.26,12.89592
1327.0827525603934,9273.636,12.883063
1327.0841414618208,9260.739,12.879533
1327.0855303631913,9277.405,12.894507
1327.0869192646196,9298.732,12.899215
1327.0883081659888,9245.981,12.884814
1327.0896970674178,9290.529,12.890899
1327.0910859687885,9273.2705,12.883817
1327.092474870158,9267.219,12.88583
1327.093863771586,9292.016,12.905988
1327.0952526729568,9287.685,12.894066
1327.0966415743842,9273.974,12.888587
1327.0980304757543,9270.286,12.885591
1327.099419377183,9278.917,12.887989
1327.1008082785522,9259.613,12.8862915
1327.1021971799225,9288.044,12.896427
1327.1035860813513,9264.649,12.887525
1327.1049749827214,9302.875,12.905483
1327.1077527855193,9283.006,12.891011
1327.10914168689,9286.938,12.884865
1327.1105305883182,9275.592,12.889392
1327.1119194896876,9260.236,12.894319
1327.1133083911166,9261.73,12.88031
1327.1146972924864,9272.921,12.886894
1327.1160861938558,9273.102,12.89258
1327.1174750952848,9251.402,12.875796
1327.1188639966547,9275.648,12.886487
1327.1202528980823,9268.521,12.884384
1327.1216417994528,9286.063,12.892603
1327.124419602251,9288.18,12.899901
1327.1258085036209,9264.337,12.876951
1327.1271974049916,9296.997,12.900547
1327.1285863064193,9270.048,12.885239
1327.1299752077891,9264.544,12.88311
1327.13136410916,9271.995,12.885696
1327.1327530105875,9289.614,12.897711
1327.1341419119574,9294.105,12.893602
1327.1369197147562,9268.162,12.895308
1327.138308616126,9290.143,12.895589
1327.1396975174964,9261.545,12.898262
1327.1410864189245,9285.716,12.8936615
1327.1424753202944,9277.3125,12.891843
1327.1438642216644,9266.251,12.889954
1327.1452531230932,9275.327,12.888832
1327.1466420244633,9270.227,12.879755
1327.1480309258325,9258.44,12.892176
1327.1494198272615,9295.305,12.899366
1327.1508087286315,9283.507,12.90982
1327.1521976300007,9268.537,12.888173
1327.1535865313715,9282.174,12.897055
1327.1549754328005,9271.071,12.883018
1327.1577532355398,9281.85,12.893576
1327.1591421369685,9303.968,12.897392
1327.1605310383377,9267.295,12.881592
1327.161919939708,9266.011,12.88266
1327.1633088410786,9274.873,12.884984
1327.166086643876,9285.639,12.90115
1327.1674755452466,9279.404,12.883199
1327.1688644466167,9274.349,12.880588
1327.170253348045,9279.815,12.888172
1327.1716422494148,9271.503,12.891048
1327.1730311507847,9257.337,12.873417
1327.174420052155,9282.049,12.89003
1327.175808953525,9290.272,12.890703
1327.177197854953,9300.442,12.885337
1327.178586756323,9282.087,12.881229
1327.1799756576931,9280.128,12.88608
1327.181364559063,9275.695,12.8779545
1327.182753460491,9279.123,12.873418
1327.1841423618614,9301.165,12.881784
1327.185531263232,9295.248,12.886822
1327.1869201646025,9251.357,12.867264
1327.188309065972,9264.849,12.864823
1327.1896979674,9278.404,12.872136
1327.1910868687708,9294.008,12.899169
1327.1924757701402,9294.434,12.882489
1327.19386467151,9277.195,12.879473
1327.1952535728808,9277.743,12.8749075
1327.1966424742502,9287.888,12.882485
1327.1980313756783,9291.665,12.883394
1327.199420277049,9277.127,12.877618
1327.200809178419,9280.585,12.871233
1327.2021980797888,9273.872,12.870132
1327.2035869811589,9296.425,12.880086
1327.204975882529,9278.634,12.872541
1327.2063647838988,9293.393,12.873911
1327.207753685327,9271.395,12.869099
1327.2091425866972,9273.73,12.867543
1327.210531488067,9290.817,12.87089
1327.211920389437,9281.563,12.881529
1327.213309290807,9287.948,12.871696
1327.2146981921776,9294.86,12.87394
1327.2160870935477,9265.018,12.865467
1327.2174759949169,9249.363,12.857949
1327.2188648962876,9279.881,12.866734
1327.220253797716,9275.012,12.854733
1327.2216426990851,9289.293,12.872848
1327.223031600456,9287.996,12.858358
1327.2244205018258,9273.935,12.86256
1327.2258094031959,9275.51,12.861438
1327.2271983045664,9307.086,12.875721
1327.2285872059358,9274.685,12.859179
1327.2299761073057,9256.409,12.851507
1327.2313650086764,9282.096,12.853148
1327.2327539100465,9300.585,12.866886
1327.2341428114166,9285.858,12.860867
1327.2355317127865,9266.737,12.86401
1327.2369206141564,9280.458,12.851573
1327.2383095155265,9280.528,12.853436
1327.2396984168965,9288.12,12.859785
1327.2410873182664,9288.603,12.86314
1327.2424762196363,9294.853,12.864907
1327.2438651210066,9286.005,12.860318
1327.2452540223765,9309.253,12.857815
1327.2466429237472,9300.907,12.858917
1327.248031825117,9286.949,12.852821
1327.2494207264865,9250.863,12.840719
1327.250809627857,9287.892,12.844145
1327.2521985292271,9243.661,12.829149
1327.2535874305963,9269.572,12.844615
1327.2549763319669,9260.979,12.84167
1327.2563652333372,9272.984,12.846336
1327.2577541347064,9290.163,12.847129
1327.259143036077,9248.715,12.829095
1327.260531937447,9270.793,12.836734
1327.2619208388162,9283.24,12.836267
1327.263309740187,9283.413,12.83758
1327.2646986415577,9314.34,12.853301
1327.2660875429276,9302.241,12.837615
1327.2674764442977,9280.342,12.839128
1327.2688653456678,9292.609,12.841298
1327.2702542470377,9292.604,12.840716
1327.2716431484075,9273.442,12.834683
1327.2730320497776,9255.814,12.81626
1327.2744209511477,9281.924,12.833161
1327.2758098524594,9296.812,12.851789
1327.2771987538292,9267.185,12.825926
1327.2785876552,9269.6875,12.820662
1327.27997655657,9272.813,12.824474
1327.2813654579393,9299.59,12.830686
1327.28275435931,9283.598,12.833978
1327.28414326068,9285.616,12.829691
1327.2855321620493,9291.524,12.825979
1327.286921063362,9284.006,12.827331
1327.2883099647318,9285.655,12.837134
1327.2896988661012,9277.195,12.817484
1327.291087767472,9283.065,12.8179655
1327.2924766688418,9274.276,12.819122
1327.2938655702112,9284.147,12.823683
1327.2952544715818,9278.949,12.816945
1327.296643372894,9259.937,12.815019
1327.2980322742635,9274.302,12.821764
1327.2994211756334,9298.957,12.821993
1327.3008100770041,9270.688,12.8161745
1327.3021989783736,9257.2705,12.810387
1327.3035878796852,9269.201,12.810635
1327.304976781056,9289.261,12.820384
1327.3063656824258,9298.914,12.827883
1327.307754583796,9285.108,12.812104
1327.309143485166,9271.523,12.812979
1327.3105323864786,9286.988,12.8146305
1327.3119212878485,9262.4795,12.803332
1327.3133101892179,9278.448,12.816595
1327.3146990905884,9293.232,12.822787
1327.3160879919585,9285.0205,12.815179
1327.3174768932695,9279.604,12.80996
1327.31886579464,9269.256,12.811168
1327.3202546960101,9270.617,12.807686
1327.321643597321,9288.324,12.822331
1327.3230324986919,9289.67,12.823009
1327.3244214000626,9287.751,12.815057
1327.325810301432,9260.753,12.807494
1327.3271992027437,9263.432,12.80094
1327.3285881041145,9290.553,12.813257
1327.3299770054837,9279.7295,12.803291
1327.3313659068538,9275.188,12.80244
1327.332754808166,9285.393,12.814617
1327.3341437095353,9292.719,12.814305
1327.3355326109056,9256.968,12.8067465
1327.336921512218,9265.429,12.800828
1327.3383104135871,9273.34,12.804481
1327.3396993149572,9272.0205,12.812916
1327.3410882162696,9301.632,12.814905
1327.3424771176403,9269.635,12.801577
1327.3438660190102,9274.033,12.799709
1327.3452549203214,9277.347,12.801417
1327.3466438216922,9284.489,12.81008
1327.348032723062,9272.816,12.801406
1327.3494216243732,9283.646,12.806735
1327.350810525744,9279.138,12.806475
1327.3521994270557,9279.973,12.80128
1327.353588328425,9286.746,12.807264
1327.3549772297956,9278.903,12.801173
1327.356366131108,9284.33,12.808208
1327.3577550324774,9277.466,12.797811
1327.359143933789,9288.021,12.818626
1327.3605328351598,9292.185,12.809078
1327.3619217365292,9287.358,12.80241
1327.3633106378409,9290.238,12.805816
1327.3646995392116,9257.775,12.795399
1327.3660884405228,9278.39,12.803227
1327.3674773418927,9292.136,12.806762
1327.3688662432053,9273.507,12.801412
1327.3702551445751,9291.973,12.808697
1327.371644045887,9273.33,12.797992
1327.3730329472571,9277.844,12.801794
1327.374421848627,9282.137,12.811502
1327.3758107499386,9294.152,12.808399
1327.3771996513087,9266.081,12.791843
1327.3785885526206,9262.579,12.802178
1327.3799774539905,9282.051,12.802973
1327.3813663553021,9266.125,12.797184
1327.382755256673,9261.959,12.790281
1327.3841441579848,9274.125,12.79851
1327.385533059354,9271.56,12.807317
1327.3869219606665,9287.777,12.802652
1327.3883108620373,9257.145,12.792991
1327.3896997633483,9270.392,12.797571
1327.3910886646602,9253.236,12.80012
1327.392477566031,9272.249,12.788599
1327.393866467342,9273.304,12.805864
1327.395255368712,9271.038,12.789446
1327.3966442700244,9285.384,12.806632
1327.3980331713935,9267.099,12.79768
1327.3994220727054,9299.506,12.80298
1327.400810974076,9290.007,12.794449
1327.4021998753879,9279.365,12.806794
1327.4035887766997,9276.14,12.797559
1327.4049776780696,9285.459,12.795806
1327.4063665793815,9294.193,12.80059
1327.4077554807516,9288.673,12.795073
1327.4091443820632,9271.907,12.797005
1327.410533283375,9292.604,12.821897
1327.411922184745,9277.383,12.800891
1327.4133110860569,9267.69,12.816067
1327.4146999873685,9269.723,12.80662
1327.4160888887384,9285.792,12.80417
1327.4174777900505,9264.272,12.794325
1327.4188666913622,9297.206,12.8064
1327.420255592733,9278.456,12.797264
1327.4216444940446,9268.819,12.792616
1327.4230333953562,9298.205,12.810971
1327.424422296727,9267.535,12.796976
1327.4258111980382,9277.296,12.801889
1327.4272000993499,9267.281,12.790718
1327.4285890007206,9287.836,12.805182
1327.4299779020319,9304.813,12.81252
1327.4313668033435,9279.539,12.799146
1327.4327557047143,9274.165,12.800339
1327.434144606026,9280.051,12.805851
1327.4355335073376,9266.794,12.804991
1327.4369224086495,9288.58,12.80388
1327.4383113100196,9283.129,12.806727
1327.4397002113312,9278.551,12.808745
1327.441089112643,9281.529,12.800214
1327.442478013955,9276.82,12.807757
1327.4438669153249,9273.378,12.801598
1327.4452558166365,9258.597,12.788309
1327.4466447179484,9257.62,12.80766
1327.4480336192607,9286.685,12.821649
1327.4494225205726,9286.595,12.808832
1327.4508114219418,9274.1455,12.817515
1327.4522003232544,9286.334,12.810282
1327.4535892245663,9274.588,12.798387
1327.4549781258772,9250.74,12.802494
1327.4563670271898,9244.461,12.79599
1327.4577559285597,9249.027,12.796798
1327.4591448298709,9241.033,12.789755
1327.4605337311834,9229.696,12.788306
1327.461922632495,9232.135,12.78251
1327.4633115338067,9234.147,12.784855
1327.4647004351193,9240.391,12.788091
1327.4660893364312,9231.515,12.782495
1327.4674782378013,9219.488,12.784417
1327.468867139113,9227.131,12.783985
1327.4702560404246,9202.455,12.7731905
1327.4716449417365,9237.213,12.793373
1327.4730338430484,9224.242,12.778433
1327.47442274436,9232.503,12.791318
1327.475811645672,9220.9375,12.789407
1327.4772005469838,9216.443,12.784314
1327.4785894482955,9238.153,12.79934
1327.479978349608,9237.245,12.783143
1327.4813672509779,9227.828,12.78342
1327.482756152289,9227.779,12.785124
1327.4841450536017,9222.348,12.780658
1327.4855339549133,9220.611,12.780745
1327.4869228562245,9227.16,12.786695
1327.4883117575368,9216.457,12.787066
1327.4897006588487,9214.424,12.77512
1327.4910895601597,9215.729,12.7813835
1327.492478461472,9215.1455,12.782853
1327.4938673627846,9247.753,12.802694
1327.4952562640958,9220.1,12.783832
1327.4966451654075,9223.414,12.790301
1327.49803406672,9225.498,12.785794
1327.4994229680312,9208.704,12.77924
1327.500811869343,9205.344,12.783998
1327.5022007706555,9209.8545,12.779575
1327.5035896719671,9207.8125,12.787433
1327.5049785732788,9209.284,12.788694
1327.5063674745907,9238.56,12.798709
1327.5077563758443,9203.856,12.787519
1327.509145277156,9217.141,12.787014
1327.5105341784679,9231.382,12.791983
1327.514700882403,9226.834,12.789574
1327.5160897837156,9220.966,12.791524
1327.5188675863385,9232.351,12.8119
1327.520256487651,9218.799,12.787668
1327.5216453889045,9201.544,12.7833395
1327.5230342902157,9218.068,12.795844
1327.5244231915283,9224.022,12.798645
1327.5258120928406,9226.12,12.814763
1327.5272009941516,9222.163,12.79749
1327.5285898954635,9207.861,12.793773
1327.5299787967758,9198.461,12.795643
1327.5313676980288,9208.021,12.791749
1327.5327565993405,9245.871,12.818578
1327.534145500653,9228.578,12.809075
1327.5355344019642,9211.303,12.800212
1327.536923303276,9208.371,12.7972975
1327.5383122045303,9232.044,12.810702
1327.5397011058428,9207.234,12.804338
1327.5410900071545,9216.568,12.801758
1327.5424789084657,9203.958,12.799105
1327.5438678097782,9206.976,12.799664
1327.5452567110317,9208.812,12.800865
1327.546645612343,9227.8955,12.812291
1327.5480345136552,9212.817,12.801246
1327.55081231622,9214.359,12.809994
1327.5522012175322,9242.278,12.81718
1327.553590118844,9203.791,12.810691
1327.5549790200969,9225.478,12.819068
1327.5563679214094,9208.202,12.805191
1327.557756822722,9212.2705,12.809414
1327.559145723975,9236.208,12.8210335
1327.5605346252867,9222.957,12.819778
1327.5619235265992,9227.462,12.814719
1327.563312427852,9210.665,12.811794
1327.5647013291639,9201.054,12.804495
1327.5660902304764,9226.43,12.818242
1327.5674791317292,9221.85,12.814716
1327.568868033041,9231.073,12.816783
1327.5702569343534,9238.682,12.825275
1327.5716458356071,9212.515,12.817056
1327.5730347369188,9242.02,12.82978
1327.5744236382304,9228.709,12.819654
1327.575812539484,9218.576,12.817602
1327.577201440796,9233.156,12.826098
1327.5785903420494,9256.654,12.840607
1327.579979243362,9230.976,12.8297415
1327.5813681446155,9242.057,12.825465
1327.5827570459267,9213.166,12.821806
1327.5841459472392,9240.962,12.827733
1327.5855348484934,9246.327,12.834037
1327.5869237498043,9266.466,12.845182
1327.588312651058,9280.11,12.8484955
1327.5897015523703,9264.191,12.85514
1327.5910904536233,9290.195,12.853024
1327.5924793549352,9280.905,12.855346
1327.5938682561894,9285.384,12.859123
1327.5952571575006,9285.57,12.865266
1327.596646058754,9263.645,12.842388
1327.5980349600666,9295.789,12.861533
1327.5994238613196,9293.881,12.864085
1327.6008127626312,9286.818,12.864049
1327.6022016638856,9274.454,12.854211
1327.6035905651972,9263.495,12.851641
1327.604979466451,9301.518,12.859966
1327.6063683677628,9270.388,12.844861
1327.6077572690162,9297.566,12.860022
1327.6091461702697,9261.784,12.842323
1327.6105350715816,9294.928,12.860925
1327.6119239728353,9293.39,12.859437
1327.613312874147,9290.745,12.848707
1327.6147017754006,9274.834,12.846924
1327.6160906767125,9277.062,12.845634
1327.6174795779666,9296.013,12.858304
1327.6188684792203,9286.095,12.854385
1327.620257380532,9306.196,12.862408
1327.6216462817863,9303.863,12.852285
1327.623035183039,9259.415,12.849439
1327.624424084351,9272.978,12.849335
1327.6258129856053,9274.0205,12.847933
1327.627201886858,9270.21,12.847729
1327.62859078817,9278.572,12.85042
1327.629979689424,9289.001,12.848903
1327.6313685906778,9283.416,12.862836
1327.6327574919894,9287.533,12.860071
1327.6341463932429,9287.65,12.849952
1327.6355352944965,9283.28,12.850067
1327.6369241958084,9286.454,12.84186
1327.6383130970619,9262.43,12.840481
1327.6397019983156,9283.367,12.840148
1327.6410908995692,9299.549,12.851962
1327.642479800881,9282.387,12.854208
1327.6438687021343,9260.329,12.833037
1327.645257603388,9286.156,12.848657
1327.6466465046417,9279.757,12.849486
1327.6480354059534,9290.03,12.849575
1327.6494243072077,9271.117,12.841772
1327.6508132084612,9295.141,12.857863
1327.6522021097142,9284.48,12.849661
1327.6535910109685,9285.823,12.848458
1327.6549799122802,9284.363,12.847718
1327.6563688135332,9287.893,12.852745
1327.6577577147873,9250.988,12.828435
1327.659146616041,9282.819,12.858686
1327.6605355172944,9272.809,12.838392
1327.6619244185488,9273.22,12.835368
1327.6633133198604,9259.623,12.831034
1327.664702221114,9295.926,12.84449
1327.6660911223678,9282.607,12.841808
1327.6674800236212,9271.721,12.842329
1327.6688689248747,9283.972,12.851335
1327.6702578261284,9267.384,12.828046
1327.671646727382,9290.179,12.846807
1327.6730356286355,9280.763,12.842828
1327.6744245298892,9288.111,12.839409
1327.6758134311428,9281.523,12.847951
1327.6772023324552,9275.384,12.839459
1327.6785912337089,9286.74,12.846867
1327.6799801349616,9288.226,12.839332
1327.6813690362158,9273.513,12.842759
1327.6827579374697,9270.921,12.827172
1327.6841468387224,9265.932,12.835811
1327.6855357399766,9273.501,12.839448
1327.6869246412302,9287.144,12.844055
1327.688313542483,9278.829,12.829549
1327.6897024437374,9272.529,12.837331
1327.6910913449908,9274.519,12.837096
1327.6924802462438,9292.905,12.844059
1327.6938691474982,9276.427,12.836105
1327.6952580487525,9292.405,12.838355
1327.6966469500053,9310.277,12.851667
1327.698035851259,9273.179,12.824982
1327.699424752513,9283.773,12.836805
1327.7008136537086,9299.675,12.843088
1327.702202554962,9283.352,12.844266
1327.7035914562155,9296.734,12.845612
1327.7049803574691,9287.825,12.848789
1327.7063692587228,9261.006,12.831683
1327.7077581599763,9291.834,12.837665
1327.7091470612306,9266.63,12.826115
1327.710535962484,9269.472,12.827876
1327.711924863737,9287.046,12.841554
1327.7133137649914,9280.911,12.836186
1327.7147026661867,9286.644,12.8320055
1327.7160915674397,9285.263,12.84334
1327.717480468694,9276.975,12.842719
1327.7188693699475,9284.317,12.845585
1327.7202582712005,9286.641,12.830802
1327.7216471724546,9257.934,12.822943
1327.7230360736505,9273.857,12.839568
1327.7244249749035,9288.222,12.841183
1327.725813876157,9294.2705,12.841557
1327.7272027774113,9277.595,12.833094
1327.7285916786643,9285.498,12.826589
1327.7299805798596,9276.266,12.837853
1327.731369481114,9267.213,12.835706
1327.732758382367,9271.678,12.822376
1327.7341472836204,9262.736,12.82672
1327.7355361848165,9306.368,12.842159
1327.73692508607,9286.836,12.845149
1327.7383139873234,9277.077,12.824406
1327.7397028885189,9307.647,12.848662
1327.741091789773,9277.688,12.826948
1327.742480691027,9284.5625,12.830059
1327.7438695922797,9279.876,12.843037
1327.7452584934756,9270.241,12.83715
1327.7466473947293,9284.941,12.84233
1327.748036295982,9273.04,12.83416
1327.7494251971782,9287.98,12.833663
1327.7508140984316,9280.722,12.839973
1327.7522029996846,9264.241,12.825182
1327.7535919008808,9261.864,12.826794
1327.7549808021352,9259.135,12.824446
1327.7563697033297,9286.674,12.841112
1327.7577586045834,9249.744,12.812532
1327.7591475058375,9282.881,12.830045
1327.760536407032,9251.81,12.8268385
1327.7619253082858,9275.983,12.831998
1327.7633142094817,9297.0205,12.832711
1327.7647031107347,9269.478,12.826608
1327.7660920119883,9277.062,12.822565
1327.7674809131843,9286.255,12.831405
1327.768869814438,9296.026,12.835175
1327.7702587156334,9297.474,12.842403
1327.7716476168869,9280.441,12.826354
1327.773036518082,9283.149,12.831944
1327.7744254193358,9281.074,12.82977
1327.7758143205313,9260.8,12.825671
1327.7772032217856,9277.288,12.82332
1327.7799810242338,9280.458,12.827498
1327.7813699254298,9281.928,12.829233
1327.782758826684,9288.098,12.831022
1327.7841477278787,9280.447,12.818395
1327.785536629074,9269.115,12.815826
1327.7869255303283,9289.942,12.837489
1327.788314431523,9289.635,12.828556
1327.7897033327765,9270.245,12.811473
1327.7910922339727,9288.6045,12.830431
1327.7924811352257,9289.636,12.825789
1327.793870036421,9282.492,12.824719
1327.795258937617,9263.68,12.81978
1327.7966478388698,9290.721,12.827481
1327.7980367400653,9276.946,12.816798
1327.7994256413197,9283.081,12.824924
1327.800814542515,9282.894,12.828478
1327.8022034437101,9273.6,12.815469
1327.8035923449638,9256.199,12.81151
1327.8049812461593,9270.665,12.81784
1327.8063701473545,9293.99,12.821217
1327.807759048608,9272.363,12.816516
1327.8091479498034,9271.669,12.817553
1327.810536850999,9277.736,12.818667
1327.8119257521942,9269.364,12.824669
1327.8133146534478,9264.452,12.817099
1327.8147035546438,9285.79,12.825633
1327.8160924558392,9290.767,12.823595
1327.8174813570347,9269.684,12.825005
1327.8188702582888,9286.785,12.825598
1327.8202591594834,9276.632,12.8212
1327.821648060679,9259.95,12.80406
1327.823036961875,9278.756,12.819056
1327.8244258631278,9269.379,12.814458
1327.8258147643232,9279.719,12.818175
1327.8272036655192,9255.071,12.804455
1327.8285925667146,9264.27,12.804843
1327.82998146791,9278.397,12.813586
1327.8313703691636,9285.487,12.818782
1327.8327592703588,9284.001,12.814583
1327.8341481715545,9255.174,12.803289
1327.8355370727497,9270.976,12.821554
1327.836925973945,9275.818,12.8138275
1327.848037183567,9279.229,12.812445
1327.8494260847617,9305.218,12.820288
1327.8508149859576,9295.678,12.816589
1327.852203887153,9288.102,12.808684
1327.8535927883477,9269.776,12.805373
1327.8549816895436,9283.903,12.81278
1327.856370590739,9285.189,12.813342
1327.8577594919345,9287.739,12.811656
1327.8591483931307,9285.576,12.812335
1327.860537294326,9319.46,12.823752
1327.8619261955212,9274.153,12.798945
1327.8633150967166,9269.092,12.797175
1327.864703997912,9286.619,12.807554
1327.8660928991073,9282.627,12.80048
1327.8674818003026,9268.11,12.805502
1327.8688707014983,9284.78,12.813128
1327.8702596026935,9286.007,12.805072
1327.8716485038888,9278.4795,12.801513
1327.8730374050842,9264.188,12.803851
1327.8744263062802,9289.71,12.798029
1327.8758152074756,9249.812,12.791272
1327.877204108612,9295.058,12.798843
1327.8785930098081,9293.807,12.799521
1327.8799819110036,9275.744,12.80089
1327.8813708121982,9283.109,12.799502
1327.8827597133943,9277.022,12.802627
1327.8841486145895,9287.226,12.8045845
1327.8855375157843,9275.41,12.79438
1327.8869264169223,9286.305,12.806076
1327.8883153181182,9268.334,12.791395
1327.8897042193128,9284.391,12.79316
1327.8910931205085,9291.655,12.798308
1327.8924820217044,9282.218,12.793368
1327.8938709228407,9292.794,12.802842
1327.8952598240362,9292.786,12.803073
1327.8966487252321,9285.26,12.799581
1327.8980376264276,9289.916,12.7923765
1327.899426527623,9275.104,12.791328
1327.90081542876,9244.543,12.776165
1327.9022043299553,9288.92,12.789263
1327.903593231151,9267.435,12.781862
1327.904982132288,9294.746,12.798325
1327.9063710334842,9270.502,12.782446
1327.9077599346795,9283.293,12.797447
1327.9091488358742,9275.118,12.788232
1327.910537737012,9289.226,12.788165
1327.9119266382074,9297.285,12.788535
1327.913315539402,9285.266,12.791011
1327.9147044405397,9284.178,12.784222
1327.9160933417354,9288.745,12.783248
1327.9174822428718,9273.355,12.788471
1327.9188711440677,9270.01,12.774287
1327.9202600452638,9261.371,12.7738495
1327.9216489464004,9286.126,12.782329
1327.9230378475957,9282.006,12.780676
1327.9244267487918,9266.347,12.771329
1327.9258156499282,9247.568,12.772303
1327.9272045511236,9268.992,12.779626
1327.9285934522616,9267.128,12.783844
1327.9299823534561,9270.598,12.768504
1327.9313712545934,9282.24,12.773668
1327.9327601557893,9282.786,12.773393
1327.934149056927,9274.548,12.770351
1327.9355379581225,9254.641,12.7598
1327.9369268592588,9281.832,12.770662
1327.938315760455,9259.572,12.772247
1327.9397046615923,9284.433,12.769922
1327.9410935627868,9298.795,12.779665
1327.9424824639248,9288.601,12.776879
1327.94387136512,9268.759,12.773194
1327.9452602662566,9282.354,12.763484
1327.9466491674527,9283.304,12.766169
1327.9480380685907,9272.494,12.757019
1327.9494269697852,9289.554,12.770777
1327.9508158709225,9277.149,12.763273
1327.9522047721184,9285.451,12.763566
1327.9535936732548,9300.909,12.782987
1327.954982574392,9275.283,12.760812
1327.956371475588,9274.745,12.753162
1327.9577603767245,9274.343,12.761525
1327.9591492778616,9271.14,12.758137
1327.9605381790577,9278.589,12.758815
1327.961927080195,9285.153,12.763648
1327.9633159813322,9270.77,12.750526
1327.9647048825275,9277.651,12.751062
1327.9660937836645,9271.586,12.757737
1327.9674826848018,9287.137,12.753222
1327.9688715859972,9295.581,12.7596855
1327.9702604871343,9287.07,12.756726
1327.9716493882713,9300.922,12.761345
1327.973038289467,9292.324,12.755789
1327.9744271906047,9267.257,12.754044
1327.975816091742,9293.726,12.759341
1327.9772049928783,9270.102,12.745896
1327.9785938940743,9287.928,12.751274
1327.9799827952122,9276.06,12.7446995
1327.9813716963488,9273.96,12.747679
1327.9827605974858,9275.183,12.747211
1327.984149498682,9279.24,12.749012
1327.9855383998186,9303.944,12.757481
1327.9869273009556,9265.203,12.733218
1327.9883162020935,9278.327,12.747723
1327.9897051032299,9275.371,12.7357855
1327.9910940043671,9291.283,12.7556
1327.992482905563,9265.742,12.750644
1327.9938718067003,9287.38,12.747455
1327.9952607078374,9285.388,12.74346
1327.9966496089746,9265.691,12.734841
1327.9980385101119,9279.209,12.745773
1327.999427411249,9278.964,12.745085
1328.000816312386,9287.171,12.736101
1328.0022052135232,9292.923,12.745885
1328.0035941146605,9285.599,12.741386
1328.0049830158557,9270.076,12.74227
1328.0063719169927,9258.974,12.73488
1328.0077608181307,9288.22,12.756277
1328.009149719268,9252.128,12.725594
1328.0105386204043,9277.292,12.74293
1328.0119275215422,9274.55,12.7391
1328.0133164226793,9293.757,12.741463
1328.0147053238165,9270.089,12.735501
1328.0160942249543,9265.553,12.73019
1328.0174831260908,9275.809,12.745693
1328.0188720272279,9293.802,12.755134
1328.0202609283658,9278.0,12.736901
1328.021649829503,9279.658,12.736414
1328.0230387306403,9288.039,12.747237
1328.0244276317774,9293.225,12.74579
1328.0258165328562,9282.739,12.736163
1328.0272054339935,9277.779,12.72867
1328.0285943351307,9286.624,12.733855
1328.0299832362678,9293.119,12.741877
1328.031372137405,9265.357,12.734319
1328.0327610385423,9294.439,12.748144
1328.0341499396793,9269.089,12.735334
1328.0355388408163,9292.72,12.739574
1328.0369277419536,9260.836,12.727045
1328.0383166430327,9284.928,12.741425
1328.0397055441704,9260.157,12.729964
1328.0410944453076,9276.2,12.7366295
1328.0424833464442,9286.581,12.73511
1328.043872247582,9262.867,12.733812
1328.045261148661,9258.658,12.721812
1328.0466500497973,9276.538,12.738656
1328.048038950935,9271.954,12.734961
1328.0494278520723,9265.225,12.737982
1328.0508167532087,9279.535,12.740502
1328.0522056542884,9301.228,12.745933
1328.0535945554263,9307.214,12.74344
1328.0549834565634,9279.104,12.738142
1328.0563723577006,9280.383,12.740986
1328.0577612587797,9290.239,12.747182
1328.0591501599167,9265.69,12.734092
1328.0605390610538,9307.519,12.751084
1328.0619279621328,9280.296,12.734915
1328.06331686327,9287.067,12.749078
1328.064705764407,9288.485,12.750939
1328.0660946654862,9287.72,12.744327
1328.0674835666239,9286.41,12.739608
1328.0688724677611,9276.044,12.741096
1328.0702613688393,9279.347,12.735455
1328.0716502699772,9298.438,12.750632
1328.073039171056,9259.209,12.729323
1328.0744280721926,9270.594,12.734718
1328.0758169733306,9273.717,12.737177
1328.0772058744094,9280.392,12.740389
1328.078594775546,9281.909,12.737364
1328.0799836766257,9271.019,12.734656
1328.0813725777634,9279.377,12.734323
1328.0827614788998,9295.298,12.750544
1328.0841503799788,9278.025,12.741052
1328.0855392811166,9285.61,12.742106
1328.086928182195,9262.651,12.733497
1328.088317083332,9301.457,12.7471695
1328.0897059844117,9282.9375,12.740801
1328.0910948855483,9276.425,12.742656
1328.092483786627,9269.234,12.730894
1328.093872687765,9307.21,12.757758
1328.0952615888448,9270.327,12.738848
1328.0966504899236,9267.18,12.739452
1328.0980393910602,9258.771,12.730303
1328.09942829214,9301.357,12.747707
1328.100817193277,9269.967,12.743145
1328.1022060943553,9285.62,12.735799
1328.103594995493,9286.158,12.74856
1328.104983896572,9276.018,12.740814
1328.1063727976502,9289.85,12.746828
1328.107761698788,9281.312,12.753025
1328.109150599867,9251.481,12.731669
1328.1105395009452,9289.164,12.759991
1328.111928402083,9278.576,12.7400675
1328.1133173031628,9270.146,12.727512
1328.1147062042412,9278.455,12.745814
1328.1160951053782,9262.676,12.72247
1328.117484006458,9281.247,12.743229
1328.1188729075361,9279.131,12.741371
1328.1202618086734,9285.6,12.738575
1328.1216507097529,9283.377,12.741774
1328.123039610831,9282.168,12.742807
1328.1244285119103,9265.137,12.735088
1328.125817413048,9287.076,12.749619
1328.127206314127,9280.198,12.74212
1328.128595215206,9292.336,12.745819
1328.1299841162847,9292.52,12.746899
1328.1313730174227,9281.932,12.739676
1328.1327619185015,9293.355,12.744405
1328.1341508195799,9300.287,12.757721
1328.1355397206596,9299.965,12.754091
1328.1369286217384,9274.104,12.737356
1328.1383175228168,9270.502,12.735879
1328.1397064239547,9285.006,12.734538
1328.1410953250343,9287.245,12.734011
1328.1424842261124,9267.31,12.744488
1328.1438731271915,9290.196,12.741058
1328.145262028271,9289.459,12.745319
1328.1466509293493,9279.439,12.732955
1328.1480398304284,9289.619,12.746128
1328.149428731508,9260.515,12.728304
1328.1508176325863,9266.699,12.734067
1328.1522065337233,9300.836,12.747171
1328.153595434803,9277.109,12.748185
1328.1549843358819,9270.039,12.730431
1328.156373236961,9289.405,12.740223
1328.15776213804,9285.176,12.740331
1328.1591510391188,9259.513,12.732523
1328.1605399401979,9276.679,12.741695
1328.161928841277,9275.347,12.735562
1328.1633177423557,9295.148,12.743367
1328.1647066434346,9294.871,12.742519
1328.1660955445136,9262.551,12.733425
1328.1674844455927,9269.365,12.737063
1328.1688733466724,9285.045,12.74434
1328.170262247693,9277.32,12.744737
1328.1716511487718,9263.326,12.7369375
1328.1730400498516,9284.581,12.737238
1328.17442895093,9286.08,12.743066
1328.1758178520088,9275.476,12.740705
1328.1772067530885,9294.734,12.749803
1328.1785956541667,9279.927,12.735712
1328.1799845552457,9307.345,12.752759
1328.1813734563254,9294.113,12.739964
1328.1827623573454,9272.743,12.73535
1328.1841512584244,9318.729,12.752503
1328.185540159504,9283.459,12.736951
1328.186929060583,9281.598,12.746363
1328.1883179616618,9275.293,12.735375
1328.1897068627406,9286.605,12.735765
1328.1910957637615,9288.812,12.7448635
1328.1924846648405,9283.603,12.73487
1328.1938735659194,9253.971,12.715038
1328.1952624669984,9281.387,12.7339525
1328.1966513680193,9290.893,12.730671
1328.198040269098,9282.051,12.733548
1328.199429170177,9272.3955,12.728531
1328.2008180712567,9294.347,12.740747
1328.2022069722773,9273.05,12.738597
1328.2035958733557,9281.861,12.735637
1328.2049847744354,9292.746,12.740749
1328.206373675456,9287.379,12.734375
1328.2077625765344,9278.961,12.731669
1328.2091514776141,9275.919,12.725808
1328.2105403786347,9279.434,12.735486
1328.2119292797136,9287.019,12.733923
1328.2133181807933,9285.465,12.731648
1328.214707081814,9298.868,12.732646
1328.2160959828932,9257.987,12.723245
1328.2174848839138,9292.249,12.730641
1328.2188737849926,9287.322,12.724141
1328.2202626860717,9294.693,12.737144
1328.2216515870925,9307.844,12.74033
1328.2230404881714,9271.677,12.724441
1328.224429389192,9293.933,12.726781
1328.225818290271,9253.549,12.711215
1328.2272071912919,9266.685,12.723323
1328.2285960923716,9301.704,12.740182
1328.2299849933922,9275.004,12.731026
1328.2313738944706,9281.179,12.729657
1328.232762795492,9275.865,12.727363
1328.234151696571,9290.4,12.730856
1328.235540597591,9277.711,12.721575
1328.2369294986704,9283.265,12.722366
1328.2383183996913,9292.096,12.737164
1328.2397073007694,9282.655,12.728065
1328.241096201791,9290.181,12.72933
1328.2424851028707,9288.618,12.726894
1328.2438740038908,9281.619,12.7297125
1328.2452629049114,9302.259,12.733005
1328.2466518059912,9298.287,12.734986
1328.2480407070111,9296.373,12.740747
1328.2494296080902,9264.888,12.711833
1328.2508185091117,9285.556,12.722853
1328.2522074101323,9298.187,12.733515
1328.2535963112111,9278.945,12.718241
1328.254985212232,9271.651,12.720612
1328.2563741132528,9291.145,12.727414
1328.2577630143317,9301.032,12.726737
1328.2591519153523,9275.933,12.715726
1328.2605408163738,9268.993,12.720938
1328.2619297173947,9275.972,12.719693
1328.2633186184728,9267.711,12.7135315
1328.2647075194943,9262.188,12.720652
1328.266096420515,9308.798,12.728155
1328.267485321535,9277.174,12.72364
1328.2688742226148,9279.397,12.7198715
1328.2702631236355,9275.684,12.712385
1328.2716520246556,9297.934,12.737991
1328.2730409256772,9285.443,12.72486
1328.2744298266985,9283.732,12.718252
1328.2758187277766,9291.871,12.723301
1328.2772076287974,9291.589,12.717838
1328.2785965298187,9280.289,12.709167
1328.279985430839,9287.169,12.720044
1328.2813743318595,9279.998,12.711627
1328.282763232881,9254.681,12.701079
1328.2841521339012,9301.607,12.722459
1328.28554103498,9276.239,12.727886
1328.2869299360016,9270.103,12.711156
1328.2883188370222,9276.516,12.719106
1328.289707738043,9268.211,12.707495
1328.2910966390639,9264.231,12.698623
1328.2924855400852,9291.965,12.719726
1328.293874441106,9282.419,12.709811
1328.295263342126,9310.759,12.722502
1328.2966522431473,9289.423,12.723604
1328.2980411441683,9269.899,12.712126
1328.2994300451883,9264.8955,12.703846
1328.3008189462096,9271.898,12.709272
1328.302207847231,9303.192,12.7171335
1328.3035967482513,9266.773,12.714815
1328.3049856492719,9275.027,12.708128
1328.3063745502934,9270.166,12.701069
1328.3077634513133,9263.488,12.702988
1328.3091523523342,9282.906,12.704824
1328.3105412533557,9276.058,12.707201
1328.3119301543757,9297.304,12.720308
1328.3133190553965,9286.001,12.709686
1328.3147079563596,9294.246,12.716209
1328.3160968573804,9310.207,12.721611
1328.317485758401,9290.431,12.711476
1328.3188746594217,9288.882,12.716138
1328.3202635604428,9262.745,12.692413
1328.3216524614634,9289.739,12.711127
1328.323041362484,9305.659,12.711483
1328.3244302634466,9283.968,12.712585
1328.3258191644675,9304.513,12.720275
1328.327208065488,9264.436,12.6923275
1328.3285969665096,9285.979,12.713749
1328.3299858675311,9282.264,12.704346
1328.3313747684929,9278.681,12.701398
1328.3327636695137,9296.658,12.71866
1328.334152570535,9280.621,12.712521
1328.335541471555,9301.648,12.714105
1328.3369303725176,9276.281,12.703934
1328.338319273539,9277.97,12.709204
1328.339708174559,9274.4375,12.699694
1328.3410970755215,9282.51,12.697646
1328.342485976543,9276.789,12.702631
1328.3438748775638,9280.589,12.7089205
1328.3452637785265,9272.501,12.700124
1328.346652679547,9275.261,12.699899
1328.3480415805677,9277.887,12.699056
1328.3494304815304,9284.918,12.708289
1328.3508193825512,9265.551,12.696358
1328.3522082835718,9289.922,12.709632
1328.3535971845342,9280.78,12.708261
1328.3549860855553,9263.482,12.7002125
1328.3563749865177,9289.801,12.703299
1328.3577638875383,9267.089,12.698214
1328.3591527885592,9277.451,12.695058
1328.3605416895218,9264.843,12.697649
1328.3619305905431,9286.501,12.702538
1328.3633194915058,9280.735,12.7027025
1328.3647083925257,9282.975,12.701446
1328.3660972934888,9294.934,12.70329
1328.3674861945099,9284.17,12.706153
1328.3688750954723,9277.244,12.704371
1328.3702639964938,9283.862,12.710768
1328.3716528974555,9270.5205,12.702904
1328.3730417984764,9297.532,12.707512
1328.3744306994395,9276.085,12.696746
1328.375819600402,9293.434,12.704089
1328.3772085014227,9274.168,12.697786
1328.3785974023854,9285.562,12.707595
1328.3799863034062,9309.425,12.717716
1328.3813752043686,9278.224,12.702338
1328.382764105331,9255.458,12.699767
1328.3841530063519,9280.79,12.705395
1328.3855419073145,9296.801,12.711242
1328.3869308083351,9283.181,12.69573
1328.3883197092975,9284.897,12.707438
1328.3897086102609,9296.982,12.712911
1328.3910975112817,9276.036,12.704635
1328.3924864122434,9266.729,12.695622
1328.3938753132068,9303.367,12.703663
1328.3952642141692,9302.224,12.704367
1328.3966531151893,9271.742,12.69926
1328.3980420161527,9270.291,12.698961
1328.399430917115,9295.383,12.708289
1328.400819818077,9282.719,12.705238
1328.4022087190986,9299.733,12.708448
1328.4035976200616,9276.691,12.709694
1328.4049865210234,9281.8125,12.70446
1328.406375421986,9290.44,12.69886
1328.4077643230073,9298.566,12.707808
1328.40915322397,9271.1875,12.695445
1328.4105421249326,9262.483,12.701541
1328.411931025895,9291.099,12.704309
1328.4133199268576,9262.793,12.692739
1328.4147088278203,9308.937,12.709227
1328.4160977287827,9272.176,12.702263
1328.4174866298042,9291.583,12.706168
1328.4188755307666,9274.61,12.698506
1328.4202644317286,9260.723,12.697901
1328.4216533326917,9281.654,12.7032795
1328.4230422336543,9270.166,12.699668
1328.4244311346163,9295.838,12.706654
1328.4258200355794,9283.089,12.702246
1328.427208936542,9278.152,12.714546
1328.4285978375037,9304.836,12.719607
1328.4299867384668,9279.553,12.704636
1328.4313756394301,9291.8955,12.707275
1328.432764540392,9281.287,12.707964
1328.4341534413545,9282.802,12.711003
1328.4355423423178,9276.366,12.7066965
1328.4369312432798,9279.398,12.701588
1328.4383201442422,9292.844,12.714397
1328.4397090452055,9294.246,12.711098
1328.4410979461672,9284.411,12.703649
1328.4424868471299,9285.054,12.701819
1328.443875748093,9277.174,12.696019
1328.4452646490556,9295.029,12.713805
1328.446653550018,9270.276,12.703349
1328.4480424509807,9268.368,12.704523
1328.4494313518856,9269.115,12.700683
1328.4508202528482,9267.246,12.697676
1328.45220915381,9290.91,12.708765
1328.4535980547732,9286.836,12.714355
1328.4549869557356,9287.44,12.73152
1328.4563758566976,9294.994,12.722263
1328.4577647576027,9285.608,12.707898
1328.4591536585651,9271.559,12.706182
1328.460542559527,9280.151,12.706709
1328.4619314604904,9292.791,12.714838
1328.4633203614535,9284.774,12.709157
1328.464709262357,9266.658,12.705701
1328.4660981633197,9274.905,12.708823
1328.4674870642827,9301.266,12.715319
1328.4688759651865,9283.141,12.705239
1328.470264866149,9272.667,12.713563
1328.4716537671122,9296.993,12.712027
1328.4730426680742,9294.784,12.712674
1328.4744315689784,9268.787,12.7032795
1328.4758204699417,9295.743,12.719068
1328.4772093709041,9271.483,12.70619
1328.4785982718086,9274.156,12.705017
1328.4799871727712,9285.731,12.713086
1328.4813760737336,9280.458,12.708696
1328.482764974638,9305.732,12.717641
1328.4841538756007,9282.41,12.703202
1328.4855427765049,9266.914,12.699862
1328.48832057843,9292.074,12.712399
1328.4897094793348,9272.971,12.715849
1328.4910983802981,9278.976,12.709459
1328.4924872812019,9282.084,12.714552
1328.4938761821643,9268.243,12.706982
1328.4952650830694,9291.093,12.716785
1328.4966539840314,9293.664,12.723283
1328.4980428849356,9272.265,12.705113
1328.4994317858989,9319.418,12.7297
1328.5008206868024,9239.711,12.691638
1328.502209587765,9282.954,12.722112
1328.50359848867,9289.214,12.718489
1328.5049873896326,9268.574,12.71179
1328.5063762905368,9270.857,12.71585
1328.5077651914412,9281.217,12.718182
1328.5091540924038,9285.28,12.721368
1328.510542993308,9264.413,12.709268
1328.5119318942704,9291.65,12.72297
1328.5133207951749,9283.699,12.720591
1328.5147096960793,9282.215,12.725264
1328.5160985970417,9300.545,12.726798
1328.517487497946,9302.667,12.729886
1328.518876398851,9274.602,12.714953
1328.5202652998137,9287.182,12.724531
1328.5216542007172,9275.1455,12.71703
1328.5230431016223,9271.544,12.731548
1328.5244320025847,9273.738,12.721923
1328.5258209034891,9281.555,12.723467
1328.527209804394,9287.864,12.7302475
1328.5285987052978,9286.166,12.731502
1328.5299876062604,9287.615,12.733386
1328.5313765071653,9264.724,12.719077
1328.5327654080697,9283.748,12.722709
1328.5341543089742,9290.522,12.731389
1328.5355432099366,9244.133,12.709097
1328.5369321108408,9281.807,12.738088
1328.5383210117452,9289.599,12.73422
1328.5397099126496,9278.611,12.729186
1328.5410988135538,9274.54,12.727294
1328.5424877144583,9282.852,12.731219
1328.543876615421,9299.066,12.741167
1328.5452655163251,9284.702,12.74456
1328.5466544172302,9284.286,12.729304
1328.5480433181344,9281.518,12.732722
1328.5494322190382,9277.415,12.731378
1328.5508211199433,9258.381,12.734479
1328.5522100208475,9273.66,12.724219
1328.5535989217512,9275.536,12.733746
1328.5549878226561,9269.45,12.729059
1328.5563767235606,9272.909,12.727897
1328.557765624464,9278.815,12.731763
1328.559154525369,9284.272,12.734503
1328.560543426274,9292.484,12.74239
1328.5619323271778,9274.942,12.742189
1328.563321228082,9299.751,12.746464
1328.5647101289871,9264.445,12.729386
1328.5660990298913,9273.533,12.742407
1328.5674879307958,9294.318,12.745583
1328.5688768317002,9275.604,12.742555
1328.5702657326044,9280.051,12.740804
1328.5716546335086,9276.199,12.732633
1328.573043534413,9276.603,12.736267
1328.574432435318,9294.954,12.752715
1328.5758213362226,9281.414,12.73223
1328.577210237126,9275.6875,12.741967
1328.578599138031,9303.539,12.7454195
1328.5799880388772,9301.217,12.751706
1328.5813769397807,9294.54,12.746848
1328.5827658406859,9282.9375,12.742169
1328.58415474159,9294.37,12.747367
1328.5855436424938,9283.892,12.740234
1328.5869325433407,9288.74,12.745017
1328.588321444245,9297.716,12.758047
1328.5897103451487,9281.964,12.7498045
1328.5910992460538,9269.981,12.735452
1328.5924881469587,9292.336,12.7522335
1328.593877047804,9296.627,12.761365
1328.5952659487084,9279.894,12.74518
1328.5966548496133,9298.334,12.755393
1328.5980437504588,9283.501,12.745717
1328.599432651363,9286.841,12.753207
1328.6008215522681,9294.149,12.756073
1328.602210453172,9272.47,12.743592
1328.603599354018,9284.352,12.746289
1328.604988254923,9269.14,12.745678
1328.606377155828,9281.439,12.746192
1328.607766056674,9299.142,12.756976
1328.6091549575779,9292.818,12.751121
1328.6105438584248,9280.936,12.748632
1328.611932759329,9272.959,12.750382
1328.6133216602327,9260.762,12.738699
1328.6147105610794,9280.109,12.754866
1328.6160994619838,9256.974,12.738718
1328.6174883628291,9277.981,12.746056
1328.618877263734,9281.907,12.7465
1328.620266164581,9298.646,12.752286
1328.6216550654847,9252.286,12.734403
1328.6230439663307,9278.724,12.755086
1328.6244328672358,9277.991,12.743078
1328.6258217680813,9282.956,12.748644
1328.6272106689855,9280.569,12.754811
1328.6285995698324,9266.54,12.740007
1328.629988470736,9284.121,12.757278
1328.6313773715822,9291.071,12.7508745
1328.6327662724873,9278.928,12.754665
1328.6341551733333,9293.11,12.757121
1328.6355440742375,9274.944,12.748111
1328.6369329750837,9272.568,12.747725
1328.63832187593,9257.596,12.734378
1328.6397107768341,9304.181,12.752682
1328.6410996776801,9270.193,12.756376
1328.6424885785264,9287.255,12.748966
1328.6438774794308,9278.163,12.752555
1328.6452663802768,9274.646,12.746122
1328.6466552811237,9278.8955,12.748592
1328.6480441820288,9288.202,12.747351
1328.649433082874,9284.911,12.7501135
1328.6508219837203,9302.706,12.7553835
1328.6522108846252,9291.462,12.759722
1328.6535997854705,9289.07,12.747003
1328.654988686317,9286.515,12.751626
1328.6563775871637,9297.556,12.750479
1328.6577664880672,9290.433,12.749926
1328.6591553889134,9272.963,12.754516
1328.66054428976,9310.305,12.747751
1328.6619331906063,9273.81,12.74296
1328.6633220914525,9305.629,12.760054
1328.6647109923567,9282.908,12.74456
1328.6660998932027,9277.963,12.749425
1328.6674887940492,9276.172,12.741048
1328.6688776948952,9280.816,12.748373
1328.6702665957412,9300.001,12.753063
1328.6716554965874,9264.061,12.734963
1328.6730443974336,9293.984,12.755446
1328.6744332982796,9272.682,12.745377
1328.6758221991847,9274.119,12.7400675
1328.6772111000307,9299.631,12.754599
1328.6786000008763,9286.23,12.754795
1328.6799889017232,9264.517,12.7334
1328.6813778025692,9300.313,12.759802
1328.6827667034147,9289.701,12.753745
1328.6841556042614,9279.717,12.7412405
1328.6855445051076,9308.488,12.756622
1328.6869334059536,9278.856,12.756988
1328.6883223068005,9286.564,12.750921
1328.6897112076465,9288.944,12.742334
1328.6911001084927,9280.734,12.747037
1328.692489009339,9298.877,12.759628
1328.693877910185,9256.201,12.735564
1328.695266811031,9295.646,12.7464075
1328.6966557118772,9277.993,12.74311
1328.6980446126652,9263.498,12.740696
1328.6994335135112,9266.405,12.740716
1328.7008224143572,9296.054,12.753618
1328.7022113152036,9276.191,12.753844
1328.7036002160503,9291.896,12.743511
1328.7049891168965,9276.824,12.75171
1328.7063780177418,9275.7705,12.74659
1328.7077669185303,9296.87,12.751526
1328.7091558193765,9291.698,12.7529335
1328.7105447202218,9280.644,12.739285
1328.7119336210687,9273.91,12.744432
1328.713322521915,9278.505,12.748356
1328.714711422702,9289.386,12.751425
1328.716100323549,9279.352,12.744666
1328.7174892243959,9292.782,12.7466135
1328.7188781252412,9274.798,12.745284
1328.7202670260292,9292.033,12.76282
1328.7216559268759,9279.225,12.744215
1328.723044827722,9283.39,12.741981
1328.724433728568,9290.785,12.748977
1328.7258226293561,9314.101,12.758707
1328.7272115302023,9316.11,12.755727
1328.7286004310483,9276.85,12.741266
1328.7299893318361,9275.845,12.744922
1328.731378232683,9277.85,12.743156
1328.7327671334708,9263.52,12.734497
1328.7341560343164,9274.07,12.738323
1328.7355449351633,9291.194,12.754373
1328.736933835951,9266.524,12.7427
1328.7383227367966,9292.974,12.757348
1328.7397116375853,9301.306,12.7507515
1328.7411005384313,9263.171,12.735859
1328.7424894392186,9284.896,12.747385
1328.7438783400653,9275.619,12.743347
1328.7452672408538,9279.229,12.756667
1328.7466561416993,9277.033,12.736327
1328.7480450425453,9259.687,12.734162
1328.749433943334,9294.235,12.754491
1328.7508228441213,9279.7295,12.743555
1328.7522117449673,9292.129,12.752592
1328.753600645756,9298.848,12.748786
1328.7549895466016,9271.864,12.7370405
1328.7563784473894,9290.29,12.751045
1328.7577673482363,9264.355,12.74556
1328.759156249024,9276.814,12.755095
1328.760545149812,9277.935,12.740993
1328.7619340506583,9287.187,12.762274
1328.7633229514468,9284.964,12.740233
1328.764711852293,9267.031,12.745864
1328.76610075308,9290.789,12.747997
1328.7674896538686,9285.606,12.748629
1328.7688785547148,9285.017,12.754482
1328.7702674555019,9270.111,12.748718
1328.7716563562906,9277.369,12.749792
1328.7730452570793,9276.924,12.744819
1328.7744341579248,9278.023,12.745507
1328.7758230587126,9291.428,12.761772
1328.7772119595013,9293.052,12.7528305
1328.7786008603466,9268.787,12.747058
1328.7799897611346,9279.856,12.747903
1328.7813786619233,9286.385,12.748334
1328.7827675627104,9305.721,12.759658
1328.7841564634984,9296.797,12.754206
1328.7855453643451,9272.603,12.743343
1328.7869342651331,9315.089,12.764221
1328.788323165921,9284.06,12.76377
1328.7911009674967,9291.04,12.7506075
1328.7924898682847,9294.945,12.7516775
1328.7938787690725,9296.721,12.761408
1328.7952676699188,9278.268,12.741212
1328.7966565707068,9265.175,12.746495
1328.7980454714946,9305.908,12.749679
1328.7994343722823,9287.704,12.760226
1328.8008232730704,9278.039,12.756926
1328.8022121738584,9275.577,12.747908
1328.8036010746468,9275.936,12.748778
1328.8049899754353,9283.222,12.761174
1328.8063788762227,9278.546,12.750804
1328.8077677770107,9285.3125,12.752648
1328.8091566777991,9272.394,12.743186
1328.8105455785865,9275.319,12.743304
1328.8119344793743,9290.602,12.751628
1328.813323380163,9287.892,12.75358
1328.8147122809503,9271.342,12.743171
1328.816101181738,9275.581,12.745723
1328.8174900825268,9269.008,12.745495
1328.8188789833146,9273.128,12.742584
1328.8202678841026,9266.633,12.738163
1328.8216567848324,9280.448,12.748375
1328.8230456856202,9284.139,12.742478
1328.824434586408,9270.098,12.745834
1328.825823487196,9300.085,12.754339
1328.827212387984,9293.607,12.756251
1328.8286012887718,9256.42,12.743841
1328.8299901895598,9288.089,12.75191
1328.8313790902896,9267.528,12.747163
1328.832767991078,9274.429,12.747245
1328.834156891866,9263.923,12.735396
1328.8355457926532,9293.045,12.7581005
1328.8369346933835,9261.633,12.732604
1328.8383235941715,9284.673,12.747904
1328.8397124949586,9281.372,12.744275
1328.8411013957473,9287.744,12.744248
1328.842490296477,9276.705,12.748056
1328.843879197265,9268.051,12.739884
1328.8452680980536,9282.662,12.741299
1328.8466569987834,9293.469,12.7464485
1328.8480458995712,9314.681,12.7596
1328.849434800359,9284.924,12.747051
1328.8508237010888,9281.097,12.748662
1328.8522126018768,9279.924,12.738093
1328.8536015026646,9299.114,12.761398
1328.8549904033944,9299.726,12.745699
1328.8563793041824,9273.247,12.745947
1328.857768204912,9292.501,12.738859
1328.8591571056998,9304.843,12.752236
1328.8605460064884,9265.897,12.741835
1328.861934907218,9281.744,12.741352
1328.8633238080054,9279.36,12.741015
1328.8647127087359,9305.981,12.750554
1328.8661016095236,9255.348,12.735556
1328.8674905102528,9281.084,12.740931
1328.8688794110415,9272.636,12.7282295
1328.870268311771,9289.24,12.744669
1328.8716572125584,9272.119,12.733148
1328.8730461132886,9290.95,12.750686
1328.874435014077,9274.562,12.7359085
1328.8758239148062,9277.762,12.735786
1328.877212815536,9277.52,12.733116
1328.8786017163245,9276.414,12.728368
1328.8799906170536,9284.785,12.730134
1328.8813795178414,9270.241,12.729327
1328.882768418572,9279.99,12.740884
1328.8841573193015,9268.956,12.730693
1328.8855462200895,9297.482,12.74066
1328.8869351208193,9266.4795,12.721964
1328.8883240215498,9274.743,12.734244
1328.8897129223376,9272.204,12.729618
1328.8911018230667,9289.226,12.735948
1328.892490723797,9282.999,12.729553
1328.893879624585,9280.797,12.737159
1328.895268525314,9277.607,12.73009
1328.8966574260442,9301.958,12.737584
1328.8980463267742,9293.788,12.734864
1328.8994352275613,9281.915,12.731916
1328.9008241282916,9275.769,12.726867
1328.902213029022,9261.432,12.722673
1328.9036019297512,9284.193,12.729033
1328.9049908304808,9269.754,12.731276
1328.9063797312695,9288.796,12.729957
1328.9077686319984,9297.331,12.736587
1328.9091575327282,9296.86,12.732593
1328.9105464334586,9288.498,12.723685
1328.9119353341875,9302.167,12.740001
1328.9133242349174,9278.682,12.723646
1328.9147131356476,9298.342,12.738905
1328.9161020363774,9282.351,12.73497
1328.9174909371652,9267.961,12.722263
1328.9188798378948,9279.523,12.718978
1328.9202687386253,9286.853,12.726048
1328.921657639355,9276.946,12.7277775
1328.923046540084,9262.329,12.713453
1328.9244354408145,9290.444,12.7233515
1328.925824341544,9278.386,12.720129
1328.9272132422732,9262.422,12.712571
1328.9286021430037,9277.121,12.722411
1328.929991043734,9260.989,12.716967
1328.9313799444628,9270.225,12.721772
1328.9327688451929,9282.653,12.724667
1328.9341577459231,9274.804,12.720376
1328.935546646652,9271.844,12.715023
1328.9369355473236,9253.809,12.702351
1328.938324448054,9268.75,12.71922
1328.939713348783,9297.622,12.724461
1328.9411022495126,9272.953,12.709615
1328.942491150243,9284.529,12.714104
1328.9438800509727,9294.24,12.724889
1328.9452689517027,9305.078,12.728834
1328.9466578524323,9279.431,12.721475
1328.9480467531037,9284.738,12.718305
1328.9494356538335,9274.272,12.705846
1328.9508245545633,9279.755,12.707704
1328.9522134552928,9285.594,12.718859
1328.9536023560224,9278.035,12.716882
1328.954991256694,9276.32,12.709886
1328.9563801574238,9267.279,12.706791
1328.9577690581543,9292.104,12.709834
1328.959157958884,9285.518,12.711512
1328.9605468595553,9279.881,12.714563
1328.9619357602858,9281.429,12.707371
1328.963324661015,9262.209,12.706374
1328.9647135616863,9279.732,12.709756
1328.9661024624168,9280.915,12.70758
1328.9674913631457,9280.342,12.710504
1328.9688802638173,9277.816,12.710204
1328.9702691645477,9285.6045,12.711563
1328.9716580652773,9264.918,12.696756
1328.9730469659487,9265.11,12.698575
1328.9744358666785,9286.584,12.707912
1328.97582476735,9290.014,12.716071
1328.9772136680797,9296.824,12.720222
1328.978602568751,9278.939,12.700217
1328.979991469481,9272.917,12.705445
1328.9813803702107,9288.949,12.702243
1328.982769270882,9281.263,12.707346
1328.9841581716119,9269.859,12.705715
1328.985547072284,9275.851,12.701498
1328.9869359730137,9268.234,12.691275
1328.9883248736844,9286.793,12.70795
1328.989713774415,9282.766,12.702586
1328.9911026750865,9280.612,12.700352
1328.9924915757572,9293.84,12.708005
1328.9938804764877,9288.176,12.706763
1328.995269377159,9283.598,12.704667
1328.9966582778882,9295.489,12.708039
1328.9980471785605,9288.861,12.7051
1328.9994360792325,9287.823,12.701336
1329.0008249799623,9308.164,12.714265
1329.0022138806337,9280.522,12.698289
1329.0036027813635,9267.94,12.706717
1329.004991682035,9282.739,12.697675
1329.0063805827065,9292.415,12.709135
1329.0077694833778,9302.574,12.723835
1329.0091583841076,9278.506,12.692584
1329.0105472847792,9281.606,12.705379
1329.0119361854506,9268.134,12.695331
1329.013325086181,9270.908,12.693458
1329.0147139868525,9298.076,12.711912
1329.0161028875234,9293.158,12.699176
1329.0174917881957,9305.486,12.70916
1329.0188806889253,9285.1045,12.705379
1329.0202695895962,9277.592,12.69938
1329.0216584902682,9289.752,12.696982
1329.0230473909398,9306.915,12.712783
1329.0244362916105,9287.813,12.699923
1329.0258251922826,9281.785,12.700027
1329.027214093013,9278.225,12.686642
1329.028602993684,9263.099,12.690415
1329.0299918943554,9295.137,12.701506
1329.0313807950276,9265.393,12.693461
1329.0327696956986,9282.847,12.694594
1329.03415859637,9262.575,12.693005
1329.0355474970422,9278.609,12.697876
1329.036936397713,9282.012,12.692506
1329.0383252983845,9293.635,12.700068
1329.0397141990568,9270.425,12.700197
1329.0411030997288,9295.98,12.70695
1329.0424920004004,9294.408,12.70241
1329.0438809010711,9273.168,12.688819
1329.0452698017432,9269.005,12.69561
1329.0466587024148,9267.489,12.690404
1329.0480476030855,9272.129,12.688516
1329.0494365037578,9267.063,12.6934
1329.0508254044294,9288.923,12.699934
1329.0522143051,9273.812,12.702849
1329.0536032057723,9269.38,12.693649
1329.0549921064446,9285.918,12.699719
1329.0563810071153,9279.381,12.700153
1329.057769907787,9276.283,12.691291
1329.0591588084592,9279.308,12.698764
1329.0605477090717,9289.374,12.709279
1329.0619366097433,9264.004,12.687277
1329.0633255104153,9297.308,12.717153
1329.064714411086,9283.6875,12.698499
1329.0661033117576,9276.321,12.702749
1329.0674922123715,9272.767,12.693668
1329.068881113043,9277.878,12.695121
1329.0702700137147,9284.253,12.706844
1329.071658914386,9292.063,12.698228
1329.0730478150576,9293.068,12.708122
1329.074436715671,9276.31,12.702376
1329.0758256163424,9287.95,12.695491
1329.0772145170147,9289.071,12.7057705
1329.0786034176278,9263.335,12.692376
1329.0799923182988,9273.227,12.691224
1329.081381218971,9281.816,12.701059
1329.082770119585,9273.638,12.699167
1329.0841590202556,9296.28,12.720365
1329.0855479209272,9277.494,12.695135
1329.086936821541,9295.396,12.70735
1329.088325722212,9269.21,12.6903305
1329.0897146228833,9271.736,12.693223
1329.0911035234974,9269.319,12.698946
1329.0924924241683,9289.404,12.7073
1329.0938813247815,9297.383,12.704028
1329.0952702254538,9281.8,12.701895
1329.096659126067,9275.396,12.700191
1329.0980480267385,9280.105,12.694294
1329.099436927352,9286.609,12.706654
1329.1008258280233,9252.559,12.68515
1329.1022147286365,9274.229,12.705186
1329.103603629308,9284.215,12.70082
1329.1049925299214,9286.903,12.704891
1329.1063814305928,9296.673,12.709634
1329.1077703312062,9270.05,12.698804
1329.1091592318778,9298.936,12.713561
1329.1105481324917,9276.648,12.701182
1329.1119370331633,9282.556,12.716339
1329.1133259337757,9293.659,12.711111
1329.1147148343896,9295.859,12.711008
1329.1161037350612,9296.19,12.707705
1329.1174926356746,9293.201,12.709654
1329.1188815362887,9274.827,12.699445
1329.1202704369593,9280.044,12.705361
1329.1216593375727,9276.919,12.703919
1329.1230482381866,9275.029,12.709382
1329.1244371388582,9279.779,12.709394
1329.1258260394713,9292.824,12.709976
1329.1272149400845,9283.204,12.70941
1329.1286038406981,9284.371,12.706339
1329.1299927413695,9282.5,12.706313
1329.1313816419827,9276.238,12.700416
1329.132770542596,9283.266,12.710324
1329.1341594432095,9282.553,12.707787
1329.1355483438808,9282.218,12.703567
1329.136937244494,9301.157,12.728048
1329.138326145108,9277.066,12.70659
1329.1397150457212,9285.528,12.714857
1329.141103946334,9271.581,12.699587
1329.142492846948,9306.297,12.722816
1329.1438817476194,9288.645,12.716861
1329.145270648232,9275.305,12.701895
1329.1480484494593,9280.082,12.704997
1329.149437350072,9274.971,12.706678
1329.150826250686,9299.292,12.715597
1329.1522151512997,9274.066,12.705097
1329.1536040519125,9275.071,12.705789
1329.1549929525258,9296.048,12.721574
1329.1563818531397,9270.094,12.707119
1329.157770753753,9285.572,12.714756
1329.1591596543665,9287.213,12.71076
1329.1605485549796,9285.119,12.7109375
1329.1619374555928,9286.265,12.704659
1329.1633263562064,9264.541,12.7022085
1329.1647152568196,9290.571,12.710935
1329.1661041574337,9279.258,12.70409
1329.1674930580468,9282.739,12.7227955
1329.1688819586595,9284.312,12.721485
1329.1702708592734,9258.18,12.699746
1329.1716597598868,9278.999,12.71328
1329.173048660441,9266.309,12.694346
1329.174437561055,9284.385,12.7002945
1329.1758264616685,9303.121,12.717926
1329.177215362281,9292.841,12.704882
1329.1786042628949,9278.863,12.71799
1329.179993163509,9273.151,12.706202
1329.1813820640634,9288.443,12.707404
1329.1827709646766,9284.597,12.706556
1329.1841598652907,9300.55,12.717893
1329.1855487659031,9279.619,12.722359
1329.1869376664583,9276.077,12.709183
1329.1883265670724,9284.338,12.720307
1329.1911043682983,9290.279,12.712027
1329.192493268854,9281.958,12.712959
1329.1938821694673,9282.821,12.7102375
1329.1952710700805,9298.816,12.721023
1329.1966599706354,9301.655,12.7196665
1329.1980488712495,9274.324,12.711301
1329.199437771863,9266.466,12.7068615
1329.2008266724172,9274.191,12.705138
1329.2036044735862,9287.612,12.717148
1329.204993374199,9285.69,12.710213
1329.206382274813,9290.054,12.725345
1329.2077711753686,9273.218,12.705934
1329.2091600759811,9281.978,12.710004
1329.2105489765365,9301.385,12.727652
1329.2119378771504,9280.847,12.714522
1329.2133267777047,9281.882,12.715913
1329.214715678318,9275.118,12.70362
1329.2161045788737,9265.723,12.701817
1329.217493479487,9278.944,12.704215
1329.2188823800423,9271.81,12.705531
1329.2202712806554,9275.038,12.710856
1329.2216601812104,9269.466,12.701787
1329.223049081824,9289.885,12.714519
1329.224437982379,9279.737,12.708586
1329.225826882934,9283.743,12.7079525
1329.2272157835473,9283.389,12.711604
1329.2286046841025,9291.03,12.718351
1329.2299935847157,9274.47,12.702671
1329.2313824852715,9280.792,12.702727
1329.2327713858265,9271.711,12.701372
1329.2341602864392,9287.304,12.701316
1329.23693808755,9258.695,12.694398
1329.238326988105,9286.769,12.709371
1329.239715888719,9285.654,12.705345
1329.2411047892735,9286.657,12.70884
1329.2424936898285,9325.501,12.723153
1329.2438825904426,9289.083,12.711929
1329.2452714909975,9268.364,12.696002
1329.2466603915527,9265.256,12.702265
1329.248049292108,9278.425,12.696054
1329.2494381926629,9270.496,12.701742
1329.250827093276,9292.054,12.706515
1329.2522159938312,9271.969,12.702182
1329.2536048943864,9287.618,12.706641
1329.2549937949414,9288.969,12.703072
1329.2563826954963,9285.296,12.705759
1329.2577715960517,9304.816,12.723391
1329.2591604966074,9278.032,12.700406
1329.2605493971625,9276.364,12.707635
1329.261938297775,9287.682,12.703786
1329.2633271983307,9307.527,12.722059
1329.2647160988859,9272.774,12.700599
1329.2661049994401,9279.775,12.701315
1329.267493899996,9297.027,12.713826
1329.2688828005512,9270.296,12.700811
1329.2702717011055,9258.587,12.693256
1329.2716606016613,9265.363,12.691442
1329.2730495022172,9272.799,12.700128
1329.2744384027721,9279.876,12.703354
1329.275827303327,9294.428,12.706044
1329.2772162038823,9285.389,12.703665
1329.2786051044375,9287.2705,12.70707
1329.2799940049342,9295.306,12.7019825
1329.2813829054894,9278.073,12.695915
1329.2827718060446,9283.172,12.697019
1329.2841607065996,9279.302,12.698713
1329.2855496071545,9276.65,12.708209
1329.2869385077104,9293.63,12.705295
1329.2883274082653,9282.946,12.692079
1329.2897163088198,9283.378,12.697805
1329.2911052093175,9303.729,12.709959
1329.2924941098725,9273.297,12.696956
1329.293883010427,9286.623,12.699149
1329.2952719109828,9293.129,12.697158
1329.2966608115378,9274.427,12.689858
1329.298049712034,9268.815,12.700179
1329.2994386125897,9269.594,12.686098
1329.3008275131454,9281.312,12.691701
1329.3022164136999,9282.184,12.694588
1329.3036053141966,9268.266,12.685991
1329.3049942147525,9291.886,12.695662
1329.306383115307,9269.534,12.691579
1329.3077720158037,9261.768,12.687668
1329.3091609163596,9266.272,12.6843
1329.310549816914,9309.322,12.701316
1329.3119387174108,9277.829,12.692687
1329.3133276179667,9289.518,12.694639
1329.3147165184644,9281.504,12.689321
1329.3161054190193,9279.846,12.690328
1329.3174943195738,9314.714,12.7037525
1329.3188832200713,9287.741,12.689153
1329.3202721206264,9291.207,12.703089
1329.3216610211225,9257.301,12.67835
1329.3230499216781,9289.735,12.692927
1329.3244388221751,9300.953,12.702495
1329.3258277227294,9285.149,12.690306
1329.327216623227,9278.177,12.697024
1329.328605523783,9266.258,12.679651
1329.3299944242792,9290.836,12.694822
1329.3313833248342,9276.772,12.691399
1329.3327722253318,9270.332,12.679488
1329.334161125886,9300.464,12.705502
1329.335550026383,9295.63,12.686605
1329.336938926939,9283.373,12.686971
1329.338327827435,9294.337,12.68578
1329.339716727932,9274.34,12.685795
1329.3411056284876,9286.386,12.688604
1329.3424945289846,9267.493,12.681353
1329.3438834294814,9312.122,12.70441
1329.3452723300363,9269.81,12.680406
1329.3466612305333,9263.144,12.683861
1329.3480501310303,9291.179,12.68421
1329.3494390315852,9288.228,12.697069
1329.3508279320822,9301.759,12.690443
1329.3522168325792,9272.438,12.682709
1329.353605733076,9285.286,12.693465
1329.3549946336318,9277.864,12.67525
1329.3563835341292,9284.698,12.68481
1329.3577724346253,9283.128,12.6895485
1329.3591613351225,9304.623,12.702594
1329.3605502356781,9290.738,12.687909
1329.3619391361742,9280.005,12.679127
1329.3633280366712,9280.198,12.67468
1329.3647169371686,9303.301,12.698504
1329.366105837665,9290.681,12.685021
1329.3674947381617,9264.97,12.67612
1329.3688836386593,9278.122,12.682149
1329.3702725392143,9258.079,12.681576
1329.3716614397115,9258.667,12.664006
1329.3730503402082,9307.986,12.695035
1329.374439240705,9288.981,12.688935
1329.375828141202,9271.041,12.676568
1329.377217041699,9278.777,12.677998
1329.3786059421957,9274.755,12.675127
1329.3799948426924,9291.056,12.675676
1329.3813837431894,9285.066,12.673639
1329.3827726436864,9267.685,12.679125
1329.384161544184,9266.932,12.67228
1329.3855504446808,9283.236,12.686931
1329.386939345177,9308.707,12.692746
1329.3897171461715,9283.598,12.675086
1329.3911060466676,9286.057,12.684115
1329.392494947165,9276.729,12.685813
1329.3938838476038,9287.783,12.6956005
1329.3952727481008,9301.58,12.685383
1329.3966616485984,9283.079,12.6846485
1329.3980505490952,9281.807,12.682695
1329.399439449592,9270.501,12.680529
1329.400828350089,9299.712,12.691264
1329.4022172505859,9268.804,12.677821
1329.4036061510244,9272.944,12.679923
1329.4049950515212,9263.724,12.683606
1329.4063839520184,9300.366,12.689571
1329.407772852515,9278.951,12.684671
1329.4091617529537,9274.836,12.681346
1329.4105506534506,9279.491,12.679602
1329.411939553948,9278.42,12.681455
1329.413328454445,9281.592,12.680188
1329.414717354883,9269.388,12.67589
1329.4161062553806,9267.17,12.676618
1329.4174951558775,9295.405,12.684544
1329.4188840563154,9277.567,12.691172
1329.420272956813,9277.929,12.680324
1329.4216618573107,9277.167,12.6794615
1329.4230507577486,9268.637,12.684467
1329.4244396582455,9304.241,12.687332
1329.425828558743,9280.908,12.672191
1329.4272174591808,9268.9375,12.673288
1329.428606359678,9279.107,12.677301
1329.4299952601173,9291.795,12.683732
1329.4313841606133,9289.475,12.690065
1329.432773061052,9295.405,12.685411
1329.4341619615495,9254.918,12.667162
1329.435550861989,9286.887,12.695854
1329.4369397624857,9282.33,12.68148
1329.4383286629238,9276.2705,12.671002
1329.4397175634215,9276.652,12.678499
1329.44110646386,9272.144,12.674272
1329.4424953643563,9265.612,12.672085
1329.4438842647958,9274.609,12.675483
1329.4452731652925,9273.93,12.676828
1329.4466620657306,9272.147,12.678381
1329.4480509661698,9293.482,12.686152
1329.4494398666673,9265.782,12.680076
1329.4508287671053,9286.576,12.689428
1329.452217667602,9271.745,12.677914
1329.4536065680416,9282.703,12.67464
1329.4549954684796,9298.369,12.692294
1329.4563843689764,9260.072,12.670127
1329.4577732694158,9270.61,12.678492
1329.459162169854,9277.429,12.680086
1329.4605510703507,9293.503,12.686627
1329.4619399707901,9290.655,12.686282
1329.4633288712287,9280.918,12.678294
1329.4647177716674,9262.779,12.672802
1329.4661066721644,9271.01,12.675488
1329.467495572603,9273.518,12.676081
1329.4688844730415,9285.246,12.681238
1329.4716622739195,9280.297,12.684245
1329.4730511744165,9248.694,12.667118
1329.4744400748543,9281.958,12.684716
1329.4758289752938,9269.508,12.68241
1329.4772178757332,9280.327,12.6834345
1329.4786067761713,9283.276,12.686115
1329.4799956766099,9264.404,12.6684065
1329.4813845770493,9285.975,12.691638
1329.4827734774872,9294.305,12.689381
1329.484162377926,9275.227,12.686754
1329.4855512783652,9290.521,12.684156
1329.4869401788612,9266.648,12.681468
1329.4883290793002,9265.309,12.690834
1329.4897179797395,9277.526,12.678254
1329.4911068801782,9308.566,12.689693
1329.4924957806168,9280.289,12.684031
1329.4938846810553,9281.666,12.686358
1329.495273581494,9266.697,12.674291
1329.4966624818746,9269.561,12.678827
1329.4980513823132,9271.724,12.685427
1329.499440282752,9297.975,12.694889
1329.5008291831907,9287.139,12.687761
1329.5022180836293,9270.553,12.686093
1329.5036069840678,9265.446,12.676492
1329.5049958845073,9300.803,12.695235
1329.5063847849458,9273.291,12.681316
1329.5077736853839,9285.057,12.689405
1329.5091625858233,9277.901,12.689779
1329.5105514862037,9288.321,12.695069
1329.5119403866424,9287.183,12.705072
1329.5133292870817,9292.229,12.701393
1329.5147181875197,9272.017,12.681916
1329.5161070879583,9308.945,12.701932
1329.5174959883395,9305.739,12.7071
1329.518884888778,9287.793,12.689671
1329.5202737892168,9309.355,12.7015295
1329.5216626896556,9258.017,12.683545
1329.523051590036,9283.459,12.69613
1329.5244404904747,9264.923,12.681488
1329.5258293909135,9263.455,12.6794195
1329.5272182912938,9287.102,12.70093
1329.5286071917324,9288.643,12.69738
1329.5299960921711,9279.431,12.695156
1329.5313849925517,9270.628,12.687532
1329.5327738929911,9287.981,12.699468
1329.5341627933715,9257.276,12.6813345
1329.5355516938096,9278.215,12.689006
1329.5369405942488,9258.724,12.691394
1329.5383294946294,9266.398,12.689756
1329.5397183950672,9245.247,12.68469
1329.5411072954482,9278.355,12.691645
1329.542496195887,9275.39,12.707331
1329.5438850962666,9302.483,12.705856
1329.545273996706,9288.255,12.699754
1329.5466628970873,9295.816,12.707078
1329.5480517975254,9301.215,12.709583
1329.5494406979058,9266.416,12.700394
1329.5508295983452,9267.277,12.690568
1329.5522184987256,9275.42,12.703181
1329.553607399164,9288.631,12.702589
1329.5549962995447,9279.479,12.697919
1329.5563851999257,9279.812,12.7053795
1329.5577741003647,9276.042,12.697279
1329.5591630007443,9262.008,12.686282
1329.5605519011835,9297.524,12.709161
1329.561940801564,9273.111,12.705067
1329.5633297019438,9287.656,12.711288
1329.5647186023832,9305.621,12.715326
1329.5661075027635,9279.4,12.704546
1329.5674964031434,9280.08,12.705204
1329.5688853035829,9283.448,12.703593
1329.5702742039641,9267.3125,12.696854
1329.5716631043438,9273.521,12.70805
1329.5730520047243,9282.546,12.702928
1329.5744409051636,9283.998,12.707113
1329.5758298055432,9288.115,12.711052
1329.5772187059238,9267.035,12.701904
1329.5786076063048,9263.534,12.701124
1329.5799965066847,9299.085,12.722541
1329.5813854071234,9275.834,12.714432
1329.5827743075045,9283.66,12.709904
1329.584163207885,9288.963,12.708874
1329.5855521082656,9292.41,12.709637
1329.586941008646,9300.077,12.72213
1329.5883299090262,9258.191,12.698604
1329.5897188094068,9270.625,12.700308
1329.5911077097874,9281.035,12.719118
1329.5924966101686,9280.639,12.712868
1329.5938855106072,9300.328,12.720988
1329.595274410987,9280.65,12.7089815
1329.596663311368,9275.454,12.709608
1329.598052211749,9287.476,12.7269125
1329.599441112129,9298.6455,12.722485
1329.6008300125093,9273.817,12.711856
1329.6022189128905,9286.832,12.717175
1329.6036078132704,9266.448,12.704735
1329.6049967136507,9298.286,12.723033
1329.6063856139738,9275.129,12.717878
1329.6077745143537,9285.401,12.71453
1329.609163414734,9276.09,12.712012
1329.6105523151152,9279.666,12.715452
1329.6119412154956,9282.317,12.716658
1329.613330115876,9287.331,12.71843
1329.6147190162567,9269.696,12.70972
1329.616107916637,9301.388,12.72379
1329.6174968170174,9282.252,12.718374
1329.6188857173397,9273.533,12.713032
1329.6202746177203,9281.052,12.71535
1329.6216635181006,9290.463,12.7348385
1329.623052418481,9258.562,12.715775
1329.6244413188033,9296.299,12.7338915
1329.6258302191843,9280.333,12.714349
1329.627219119565,9277.221,12.714279
1329.6286080199447,9274.88,12.716563
1329.6299969202676,9292.752,12.720478
1329.6313858206481,9274.541,12.721845
1329.6327747210287,9267.138,12.71723
1329.6341636214097,9292.104,12.726059
1329.6355525217311,9284.758,12.716585
1329.636941422112,9293.983,12.723819
1329.638330322493,9297.094,12.719493
1329.6397192228153,9275.658,12.717065
1329.6411081231956,9278.063,12.728611
1329.6424970235178,9283.864,12.713086
1329.6438859238983,9283.824,12.727608
1329.6452748242789,9295.541,12.732143
1329.646663724601,9264.368,12.710265
1329.6480526249813,9278.995,12.713605
1329.649441525304,9288.168,12.723586
1329.6508304256843,9274.0205,12.712775
1329.6522193260064,9267.598,12.714133
1329.6536082263876,9293.511,12.724398
1329.6549971267098,9292.956,12.722411
1329.6563860270896,9278.027,12.714876
1329.6577749274127,9284.874,12.729707
1329.659163827793,9300.108,12.72144
1329.6605527281147,9279.563,12.721129
1329.6619416284377,9278.936,12.726993
1329.6633305288187,9256.379,12.703746
1329.6647194291402,9281.004,12.721446
1329.6661083295207,9274.085,12.726119
1329.6674972298435,9259.005,12.703305
1329.668886130166,9290.014,12.7226925
1329.6702750305465,9283.384,12.72239
1329.6716639308686,9301.84,12.717904
1329.673052831191,9297.41,12.725656
1329.6744417315715,9277.284,12.716306
1329.6758306318936,9309.224,12.729429
1329.6772195322167,9300.762,12.736988
1329.6786084325388,9311.953,12.726405
1329.6799973329187,9282.914,12.710746
1329.6813862332417,9284.577,12.719834
1329.6827751335638,9283.038,12.712751
1329.6841640338855,9289.939,12.720845
1329.6855529342665,9269.3955,12.711884
1329.6869418345889,9272.412,12.709794
1329.6883307349103,9276.968,12.722563
1329.6897196352331,9290.08,12.725727
1329.6911085355562,9278.417,12.717131
1329.6924974358778,9271.038,12.711103
1329.6938863362582,9281.159,12.719411
1329.6952752365812,9281.616,12.70884
1329.6966641369029,9288.395,12.724037
1329.698053037225,9280.174,12.720509
1329.699441937548,9265.804,12.707381
1329.7008308378695,9269.323,12.707155
1329.7022197381918,9280.989,12.723857
1329.7036086385147,9275.263,12.7219
1329.704997538837,9293.875,12.716608
1329.7063864391591,9279.395,12.710361
1329.7077753394815,9287.535,12.715946
1329.7091642398043,9277.631,12.7149315
1329.7105531401266,9283.735,12.727912
1329.711942040448,9257.943,12.709107
1329.7133309407711,9268.396,12.711457
1329.7147198410933,9263.215,12.706663
1329.716108741415,9285.239,12.719014
1329.717497641738,9281.355,12.7155485
1329.718886542061,9275.084,12.714489
1329.7216643426466,9288.254,12.717759
1329.7230532429694,9285.688,12.732068
1329.7244421432908,9273.746,12.719702
1329.7258310436132,9278.322,12.725059
1329.727219943936,9267.044,12.715807
1329.7286088441995,9282.437,12.709256
1329.7299977445216,9283.087,12.73017
1329.7313866448446,9286.069,12.718719
1329.732775545167,9298.809,12.724894
1329.7341644454311,9275.572,12.717008
1329.7355533457533,9270.113,12.704186
1329.7369422460754,9301.689,12.717586
1329.7383311463977,9281.997,12.710071
1329.739720046662,9264.513,12.706413
1329.741108946984,9271.091,12.712393
1329.7424978473064,9283.635,12.712953
1329.7438867475705,9249.902,12.697656
1329.7452756478926,9280.284,12.712543
1329.7466645482157,9284.106,12.718252
1329.7480534484796,9286.077,12.71093
1329.7494423488017,9278.761,12.714379
1329.7508312490666,9302.91,12.731342
1329.7522201493882,9253.618,12.704301
1329.7536090496521,9276.008,12.716314
1329.7549979499752,9299.334,12.722983
1329.7563868502973,9296.29,12.732023
1329.7577757505614,9311.425,12.731379
1329.7591646508838,9303.726,12.720449
1329.7605535511477,9263.435,12.7137575
1329.7619424514698,9243.538,12.6945715
1329.7633313517342,9285.301,12.717311
1329.7647202519981,9277.462,12.713135
1329.7661091523203,9281.205,12.719883
1329.7674980525844,9277.993,12.706974
1329.7688869529068,9293.73,12.723955
1329.7702758531714,9273.01,12.708697
1329.7716647534937,9260.504,12.708138
1329.773053653757,9290.747,12.729205
1329.7744425540216,9272.895,12.721427
1329.7758314543441,9273.556,12.714401
1329.7772203546074,9252.799,12.701696
1329.778609254872,9289.198,12.725297
1329.7799981551943,9308.312,12.726238
1329.7813870554576,9261.095,12.710672
1329.7827759557224,9284.915,12.719533
1329.7841648559872,9281.505,12.717861
1329.7855537563087,9287.491,12.726698
1329.7869426565728,9265.801,12.706172
1329.7883315568376,9280.6045,12.728638
1329.7897204571016,9284.974,12.7238
1329.7911093574237,9271.386,12.712474
1329.7924982576878,9271.242,12.71476
1329.793887157952,9285.215,12.720385
1329.795276058216,9285.253,12.712639
1329.7966649584798,9291.701,12.7162
1329.7980538587447,9290.382,12.719881
1329.799442759067,9284.357,12.72191
1329.8008316593302,9274.301,12.717144
1329.802220559595,9278.944,12.722781
1329.803609459859,9292.092,12.720804
1329.8049983601225,9291.28,12.716896
1329.8063872603873,9292.446,12.721603
1329.8077761606512,9278.348,12.712626
1329.8091650609147,9297.058,12.734424
1329.8105539611795,9281.194,12.721696
1329.811942861444,9260.499,12.708324
1329.8133317617073,9284.025,12.710013
1329.8147206619715,9286.0625,12.716179
1329.816109562236,9272.595,12.712935
1329.8174984624995,9286.521,12.716183
1329.8188873627635,9288.624,12.724126
1329.8202762630283,9287.213,12.718401
1329.8216651632918,9307.505,12.730566
1329.8230540635557,9281.751,12.712909
1329.8244429638205,9265.63,12.707616
1329.8258318640262,9283.675,12.7148485
1329.8272207642904,9289.785,12.731955
1329.8286096645545,9287.333,12.717457
1329.829998564819,9286.396,12.715741
1329.8313874650833,9304.281,12.7290745
1329.8327763653465,9293.872,12.719509
1329.8341652655529,9299.874,12.731883
1329.8355541658177,9305.138,12.725356
1329.8369430660812,9270.146,12.70522
1329.838331966345,9293.062,12.711175
1329.8397208665517,9281.421,12.714523
1329.8411097668152,9290.254,12.714668
1329.842498667079,9283.49,12.711489
1329.843887567344,9291.326,12.712977
1329.8452764675492,9294.895,12.726911
1329.846665367813,9263.056,12.710216
1329.848054268078,9279.159,12.708175
1329.8494431682836,9292.702,12.712458
1329.8508320685476,9296.439,12.717626
1329.8522209688117,9286.879,12.703083
1329.8536098690176,9313.018,12.720929
1329.8549987692816,9299.088,12.719448
1329.8563876694873,9267.108,12.708311
1329.8577765697516,9285.733,12.718578
1329.8591654699574,9291.474,12.7099905
1329.8605543702213,9285.905,12.709616
1329.8619432704854,9283.17,12.708328
1329.8633321706918,9279.876,12.710739
1329.864721070956,9302.084,12.711041
1329.866109971162,9278.318,12.708131
1329.8674988714267,9291.823,12.710538
1329.8688877716318,9284.518,12.713993
1329.8702766718377,9290.844,12.715108
1329.8716655721023,9286.09,12.708309
1329.8730544723073,9286.592,12.705664
1329.8744433725715,9284.908,12.719375
1329.8758322727779,9271.36,12.702067
1329.877221173042,9247.009,12.702644
1329.878610073248,9263.74,12.692864
1329.8799989734537,9275.401,12.703045
1329.8813878737178,9264.571,12.706305
1329.8827767739238,9295.696,12.708216
1329.8841656741295,9295.334,12.707002
1329.8855545743934,9287.1045,12.703812
1329.8869434745993,9275.274,12.70357
1329.8883323748053,9273.633,12.69723
1329.889721275011,9280.879,12.706689
1329.8911101752758,9280.463,12.700583
1329.8924990754815,9268.544,12.689887
1329.8938879756868,9307.313,12.71556
1329.8952768758934,9273.939,12.708903
1329.896665776099,9292.11,12.713405
1329.8980546763626,9302.556,12.722816
1329.899443576569,9290.687,12.71011
1329.9008324767753,9267.803,12.699207
1329.9022213769806,9278.473,12.70046
1329.9036102771863,9291.001,12.702585
1329.904999177393,9296.586,12.717779
1329.9063880775989,9269.836,12.704616
1329.907776977863,9284.616,12.695924
1329.9091658780687,9287.69,12.702219
1329.9105547782744,9288.681,12.701719
1329.9119436784804,9252.826,12.6915245
1329.9133325786863,9278.501,12.695082
1329.9161103790987,9274.433,12.696222
1329.917499279304,9264.581,12.70545
1329.9188881795103,9295.928,12.698865
1329.9202770797162,9281.128,12.694175
1329.9216659799213,9280.947,12.689549
1329.9230548801277,9309.974,12.70638
1329.9244437803336,9290.48,12.699601
1329.9258326805386,9265.223,12.692932
1329.927221580687,9273.086,12.689467
1329.9286104808937,9289.693,12.693689
1329.929999381099,9272.548,12.685284
1329.9313882813046,9300.983,12.69312
1329.9327771815113,9289.229,12.696041
1329.9341660817163,9274.861,12.686623
1329.9355549819222,9279.872,12.688508
1329.9369438820706,9288.574,12.684328
1329.9383327822757,9287.108,12.686724
1329.9397216824816,9294.259,12.702101
1329.941110582688,9273.193,12.681402
1329.942499482894,9264.956,12.68443
1329.9438883830414,9280.006,12.688464
1329.9452772832472,9288.604,12.692621
1329.9466661834538,9293.341,12.694272
1329.9480550836015,9293.6,12.696922
1329.9494439838065,9290.559,12.689324
1329.9508328840132,9275.856,12.689894
1329.9522217841607,9274.222,12.683553
1329.953610684366,9282.874,12.689582
1329.9549995845725,9283.064,12.691263
1329.9563884847207,9270.891,12.679339
1329.9577773849257,9283.744,12.68481
1329.959166285132,9268.15,12.673895
1329.96055518528,9297.98,12.686684
1329.9619440854851,9289.248,12.690799
1329.9633329856329,9288.882,12.691201
1329.9647218858393,9273.09,12.678977
1329.966110785987,9288.201,12.6921015
1329.967499686193,9294.6045,12.688052
1329.9688885863404,9273.633,12.681783
1329.9702774865461,9288.789,12.687747
1329.9730552868998,9313.692,12.699494
1329.9744441870473,9273.196,12.670373
1329.9758330872532,9282.354,12.6827755
1329.977221987401,9298.187,12.695054
1329.9786108876067,9291.855,12.679864
1329.979999787755,9301.681,12.686157
1329.9813886879026,9272.746,12.678087
1329.9827775881079,9297.689,12.685821
1329.9841664882563,9269.083,12.682497
1329.9855553884038,9264.0625,12.674075
1329.9869442886095,9273.131,12.6731205
1329.989722088905,9271.838,12.672091
1329.9911109891107,9293.03,12.684212
1329.992499889259,9278.998,12.676777
1329.9952776895543,9269.274,12.67415
1329.9966665897603,9279.261,12.673154
1329.9980554899078,9292.835,12.688712
1330.000833290203,9296.496,12.681455
1330.0022221903507,9276.209,12.673709
1330.0036110905564,9266.664,12.669246
1330.006388890852,9296.487,12.684254
1330.0105555912946,9290.31,12.675321
1330.0119444914428,9273.9375,12.673973
1330.0133333915905,9288.416,12.677147
1330.0147222917374,9294.056,12.670828
1330.016111191944,9273.029,12.671814
1330.0175000920917,9297.842,12.675214
1330.020277892387,9285.186,12.673823
1330.0216667925354,9279.084,12.676616
1330.0230556926822,9298.801,12.681324
1330.02444459283,9274.2705,12.67465
1330.02583349292,9274.094,12.673395
1330.0272223930676,9293.435,12.676846
1330.0286112932151,9287.78,12.677588
1330.0300001933629,9279.956,12.674546
1330.031389093511,9305.779,12.686549
1330.0327779936588,9297.739,12.6788025
1330.0341668938056,9282.992,12.678018
1330.035555793954,9291.229,12.675358
1330.0369446941015,9271.598,12.66781
1330.0383335941904,9280.522,12.681604
1330.0397224943388,9285.703,12.6788025
1330.0425002946333,9312.035,12.683035
1330.0438891947817,9269.799,12.668007
1330.0452780948717,9288.873,12.68113
1330.0466669950185,9281.303,12.673668
1330.0480558951663,9290.009,12.676627
1330.0494447953145,9290.357,12.675354
1330.0508336954033,9281.807,12.676297
1330.0522225955508,9276.565,12.670183
1330.0536114956992,9258.486,12.664753
1330.055000395788,9293.979,12.676403
1330.0563892959356,9287.754,12.667844
1330.057778196084,9301.475,12.68489
1330.0591670961733,9278.62,12.676832
1330.060555996321,9289.444,12.676394
1330.0619448964687,9268.362,12.66758
1330.063333796559,9277.314,12.669392
1330.0647226967064,9297.639,12.679966
1330.0661115967953,9289.878,12.674528
1330.0675004969435,9287.373,12.680717
1330.068889397033,9288.305,12.674781
1330.0702782971798,9302.882,12.677572
1330.0716671972698,9262.21,12.665094
1330.0730560974182,9296.719,12.6798725
1330.074444997507,9294.089,12.678507
1330.0786116978918,9278.849,12.680697
1330.080000597981,9285.38,12.676212
1330.0813894981295,9296.537,12.684693
1330.0827783982181,9279.95,12.6716585
1330.0841672983076,9306.546,12.690613
1330.0855561984558,9283.9795,12.692068
1330.0869450985454,9285.58,12.677598
1330.0883339986347,9281.784,12.680747
1330.0897228987824,9293.614,12.686589
1330.091111798872,9288.155,12.679626
1330.0925006989612,9267.304,12.667158
1330.0938895991087,9276.187,12.67298
1330.0952784991982,9300.0,12.684334
1330.0966673992882,9272.212,12.6705065
1330.098056299378,9293.606,12.679161
1330.0994451995248,9293.218,12.673299
1330.1008340996148,9287.098,12.6774025
1330.1022229997043,9273.261,12.680462
1330.1036118997938,9289.058,12.680082
1330.1050007998838,9288.461,12.68045
1330.1063897000306,9297.88,12.678517
1330.1077786001201,9307.955,12.68375
1330.10916750021,9290.565,12.683054
1330.1105564002999,9284.507,12.695003
1330.1119453003892,9299.26,12.679146
1330.1133342004784,9252.663,12.664713
1330.114723100568,9262.982,12.668337
1330.1161120006575,9258.232,12.67378
1330.1175009007468,9262.011,12.664
1330.1188898008943,9286.415,12.676953
1330.1202787009838,9299.692,12.6879225
1330.1216676010733,9271.045,12.669839
1330.1230565011626,9271.147,12.667758
1330.1244454012528,9278.926,12.682605
1330.1258343013421,9308.967,12.690689
1330.127223201431,9292.492,12.68104
1330.128612101463,9273.904,12.675949
1330.1300010015523,9291.984,12.682287
1330.1313899016411,9274.504,12.673416
1330.1327788017313,9279.037,12.672429
1330.1341677018206,9283.39,12.68446
1330.1355566019095,9265.663,12.669232
1330.1369455019994,9287.658,12.683505
1330.1383344020894,9296.61,12.691338
1330.1397233021783,9278.372,12.678966
1330.1411122022093,9306.388,12.699345
1330.1425011022995,9310.926,12.697439
1330.1438900023888,9280.57,12.678814
1330.1452789024786,9286.025,12.683606
1330.146667802568,9301.297,12.684995
1330.1480567026,9275.183,12.671891
1330.1494456026892,9295.677,12.693332
1330.150834502778,9294.714,12.686973
1330.152223402868,9279.015,12.6853285
1330.1536123028993,9282.696,12.680016
1330.155001202988,9283.839,12.675518
1330.156390103078,9272.393,12.674858
1330.1577790031095,9289.19,12.680224
1330.159167903198,9274.516,12.676047
1330.160556803288,9267.845,12.676918
1330.16194570332,9289.031,12.679825
1330.1633346034089,9280.539,12.672609
1330.16472350344,9259.269,12.680954
1330.1661124035302,9278.915,12.683557
1330.1675013036188,9295.823,12.685651
1330.16889020365,9260.331,12.665505
1330.1702791037403,9292.321,12.686175
1330.1716680037707,9282.491,12.682109
1330.1730569038602,9283.117,12.68686
1330.174445803892,9282.485,12.681901
1330.1758347039815,9272.324,12.679175
1330.1772236040126,9245.304,12.667529
1330.178612504102,9256.356,12.680076
1330.1800014041335,9288.593,12.688709
1330.1813903042228,9294.394,12.692953
1330.1827792042538,9272.965,12.678749
1330.1841681042858,9275.759,12.674645
1330.1855570043751,9277.47,12.685406
1330.1869459044058,9286.448,12.683217
1330.1883348044378,9293.074,12.690704
1330.189723704528,9288.98,12.690907
1330.1911126045584,9278.25,12.680651
1330.1925015045897,9276.947,12.677147
1330.1938904046797,9282.161,12.681545
1330.19527930471,9274.562,12.683256
1330.1966682047414,9272.924,12.681268
1330.1980571048314,9290.502,12.686043
1330.1994460048627,9273.857,12.68541
1330.200834904894,9281.787,12.685198
1330.202223804925,9277.937,12.681669
1330.2036127050146,9276.741,12.676528
1330.205001605046,9291.68,12.684862
1330.206390505077,9281.74,12.682339
1330.207779405108,9270.845,12.683419
1330.2091683051394,9293.372,12.69011
1330.2105572051707,9283.604,12.681576
1330.21194610526,9288.675,12.702898
1330.213335005292,9270.031,12.682853
1330.2147239053231,9266.486,12.673321
1330.2161128053538,9291.826,12.696625
1330.2175017053858,9256.219,12.688657
1330.2188906054168,9305.917,12.701031
1330.2202795054475,9304.859,12.689776
1330.2216684054792,9297.13,12.694683
1330.2230573055106,9268.17,12.6816435
1330.2244462055417,9297.432,12.683081
1330.2258351055737,9260.264,12.67613
1330.2272240056047,9291.342,12.694717
1330.228612905636,9290.823,12.6844425
1330.2300018056674,9266.279,12.6824045
1330.2313907056985,9293.979,12.690085
1330.2327796057295,9263.427,12.679321
1330.2341685057609,9282.355,12.681278
1330.2355574057922,9296.859,12.69551
1330.2369463058233,9282.478,12.680821
1330.2383352057964,9290.929,12.684006
1330.2397241058277,9275.16,12.677858
1330.2411130058595,9300.599,12.700875
1330.2425019058908,9271.285,12.679396
1330.2438908059212,9251.367,12.658376
1330.245279705953,9275.553,12.682399
1330.246668605926,9306.349,12.695254
1330.2480575059565,9295.203,12.693825
1330.2494464059885,9277.925,12.686983
1330.2508353060205,9285.328,12.686043
1330.252224205993,9258.895,12.66788
1330.253613106024,9277.019,12.676584
1330.255002006056,9283.45,12.67847
1330.2563909060864,9277.138,12.686538
1330.2577798060595,9299.578,12.688212
1330.2591687060915,9275.637,12.678578
1330.2605576061226,9295.189,12.687712
1330.2619465060955,9262.678,12.672735
1330.2633354061268,9268.384,12.675642
1330.2647243061003,9288.002,12.684046
1330.2661132061316,9290.191,12.675269
1330.267502106162,9300.111,12.683097
1330.2688910061358,9291.808,12.685295
1330.270279906167,9278.542,12.674235
1330.2716688061394,9285.622,12.674142
1330.2730577061714,9269.443,12.674164
1330.2744466061442,9286.215,12.673751
1330.2758355061749,9297.885,12.690484
1330.2772244061487,9275.825,12.674164
1330.2786133061804,9290.917,12.679616
1330.2800022061526,9276.3545,12.67111
1330.2813911061842,9292.87,12.678532
1330.2827800061577,9291.546,12.673727
1330.2841689061881,9256.729,12.656268
1330.2855578061613,9279.896,12.686191
1330.2869467061348,9292.4795,12.676295
1330.2883356061654,9290.957,12.67671
1330.2897245061383,9291.051,12.673084
1330.2911134061121,9297.584,12.686312
1330.2925023061432,9298.765,12.67857
1330.2938912061165,9293.277,12.676203
1330.2952801060894,9281.803,12.670471
1330.2966690061205,9276.124,12.663572
1330.2980579060936,9259.948,12.658562
1330.2994468060667,9294.836,12.684232
1330.3008357060403,9278.125,12.665721
1330.302224606072,9279.717,12.66796
1330.3036135060445,9290.756,12.671307
1330.3050024060174,9282.457,12.664118
1330.3063913059912,9284.684,12.661665
1330.3077802059636,9312.558,12.684012
1330.3091691059947,9284.192,12.668399
1330.3105580059685,9274.965,12.665995
1330.3119469059409,9249.267,12.647048
1330.3133358059138,9276.205,12.670333
1330.3147247058876,9301.45,12.675945
1330.3161136058604,9256.961,12.653464
1330.3175025058335,9278.245,12.659922
1330.3188914058067,9287.501,12.678517
1330.3202803058377,9280.236,12.667084
1330.3216692058106,9286.414,12.671742
1330.3230581057837,9283.126,12.669135
1330.3244470057568,9291.324,12.667889
1330.3258359057297,9280.443,12.664314
1330.3272248057026,9280.295,12.653739
1330.328613705676,9305.282,12.674636
1330.3300026056495,9266.221,12.655828
1330.3313915055644,9285.225,12.6721325
1330.3327804055366,9266.532,12.656648
1330.3341693055102,9268.197,12.645571
1330.3355582054833,9277.695,12.653469
1330.3369471054555,9282.212,12.664462
1330.3480583051828,9303.572,12.662347
1330.349447205156,9264.179,12.657821
1330.3508361050706,9266.612,12.649547
1330.3522250050437,9277.291,12.659299
1330.3536139050173,9295.595,12.672321
1330.3550028049322,9291.693,12.664059
1330.3563917049044,9270.363,12.648833
1330.3577806048781,9289.78,12.663413
1330.359169504851,9286.919,12.668602
1330.3605584047652,9291.935,12.67201
1330.361947304739,9282.027,12.668472
1330.3633362046537,9292.306,12.655454
1330.3647251046261,9290.379,12.664458
1330.3661140046,9288.673,12.66277
1330.3675029045153,9276.999,12.657281
1330.3688918044875,9270.708,12.645926
1330.3702807044024,9267.623,12.647525
1330.371669604376,9279.607,12.656394
1330.3730585042902,9297.566,12.663136
1330.374447404263,9276.863,12.654018
1330.3758363042368,9292.112,12.658959
1330.377225204151,9274.082,12.650933
1330.3786141040657,9284.336,12.661792
1330.3800030040395,9290.467,12.653544
1330.381391903955,9276.108,12.648714
1330.382780803928,9285.512,12.653417
1330.3841697038422,9266.097,12.651348
1330.385558603816,9273.555,12.648076
1330.3869475037307,9265.497,12.646153
1330.3883364036449,9294.492,12.656352
1330.3897253036184,9278.346,12.658907
1330.3911142035333,9280.15,12.661165
1330.3925031034473,9256.918,12.634958
1330.393892003421,9300.456,12.65579
1330.3952809033365,9277.231,12.645584
1330.3966698032507,9271.351,12.643689
1330.3980587032236,9284.094,12.6579
1330.3994476031392,9258.668,12.6386175
1330.4008365030534,9273.12,12.6582775
1330.402225402968,9293.271,12.65364
1330.4036143029418,9281.842,12.650841
1330.4050032028565,9291.427,12.659603
1330.4063921027712,9277.931,12.649518
1330.407781002686,9263.043,12.6510315
1330.409169902601,9276.886,12.65452
1330.4105588025739,9297.307,12.658046
1330.4119477024888,9268.739,12.643388
1330.4133366024037,9277.329,12.652915
1330.4147255023183,9285.4795,12.650769
1330.416114402233,9301.924,12.664591
1330.417503302148,9294.194,12.657556
1330.4188922020633,9273.17,12.645528
1330.4202811019782,9302.017,12.66297
1330.421670001893,9281.037,12.646166
1330.4230589018086,9299.206,12.655573
1330.4244478017226,9298.687,12.662314
1330.4258367016375,9262.396,12.637643
1330.427225601553,9283.196,12.654221
1330.4286145014669,9258.566,12.641754
1330.4300034013818,9295.958,12.655628
1330.4313923012971,9276.767,12.645359
1330.4327812012123,9289.974,12.6513815
1330.434170101127,9278.486,12.656732
1330.4355590010416,9266.601,12.656362
1330.4369479009565,9261.761,12.644962
1330.4383368008714,9275.978,12.64881
1330.439725700786,9278.398,12.654821
1330.4411146006425,9288.411,12.657706
1330.4425035005581,9276.691,12.651726
1330.443892400473,9291.784,12.661903
1330.445281300387,9286.6875,12.653619
1330.4466702003026,9278.173,12.657683
1330.4480591002173,9291.687,12.654009
1330.4494480000733,9277.657,12.656608
1330.4508368999889,9265.201,12.642443
1330.4522257999035,9283.626,12.652781
1330.4536146998178,9286.968,12.657274
1330.4550035996751,9291.881,12.65891
1330.4563924995905,9307.29,12.668247
1330.4577813995054,9280.889,12.65148
1330.4591702993619,9271.817,12.644478
1330.4605591992765,9288.989,12.660821
1330.4619480991914,9284.864,12.654884
1330.4633369990481,9290.026,12.664249
1330.4647258989628,9266.597,12.646696
1330.4661147988193,9283.636,12.6598
1330.4675036987344,9275.2295,12.648664
1330.468892598649,9280.417,12.659211
1330.4702814985064,9291.637,12.652878
1330.471670398421,9273.774,12.650558
1330.4730592982771,9266.872,12.641622
1330.4744481981925,9293.04,12.660167
1330.4758370980492,9289.268,12.654596
1330.4772259979632,9274.659,12.649028
1330.4786148978203,9283.346,12.657421
1330.480003797736,9289.718,12.67357
1330.481392697592,9280.972,12.64954
1330.4827815974484,9292.154,12.662083
1330.484170497364,9276.17,12.648918
1330.48555939722,9282.434,12.650404
1330.4869482971346,9296.24,12.663064
1330.488337196992,9295.67,12.666107
1330.4897260968478,9281.61,12.656735
1330.4911149967627,9290.256,12.662238
1330.49250389662,9283.2,12.663127
1330.4938927964765,9283.955,12.657281
1330.4952816963912,9286.139,12.660398
1330.496670596248,9282.603,12.658465
1330.498059496105,9293.342,12.659099
1330.49944839602,9281.247,12.659607
1330.5008372958757,9278.72,12.658195
1330.502226195733,9281.557,12.67068
1330.5036150955898,9298.906,12.668074
1330.5050039954456,9269.914,12.654676
1330.5063928953612,9279.958,12.656702
1330.5077817952185,9293.206,12.66155
1330.5091706950743,9286.798,12.661337
1330.510559594931,9293.324,12.656076
1330.5119484947884,9300.128,12.670813
1330.5133373946442,9289.766,12.667125
1330.514726294559,9288.151,12.661864
1330.5161151944162,9285.129,12.66284
1330.517504094272,9260.512,12.65917
1330.5188929941287,9274.236,12.65855
1330.5202818939858,9267.58,12.6542845
1330.5216707938425,9297.931,12.667158
1330.5230596936992,9273.922,12.659268
1330.5244485935557,9295.433,12.670283
1330.5258374934124,9295.955,12.680566
1330.527226393269,9296.136,12.665951
1330.5286152931255,9266.818,12.659575
1330.530004192982,9306.254,12.68138
1330.5313930928394,9292.225,12.661328
1330.5327819926958,9295.747,12.672187
1330.5341708925519,9281.154,12.667216
1330.535559792351,9294.735,12.683009
1330.5369486922075,9266.405,12.654777
1330.5383375920642,9279.808,12.673914
1330.5397264919213,9298.431,12.672966
1330.5411153917773,9283.211,12.669846
1330.5425042916338,9288.436,12.668427
1330.5438931914912,9290.418,12.670375
1330.5452820912894,9287.723,12.669438
1330.5466709911464,9281.155,12.666646
1330.5480598910028,9287.338,12.691213
1330.5494487908593,9279.562,12.665695
1330.5508376906578,9276.926,12.667169
1330.5522265905145,9277.81,12.67577
1330.553615490371,9286.597,12.669143
1330.5550043901692,9299.505,12.682169
1330.5563932900259,9286.561,12.667708
1330.5577821898826,9251.99,12.656044
1330.55917108974,9285.38,12.674143
1330.5605599895382,9290.988,12.67582
1330.5619488893942,9277.634,12.672986
1330.5633377891932,9287.004,12.678813
1330.5647266890498,9315.539,12.686754
1330.5661155889056,9283.364,12.672198
1330.5675044887046,9289.268,12.682921
1330.568893388562,9263.011,12.670224
1330.5702822883597,9280.748,12.67861
1330.5716711882162,9284.388,12.67622
1330.5730600880154,9280.335,12.678457
1330.5744489878714,9276.2295,12.67152
1330.5758378876696,9280.307,12.67136
1330.577226787527,9277.361,12.674861
1330.5786156873253,9249.357,12.662032
1330.5800045871817,9274.663,12.675009
1330.5813934869805,9270.419,12.671764
1330.5827823868376,9273.209,12.678413
1330.584171286636,9287.688,12.677125
1330.5855601864337,9282.58,12.680782
1330.5869490862908,9298.741,12.701471
1330.5883379860893,9263.273,12.67159
1330.5897268858869,9293.354,12.692539
1330.5911157857443,9275.543,12.681131
1330.5925046855425,9279.767,12.680025
1330.5938935853403,9289.587,12.687047
1330.5952824851977,9274.781,12.678714
1330.5966713849969,9273.163,12.681234
1330.5980602847944,9283.559,12.684958
1330.599449184593,9285.592,12.694394
1330.60083808445,9288.098,12.689452
1330.6022269842476,9275.156,12.6867485
1330.6036158840461,9292.264,12.691291
1330.605004783845,9261.849,12.67295
1330.6063936836438,9273.815,12.678687
1330.6077825835002,9266.4795,12.679279
1330.6091714832985,9273.094,12.679202
1330.610560383097,9278.498,12.696134
1330.6119492828955,9272.274,12.68591
1330.6133381826937,9257.673,12.680259
1330.614727082492,9312.495,12.704708
1330.6161159822907,9295.058,12.696254
1330.617504882089,9303.989,12.700561
1330.6188937818881,9271.064,12.690109
1330.620282681687,9275.986,12.698874
1330.6216715814846,9299.95,12.691302
1330.6230604812831,9275.498,12.691683
1330.624449381082,9274.332,12.686034
1330.6258382808799,9286.746,12.694478
1330.6272271806781,9286.992,12.7058
1330.6286160804773,9281.251,12.688757
1330.630004980275,9295.463,12.692221
1330.6313938800733,9268.366,12.685701
1330.6327827798725,9278.732,12.689377
1330.6341716796708,9275.819,12.688839
1330.6355605794693,9288.796,12.688794
1330.6369494792677,9276.066,12.689033
1330.638338379066,9277.468,12.700356
1330.639727278806,9274.369,12.693867
1330.6411161786048,9283.796,12.690134
1330.642505078403,9268.296,12.679232
1330.6438939782022,9276.625,12.704715
1330.6452828780004,9274.207,12.689209
1330.64667177774,9273.616,12.68976
1330.648060677539,9276.073,12.698764
1330.6494495773375,9284.924,12.697274
1330.6508384771353,9275.568,12.68443
1330.652227376876,9276.8125,12.691137
1330.6536162766745,9290.001,12.702422
1330.6550051764727,9278.681,12.6910095
1330.6563940762137,9282.261,12.702252
1330.657782976012,9291.9795,12.695672
1330.6591718758102,9289.736,12.691876
1330.6605607755505,9280.645,12.691512
1330.661949675349,9290.7295,12.6971445
1330.663338575089,9292.534,12.708402
1330.6647274748875,9291.538,12.701309
1330.666116374686,9277.709,12.698054
1330.667505274426,9291.026,12.694865
1330.6688941742243,9278.885,12.695351
1330.6702830739646,9281.289,12.699486
1330.6716719737635,9290.628,12.702705
1330.6730608735038,9272.802,12.690614
1330.6744497733014,9264.243,12.684557
1330.6758386730423,9288.003,12.697139
1330.6772275728408,9299.102,12.708105
1330.6786164725802,9279.85,12.695434
1330.6800053723794,9261.345,12.691843
1330.6813942721203,9277.794,12.691394
1330.6827831718597,9274.251,12.6871395
1330.6841720716582,9285.54,12.710227
1330.6855609713991,9287.826,12.692204
1330.6869498711385,9286.963,12.700263
1330.688338770937,9278.074,12.697673
1330.6897276706777,9280.057,12.691368
1330.691116570417,9279.728,12.6931505
1330.6925054702156,9306.114,12.706028
1330.6938943699563,9274.012,12.687757
1330.6952832696973,9293.799,12.698705
1330.6966721694957,9261.496,12.689334
1330.698061069235,9272.796,12.685671
1330.699449968976,9292.403,12.6998825
1330.7008388687161,9294.749,12.694145
1330.7022277684557,9268.295,12.693824
1330.7036166682549,9310.4375,12.719926
1330.705005567995,9278.6,12.701287
1330.7063944677345,9294.534,12.695848
1330.7077833674755,9280.421,12.701123
1330.7091722672162,9280.316,12.70063
1330.7105611669556,9290.712,12.703798
1330.7119500666959,9298.335,12.705142
1330.7133389664366,9301.879,12.700857
1330.7147278662344,9279.389,12.694378
1330.7161167659744,9279.705,12.695987
1330.7175056657154,9296.813,12.698617
1330.7188945654555,9289.15,12.696967
1330.720283465196,9297.611,12.706215
1330.721672364936,9293.025,12.705213
1330.723061264676,9308.494,12.710839
1330.7244501644163,9312.992,12.700101
1330.7258390641566,9289.229,12.696902
1330.7272279638385,9271.262,12.688261
1330.7286168635785,9281.241,12.694254
1330.7300057633188,9269.703,12.684457
1330.731394663059,9298.888,12.704803
1330.7327835628,9278.598,12.68604
1330.73417246254,9280.879,12.6913595
1330.7355613622801,9290.29,12.695983
1330.736950262021,9288.292,12.689932
1330.7383391617025,9274.719,12.69559
1330.7397280614425,9281.669,12.690142
1330.7411169611835,9280.9,12.6886015
1330.7425058609228,9256.897,12.6826725
1330.7438947606631,9260.055,12.675013
1330.7452836603459,9242.48,12.6688175
1330.746672560086,9239.219,12.665968
1330.748061459826,9216.033,12.656335
1330.7494503595663,9211.074,12.664955
1330.7508392592483,9224.93,12.6570425
1330.7522281589884,9227.807,12.668433
1330.7536170587284,9202.818,12.652358
1330.7550059584107,9219.552,12.662295
1330.7563948581515,9240.638,12.671809
1330.7577837578917,9220.847,12.664605
1330.759172657573,9232.198,12.67147
1330.7605615573136,9225.616,12.663638
1330.7619504569957,9218.602,12.656002
1330.763339356735,9245.696,12.685698
1330.7647282564178,9227.994,12.660355
1330.766117156158,9242.076,12.666585
1330.7675060558975,9205.229,12.664521
1330.7688949555802,9228.203,12.664777
1330.7702838553212,9205.022,12.657324
1330.7716727550023,9207.8545,12.6488
1330.7730616546844,9217.021,12.655991
1330.7744505544251,9238.643,12.669812
1330.7758394541072,9233.454,12.662392
1330.7772283538472,9226.903,12.657936
1330.7786172535293,9235.07,12.681039
1330.7800061532696,9252.363,12.672436
1330.7813950529514,9212.779,12.6472
1330.7827839526333,9212.957,12.653817
1330.7841728523742,9198.016,12.648371
1330.785561752056,9206.617,12.665022
1330.7869506517375,9222.082,12.652981
1330.7883395514784,9203.21,12.663388
1330.7897284511603,9208.101,12.647462
1330.7911173508417,9205.705,12.6531315
1330.7925062505826,9203.392,12.656761
1330.7938951502651,9222.638,12.66222
1330.7952840499463,9202.254,12.651639
1330.7966729496284,9233.635,12.672947
1330.798061849311,9225.873,12.6573
1330.7994507490505,9209.484,12.654221
1330.8008396487323,9213.242,12.647832
1330.802228548415,9240.696,12.6664915
1330.8036174480965,9201.878,12.6521015
1330.8050063477783,9220.239,12.652551
1330.806395247461,9225.505,12.658437
1330.8077841472011,9201.203,12.653378
1330.8091730468832,9235.424,12.664081
1330.8105619465653,9209.525,12.66895
1330.811950846247,9219.098,12.67674
1330.8133397459292,9231.006,12.661299
1330.8147286456112,9230.924,12.667369
1330.8161175452938,9234.185,12.661825
1330.8175064449758,9209.911,12.647235
1330.818895344657,9230.079,12.662027
1330.8202842443395,9238.973,12.669687
1330.8216731440223,9219.809,12.665876
1330.8230620437037,9215.07,12.652168
1330.8244509433855,9216.029,12.657257
1330.8258398430683,9203.344,12.6584425
1330.8272287427496,9225.61,12.672529
1330.8286176423733,9205.001,12.654998
1330.830006542056,9219.331,12.658217
1330.8313954417379,9222.616,12.666116
1330.834173241102,9240.399,12.67167
1330.8355621407838,9211.156,12.647628
1330.8369510404075,9229.998,12.652632
1330.8383399400896,9235.983,12.662506
1330.8397288397716,9210.806,12.649911
1330.8411177394535,9230.837,12.670339
1330.8425066391353,9202.822,12.650308
1330.8438955387592,9201.273,12.646565
1330.8452844384417,9225.509,12.655074
1330.846673338124,9230.574,12.662598
1330.848062237747,9202.923,12.641703
1330.8494511374295,9230.18,12.660051
1330.8508400371115,9213.377,12.6614275
1330.8522289367354,9234.354,12.670484
1330.853617836418,9210.184,12.658062
1330.8550067361,9242.466,12.662393
1330.8563956357236,9239.075,12.67346
1330.8577845354055,9214.964,12.65193
1330.8591734350296,9236.698,12.663055
1330.8605623347114,9230.125,12.663221
1330.8619512343932,9215.392,12.644672
1330.863340134017,9236.166,12.662558
1330.8647290336992,9230.641,12.66075
1330.8661179333228,9242.731,12.663518
1330.8675068330047,9230.752,12.657781
1330.8688957326292,9230.23,12.661436
1330.8702846323113,9217.491,12.649121
1330.8716735319342,9243.918,12.660846
1330.8730624315588,9230.602,12.660324
1330.8744513312406,9231.978,12.660611
1330.8758402308638,9243.534,12.658476
1330.8772291305465,9264.168,12.682084
1330.8786180301702,9254.65,12.671625
1330.8800069297934,9297.183,12.691263
1330.881395829476,9282.857,12.682947
1330.8827847291004,9272.905,12.673947
1330.8841736287234,9262.767,12.66687
1330.8855625284054,9278.07,12.686397
1330.8869514280298,9266.534,12.678397
1330.888340327653,9299.749,12.687665
1330.8897292272766,9286.822,12.698708
1330.8911181269593,9288.719,12.680838
1330.8925070265839,9279.368,12.673406
1330.8938959262075,9289.909,12.6772585
1330.8952848258307,9274.614,12.67241
1330.8966737255134,9284.436,12.689636
1330.898062625137,9282.3545,12.682494
1330.8994515247603,9273.629,12.682172
1330.9008404243846,9261.742,12.670711
1330.9022293240084,9300.501,12.690093
1330.9036182236314,9289.514,12.68172
1330.9050071232557,9273.591,12.675522
1330.9063960228802,9284.829,12.6813545
1330.9077849225616,9263.101,12.684521
1330.9091738221853,9280.692,12.685442
1330.9105627218098,9301.154,12.682997
1330.911951621433,9262.191,12.669322
1330.9133405210566,9286.227,12.683903
1330.9147294206812,9306.507,12.701035
1330.9161183203043,9268.521,12.67298
1330.917507219928,9276.958,12.669814
1330.9188961195525,9278.382,12.681899
1330.920285019118,9278.928,12.66891
1330.9216739187416,9280.269,12.67675
1330.9230628183655,9274.514,12.670732
1330.9244517179893,9272.42,12.6722975
1330.925840617613,9287.938,12.673016
1330.9272295172366,9278.289,12.673654
1330.9286184168607,9283.186,12.690716
1330.930007316485,9288.002,12.6774025
1330.9313962160506,9292.118,12.675503
1330.9327851156743,9278.457,12.674035
1330.9341740152988,9296.268,12.683847
1330.9355629149218,9287.886,12.676973
1330.9369518145456,9272.323,12.665527
1330.938340714112,9278.607,12.6753235
1330.939729613735,9281.241,12.670391
1330.9411185133588,9271.927,12.668147
1330.942507412983,9282.947,12.674777
1330.9438963125488,9278.729,12.671959
1330.9452852121724,9301.145,12.678062
1330.946674111796,9305.471,12.67771
1330.9480630113617,9284.501,12.669871
1330.9494519109855,9283.58,12.66537
1330.9508408106092,9296.321,12.678348
1330.9522297101748,9264.458,12.671225
1330.9536186097992,9275.468,12.66922
1330.9550075093648,9294.436,12.679127
1330.9563964089878,9294.252,12.672735
1330.957785308554,9256.718,12.6616125
1330.9591742081777,9284.565,12.6752205
1330.9605631077427,9279.948,12.659385
1330.9619520073672,9257.2705,12.66024
1330.9633409069327,9276.166,12.664836
1330.9647298065559,9294.188,12.675979
1330.9661187061222,9284.291,12.6678095
1330.9675076057465,9266.614,12.6689
1330.9688965053112,9274.069,12.665173
1330.970285404935,9277.205,12.668277
1330.9716743045012,9288.448,12.673057
1330.973063204067,9267.659,12.661779
1330.9744521036907,9303.477,12.672823
1330.9758410032562,9291.097,12.666625
1330.97722990288,9264.885,12.657526
1330.9786188024457,9289.713,12.685553
1330.980007702011,9288.459,12.667362
1330.9813966015774,9261.637,12.6573105
1330.982785501201,9304.78,12.67881
1330.984174400766,9271.19,12.658173
1330.9855633003324,9292.121,12.666091
1330.986952199956,9270.96,12.660795
1330.988341099521,9267.312,12.66502
1330.989729999087,9288.724,12.666281
1330.9911188986532,9260.645,12.651113
1330.9925077982182,9300.348,12.674785
1330.9938966978418,9270.933,12.6622505
1330.9952855974082,9296.859,12.670243
1330.9966744969731,9283.728,12.661828
1330.9980633965386,9276.92,12.659177
1330.999452296105,9303.702,12.671839
1331.0008411956699,9299.72,12.663531
1331.0022300952353,9270.048,12.666001
1331.0036189948016,9270.56,12.661672
1331.005007894367,9286.543,12.6739645
1331.0063967939325,9282.057,12.662703
1331.0077856934984,9258.281,12.649824
1331.0091745930645,9279.4795,12.662657
1331.0105634926301,9267.196,12.65719
1331.0119523921949,9300.611,12.67068
1331.013341291761,9291.423,12.663668
1331.0147301913273,9290.255,12.674595
1331.0161190908923,9292.256,12.664555
1331.0175079904577,9291.064,12.664107
1331.018896890024,9274.316,12.654353
1331.020285789589,9284.237,12.662875
1331.0216746891545,9286.313,12.6677
1331.0230635887208,9274.025,12.657321
1331.0244524882855,9294.476,12.681794
1331.025841387793,9279.62,12.661828
1331.027230287359,9304.381,12.666136
1331.0286191869247,9275.549,12.658159
1331.0300080864902,9278.263,12.664326
1331.0313969860558,9281.06,12.659861
1331.0327858855633,9271.023,12.661981
1331.0341747851287,9285.971,12.664536
1331.0355636846941,9275.196,12.649297
1331.0369525842598,9283.17,12.665216
1331.0383414837672,9280.325,12.661168
1331.0397303833327,9296.186,12.668117
1331.041119282898,9275.902,12.662043
1331.0425081824062,9282.176,12.6733055
1331.0438970819719,9289.438,12.660299
1331.0452859815366,9291.102,12.666065
1331.0466748810447,9279.186,12.656591
1331.0480637806102,9286.273,12.666351
1331.0494526801176,9298.318,12.664977
1331.0508415796837,9282.032,12.658691
1331.0522304791914,9282.5205,12.661266
1331.0536193787568,9297.168,12.67016
1331.0550082783222,9298.04,12.670123
1331.0563971778297,9285.597,12.658343
1331.0577860773953,9289.687,12.664288
1331.0591749769026,9269.389,12.658071
1331.0605638764098,9283.887,12.669017
1331.0619527759754,9282.119,12.65874
1331.063341675483,9280.643,12.6663685
1331.0647305750483,9283.231,12.662654
1331.0661194745564,9276.535,12.6570215
1331.0675083741219,9279.542,12.677916
1331.0688972736286,9312.52,12.671995
1331.0702861731368,9266.19,12.652873
1331.0716750727022,9290.706,12.670527
1331.073063972209,9294.102,12.657325
1331.0744528717169,9282.303,12.66324
1331.075841771283,9321.167,12.675812
1331.0772306707897,9289.153,12.664813
1331.0786195702972,9267.933,12.657433
1331.080008469805,9289.6875,12.659324
1331.08139736937,9284.898,12.67247
1331.0827862688773,9279.659,12.665335
1331.0841751683854,9267.935,12.653033
1331.0855640678922,9305.293,12.67341
1331.0869529674576,9269.178,12.657062
1331.0883418669657,9294.684,12.67009
1331.0897307664738,9276.4,12.652385
1331.091119665981,9281.04,12.6581335
1331.0925085654878,9279.336,12.665101
1331.0938974649957,9283.746,12.66804
1331.0952863645032,9255.805,12.652952
1331.0966752640097,9282.946,12.658691
1331.0980641635758,9292.334,12.664173
1331.0994530630835,9283.04,12.66171
1331.10084196259,9290.127,12.661706
1331.102230862098,9279.984,12.658918
1331.103619761606,9282.566,12.66194
1331.1050086611128,9266.494,12.66245
1331.10639756062,9300.459,12.669877
1331.1077864601282,9283.762,12.66105
1331.1091753596347,9284.155,12.665535
1331.1105642591422,9276.458,12.661483
1331.111953158592,9279.669,12.664059
1331.1133420580993,9296.93,12.66901
1331.1147309576065,9262.09,12.654018
1331.116119857114,9281.346,12.666359
1331.1175087566214,9292.793,12.663621
1331.1188976561286,9276.086,12.659033
1331.1202865556359,9282.36,12.661074
1331.1216754551433,9288.999,12.677077
1331.1230643545925,9276.452,12.657433
1331.1244532540998,9278.454,12.668825
1331.1258421536072,9262.221,12.660455
1331.127231053115,9273.333,12.6651535
1331.1286199525643,9285.97,12.669496
1331.1300088520718,9297.957,12.667713
1331.1313977515797,9297.403,12.67175
1331.1327866510862,9289.154,12.664711
1331.1341755505357,9276.493,12.665238
1331.1355644500436,9302.79,12.667429
1331.136953349551,9267.979,12.655617
1331.138342249,9267.046,12.662474
1331.1397311485073,9271.57,12.663494
1331.1411200480147,9286.41,12.679007
1331.142508947464,9296.759,12.664635
1331.1438978469712,9280.53,12.66737
1331.1452867464202,9262.008,12.657695
1331.1466756459279,9278.458,12.6697
1331.1480645453769,9282.531,12.6679535
1331.149453444884,9268.896,12.670628
1331.150842344334,9286.061,12.667421
1331.1522312438412,9274.8545,12.665673
1331.1536201432898,9275.304,12.668321
1331.155009042798,9305.405,12.680886
1331.156397942247,9265.717,12.665695
1331.1577868417537,9290.552,12.674708
1331.1591757412036,9283.583,12.661241
1331.1605646407115,9281.475,12.666432
1331.1619535401599,9284.535,12.681616
1331.163342439609,9283.299,12.674961
1331.164731339117,9292.088,12.669324
1331.1661202385656,9288.0625,12.671554
1331.1675091380146,9267.017,12.666735
1331.1688980375227,9296.402,12.682875
1331.170286936972,9289.118,12.66714
1331.1716758364212,9285.279,12.681547
1331.1730647359284,9272.526,12.665144
1331.1744536353783,9283.916,12.674635
1331.1758425348273,9286.8125,12.68064
1331.1772314342759,9273.084,12.658884
1331.178620333784,9276.672,12.675821
1331.180009233233,9296.11,12.673499
1331.1813981326816,9263.027,12.667709
1331.1827870321313,9273.178,12.663638
1331.1841759315805,9301.552,12.677154
1331.1855648310288,9283.847,12.667887
1331.1869537305367,9276.7,12.669649
1331.1883426299867,9286.296,12.66592
1331.1897315294352,9252.372,12.657949
1331.1911204288842,9277.238,12.667895
1331.1925093283342,9280.866,12.670543
1331.1952871272317,9299.252,12.67839
1331.1966760266816,9309.643,12.67543
1331.1980649261307,9262.09,12.662939
1331.1994538255797,9276.761,12.666266
1331.200842725029,9293.656,12.674147
1331.2022316244781,9291.0205,12.6785755
1331.2036205239272,9297.401,12.676944
1331.2050094233764,9283.142,12.669068
1331.2063983228256,9274.856,12.664947
1331.2077872222746,9311.892,12.682963
1331.2091761217237,9277.105,12.67359
1331.2105650211736,9310.646,12.675299
1331.2119539205653,9281.193,12.672768
1331.2133428200136,9292.187,12.670944
1331.2147317194629,9287.935,12.670022
1331.2161206189128,9304.848,12.690189
1331.217509518361,9296.723,12.682405
1331.2188984177521,9267.2295,12.660936
1331.2202873172018,9294.291,12.671117
1331.221676216651,9260.764,12.653279
1331.2230651161,9294.92,12.676138
1331.224454015491,9280.693,12.6707535
1331.2258429149404,9286.448,12.668979
1331.2272318143894,9276.295,12.66689
1331.2286207138384,9292.229,12.67804
1331.2300096132294,9294.629,12.67107
1331.2313985126787,9290.306,12.674512
1331.2327874121277,9284.965,12.672043
1331.2341763115185,9273.67,12.668743
1331.2355652109684,9278.452,12.670047
1331.2369541103594,9276.863,12.665028
1331.2383430098077,9288.661,12.6726465
1331.2397319092577,9292.3955,12.668373
1331.2411208086485,9278.792,12.663228
1331.242509708097,9271.261,12.666354
1331.2438986074887,9302.305,12.67885
1331.2452875069384,9302.618,12.677965
1331.2466764063295,9287.998,12.674047
1331.2480653057785,9285.411,12.671226
1331.2494542051695,9277.989,12.671331
1331.2508431046188,9300.671,12.667591
1331.2522320040096,9270.674,12.656138
1331.2536209034004,9267.63,12.661579
1331.2550098028496,9272.744,12.664873
1331.2563987022406,9287.173,12.669984
1331.2577876016896,9278.793,12.662431
1331.2591765010814,9266.344,12.663747
1331.2605654004722,9297.734,12.6765585
1331.2619542999207,9262.419,12.65687
1331.2633431993124,9269.662,12.659296
1331.2647320987032,9286.127,12.666028
1331.2661209980936,9299.582,12.669855
1331.2675098975433,9276.081,12.664888
1331.2688987969343,9273.833,12.655876
1331.2702876963244,9289.388,12.656549
1331.271676595716,9288.602,12.667546
1331.2730654951658,9272.837,12.6575365
1331.2744543945562,9295.062,12.671488
1331.275843293947,9294.899,12.661744
1331.2772321933387,9303.144,12.671321
1331.278621092729,9297.566,12.671347
1331.2800099921199,9301.499,12.67084
1331.2813988915698,9282.638,12.670655
1331.2827877909606,9278.321,12.669569
1331.2841766903516,9288.94,12.658192
1331.2855655897426,9298.066,12.675499
1331.2869544891341,9274.281,12.654796
1331.2883433885252,9279.992,12.659944
1331.2897322879153,9283.627,12.67074
1331.2911211873068,9283.703,12.658364
1331.2925100866978,9290.512,12.668325
1331.293898986088,9291.874,12.655627
1331.2952878854796,9290.503,12.664299
1331.2966767848714,9303.968,12.678749
1331.2980656842617,9282.103,12.667225
1331.2994545836525,9267.772,12.658852
1331.3008434830442,9272.315,12.654266
1331.3022323824343,9270.223,12.652899
1331.3036212817672,9280.123,12.651499
1331.3050101811589,9277.942,12.658105
1331.3063990805497,9280.065,12.656348
1331.3077879799405,9278.0205,12.65054
1331.3091768793315,9281.539,12.654181
1331.3105657787225,9302.37,12.663188
1331.3119546780551,9296.25,12.658781
1331.313343577446,9291.2,12.653657
1331.314732476837,9276.979,12.651409
1331.316121376228,9294.801,12.6612215
1331.3175102755606,9271.427,12.653903
1331.3188991749516,9284.031,12.651344
1331.3202880743431,9287.947,12.655817
1331.3216769737342,9279.386,12.652036
1331.323065873066,9275.264,12.641489
1331.3244547724578,9294.469,12.66525
1331.3258436718486,9285.364,12.6647625
1331.3272325711814,9269.188,12.656717
1331.328621470573,9294.403,12.659102
1331.330010369906,9267.976,12.6405945
1331.3313992692968,9266.711,12.655854
1331.3327881686876,9278.587,12.649322
1331.3341770680204,9279.45,12.652931
1331.3355659674114,9285.405,12.649741
1331.336954866744,9291.633,12.6510725
1331.3383437661348,9286.51,12.640854
1331.3397326654676,9283.953,12.648615
1331.3411215648587,9294.343,12.661327
1331.3425104641913,9277.655,12.64431
1331.343899363583,9261.943,12.644532
1331.3452882629156,9278.824,12.64758
1331.3466771622477,9271.415,12.644448
1331.3480660616394,9282.666,12.649348
1331.349454960972,9293.556,12.652555
1331.3508438603624,9265.73,12.642681
1331.3522327596959,9275.639,12.635165
1331.3536216590292,9272.401,12.640374
1331.3550105584193,9282.871,12.643837
1331.356399457752,9288.977,12.660699
1331.3577883570854,9292.998,12.650247
1331.3591772564757,9276.247,12.640032
1331.3605661558083,9287.427,12.640354
1331.3619550551418,9290.812,12.656838
1331.363343954474,9279.917,12.648563
1331.3647328538648,9287.997,12.661526
1331.3661217531983,9257.789,12.640922
1331.3675106525318,9297.889,12.648129
1331.3688995518644,9286.451,12.649203
1331.3702884511965,9293.129,12.6723585
1331.3716773505298,9281.325,12.63373
1331.3730662499208,9287.159,12.64655
1331.3744551492528,9282.373,12.640762
1331.375844048586,9277.811,12.642024
1331.3772329479195,9281.406,12.639882
1331.3786218472517,9280.563,12.645267
1331.3800107465843,9277.189,12.648737
1331.3813996459178,9271.828,12.633121
1331.38278854525,9279.245,12.64193
1331.3841774445825,9270.11,12.637895
1331.385566343916,9278.664,12.642521
1331.3869552432482,9300.416,12.646762
1331.3883441425808,9271.374,12.632784
1331.3897330419143,9286.807,12.644841
1331.3911219412469,9267.408,12.627253
1331.3925108405795,9301.168,12.648398
1331.3938997399123,9289.805,12.638638
1331.395288639245,9287.231,12.648908
1331.3966775385777,9292.202,12.636184
1331.398066437852,9296.47,12.641791
1331.3994553371851,9267.349,12.629154
1331.4008442365177,9271.8,12.638358
1331.4022331358503,9290.7705,12.641732
1331.4036220351838,9298.1,12.640862
1331.4050109344591,9277.7295,12.626918
1331.406399833791,9288.353,12.637722
1331.4077887331239,9258.62,12.616077
1331.4091776324574,9251.721,12.624744
1331.410566531731,9277.927,12.635506
1331.411955431064,9289.553,12.639256
1331.4133443303972,9291.401,12.641192
1331.41473322973,9297.774,12.641543
1331.4161221290044,9270.469,12.640789
1331.417511028337,9280.32,12.63227
1331.4188999276698,9290.158,12.642726
1331.4202888269444,9265.821,12.627616
1331.421677726277,9291.746,12.639049
1331.4230666255517,9289.566,12.6353245
1331.4244555248845,9271.665,12.625192
1331.425844424217,9286.813,12.646104
1331.4272333234915,9292.632,12.639924
1331.428622222825,9287.276,12.636069
1331.4300111220994,9273.594,12.632923
1331.4314000214315,9289.428,12.635232
1331.4327889207068,9280.87,12.642486
1331.4341778200394,9266.919,12.62824
1331.4355667193133,9271.996,12.626183
1331.4369556185886,9279.75,12.632855
1331.438344517922,9283.058,12.632425
1331.4397334171956,9279.764,12.635118
1331.4411223165284,9280.384,12.629995
1331.4425112158035,9271.822,12.63245
1331.4439001150783,9283.751,12.635653
1331.445289014411,9276.857,12.630432
1331.4466779136853,9286.23,12.6355295
1331.44806681296,9275.591,12.631453
1331.4494557122928,9282.426,12.630158
1331.4508446115672,9277.511,12.634487
1331.4522335108425,9272.133,12.628505
1331.453622410175,9302.294,12.639952
1331.455011309449,9293.014,12.643006
1331.4564002087243,9265.9795,12.62861
1331.4577891079987,9298.852,12.650433
1331.4591780073308,9266.067,12.624338
1331.460566906606,9270.922,12.629932
1331.461955805881,9298.664,12.633156
1331.463344705155,9281.945,12.641589
1331.4647336044293,9283.826,12.636071
1331.4661225037046,9280.469,12.637266
1331.4675114029785,9272.945,12.632569
1331.468900302311,9293.015,12.640774
1331.4702892015864,9271.252,12.621021
1331.4716781008603,9286.756,12.637185
1331.4730670001347,9280.492,12.646411
1331.47445589941,9292.2705,12.63733
1331.4758447986844,9265.847,12.629163
1331.4772336979588,9291.492,12.635447
1331.4786225972337,9284.076,12.643701
1331.480011496508,9268.441,12.624959
1331.4814003957824,9267.214,12.630367
1331.482789295057,9281.983,12.650713
1331.4841781943321,9279.385,12.63698
1331.4855670935492,9267.683,12.6359625
1331.4869559928231,9279.055,12.632123
1331.4883448920975,9283.639,12.631386
1331.4897337913728,9284.658,12.644317
1331.4911226906468,9278.398,12.630319
1331.4925115899212,9273.337,12.634858
1331.4939004891964,9266.03,12.618587
1331.495289388412,9259.4,12.6327915
1331.4966782876866,9283.069,12.637678
1331.4980671869616,9283.526,12.639922
1331.4994560862363,9293.088,12.643219
1331.5008449855106,9284.8125,12.641244
1331.502233884727,9282.582,12.636658
1331.5036227840017,9285.156,12.639025
1331.505011683276,9279.271,12.628912
1331.5064005824922,9296.139,12.643343
1331.5077894817668,9291.186,12.638084
1331.509178381042,9292.674,12.65025
1331.5105672802583,9283.778,12.6493025
1331.511956179532,9287.322,12.640322
1331.5133450788073,9291.462,12.647895
1331.5147339780237,9287.638,12.640382
1331.5161228772974,9278.222,12.640224
1331.5175117765145,9289.211,12.645589
1331.518900675789,9288.999,12.656289
1331.5202895750047,9271.608,12.641865
1331.52167847428,9274.005,12.637063
1331.523067373497,9283.175,12.635464
1331.5244562727714,9274.478,12.646926
1331.5258451719876,9283.627,12.647078
1331.5272340712622,9300.906,12.647462
1331.5286229704786,9272.136,12.634821
1331.530011869753,9274.395,12.647311
1331.5314007689692,9283.745,12.63974
1331.5327896682445,9307.918,12.6584215
1331.5341785674607,9259.261,12.637863
1331.5355674666764,9281.414,12.638704
1331.5369563659517,9278.939,12.641851
1331.538345265168,9276.143,12.636666
1331.5397341643836,9284.507,12.649796
1331.541123063659,9267.7,12.643587
1331.542511962875,9285.982,12.649473
1331.5439008620908,9289.09,12.644519
1331.545289761366,9279.779,12.6442585
1331.5466786605828,9275.762,12.650898
1331.5480675597985,9297.062,12.654647
1331.549456459015,9270.733,12.643097
1331.5508453582318,9284.299,12.644825
1331.5522342575057,9286.52,12.652009
1331.5536231567219,9300.607,12.658832
1331.555012055939,9269.039,12.631574
1331.5564009551551,9304.889,12.657811
1331.559178753588,9282.59,12.648194
1331.5605676528041,9291.699,12.653873
1331.5619565520205,9291.799,12.658846
1331.5633454512952,9294.799,12.659629
1331.564734350512,9268.744,12.646526
1331.5661232497284,9289.906,12.664835
1331.567512148944,9294.804,12.656481
1331.5689010481608,9283.644,12.656047
1331.570289947378,9247.015,12.643802
1331.5716788465936,9301.395,12.662377
1331.5730677458098,9276.339,12.643733
1331.5744566450269,9269.704,12.65183
1331.5758455441844,9286.597,12.665139
1331.5772344434006,9292.882,12.662705
1331.5786233426177,9282.701,12.656608
1331.5800122418339,9257.63,12.641378
1331.58140114105,9294.849,12.657872
1331.5827900402667,9262.237,12.649098
1331.5841789394829,9279.747,12.652858
1331.585567838699,9289.416,12.666542
1331.5869567378572,9286.051,12.662659
1331.5883456370736,9287.552,12.668475
1331.5897345362898,9278.545,12.656138
1331.591123435506,9267.877,12.655446
1331.5925123346642,9287.398,12.657588
1331.593901233881,9300.073,12.668587
1331.5952901330977,9274.111,12.657418
1331.5966790323132,9303.625,12.672284
1331.5980679314719,9285.125,12.6714735
1331.5994568306883,9280.61,12.661711
1331.6008457299047,9278.835,12.66601
1331.6022346290633,9268.449,12.657033
1331.6036235282797,9262.26,12.64858
1331.6050124274377,9286.697,12.666302
1331.6064013266541,9265.201,12.646643
1331.6077902258705,9282.723,12.670408
1331.6091791250285,9280.802,12.663081
1331.6105680242447,9286.954,12.665995
1331.6119569234029,9268.96,12.664566
1331.6133458226193,9288.305,12.6642885
1331.6147347217773,9288.518,12.667487
1331.6161236209934,9294.987,12.666117
1331.6175125201523,9284.319,12.675769
1331.6189014193687,9276.857,12.6572275
1331.620290318526,9281.789,12.66332
1331.6216792177431,9270.736,12.653485
1331.623068116901,9308.527,12.66578
1331.6244570160586,9279.485,12.662596
1331.6258459152757,9297.506,12.667539
1331.6272348144346,9277.675,12.66658
1331.6286237135919,9288.958,12.664912
1331.6300126128083,9281.127,12.671607
1331.631401511967,9290.569,12.674239
1331.6327904111242,9263.766,12.6670885
1331.6341793103406,9270.747,12.672958
1331.6355682094993,9284.752,12.671822
1331.6369571086568,9272.924,12.668592
1331.638346007873,9299.932,12.67682
1331.6397349070319,9267.469,12.662216
1331.6411238061908,9301.346,12.67342
1331.6425127053487,9289.104,12.671551
1331.6439016045063,9297.639,12.678492
1331.6452905037233,9281.219,12.674977
1331.6466794028813,9282.726,12.666534
1331.6480683020388,9288.309,12.6770525
1331.6494572011977,9304.314,12.692411
1331.6508461003564,9281.831,12.675677
1331.6522349995137,9297.845,12.678569
1331.6536238986719,9281.672,12.677224
1331.6550127978305,9281.686,12.677565
1331.656401696988,9275.477,12.67902
1331.657790596146,9285.752,12.67278
1331.659179495305,9278.052,12.666818
1331.6605683944624,9280.232,12.675373
1331.6619572936204,9260.358,12.660194
1331.6633461927793,9295.798,12.679919
1331.6647350919372,9285.464,12.674473
1331.6661239910954,9263.844,12.66554
1331.6675128902536,9283.428,12.674414
1331.6689017894116,9283.964,12.672961
1331.6702906885696,9273.556,12.6639185
1331.6716795877278,9271.193,12.677538
1331.673068486886,9266.075,12.668675
1331.6744573859867,9277.351,12.66758
1331.6758462851446,9297.687,12.686661
1331.6772351843022,9286.729,12.694542
1331.6786240834608,9281.159,12.676864
1331.680012982619,9261.107,12.665717
1331.6814018817188,9310.504,12.685475
1331.6827907808777,9293.8955,12.683516
1331.684179680035,9295.139,12.671379
1331.6855685791932,9276.999,12.672479
1331.6869574782938,9275.219,12.667881
1331.6883463774518,9295.626,12.679665
1331.6897352766098,9284.722,12.672957
1331.6911241757098,9261.286,12.664916
1331.692513074868,9265.607,12.663988
1331.693901974026,9287.652,12.671483
1331.6952908731257,9275.794,12.672788
1331.6966797722841,9275.035,12.6767025
1331.6980686713846,9300.509,12.688604
1331.6994575705428,9288.766,12.678429
1331.7008464697,9309.742,12.695446
1331.7022353688005,9296.367,12.691473
1331.7036242679587,9275.581,12.677251
1331.7050131670578,9267.841,12.675413
1331.7064020662167,9283.311,12.671806
1331.7077909653167,9283.785,12.672527
1331.709179864474,9294.2705,12.682146
1331.7105687635747,9306.988,12.690139
1331.7119576626753,9303.501,12.676478
1331.7133465618326,9289.813,12.683216
1331.7147354609326,9286.149,12.670653
1331.7161243600913,9270.15,12.682388
1331.7175132591904,9305.385,12.679005
1331.7189021582906,9285.21,12.674795
1331.7202910574492,9281.594,12.672527
1331.7216799565497,9284.628,12.692354
1331.7230688556497,9270.92,12.6683035
1331.724457754807,9294.432,12.683136
1331.7258466539076,9308.116,12.683154
1331.7272355530074,9278.816,12.672558
1331.7286244521067,9285.989,12.672653
1331.7300133512656,9268.122,12.680306
1331.7314022503654,9300.954,12.677295
1331.7327911494647,9290.626,12.674732
1331.7341800485653,9284.387,12.669022
1331.7355689476658,9281.583,12.667415
1331.736957846823,9300.045,12.687675
1331.738346745923,9279.978,12.673862
1331.7397356450235,9269.957,12.670697
1331.7411245441228,9290.942,12.676466
1331.7425134432226,9297.694,12.680385
1331.7439023423233,9259.958,12.671556
1331.7452912414233,9273.414,12.671651
1331.7466801405233,9299.965,12.681995
1331.748069039623,9294.229,12.678804
1331.7494579387228,9293.525,12.675899
1331.7508468378228,9302.234,12.6772175
1331.7522357369228,9310.69,12.685382
1331.7536246360226,9299.727,12.677136
1331.7550135351225,9269.524,12.660832
1331.7564024342225,9297.807,12.672755
1331.7577913333223,9278.104,12.66958
1331.759180232423,9286.234,12.67662
1331.7605691315227,9309.292,12.693996
1331.7619580306225,9261.708,12.668099
1331.7633469297232,9284.499,12.676776
1331.7647358287643,9284.564,12.685181
1331.766124727864,9286.678,12.677585
1331.7675136269647,9272.649,12.672566
1331.7689025260645,9292.1,12.674686
1331.7702914251645,9271.3,12.668972
1331.7716803242063,9266.476,12.664776
1331.773069223306,9279.696,12.673638
1331.7744581224058,9276.71,12.670676
1331.7758470215058,9284.108,12.6752615
1331.7772359205476,9305.971,12.680507
1331.7786248196483,9296.46,12.687078
1331.780013718748,9273.282,12.6610775
1331.7814026177891,9275.408,12.663483
1331.7827915168896,9277.115,12.6753
1331.7841804159896,9292.336,12.671032
1331.7855693150304,9274.563,12.669131
1331.786958214131,9280.976,12.678431
1331.788347113173,9270.327,12.663496
1331.789736012272,9279.872,12.670539
1331.7911249113724,9300.913,12.677205
1331.792513810415,9298.507,12.678742
1331.7939027095142,9285.191,12.678771
1331.7952916085558,9273.82,12.669399
1331.7966805076564,9283.174,12.67612
1331.7994583057978,9287.64,12.675377
1331.8008472048398,9292.22,12.676649
1331.802236103882,9243.586,12.659615
1331.803625002982,9280.576,12.677807
1331.805013902023,9285.404,12.66478
1331.8064028011233,9297.498,12.680997
1331.8077917001651,9289.78,12.677442
1331.809180599206,9298.905,12.6877575
1331.8105694983067,9294.665,12.684553
1331.8119583973485,9299.067,12.679265
1331.8133472963893,9290.504,12.678323
1331.81473619549,9274.041,12.667321
1331.8161250945325,9283.955,12.671747
1331.8175139935734,9279.739,12.6714325
1331.8189028926151,9306.865,12.680737
1331.8202917917156,9277.278,12.66858
1331.8216806907565,9277.677,12.669027
1331.8230695897985,9269.019,12.676257
1331.8244584888407,9283.515,12.672343
1331.8258473878825,9283.728,12.66714
1331.827236286924,9273.326,12.670842
1331.8286251860238,9273.551,12.664832
1331.8300140850656,9286.671,12.6783085
1331.8314029841074,9297.847,12.679364
1331.832791883149,9295.471,12.674791
1331.8341807821905,9293.707,12.673436
1331.8355696812325,9306.251,12.677086
1331.836958580274,9282.1045,12.672055
1331.8383474793166,9295.28,12.676546
1331.8397363783588,9275.166,12.66725
1331.8411252773997,9268.533,12.677432
1331.8425141764415,9297.821,12.67664
1331.8439030754837,9290.696,12.671912
1331.8452919745248,9275.347,12.670231
1331.8466808735664,9269.079,12.67638
1331.8480697726088,9288.223,12.6687975
1331.8494586716506,9281.47,12.668124
1331.8508475706924,9263.328,12.670594
1331.852236469734,9268.217,12.66042
1331.8536253687173,9273.15,12.67079
1331.855014267759,9267.562,12.65805
1331.8564031668009,9275.488,12.670902
1331.8577920658424,9267.934,12.6605215
1331.8591809648842,9280.921,12.679001
1331.8605698638678,9274.019,12.666246
1331.8619587629094,9264.026,12.663861
1331.8633476619518,9296.546,12.683093
1331.8647365609934,9298.484,12.674551
1331.8661254599763,9279.797,12.676758
1331.8675143590187,9291.079,12.671165
1331.8689032580603,9301.363,12.682235
1331.8702921570432,9293.268,12.674525
1331.8716810560854,9291.263,12.673973
1331.8730699551277,9284.616,12.676858
1331.8744588541106,9267.855,12.665083
1331.8758477531521,9269.912,12.657881
1331.8772366521946,9302.806,12.683846
1331.878625551178,9280.128,12.665333
1331.88001445022,9282.297,12.66754
1331.8814033492033,9264.703,12.66925
1331.8827922482449,9276.471,12.665075
1331.8841811472284,9283.651,12.669059
1331.8855700462702,9300.856,12.679038
1331.8869589452543,9289.203,12.665486
1331.888347844296,9273.977,12.666086
1331.8897367432787,9291.517,12.67346
1331.891125642321,9323.461,12.689949
1331.8925145413048,9287.05,12.670813
1331.8939034402874,9289.363,12.675498
1331.8952923393297,9316.359,12.686983
1331.896681238314,9302.729,12.679901
1331.8980701372968,9310.986,12.674273
1331.8994590363384,9298.899,12.686161
1331.9008479353226,9289.57,12.67426
1331.9022368343053,9278.732,12.667197
1331.903625733347,9291.812,12.682805
1331.9050146323314,9292.904,12.668941
1331.9064035313147,9293.06,12.674097
1331.9077924303563,9289.58,12.66845
1331.9091813293398,9289.16,12.664562
1331.9105702283234,9275.957,12.662024
1331.9119591273068,9264.524,12.655045
1331.9133480262901,9291.362,12.669602
1331.9147369253321,9299.235,12.67953
1331.9161258243155,9286.747,12.674435
1331.9175147232988,9280.332,12.674651
1331.918903622283,9295.445,12.670532
1331.9202925212674,9268.222,12.661563
1331.92168142025,9271.675,12.657321
1331.9230703192336,9283.238,12.662188
1331.9244592182179,9275.55,12.672406
1331.9258481172005,9281.203,12.663974
1331.927237016184,9270.651,12.665811
1331.9286259151681,9275.215,12.663838
1331.9300148141517,9271.749,12.669335
1331.931403713135,9285.635,12.666245
1331.9327926121184,9278.583,12.659102
1331.934181511102,9291.138,12.66939
1331.9355704100856,9275.934,12.664429
1331.936959309069,9292.428,12.670317
1331.9383482080525,9301.429,12.667822
1331.939737107036,9295.171,12.66741
1331.9411260060194,9258.682,12.649502
1331.9425149050028,9283.349,12.668107
1331.9439038039288,9287.315,12.6765585
1331.9452927029122,9279.115,12.660969
1331.946681601895,9290.046,12.674872
1331.9480705008793,9301.438,12.6665535
1331.9494593998627,9279.0625,12.655631
1331.9508482987874,9282.455,12.65818
1331.9522371977716,9295.289,12.66725
1331.9536260967557,9277.726,12.673066
1331.9550149957383,9289.373,12.675359
1331.9564038946637,9279.398,12.659357
1331.9577927936477,9280.53,12.672481
1331.9591816926315,9268.732,12.656885
1331.9605705915567,9272.449,12.651314
1331.96195949054,9271.536,12.65612
1331.9633483895236,9284.525,12.676008
1331.964737288449,9274.266,12.652117
1331.9661261874323,9312.428,12.674542
1331.9675150863584,9272.796,12.660415
1331.9689039853417,9285.963,12.652855
1331.9702928842664,9248.259,12.652411
1331.9716817832507,9281.382,12.658518
1331.973070682234,9284.02,12.657273
1331.9744595811587,9272.929,12.659832
1331.9758484801428,9271.0205,12.652707
1331.9772373790686,9299.734,12.66324
1331.9786262779933,9263.487,12.6569605
1331.9800151769766,9274.47,12.65649
1331.9814040759027,9245.677,12.636058
1331.9827929748856,9280.722,12.658176
1331.9841818738107,9270.279,12.648559
1331.9855707727368,9297.084,12.659451
1331.9869596717197,9279.006,12.656989
1331.9883485706448,9293.685,12.662621
1331.9897374695709,9283.648,12.655448
1331.9911263685542,9286.758,12.654666
1331.9925152674793,9311.843,12.671818
1331.9939041664047,9284.735,12.658588
1331.9952930653888,9294.737,12.662121
1331.9966819643143,9301.068,12.661332
1331.9980708632388,9301.359,12.674843
1331.9994597621646,9302.256,12.657157
1332.0008486610907,9273.415,12.660448
1332.0022375600736,9272.099,12.656836
1332.0036264589987,9294.075,12.664235
1332.0050153579248,9271.482,12.64187
1332.0064042568495,9274.142,12.657609
1332.0077931557746,9288.635,12.656526
1332.0091820547007,9264.235,12.648813
1332.0105709536258,9269.4795,12.646735
1332.0119598526092,9293.971,12.665785
1332.0133487515345,9285.872,12.64778
1332.01473765046,9283.262,12.65019
1332.016126549385,9288.252,12.659943
1332.0175154483102,9282.591,12.6532955
1332.0189043472358,9272.655,12.664942
1332.020293246161,9291.991,12.655728
1332.021682145086,9268.269,12.648426
1332.0230710440114,9277.644,12.658129
1332.024459942879,9293.239,12.652565
1332.0258488418044,9270.346,12.646713
1332.0272377407289,9298.932,12.673475
1332.028626639655,9301.047,12.663411
1332.0300155385803,9280.107,12.650777
1332.0314044375048,9277.794,12.654852
1332.0327933364308,9268.581,12.660521
1332.0341822353569,9289.644,12.663347
1332.0355711342238,9276.3,12.645541
1332.036960033149,9276.036,12.64773
1332.0383489320743,9298.653,12.656859
1332.0397378309997,9276.967,12.653685
1332.0411267298666,9266.671,12.654382
1332.042515628792,9277.347,12.645056
1332.0439045277174,9289.289,12.660066
1332.0452934266425,9292.058,12.65637
1332.0466823255094,9298.69,12.66294
1332.0480712244355,9288.999,12.6537695
1332.0494601233606,9285.151,12.652622
1332.050849022227,9309.781,12.661595
1332.0522379211532,9303.303,12.659489
1332.05362682002,9272.026,12.65245
1332.0550157189448,9285.028,12.651813
1332.0564046178708,9297.247,12.659209
1332.0577935167385,9265.453,12.652248
1332.059182415663,9277.996,12.651247
1332.06057131453,9304.044,12.657981
1332.061960213456,9281.145,12.649331
1332.0633491123224,9275.488,12.653147
1332.0647380112475,9283.748,12.653261
1332.0661269101154,9282.406,12.651543
1332.06751580904,9268.935,12.655817
1332.068904707907,9288.321,12.655607
1332.0702936067748,9267.6875,12.646473
1332.0716825057,9282.739,12.655418
1332.0730714045671,9269.384,12.653347
1332.0744603034343,9290.077,12.65645
1332.0758492023604,9269.965,12.6434555
1332.0772381012273,9265.504,12.64963
1332.0786270000938,9294.413,12.651947
1332.0800158990196,9300.442,12.659941
1332.0814047978872,9266.478,12.643508
1332.0827936967537,9290.919,12.655396
1332.0841825956788,9278.876,12.649962
1332.0855714945467,9281.035,12.645856
1332.0869603934132,9314.738,12.662583
1332.08834929228,9274.437,12.649495
1332.089738191148,9290.235,12.658959
1332.091127090073,9280.308,12.647403
1332.0925159889402,9293.459,12.657279
1332.0939048878074,9276.177,12.65011
1332.0952937866743,9290.897,12.656181
1332.0966826855413,9259.875,12.645837
1332.0980715844087,9284.544,12.66018
1332.0994604832756,9285.965,12.655063
1332.1008493821425,9301.783,12.660273
1332.1036271798769,9278.044,12.659346
1332.1050160787445,9267.946,12.646845
1332.1064049776116,9279.63,12.656042
1332.107793876478,9294.275,12.662011
1332.1091827753455,9287.568,12.656951
1332.110571674213,9307.28,12.663266
1332.1119605730792,9284.354,12.6670885
1332.1133494719468,9281.084,12.657096
1332.1147383708146,9303.234,12.666141
1332.1161272696816,9275.565,12.647115
1332.1175161685487,9281.484,12.649977
1332.1189050674159,9259.024,12.6455
1332.1202939662828,9290.53,12.66068
1332.1216828650918,9281.323,12.6514435
1332.123071763959,9290.503,12.65451
1332.1244606628259,9291.374,12.6577
1332.1258495616928,9279.702,12.654476
1332.12723846056,9304.888,12.66338
1332.1286273593694,9293.931,12.655446
1332.1300162582365,9290.01,12.664087
1332.1314051571028,9296.536,12.665673
1332.1327940559124,9278.723,12.65683
1332.1341829547796,9279.15,12.661518
1332.1355718536458,9279.306,12.663433
1332.1369607524555,9295.23,12.664011
1332.1383496513233,9289.63,12.667991
1332.1397385501896,9289.882,12.662891
1332.1411274489985,9276.156,12.652691
1332.1425163478664,9278.966,12.657817
1332.1439052466744,9277.119,12.650125
1332.1452941455416,9283.901,12.6645775
1332.1466830444092,9267.26,12.650843
1332.1480719432182,9275.524,12.651683
1332.149460842085,9260.345,12.649594
1332.1508497408938,9281.344,12.654698
1332.152238639761,9289.058,12.668429
1332.15362753857,9284.312,12.665983
1332.1550164373787,9293.54,12.661236
1332.1564053362465,9258.66,12.661806
1332.1577942350552,9285.629,12.653909
1332.1591831339217,9294.887,12.66132
1332.1605720327314,9270.056,12.655618
1332.1619609315408,9287.1045,12.663998
1332.163349830407,9297.653,12.665931
1332.164738729216,9276.427,12.658879
1332.1661276280254,9287.188,12.662753
1332.1675165268919,9275.007,12.6524
1332.1689054257008,9279.544,12.658703
1332.1702943245102,9270.703,12.655799
1332.1716832233774,9287.233,12.666396
1332.1730721221863,9285.717,12.65788
1332.174461020995,9270.789,12.649365
1332.1758499198038,9287.412,12.659326
1332.177238818613,9283.474,12.662094
1332.17862771748,9270.978,12.652496
1332.1800166162886,9276.772,12.653533
1332.1814055150976,9287.048,12.657495
1332.1827944139065,9273.69,12.65128
1332.1841833127153,9289.313,12.656766
1332.185572211525,9281.522,12.6692915
1332.1869611103336,9294.034,12.664958
1332.188350009142,9285.25,12.659402
1332.1897389079516,9290.006,12.654044
1332.1911278067603,9276.871,12.653358
1332.192516705569,9283.013,12.662417
1332.1939056043786,9291.382,12.663755
1332.1952945031874,9287.128,12.666698
1332.1966834019963,9281.762,12.6589985
1332.1980723008053,9258.454,12.660635
1332.199461199614,9285.7,12.668597
1332.2008500984227,9285.9795,12.66182
1332.202238997232,9263.276,12.659585
1332.2036278960406,9288.774,12.664025
1332.2050167948503,9265.135,12.652576
1332.206405693659,9267.948,12.655078
1332.2077945924673,9282.395,12.652972
1332.2091834912185,9290.833,12.664027
1332.2105723900274,9291.555,12.671096
1332.2119612888355,9276.036,12.658298
1332.213350187645,9277.804,12.666048
1332.214739086454,9299.891,12.663581
1332.216127985204,9307.08,12.674179
1332.2175168840133,9293.98,12.667273
1332.218905782823,9276.738,12.661162
1332.220294681573,9283.273,12.660387
1332.2216835803818,9291.458,12.660509
1332.2230724791914,9285.144,12.662049
1332.2244613779415,9267.944,12.657455
1332.2258502767502,9269.0205,12.652484
1332.2272391755598,9290.184,12.662143
1332.2286280743103,9298.757,12.662828
1332.2314058718698,9287.723,12.666947
1332.2327947706792,9296.891,12.666001
1332.23418366943,9282.349,12.662931
1332.235572568238,9279.403,12.654391
1332.2369614669894,9301.537,12.672629
1332.2383503657984,9274.242,12.651274
1332.2397392645482,9283.301,12.664658
1332.2411281633579,9288.105,12.672577
1332.2439059609173,9290.987,12.658487
1332.245294859668,9272.597,12.659602
1332.2466837584777,9287.966,12.657723
1332.2480726572276,9285.695,12.662658
1332.2494615559783,9305.341,12.667539
1332.2508504547877,9290.291,12.658274
1332.2522393535385,9284.907,12.65961
1332.253628252289,9267.856,12.649315
1332.2550171510977,9293.495,12.660143
1332.2564060498485,9276.982,12.656999
1332.2577949485992,9280.915,12.657055
1332.2591838473497,9309.528,12.666807
1332.2605727461587,9286.095,12.661881
1332.26196164491,9284.609,12.66084
1332.2633505436606,9270.46,12.657288
1332.2647394424105,9301.956,12.672445
1332.266128341162,9313.883,12.674966
1332.2675172399124,9276.535,12.654476
1332.2689061387207,9287.247,12.654362
1332.2702950374721,9273.753,12.656926
1332.2716839362226,9292.915,12.667864
1332.2730728349734,9272.241,12.651477
1332.2744617337246,9310.401,12.666566
1332.2758506324753,9282.916,12.650687
1332.277239531226,9286.353,12.652584
1332.2786284299766,9307.302,12.661736
1332.2800173287271,9290.997,12.654466
1332.281406227478,9304.655,12.661277
1332.2827951262286,9269.693,12.651581
1332.2841840249791,9293.844,12.661646
1332.2855729237306,9292.253,12.661483
1332.286961822481,9296.545,12.666699
1332.2883507212312,9282.58,12.654113
1332.2897396199826,9301.718,12.671113
1332.291128518733,9281.871,12.649205
1332.292517417425,9300.228,12.664742
1332.2939063161764,9280.204,12.65255
1332.295295214927,9295.51,12.660917
1332.296684113677,9283.625,12.651776
1332.2980730124282,9272.82,12.651857
1332.3008508098712,9270.038,12.640708
1332.3022397086218,9283.895,12.64998
1332.3036286073732,9266.582,12.639538
1332.305017506065,9274.218,12.643059
1332.3064064048156,9283.42,12.656089
1332.307795303567,9300.239,12.66421
1332.3091842023175,9284.956,12.658784
1332.31057310101,9269.564,12.646283
1332.3119619997608,9260.864,12.64027
1332.313350898454,9302.73,12.653791
1332.3147397972045,9301.431,12.658981
1332.3161286959546,9288.88,12.646714
1332.3175175946476,9296.616,12.65317
1332.3189064933988,9277.637,12.637895
1332.3202953920907,9270.243,12.634399
1332.3216842908412,9271.316,12.638754
1332.3244620882845,9293.163,12.647385
1332.3258509869768,9278.291,12.641562
1332.3272398857282,9261.519,12.63937
1332.32862878442,9281.016,12.64634
1332.3314065818638,9281.757,12.642347
1332.3327954805561,9280.808,12.642991
1332.3341843793066,9292.979,12.644973
1332.3355732779992,9289.557,12.643711
1332.33696217675,9273.624,12.633881
1332.3383510754422,9276.144,12.634334
1332.3397399741348,9301.243,12.644926
1332.3411288728273,9261.49,12.627918
1332.3425177715785,9296.363,12.652074
1332.343906670271,9250.217,12.620947
1332.3452955689627,9281.235,12.643436
1332.3466844677139,9275.04,12.637966
1332.3480733664064,9289.602,12.643394
1332.349462265098,9284.706,12.631551
1332.3508511637913,9285.152,12.639413
1332.3522400624845,9267.954,12.625219
1332.3536289611768,9291.626,12.638585
1332.3550178599276,9281.044,12.62987
1332.35640675862,9281.103,12.639833
1332.3577956573124,9259.451,12.621845
1332.3591845560047,9277.738,12.633393
1332.3605734546975,9287.9,12.636145
1332.3619623533898,9268.459,12.633108
1332.363351252082,9276.072,12.633578
1332.3647401507747,9262.233,12.621086
1332.3661290494676,9276.097,12.638819
1332.3675179481602,9275.143,12.631847
1332.3689068468518,9291.338,12.6367035
1332.370295745545,9300.659,12.638629
1332.3730735429292,9276.446,12.627337
1332.3744624416224,9258.409,12.623267
1332.3758513403156,9281.021,12.62863
1332.3772402390073,9274.113,12.6349945
1332.3786291376416,9280.568,12.629148
1332.3800180363346,9295.478,12.631467
1332.3814069350262,9271.228,12.617698
1332.3827958337188,9283.349,12.630667
1332.3841847324118,9287.666,12.635566
1332.3855736311036,9297.294,12.631602
1332.386962529738,9271.34,12.640729
1332.388351428431,9273.499,12.620849
1332.3897403271242,9271.324,12.619177
1332.3911292257583,9264.03,12.626658
1332.3925181244501,9286.587,12.623111
1332.3939070231434,9250.174,12.612647
1332.3952959218357,9301.3125,12.631041
1332.3966848204693,9308.263,12.628578
1332.3980737191625,9269.78,12.615088
1332.3994626177973,9291.085,12.626593
1332.400851516489,9281.923,12.629221
1332.4022404151815,9295.5625,12.633845
1332.4036293138163,9283.303,12.621718
1332.4064071111422,9262.108,12.616408
1332.4077960098355,9284.52,12.619844
1332.4091849084698,9285.224,12.628193
1332.4105738071623,9283.564,12.62873
1332.4119627057964,9279.172,12.6223955
1332.4133516044888,9299.603,12.634469
1332.414740503123,9286.456,12.624651
1332.4161294018156,9281.139,12.615034
1332.4175183004497,9295.237,12.644411
1332.4189071990838,9294.87,12.627748
1332.4202960977766,9285.594,12.618867
1332.4216849964107,9299.754,12.632985
1332.4230738950457,9284.978,12.618184
1332.424462793738,9283.903,12.621153
1332.4258516923717,9280.063,12.625345
1332.4272405910065,9295.313,12.625782
1332.428629489699,9283.09,12.615838
1332.430018388333,9298.73,12.626763
1332.4327961856022,9289.841,12.619675
1332.435573982929,9279.385,12.615603
1332.4369628815632,9296.317,12.630197
1332.4383517801973,9263.479,12.604753
1332.4397406788316,9304.001,12.62946
1332.441129577466,9269.176,12.6200285
1332.4425184761592,9264.335,12.611364
1332.4439073747933,9260.05,12.604375
1332.445296273427,9271.144,12.615891
1332.4466851720617,9275.914,12.617049
1332.448074070696,9278.036,12.614775
1332.4494629693295,9271.535,12.619983
1332.4508518679643,9285.596,12.624982
1332.4522407665986,9286.3,12.604949
1332.453629665232,9300.748,12.632782
1332.455018563867,9277.895,12.616316
1332.456407462502,9284.658,12.627608
1332.4577963611357,9285.341,12.612946
1332.4591852597698,9272.599,12.623419
1332.4605741584048,9279.975,12.612137
1332.46196305698,9268.984,12.612782
1332.4633519556144,9284.844,12.620352
1332.4647408542494,9285.195,12.61463
1332.4661297528835,9275.38,12.622138
1332.4675186515176,9300.983,12.624399
1332.468907550152,9293.314,12.621992
1332.4702964487285,9291.0625,12.623307
1332.4730742459963,9274.169,12.6231365
1332.475852043208,9301.197,12.62878
1332.4772409418417,9286.756,12.614877
1332.4786298404758,9264.564,12.60675
1332.4800187391108,9286.582,12.617191
1332.481407637686,9274.902,12.610304
1332.4827965363204,9281.918,12.617138
1332.484185434897,9263.024,12.616607
1332.4855743335304,9270.295,12.615616
1332.486963232165,9291.337,12.618249
1332.4883521307415,9303.114,12.633937
1332.4897410293759,9280.313,12.616553
1332.4911299279518,9291.642,12.620496
1332.4925188265859,9276.128,12.62224
1332.493907725162,9284.647,12.627374
1332.4952966237963,9286.931,12.623627
1332.4966855223722,9269.115,12.622874
1332.4980744210063,9265.964,12.623534
1332.4994633195831,9280.282,12.617157
1332.5008522182175,9298.751,12.624259
1332.5022411167927,9286.706,12.623699
1332.5036300154277,9290.798,12.623281
1332.5050189140036,9290.286,12.631019
1332.506407812579,9293.471,12.628693
1332.507796711214,9285.041,12.624602
1332.5091856097908,9287.042,12.623074
1332.5105745083667,9296.062,12.628519
1332.5119634070008,9294.559,12.628551
1332.513352305577,9284.126,12.634641
1332.514741204153,9276.98,12.632829
1332.517519001363,9282.6875,12.623463
1332.5189078999392,9281.208,12.619855
1332.5202967985153,9275.605,12.62234
1332.5216856970912,9282.1455,12.630643
1332.523074595668,9281.156,12.630554
1332.5244634943022,9297.263,12.64034
1332.5258523928776,9284.708,12.626766
1332.5272412914544,9279.87,12.62413
1332.5286301900303,9267.585,12.629023
1332.5300190886057,9286.661,12.637315
1332.5314079871825,9255.625,12.620523
1332.5327968857591,9303.194,12.634274
1332.5341857843343,9283.844,12.633545
1332.5355746829105,9310.047,12.6382265
1332.536963581487,9286.306,12.629358
1332.5383524800625,9291.718,12.637477
1332.5397413786384,9279.171,12.629067
1332.5411302772152,9275.547,12.624422
1332.542519175791,9274.537,12.623707
1332.5439080743674,9282.99,12.635995
1332.5452969729433,9289.41,12.629469
1332.5466858715192,9271.105,12.635468
1332.5480747700954,9288.896,12.636463
1332.5494636686133,9289.276,12.631766
1332.5508525671898,9262.65,12.629307
1332.552241465766,9264.539,12.624497
1332.5536303643412,9293.653,12.638043
1332.5550192629178,9282.802,12.633769
1332.5564081614946,9292.635,12.642858
1332.5577970600118,9283.707,12.635121
1332.5591859585877,9294.538,12.639839
1332.5605748571645,9279.324,12.638815
1332.5619637556817,9286.539,12.638493
1332.5633526542576,9286.255,12.6391735
1332.5647415528344,9267.133,12.6327915
1332.5661304514103,9288.82,12.648174
1332.567519349928,9273.908,12.636233
1332.5689082485044,9304.973,12.646288
1332.570297147022,9277.942,12.637056
1332.571686045598,9270.156,12.632588
1332.573074944174,9293.86,12.642073
1332.574463842692,9269.725,12.637767
1332.5758527412686,9272.939,12.635454
1332.5772416397865,9269.221,12.635066
1332.578630538362,9293.358,12.646918
1332.5800194368803,9278.341,12.637785
1332.5814083354564,9282.578,12.640244
1332.5827972339735,9291.466,12.642421
1332.58418613255,9263.968,12.633318
1332.585575031068,9277.706,12.644396
1332.5869639295859,9265.797,12.636443
1332.5883528281624,9281.579,12.642967
1332.5897417266804,9288.582,12.6490965
1332.5911306252563,9259.437,12.631047
1332.5925195237742,9302.226,12.656685
1332.593908422292,9270.114,12.64
1332.595297320868,9301.725,12.656147
1332.5966862193857,9290.367,12.646804
1332.5980751179036,9289.125,12.64822
1332.599464016422,9277.502,12.646298
1332.600852914998,9283.575,12.654424
1332.602241813515,9287.428,12.651028
1332.6036307120337,9286.446,12.661353
1332.6050196105516,9296.8955,12.654665
1332.6064085091268,9274.578,12.627941
1332.6077974076454,9306.699,12.657435
1332.609186306164,9273.996,12.639981
1332.610575204681,9282.351,12.64612
1332.611964103199,9303.833,12.655329
1332.6133530017175,9295.145,12.652668
1332.6147419002345,9281.203,12.649796
1332.6161307987525,9287.032,12.648436
1332.6175196972708,9278.967,12.649836
1332.6189085957878,9283.314,12.646781
1332.6202974943058,9273.209,12.648633
1332.6216863928241,9293.3545,12.650848
1332.623075291342,9285.937,12.646754
1332.62446418986,9266.662,12.642496
1332.6258530883777,9296.16,12.662888
1332.6272419868963,9282.598,12.656176
1332.628630885414,9296.423,12.664824
1332.6300197839312,9262.432,12.6435
1332.6314086824498,9281.752,12.648479
1332.6327975809681,9284.64,12.653808
1332.6341864794852,9289.658,12.65167
1332.6355753780033,9281.04,12.651981
1332.6369642764635,9274.08,12.638962
1332.6383531749805,9294.955,12.661321
1332.6397420734984,9307.751,12.66218
1332.6411309720168,9272.357,12.646808
1332.6425198704765,9310.417,12.65871
1332.6439087689944,9300.666,12.659592
1332.645297667512,9274.65,12.650204
1332.6466865660298,9281.602,12.650513
1332.6480754644897,9280.234,12.642659
1332.6494643630074,9279.225,12.645403
1332.650853261525,9280.862,12.651433
1332.6522421599848,9273.129,12.648
1332.6536310585027,9271.001,12.648948
1332.6550199570204,9284.733,12.661642
1332.6564088554808,9275.718,12.63806
1332.6577977539985,9277.614,12.6435375
1332.6591866524575,9296.437,12.659024
1332.660575550976,9303.238,12.66078
1332.6619644494356,9281.17,12.654036
1332.6633533479528,9269.241,12.641132
1332.664742246413,9266.882,12.638015
1332.6661311449313,9291.748,12.661802
1332.667520043391,9262.459,12.643106
1332.668908941909,9274.436,12.643139
1332.6702978403684,9269.769,12.634874
1332.6716867388282,9286.278,12.650496
1332.673075637346,9293.478,12.658221
1332.6744645358056,9279.226,12.6499405
1332.6758534343242,9266.835,12.649962
1332.6786312312427,9299.731,12.6589775
1332.6800201297613,9290.344,12.667129
1332.6814090282207,9295.292,12.6515465
1332.6827979266798,9293.122,12.657457
1332.68418682514,9268.423,12.642125
1332.6855757236578,9298.55,12.666377
1332.6869646221166,9287.172,12.6487
1332.6883535205768,9286.439,12.650511
1332.6897424190372,9288.308,12.657203
1332.6911313174962,9297.969,12.648058
1332.692520216014,9287.431,12.644502
1332.6939091144743,9269.81,12.6487255
1332.6952980129333,9307.059,12.669846
1332.6966869113928,9269.119,12.6433735
1332.6980758098532,9285.186,12.648542
1332.6994647083127,9273.487,12.645244
1332.7008536067722,9300.408,12.665051
1332.7022425052319,9285.043,12.652832
1332.7036314036916,9302.735,12.652881
1332.705020302151,9300.737,12.655385
1332.7064092006108,9280.617,12.652052
1332.707798099071,9312.343,12.670813
1332.7091869975313,9304.211,12.6588955
1332.7105758959904,9296.163,12.656192
1332.7119647944498,9304.233,12.656666
1332.7133536929102,9249.532,12.633368
1332.714742591369,9287.973,12.647781
1332.7161314898287,9288.423,12.644526
1332.7175203882891,9293.351,12.661799
1332.7189092866897,9296.583,12.651626
1332.7202981851494,9290.722,12.648163
1332.7216870836096,9279.666,12.647811
1332.7230759820693,9273.818,12.645252
1332.7244648805288,9274.002,12.64237
1332.72585377893,9269.844,12.640006
1332.72724267739,9285.6,12.650874
1332.7286315758495,9291.021,12.645945
1332.730020474309,9278.033,12.637721
1332.7314093727105,9304.638,12.651232
1332.7327982711706,9279.303,12.653094
1332.7341871696303,9277.444,12.646191
1332.735576068031,9280.061,12.642478
1332.7369649664913,9284.633,12.653825
1332.7383538648926,9278.404,12.64144
1332.7397427633516,9286.086,12.645263
1332.741131661812,9283.365,12.649128
1332.7425205602142,9291.352,12.646072
1332.743909458673,9275.769,12.637165
1332.7452983570745,9268.087,12.62986
1332.7466872555347,9280.605,12.6397705
1332.7480761539362,9271.915,12.637082
1332.7494650523956,9301.528,12.650833
1332.7508539507971,9266.194,12.635682
1332.7522428492568,9287.513,12.649315
1332.7536317476581,9280.86,12.639611
1332.7550206460594,9289.919,12.653421
1332.7564095445198,9264.672,12.633152
1332.757798442921,9272.401,12.63196
1332.75918734138,9286.907,12.644748
1332.7605762397823,9297.707,12.647111
1332.7619651381835,9309.281,12.649406
1332.7633540366426,9284.4795,12.637981
1332.7647429350448,9290.105,12.63647
1332.7661318334467,9287.368,12.6404
1332.7675207318473,9276.748,12.624325
1332.768909630307,9292.991,12.652889
1332.770298528709,9294.121,12.647725
1332.7716874271098,9262.506,12.63346
1332.773076325511,9272.075,12.628473
1332.7744652239132,9299.394,12.645936
1332.775854122373,9275.53,12.63631
1332.7772430207744,9279.226,12.627562
1332.7786319191757,9308.136,12.651243
1332.780020817577,9293.566,12.64345
1332.7814097159785,9294.138,12.637026
1332.78279861438,9291.975,12.639099
1332.7841875127822,9261.01,12.624234
1332.7855764111835,9280.727,12.640278
1332.7869653095843,9269.349,12.640494
1332.7883542079862,9277.23,12.626356
1332.7897431063882,9286.489,12.643137
1332.791132004789,9268.862,12.627447
1332.7925209031903,9295.6455,12.636459
1332.7939098015925,9286.769,12.643577
1332.7952986999933,9289.332,12.637712
1332.7966875983946,9293.615,12.641836
1332.7980764967967,9288.878,12.641743
1332.8008542935995,9279.048,12.625267
1332.8022431919428,9278.253,12.628845
1332.8050209887454,9271.864,12.635704
1332.8064098871469,9285.938,12.646446
1332.8077987855484,9292.471,12.648603
1332.8091876838923,9299.505,12.645286
1332.8105765822936,9305.66,12.643191
1332.8119654806944,9294.021,12.632682
1332.8133543790964,9295.04,12.642521
1332.8147432774397,9266.656,12.631967
1332.8161321758403,9283.116,12.637771
1332.8175210742422,9292.349,12.637226
1332.8189099725862,9300.086,12.642866
1332.820298870987,9293.257,12.646158
1332.82168776933,9290.646,12.63593
1332.8230766677323,9300.255,12.63957
1332.8244655661335,9283.309,12.633936
1332.8258544644768,9302.931,12.646489
1332.8272433628783,9302.393,12.647661
1332.8286322612214,9279.703,12.631406
1332.8300211596227,9304.457,12.647495
1332.8314100579662,9281.104,12.627771
1332.8327989563682,9277.219,12.628464
1332.8341878547114,9288.272,12.63431
1332.835576753112,9294.046,12.634219
1332.8369656514558,9285.146,12.630184
1332.848076838376,9272.515,12.631734
1332.8494657367194,9300.5205,12.636996
1332.8508546350631,9303.976,12.646519
1332.8522435334064,9282.973,12.6356945
1332.8536324318077,9276.456,12.628538
1332.855021330151,9279.781,12.624151
1332.8564102284943,9267.62,12.626249
1332.8577991268373,9279.854,12.629341
1332.8591880251804,9278.517,12.633515
1332.860576923582,9294.767,12.63574
1332.8619658219252,9270.609,12.623818
1332.8633547202683,9302.685,12.637765
1332.8647436186122,9302.774,12.6534395
1332.8661325169562,9270.39,12.626889
1332.8675214152986,9286.081,12.626993
1332.868910313642,9315.163,12.643714
1332.8702992119856,9282.773,12.633637
1332.871688110328,9298.976,12.638863
1332.8730770086713,9309.487,12.638604
1332.874465907015,9298.418,12.643461
1332.8758548053586,9283.828,12.637065
1332.8772437037017,9285.354,12.638996
1332.8786326020447,9284.344,12.6272745
1332.880021500388,9287.237,12.627679
1332.881410398673,9259.491,12.612504
1332.8827992970162,9282.184,12.631051
1332.8841881953592,9282.749,12.62676
1332.8855770937032,9273.549,12.632438
1332.8869659920463,9284.141,12.6287365
1332.8883548903889,9289.8125,12.631297
1332.8897437886747,9279.289,12.623945
1332.8911326870177,9272.134,12.619981
1332.8925215853603,9293.169,12.631658
1332.8939104837043,9291.55,12.636348
1332.8952993819898,9281.447,12.630092
1332.8966882803322,9291.393,12.631175
1332.8980771786757,9269.228,12.620905
1332.8994660769613,9272.309,12.623447
1332.9008549753037,9280.1455,12.632221
1332.902243873647,9274.026,12.62216
1332.9036327719325,9279.241,12.623471
1332.9050216702758,9287.505,12.6283045
1332.906410568561,9297.196,12.631785
1332.907799466904,9309.427,12.635108
1332.909188365248,9278.619,12.626183
1332.9105772635328,9292.403,12.633079
1332.9119661618754,9296.431,12.629726
1332.9133550601612,9290.648,12.621645
1332.9147439585042,9281.595,12.637374
1332.9161328567886,9277.288,12.620917
1332.9175217550742,9291.974,12.630667
1332.918910653418,9279.461,12.630495
1332.9202995517023,9275.513,12.628063
1332.9216884500454,9275.905,12.633882
1332.9230773483312,9298.63,12.63754
1332.9244662466156,9297.624,12.640262
1332.9258551449586,9287.562,12.629045
1332.9272440432444,9285.967,12.628384
1332.9286329415293,9276.755,12.622793
1332.9300218398726,9264.344,12.615055
1332.9314107381576,9290.372,12.625747
1332.9327996364425,9282.496,12.620339
1332.9341885347276,9284.0625,12.6257
1332.9355774330709,9291.0205,12.625804
1332.9369663313557,9290.217,12.632733
1332.9383552296406,9284.14,12.636418
1332.9397441279257,9270.944,12.624693
1332.9411330262108,9291.331,12.625501
1332.9425219244963,9299.685,12.630851
1332.9439108228396,9277.885,12.6213665
1332.9452997211245,9293.721,12.629923
1332.9466886194102,9296.59,12.628144
1332.9480775176946,9291.087,12.636952
1332.9494664159795,9271.251,12.615868
1332.9508553142653,9287.335,12.625174
1332.95224421255,9285.619,12.624981
1332.953633110835,9292.448,12.617555
1332.95502200912,9298.199,12.637703
1332.9564109074051,9269.912,12.615226
1332.95779980569,9291.945,12.6290245
1332.959188703975,9298.994,12.622741
1332.9605776022602,9276.558,12.624196
1332.9619665005457,9291.904,12.6349745
1332.9633553987726,9294.358,12.624826
1332.9647442970568,9283.222,12.621823
1332.9661331953423,9293.598,12.62563
1332.9675220936276,9285.898,12.627089
1332.9689109919118,9289.627,12.620386
1332.9702998901973,9301.882,12.623649
1332.971688788425,9275.663,12.617312
1332.9730776867093,9283.758,12.615309
1332.9744665849942,9289.492,12.620121
1332.97585548328,9280.161,12.620386
1332.977244381506,9272.722,12.62094
1332.978633279791,9276.335,12.615368
1332.9800221780768,9284.907,12.6163845
1332.9814110763034,9280.816,12.619152
1332.9827999745883,9267.295,12.613945
1332.9841888728733,9293.965,12.621663
1332.9855777711007,9301.962,12.626247
1332.9869666693858,9303.153,12.631958
1332.9883555676117,9290.679,12.616655
1332.9897444658975,9298.988,12.626011
1332.9911333641826,9278.601,12.615984
1332.9925222624086,9297.576,12.627482
1332.9939111606943,9297.431,12.634614
1332.9953000589219,9292.64,12.62204
1332.996688957206,9269.055,12.618189
1332.998077855433,9300.927,12.626993
1332.9994667536603,9272.258,12.613155
1333.0008556519444,9299.492,12.625821
1333.0022445501716,9266.389,12.612584
1333.003633448457,9282.859,12.615282
1333.005022346684,9287.056,12.619848
1333.0064112449106,9289.811,12.617856
1333.0078001431955,9275.753,12.6165695
1333.0091890414224,9292.901,12.6240635
1333.0105779396492,9297.348,12.629268
1333.011966837934,9288.011,12.622096
1333.0133557361607,9296.455,12.619777
1333.0147446343879,9288.568,12.622252
1333.0161335326145,9287.128,12.615659
1333.0175224308994,9279.815,12.614617
1333.018911329127,9298.813,12.629985
1333.0203002273536,9303.258,12.626088
1333.0216891255805,9271.614,12.606926
1333.0230780238078,9302.711,12.633625
1333.024466922034,9287.489,12.624455
1333.0258558203188,9302.451,12.621617
1333.0272447185464,9285.177,12.62917
1333.0286336167733,9282.57,12.617359
1333.0300225150002,9293.886,12.6196995
1333.0314114132268,9290.977,12.621647
1333.0328003114535,9280.316,12.620347
1333.0341892096803,9273.186,12.610249
1333.0355781079072,9291.489,12.616469
1333.0369670061339,9298.434,12.6208105
1333.0383559043614,9287.607,12.616726
1333.039744802588,9282.317,12.622389
1333.0411337008143,9270.124,12.615841
1333.0425225990418,9269.397,12.609311
1333.0439114972103,9286.0,12.625642
1333.0453003954365,9289.428,12.624723
1333.046689293664,9264.744,12.606371
1333.0480781918914,9299.799,12.626077
1333.0494670901173,9273.155,12.611616
1333.0508559883442,9293.015,12.616685
1333.0522448865133,9282.819,12.615059
1333.0536337847395,9278.974,12.612714
1333.0550226829662,9300.454,12.615663
1333.0564115811937,9277.53,12.625562
1333.0578004793617,9275.557,12.613079
1333.0591893775884,9276.821,12.608475
1333.060578275816,9269.823,12.6168585
1333.0619671739853,9289.877,12.626763
1333.063356072212,9273.523,12.614118
1333.0647449704381,9282.057,12.61152
1333.0661338686073,9273.729,12.611129
1333.0675227668341,9296.26,12.62524
1333.06891166506,9270.533,12.607371
1333.0703005632292,9282.386,12.612792
1333.0716894614568,9280.758,12.612844
1333.0730783596248,9262.879,12.608705
1333.0744672578514,9260.777,12.598215
1333.0758561560208,9297.863,12.618696
1333.077245054247,9287.439,12.619183
1333.0786339524154,9270.34,12.610578
1333.080022850643,9311.637,12.621199
1333.0814117488114,9272.838,12.610823
1333.08280064698,9285.6875,12.623316
1333.084189545207,9288.786,12.618786
1333.0855784433754,9289.293,12.624101
1333.086967341602,9281.251,12.608905
1333.0883562397707,9294.659,12.621822
1333.0897451379394,9288.001,12.624063
1333.0911340361667,9282.179,12.613607
1333.0925229343354,9290.852,12.614595
1333.0939118325034,9292.835,12.617074
1333.0953007306725,9271.0,12.6126375
1333.0966896288994,9285.508,12.616141
1333.0980785270672,9299.749,12.620111
1333.0994674252363,9287.348,12.617708
1333.100856323405,9284.674,12.620574
1333.1022452215736,9292.162,12.629064
1333.103634119801,9282.649,12.619274
1333.1050230179696,9261.839,12.612901
1333.106411916138,9286.413,12.6159525
1333.1078008143068,9272.976,12.607809
1333.1091897124754,9284.887,12.612986
1333.1105786106439,9308.357,12.636475
1333.1119675088123,9289.818,12.61993
1333.113356406981,9275.881,12.619
1333.11474530515,9297.289,12.621156
1333.116134203319,9292.433,12.630662
1333.1175231014868,9297.398,12.626458
1333.118911999656,9287.122,12.619045
1333.1203008978246,9294.858,12.622032
1333.1216897959923,9295.135,12.620855
1333.1230786941617,9271.827,12.615055
1333.124467592331,9306.974,12.63148
1333.1258564904988,9280.528,12.617749
1333.1272453886675,9288.453,12.617547
1333.1286342867786,9288.353,12.619867
1333.1300231849464,9277.741,12.610462
1333.131412083115,9283.649,12.625277
1333.1328009812842,9280.71,12.61946
1333.1341898794528,9275.573,12.612781
1333.135578777563,9277.922,12.618943
1333.1369676757315,9259.747,12.610312
1333.1383565739002,9282.188,12.615882
1333.1397454720106,9282.345,12.617792
1333.141134370179,9275.478,12.614672
1333.1425232683484,9278.927,12.614244
1333.1439121664587,9291.817,12.622725
1333.1453010646267,9307.22,12.634621
1333.146689962796,9295.916,12.62734
1333.148078860907,9277.872,12.613841
1333.1494677590747,9288.422,12.633439
1333.1508566571854,9284.203,12.62948
1333.1522455553545,9267.772,12.608426
1333.1536344535223,9281.698,12.618466
1333.1550233516327,9283.744,12.616377
1333.1564122498019,9292.217,12.631498
1333.1578011479123,9273.709,12.616415
1333.159190046081,9278.556,12.6168995
1333.1605789441912,9290.335,12.62298
1333.1619678423015,9285.025,12.624006
1333.1633567404704,9240.753,12.606504
1333.1647456385806,9292.443,12.623626
1333.166134536749,9288.826,12.633921
1333.1675234348602,9296.376,12.629064
1333.1689123329704,9284.201,12.620334
1333.1703012311384,9284.281,12.634902
1333.1716901292496,9310.855,12.630568
1333.1730790273598,9284.47,12.62281
1333.1744679254696,9280.058,12.621986
1333.175856823639,9280.283,12.633287
1333.1772457217498,9266.12,12.615255
1333.1786346198603,9272.194,12.618174
1333.1800235179705,9286.845,12.620247
1333.181412416139,9275.536,12.632234
1333.1828013142494,9285.804,12.619634
1333.18419021236,9290.64,12.6226635
1333.1855791104701,9281.37,12.62827
1333.1869680085806,9289.116,12.6253195
1333.188356906691,9274.141,12.617834
1333.1897458048013,9296.85,12.634827
1333.1911347029124,9267.766,12.611704
1333.1925236010227,9267.861,12.620678
1333.1939124991325,9289.904,12.629095
1333.1953013972436,9288.889,12.628256
1333.1966902953538,9280.4795,12.627477
1333.1980791934636,9286.975,12.620504
1333.1994680915745,9281.56,12.627066
1333.2008569896855,9275.086,12.627923
1333.2022458877952,9285.9,12.6221485
1333.2036347859055,9280.505,12.622449
1333.2050236840166,9267.398,12.617449
1333.2064125821264,9289.748,12.625294
1333.2078014802366,9294.834,12.632144
1333.2091903783478,9298.793,12.629259
1333.2105792763998,9282.018,12.627534
1333.2119681745103,9275.444,12.623956
1333.2133570726207,9294.186,12.629348
1333.214745970731,9285.822,12.62647
1333.2161348688412,9308.959,12.636634
1333.2175237668935,9293.721,12.627927
1333.2189126650044,9267.496,12.620426
1333.2203015631155,9276.161,12.625152
1333.221690461167,9260.844,12.616284
1333.2230793592773,9274.201,12.617773
1333.2244682573885,9280.048,12.623151
1333.22585715544,9277.382,12.620571
1333.2272460535503,9293.089,12.630892
1333.2286349516614,9285.69,12.627618
1333.2300238497128,9298.817,12.632741
1333.2314127478232,9270.599,12.612198
1333.2328016458762,9276.124,12.619418
1333.2341905439864,9270.595,12.623206
1333.2355794420384,9282.158,12.622319
1333.236968340149,9276.256,12.616021
1333.2383572382012,9278.526,12.623776
1333.2397461363114,9306.42,12.633978
1333.2411350343634,9308.462,12.633029
1333.242523932416,9265.359,12.622322
1333.2439128305268,9293.477,12.6249895
1333.245301728579,9301.141,12.633162
1333.2466906266886,9278.778,12.618181
1333.2480795247413,9298.092,12.625908
1333.2494684227936,9257.308,12.611663
1333.2508573209032,9280.297,12.613917
1333.252246218956,9262.152,12.611531
1333.253635117009,9285.769,12.620674
1333.2550240150606,9283.176,12.626162
1333.2564129131708,9280.269,12.6138525
1333.2578018112238,9287.753,12.626169
1333.2591907092758,9278.577,12.616062
1333.2605796073278,9285.453,12.619503
1333.2619685054383,9289.907,12.625831
1333.263357403491,9280.237,12.618096
1333.2647463015435,9300.282,12.629062
1333.2661351995948,9281.657,12.624414
1333.2675240976475,9284.984,12.619189
1333.2689129956998,9273.26,12.615085
1333.2703018937511,9257.974,12.617752
1333.271690791804,9295.044,12.62588
1333.273079689857,9273.61,12.615972
1333.2744685879084,9271.144,12.611667
1333.2758574859606,9288.733,12.618863
1333.2772463840136,9291.284,12.62293
1333.278635282065,9305.195,12.630621
1333.2800241801172,9286.806,12.621937
1333.2814130781699,9287.958,12.6222515
1333.2828019762212,9308.856,12.628618
1333.2841908742735,9309.253,12.628888
1333.2855797723262,9280.74,12.615086
1333.2869686703787,9278.79,12.622634
1333.2883575684307,9311.837,12.635008
1333.2897464664245,9288.921,12.624167
1333.2911353644768,9292.632,12.618681
1333.292524262529,9280.292,12.616933
1333.293913160581,9286.415,12.616619
1333.2953020585749,9269.762,12.614829
1333.2966909566278,9298.692,12.626996
1333.2980798546798,9298.218,12.631891
1333.2994687527323,9299.289,12.617626
1333.3008576507268,9290.761,12.615516
1333.3022465487782,9283.891,12.61651
1333.3036354468304,9273.066,12.608541
1333.305024344825,9275.05,12.622669
1333.3064132428772,9285.265,12.621084
1333.3078021408712,9296.15,12.622401
1333.3091910389232,9273.795,12.613233
1333.3105799369753,9296.583,12.622092
1333.3119688349695,9274.242,12.610485
1333.3133577330216,9303.704,12.61897
1333.3147466310154,9288.945,12.611929
1333.3161355290683,9298.499,12.619608
1333.3175244270622,9294.678,12.621814
1333.3189133251137,9295.201,12.625556
1333.3203022231085,9300.655,12.625131
1333.3216911211605,9282.222,12.612894
1333.3230800191538,9270.344,12.6013565
1333.3244689171486,9290.269,12.610035
1333.3258578152006,9301.172,12.614386
1333.327246713194,9299.459,12.615705
1333.3286356111885,9285.778,12.614674
1333.3300245092412,9294.146,12.613557
1333.3314134072345,9281.419,12.6133375
1333.3328023052284,9296.316,12.604445
1333.3341912032813,9274.274,12.606326
1333.3355801012754,9265.648,12.596432
1333.3369689992694,9293.331,12.614649
1333.3383578972632,9271.705,12.597348
1333.339746795258,9288.788,12.6140375
1333.34113569331,9294.11,12.6155405
1333.3425245913033,9279.825,12.600752
1333.343913489298,9284.812,12.600893
1333.345302387292,9295.548,12.615126
1333.3466912852853,9290.78,12.616731
1333.3480801832798,9309.813,12.613949
1333.3494690812743,9259.279,12.596834
1333.3508579792676,9292.682,12.615564
1333.3522468772615,9285.176,12.605383
1333.3536357752562,9265.641,12.593246
1333.3550246732495,9282.638,12.601633
1333.3564135712434,9288.181,12.596685
1333.357802469238,9304.729,12.613378
1333.359191367232,9282.755,12.596944
1333.360580265226,9262.081,12.592519
1333.36196916322,9276.759,12.595433
1333.3633580612138,9259.297,12.595398
1333.3647469592077,9281.396,12.598719
1333.3661358572017,9279.157,12.590408
1333.3675247551957,9292.903,12.604257
1333.3689136531323,9285.953,12.5995865
1333.370302551126,9316.477,12.613066
1333.3716914491195,9269.009,12.594209
1333.373080347114,9310.186,12.608673
1333.3744692450498,9287.75,12.594938
1333.3758581430436,9282.688,12.606733
1333.3772470410383,9289.682,12.598131
1333.3786359390315,9281.511,12.590046
1333.3800248369673,9297.405,12.605261
1333.381413734962,9273.369,12.594259
1333.3828026329559,9275.684,12.586504
1333.3841915308915,9288.254,12.595801
1333.3855804288855,9295.38,12.614564
1333.3869693268214,9288.137,12.598703
1333.3883582248152,9306.35,12.600478
1333.389747122809,9289.014,12.598193
1333.391136020745,9287.939,12.598915
1333.3925249187396,9282.167,12.587375
1333.3939138166754,9302.586,12.597711
1333.3953027146686,9275.206,12.589823
1333.3966916126049,9297.417,12.591502
1333.398080510599,9298.969,12.602493
1333.4008583064704,9276.877,12.586201
1333.402247204465,9278.512,12.59094
1333.4036361024002,9309.479,12.597325
1333.405025000394,9285.497,12.592401
1333.4064138983306,9279.463,12.586553
1333.4078027962655,9291.436,12.589322
1333.4091916942596,9288.127,12.597957
1333.4105805921959,9296.214,12.597555
1333.4119694901317,9286.601,12.5873165
1333.4133583880673,9267.164,12.5777445
1333.4147472860614,9285.585,12.592757
1333.4161361839977,9277.691,12.583085
1333.4175250819335,9282.694,12.583328
1333.4189139798684,9279.946,12.59435
1333.420302877805,9292.416,12.589609
1333.4216917757406,9280.524,12.594416
1333.423080673734,9272.285,12.58361
1333.4244695716704,9257.129,12.57396
1333.425858469607,9278.236,12.584695
1333.427247367542,9285.018,12.588165
1333.4286362654777,9292.89,12.591989
1333.430025163414,9306.294,12.605698
1333.431414061349,9288.537,12.604837
1333.4328029592848,9292.555,12.587365
1333.434191857221,9282.19,12.588427
1333.4355807551572,9276.636,12.578998
1333.4369696530928,9290.31,12.59003
1333.4383585510284,9290.286,12.587908
1333.4397474489642,9275.601,12.580104
1333.4411363469,9268.938,12.577184
1333.4425252448357,9286.269,12.582467
1333.443914142713,9266.194,12.577023
1333.4453030406496,9297.519,12.587061
1333.4466919385852,9293.637,12.58555
1333.4480808365204,9291.355,12.594672
1333.449469734457,9276.185,12.584735
1333.4508586323925,9285.301,12.581872
1333.4522475302695,9281.867,12.589676
1333.453636428206,9285.327,12.592096
1333.4550253261423,9280.955,12.585775
1333.45641422402,9290.787,12.600835
1333.4578031219555,9289.939,12.592256
1333.4591920198911,9288.822,12.588098
1333.460580917769,9287.931,12.583619
1333.4619698157046,9296.281,12.587885
1333.4633587136402,9303.964,12.597923
1333.4647476115185,9291.286,12.585747
1333.4661365094541,9288.548,12.585549
1333.467525407331,9292.366,12.586107
1333.4689143052676,9300.594,12.590048
1333.4703032032032,9316.861,12.5948305
1333.4716921010802,9300.585,12.592186
1333.4730809990167,9259.15,12.5731125
1333.474469896894,9307.052,12.600278
1333.475858794771,9289.289,12.59003
1333.4772476927074,9277.601,12.584671
1333.4786365905854,9289.025,12.597409
1333.4800254885206,9255.519,12.569448
1333.481414386398,9276.547,12.586644
1333.4828032842763,9281.618,12.588576
1333.4841921822115,9304.906,12.605579
1333.4855810800889,9283.727,12.583804
1333.4869699779672,9283.525,12.585424
1333.4883588759028,9300.962,12.59507
1333.4897477737804,9305.763,12.590771
1333.491136671658,9282.965,12.581228
1333.4925255695937,9272.876,12.581117
1333.493914467471,9287.699,12.590405
1333.495303365349,9264.159,12.579869
1333.496692263227,9292.071,12.590282
1333.4980811611051,9265.825,12.579965
1333.499470058982,9273.123,12.577709
1333.5008589569177,9273.77,12.581072
1333.502247854796,9276.775,12.58799
1333.503636752673,9297.094,12.58838
1333.5050256505504,9277.208,12.586257
1333.5064145484287,9290.084,12.594868
1333.507803446306,9289.452,12.581623
1333.5091923441837,9291.339,12.593085
1333.5105812420613,9286.838,12.581308
1333.5119701399387,9276.207,12.583089
1333.5133590378161,9296.741,12.601981
1333.5147479356938,9289.006,12.587711
1333.5161368335714,9292.81,12.595253
1333.5175257314497,9294.708,12.587416
1333.5189146293271,9294.489,12.597233
1333.520303527204,9276.217,12.593161
1333.521692425024,9291.868,12.604673
1333.5230813229016,9282.626,12.601789
1333.5244702207783,9276.451,12.583245
1333.5258591186564,9285.175,12.586468
1333.527248016534,9268.303,12.581616
1333.5286369143525,9293.796,12.595205
1333.5300258122309,9287.482,12.597382
1333.5314147101092,9259.38,12.585935
1333.5328036079866,9269.721,12.583543
1333.534192505806,9269.203,12.580737
1333.5355814036836,9287.665,12.588227
1333.536970301561,9276.801,12.580897
1333.5383591993802,9294.838,12.600248
1333.539748097258,9299.32,12.600268
1333.5411369951362,9299.797,12.604349
1333.5425258929556,9264.913,12.576719
1333.5439147908323,9276.932,12.607253
1333.5453036886522,9262.951,12.590298
1333.5466925865298,9289.776,12.602249
1333.5480814843484,9278.052,12.593722
1333.5494703822267,9311.722,12.611049
1333.5508592800468,9287.249,12.595248
1333.5522481779237,9275.279,12.59106
1333.553637075743,9262.948,12.585975
1333.5550259736212,9298.797,12.602382
1333.5564148714398,9294.962,12.6021185
1333.5578037693174,9281.408,12.59679
1333.5591926671373,9290.427,12.5965185
1333.5605815649567,9287.4,12.600782
1333.561970462834,9280.026,12.602018
1333.5633593606535,9282.991,12.590363
1333.564748258473,9270.426,12.59177
1333.5661371563504,9277.213,12.598902
1333.5675260541695,9271.405,12.59652
1333.568914951989,9285.6455,12.611878
1333.5703038498089,9294.09,12.604053
1333.5716927476865,9275.593,12.592808
1333.573081645506,9292.954,12.600731
1333.574470543326,9270.008,12.597639
1333.5758594411445,9278.942,12.594759
1333.577248338964,9283.512,12.611038
1333.5786372367838,9295.911,12.606141
1333.5800261346615,9305.289,12.61421
1333.5814150324807,9273.192,12.594165
1333.5828039302999,9290.4,12.616229
1333.5841928281195,9281.761,12.600435
1333.5855817259387,9301.277,12.621588
1333.586970623758,9270.795,12.601033
1333.5883595215773,9271.711,12.595875
1333.5897484193968,9286.278,12.601668
1333.591137317216,9289.647,12.605875
1333.5925262150352,9294.645,12.610864
1333.5939151128553,9273.368,12.601865
1333.5953040106745,9266.098,12.606812
1333.596692908435,9296.194,12.608203
1333.598081806255,9289.609,12.608816
1333.5994707040743,9284.575,12.60914
1333.600859601893,9300.06,12.612851
1333.6022484997131,9258.939,12.593159
1333.603637397533,9250.448,12.587336
1333.6050262952933,9289.029,12.616163
1333.606415193113,9268.692,12.594444
1333.6078040909329,9276.837,12.610635
1333.6091929887514,9295.403,12.609196
1333.6105818865126,9257.485,12.591402
1333.6119707843325,9295.227,12.609457
1333.6133596821526,9279.221,12.608031
1333.6147485799136,9271.385,12.600961
1333.6161374777323,9260.966,12.601335
1333.6175263755524,9262.426,12.594671
1333.6189152733134,9274.429,12.602046
1333.6203041711321,9283.557,12.610944
1333.621693068894,9292.9,12.605501
1333.623081966714,9292.745,12.617949
1333.6244708644742,9298.966,12.614878
1333.6258597622937,9283.229,12.625608
1333.6272486600553,9282.503,12.613081
1333.628637557874,9264.954,12.598679
1333.630026455635,9301.375,12.616703
1333.6314153534552,9291.103,12.606862
1333.6328042512164,9278.767,12.618258
1333.6341931490358,9286.585,12.617559
1333.6355820467968,9282.778,12.609879
1333.6369709445578,9286.8545,12.6239195
1333.6383598423772,9284.304,12.609223
1333.6397487401384,9297.706,12.616745
1333.6411376378994,9279.794,12.614554
1333.6425265357188,9271.825,12.60613
1333.64391543348,9272.566,12.602715
1333.645304331241,9269.893,12.621837
1333.646693229003,9272.042,12.610815
1333.6480821268221,9306.031,12.618185
1333.6494710245827,9293.155,12.612078
1333.6508599223444,9278.79,12.607701
1333.6522488201056,9288.211,12.61921
1333.6536377178666,9292.265,12.615972
1333.6550266156867,9271.445,12.605503
1333.6564155134477,9300.135,12.614879
1333.6578044112089,9265.977,12.607385
1333.65919330897,9278.721,12.6093855
1333.660582206731,9287.624,12.614285
1333.661971104492,9266.665,12.606068
1333.6633600022533,9280.804,12.60937
1333.6647489000145,9268.074,12.605968
1333.6661377977764,9287.471,12.60937
1333.6675266955374,9266.396,12.6027775
1333.668915593298,9262.197,12.599334
1333.6703044910596,9279.668,12.615814
1333.6716933888208,9278.496,12.603159
1333.6730822865811,9285.715,12.618633
1333.6744711842846,9286.751,12.627323
1333.6758600820465,9281.27,12.611744
1333.677248979807,9282.646,12.60931
1333.678637877568,9288.25,12.620163
1333.68002677533,9271.268,12.611681
1333.6814156730904,9279.097,12.611678
1333.6828045707932,9299.316,12.615629
1333.6841934685551,9297.065,12.616285
1333.685582366316,9275.732,12.604563
1333.686971264077,9271.267,12.613808
1333.6883601617803,9279.051,12.606645
1333.6897490595413,9274.291,12.59976
1333.6911379573023,9280.272,12.614441
1333.6925268550053,9278.353,12.605896
1333.693915752767,9293.703,12.613136
1333.6953046504707,9290.763,12.616915
1333.6966935482312,9282.541,12.6092415
1333.6980824459922,9280.278,12.608507
1333.699471343696,9267.579,12.600822
1333.7008602414564,9262.816,12.6030855
1333.7022491391592,9295.968,12.621408
1333.7036380369211,9291.886,12.621438
1333.7050269346232,9287.37,12.610389
1333.7064158323844,9273.712,12.606685
1333.707804730088,9269.567,12.604463
1333.709193627791,9278.014,12.606572
1333.710582525552,9277.569,12.618796
1333.711971423255,9280.952,12.603804
1333.7133603210161,9304.685,12.620099
1333.714749218719,9294.209,12.61153
1333.7161381164217,9291.322,12.609497
1333.717527014183,9293.16,12.608644
1333.7189159118864,9288.184,12.627512
1333.7203048095894,9294.534,12.6073675
1333.7216937072915,9288.466,12.61712
1333.7230826050534,9272.715,12.608205
1333.7244715027564,9277.659,12.602782
1333.7258604004585,9300.471,12.622663
1333.7272492981622,9283.768,12.610677
1333.7286381958659,9283.133,12.609964
1333.7300270936269,9296.443,12.617122
1333.7314159913296,9277.952,12.608379
1333.7328048890329,9301.501,12.624119
1333.7341937867357,9276.411,12.609705
1333.7355826844384,9279.284,12.620314
1333.7369715821415,9281.249,12.607211
1333.738360479845,9278.781,12.604129
1333.739749377548,9274.684,12.621475
1333.74113827525,9265.749,12.594582
1333.7425271729537,9287.715,12.6149025
1333.7439160706567,9302.554,12.623026
1333.7453049683588,9269.962,12.602794
1333.7466938660625,9285.664,12.611046
1333.7480827637662,9260.816,12.598953
1333.7494716614683,9294.381,12.613944
1333.7508605591713,9291.363,12.618152
1333.7522494568166,9264.206,12.600626
1333.7536383545187,9284.513,12.605104
1333.755027252222,9316.945,12.622714
1333.7564161499254,9286.211,12.61099
1333.7578050476284,9273.457,12.600618
1333.759193945273,9280.29,12.604348
1333.7605828429757,9288.51,12.615325
1333.7619717406787,9273.167,12.605348
1333.7633606383818,9313.4795,12.620036
1333.7647495360263,9301.12,12.611771
1333.766138433729,9288.081,12.604718
1333.7675273314323,9313.973,12.617564
1333.768916229077,9290.133,12.614173
1333.7703051267806,9292.727,12.607757
1333.7716940244259,9300.367,12.613823
1333.773082922128,9283.868,12.600503
1333.7744718197728,9282.946,12.604245
1333.7758607174762,9284.634,12.603022
1333.7772496151786,9304.223,12.625814
1333.7786385128231,9291.809,12.609781
1333.7800274105268,9287.268,12.606281
1333.7814163081716,9292.99,12.614617
1333.7828052058164,9288.214,12.604431
1333.7841941035192,9283.927,12.609566
1333.7855830011638,9307.246,12.61849
1333.7869718988668,9300.874,12.61674
1333.7883607965116,9261.104,12.591276
1333.7897496941562,9284.56,12.604819
1333.7911385918599,9293.094,12.602235
1333.7925274895044,9275.221,12.616389
1333.7939163871486,9269.862,12.595429
1333.7953052848522,9286.236,12.608171
1333.7966941824968,9286.144,12.607671
1333.798083080141,9266.204,12.601389
1333.7994719777862,9290.725,12.607514
1333.8008608754897,9282.36,12.608046
1333.8022497731338,9273.999,12.601578
1333.8036386707786,9268.274,12.598876
1333.8050275684238,9283.485,12.613927
1333.806416466068,9292.05,12.612123
1333.8078053637125,9281.175,12.598664
1333.809194261358,9288.582,12.604264
1333.8105831590035,9288.779,12.607283
1333.8119720567063,9270.09,12.597424
1333.8133609543504,9265.081,12.595722
1333.8147498519959,9262.723,12.601659
1333.8161387496405,9277.906,12.606814
1333.8175276472846,9287.941,12.607876
1333.8189165449298,9273.807,12.609382
1333.820305442575,9300.1875,12.607553
1333.821694340161,9284.677,12.601898
1333.8230832378056,9300.415,12.609777
1333.824472135451,9277.827,12.604074
1333.8258610330952,9257.788,12.591154
1333.8272499307398,9297.678,12.614474
1333.8286388283852,9262.432,12.597794
1333.8300277260298,9288.128,12.612775
1333.8314166236164,9300.442,12.613726
1333.8328055212612,9284.501,12.602583
1333.8341944189058,9278.934,12.599674
1333.8355833165504,9290.966,12.61352
1333.8369722141372,9278.943,12.597465
1333.8383611117818,9285.975,12.598849
1333.8397500094263,9295.209,12.609629
1333.841138907013,9270.575,12.597159
1333.8425278046577,9278.858,12.604159
1333.843916702303,9297.154,12.601304
1333.8453055998896,9281.63,12.600953
1333.8466944975335,9296.676,12.603552
1333.8480833951787,9299.174,12.606167
1333.8494722927655,9296.417,12.602038
1333.8508611904101,9297.449,12.620203
1333.8522500879974,9288.261,12.607023
1333.853638985642,9285.973,12.600264
1333.8550278832283,9268.407,12.59156
1333.8564167808731,9282.322,12.604615
1333.8578056784597,9278.086,12.59935
1333.8591945761043,9262.396,12.588512
1333.860583473691,9276.475,12.599852
1333.8619723712775,9282.091,12.599285
1333.8633612689227,9304.33,12.606372
1333.8647501665093,9279.335,12.602253
1333.866139064095,9309.239,12.615204
1333.8675279617403,9295.253,12.601192
1333.8689168593269,9279.464,12.59808
1333.8703057569126,9286.09,12.593988
1333.871694654558,9277.764,12.600288
1333.8730835521453,9270.704,12.592715
1333.8744724497312,9252.4,12.592779
1333.8758613473176,9285.087,12.601015
1333.8772502449049,9259.25,12.594549
1333.8786391425488,9272.156,12.59842
1333.8800280401354,9294.962,12.603226
1333.8814169377226,9300.653,12.6149235
1333.882805835309,9289.835,12.594501
1333.8841947328954,9274.422,12.595856
1333.885583630482,9280.786,12.609764
1333.8869725280686,9287.944,12.599767
1333.888361425655,9277.416,12.589385
1333.8897503232413,9287.089,12.602931
1333.8911392208286,9279.8955,12.595071
1333.8925281184158,9301.161,12.615167
1333.8939170160018,9271.272,12.604396
1333.8953059135881,9272.434,12.602392
1333.8966948111754,9281.488,12.600335
1333.898083708761,9265.17,12.587728
1333.8994726063477,9290.127,12.600884
1333.9008615039347,9287.924,12.60177
1333.9022504015213,9302.826,12.611329
1333.9036392990495,9291.912,12.598989
1333.905028196636,9278.315,12.594361
1333.9064170942227,9295.855,12.604061
1333.907805991809,9300.25,12.612719
1333.9091948893954,9274.924,12.598275
1333.9105837869238,9279.205,12.590804
1333.9119726845104,9274.924,12.593871
1333.9133615820967,9290.118,12.597716
1333.914750479625,9279.308,12.600626
1333.9161393772122,9278.664,12.586731
1333.9175282747988,9289.003,12.598505
1333.9189171723262,9275.678,12.595611
1333.9203060699135,9267.996,12.596055
1333.9216949674417,9262.0,12.592256
1333.9230838650276,9282.282,12.608924
1333.9244727626149,9292.318,12.600348
1333.925861660144,9263.794,12.585441
1333.9272505577303,9298.702,12.6059475
1333.9286394552585,9301.257,12.60283
1333.930028352845,9256.649,12.586034
1333.9314172503734,9283.301,12.590307
1333.9328061479598,9274.103,12.592535
1333.934195045488,9299.648,12.605727
1333.935583943017,9292.545,12.595099
1333.9369728406034,9272.974,12.591808
1333.938361738131,9290.019,12.591448
1333.9397506356602,9296.852,12.603442
1333.9411395332465,9293.549,12.601189
1333.9425284307742,9317.288,12.618397
1333.9439173283033,9270.451,12.589383
1333.9453062258904,9293.662,12.609018
1333.9466951234178,9283.467,12.594563
1333.9480840209462,9316.681,12.614875
1333.949472918475,9284.437,12.59683
1333.950861816061,9282.182,12.590475
1333.9522507135894,9299.021,12.606326
1333.9536396111182,9278.109,12.596143
1333.9550285086466,9249.771,12.581984
1333.956417406175,9285.439,12.5917
1333.9578063037031,9275.063,12.591445
1333.9591952012313,9293.466,12.596234
1333.96058409876,9281.057,12.597208
1333.961972996288,9288.139,12.602134
1333.9633618938162,9286.796,12.588915
1333.9647507913453,9313.226,12.615434
1333.9661396888735,9266.466,12.589608
1333.9675285864018,9291.667,12.601093
1333.9689174839307,9280.586,12.59061
1333.9703063814584,9280.31,12.59573
1333.9716952789865,9252.499,12.586587
1333.9730841765156,9286.203,12.588804
1333.974473074044,9273.757,12.591229
1333.9758619715724,9304.326,12.601786
1333.9772508691005,9286.158,12.593508
1333.9786397665705,9268.578,12.582768
1333.9800286640989,9263.898,12.584213
1333.9814175616273,9307.714,12.599956
1333.9828064591554,9276.692,12.594298
1333.9841953566845,9262.338,12.578554
1333.9855842541544,9284.41,12.602812
1333.9869731516822,9301.142,12.59549
1333.9883620492112,9267.23,12.58935
1333.9897509466812,9267.348,12.584833
1333.9911398442089,9273.575,12.588678
1333.9925287417377,9285.677,12.610764
1333.993917639208,9290.71,12.589871
1333.9953065367356,9297.784,12.599044
1333.9966954342062,9273.69,12.592783
1333.998084331735,9287.518,12.592071
1333.9994732292046,9272.583,12.584567
1334.0008621267327,9265.74,12.583928
1334.0022510242036,9296.601,12.6005
1334.0036399217313,9288.837,12.592602
1334.0050288192012,9280.397,12.596968
1334.0064177167303,9269.824,12.586752
1334.0078066142012,9292.72,12.594271
1334.0091955117293,9283.44,12.597256
1334.0105844091988,9291.754,12.600912
1334.0119733066695,9280.762,12.587746
1334.0133622041978,9260.275,12.580206
1334.0147511016671,9272.3955,12.588679
1334.0161399991377,9304.42,12.600293
1334.0175288966668,9306.575,12.597342
1334.0189177941363,9286.4375,12.59196
1334.0203066916063,9278.028,12.590916
1334.0216955890771,9280.164,12.5964155
1334.0230844866048,9280.051,12.590901
1334.0244733840748,9289.178,12.603156
1334.0258622815456,9270.721,12.582314
1334.0272511790156,9275.934,12.589586
1334.0286400764855,9286.741,12.586195
1334.030028973956,9266.853,12.5858965
1334.031417871484,9263.965,12.579656
1334.032806768954,9264.399,12.583257
1334.0341956664242,9242.125,12.566762
1334.0355845638944,9237.714,12.565306
1334.036973461365,9218.688,12.564672
1334.0383623588352,9225.974,12.571257
1334.0397512563045,9212.163,12.562092
1334.0411401537751,9230.818,12.573891
1334.0425290512455,9230.831,12.558202
1334.0439179487148,9215.95,12.572329
1334.0453068461854,9246.706,12.578986
1334.046695743598,9236.373,12.573491
1334.048084641068,9227.248,12.555047
1334.0494735385382,9225.776,12.56018
1334.0508624360084,9219.23,12.55193
1334.0522513334784,9248.738,12.569672
1334.0536402309485,9229.604,12.563172
1334.0550291283605,9217.761,12.558435
1334.0564180258311,9219.879,12.558538
1334.0578069233013,9229.406,12.572572
1334.0591958207706,9222.137,12.560328
1334.060584718183,9210.15,12.555422
1334.0619736156532,9243.123,12.5720005
1334.0633625131225,9234.699,12.563806
1334.064751410535,9224.876,12.556269
1334.066140308006,9234.296,12.565935
1334.0675292054755,9237.864,12.564032
1334.0689181028872,9240.638,12.56394
1334.070307000358,9225.118,12.558457
1334.0716958977691,9220.509,12.562612
1334.0730847952393,9228.946,12.557824
1334.074473692652,9210.745,12.547499
1334.0758625901212,9215.452,12.558706
1334.0772514875332,9220.95,12.566232
1334.0786403850038,9209.015,12.561773
1334.0800292824158,9202.633,12.562782
1334.0814181798858,9222.542,12.564994
1334.0828070772975,9225.025,12.561099
1334.0841959747095,9201.473,12.555949
1334.0855848721797,9236.75,12.565138
1334.0869737695914,9235.703,12.572062
1334.088362667004,9218.654,12.552027
1334.089751564475,9202.156,12.555413
1334.091140461886,9215.059,12.5600395
1334.092529359298,9233.155,12.567045
1334.0939182567104,9220.717,12.563991
1334.0953071541796,9227.421,12.555299
1334.0966960515918,9231.616,12.570802
1334.0980849490043,9202.244,12.548087
1334.0994738464162,9217.835,12.568564
1334.100862743828,9220.076,12.567627
1334.10364053871,9199.387,12.548713
1334.1050294361219,9213.844,12.567854
1334.1064183335336,9223.57,12.565783
1334.1078072309454,9231.923,12.563609
1334.109196128358,9214.131,12.561842
1334.11058502577,9234.498,12.565378
1334.111973923181,9248.976,12.578171
1334.1133628205937,9211.167,12.567098
1334.1147517180054,9219.978,12.568713
1334.1161406154167,9237.568,12.569498
1334.1175295128294,9211.025,12.561449
1334.1189184102418,9227.971,12.5689945
1334.1203073075947,9225.219,12.562932
1334.1216962050069,9215.095,12.557946
1334.1230851024193,9215.953,12.565984
1334.1244739998313,9221.246,12.562216
1334.125862897243,9225.073,12.573694
1334.1272517946547,9218.821,12.572806
1334.1286406920092,9229.233,12.57063
1334.130029589421,9224.866,12.568739
1334.1314184868322,9220.854,12.57353
1334.1328073841867,9218.861,12.56095
1334.1341962815984,9222.959,12.57051
1334.1355851790097,9215.396,12.566642
1334.1369740763641,9203.029,12.554595
1334.1383629737766,9217.796,12.567505
1334.1397518711876,9211.557,12.570501
1334.1411407685414,9234.535,12.572806
1334.1425296659538,9208.941,12.560549
1334.143918563307,9218.3125,12.560542
1334.1453074607189,9228.793,12.576006
1334.146696358073,9243.165,12.572939
1334.148085255485,9226.389,12.563662
1334.1494741528388,9269.424,12.583529
1334.1508630502506,9231.982,12.57216
1334.152251947604,9223.076,12.572063
1334.153640845016,9209.173,12.573734
1334.1550297423698,9244.272,12.573354
1334.1564186397816,9218.387,12.562045
1334.157807537136,9239.979,12.583083
1334.1591964344896,9220.727,12.578461
1334.1605853319008,9236.373,12.583063
1334.1619742292553,9228.303,12.574327
1334.1633631266088,9254.262,12.583241
1334.1647520239624,9282.852,12.603637
1334.166140921375,9292.167,12.608584
1334.167529818728,9264.131,12.596078
1334.1689187160816,9280.107,12.616275
1334.170307613436,9268.622,12.591156
1334.1716965107896,9291.648,12.614849
1334.1730854082016,9283.311,12.603663
1334.1744743055553,9296.879,12.620622
1334.1758632029089,9269.467,12.601681
1334.1772521002624,9286.774,12.602062
1334.1786409976164,9263.272,12.593872
1334.18002989497,9276.177,12.601882
1334.1814187923244,9277.729,12.598345
1334.182807689678,9276.943,12.602301
1334.184196587031,9286.917,12.607497
1334.1855854843852,9285.816,12.603778
1334.186974381739,9285.212,12.609808
1334.1883632790918,9297.958,12.607803
1334.189752176446,9300.448,12.609656
1334.1911410738005,9286.658,12.60423
1334.1925299711536,9296.91,12.611719
1334.1939188685071,9295.014,12.609682
1334.1953077658034,9297.742,12.623651
1334.1966966631564,9271.494,12.595967
1334.19808556051,9293.791,12.606266
1334.1994744578644,9291.761,12.611827
1334.200863355218,9287.859,12.609603
1334.2022522525135,9300.577,12.622018
1334.2036411498673,9291.701,12.616964
1334.2050300472215,9264.505,12.59899
1334.206418944517,9273.7295,12.59947
1334.20780784187,9269.751,12.596349
1334.2091967392241,9287.318,12.611044
1334.2105856365204,9283.657,12.611381
1334.2119745338734,9293.351,12.607442
1334.213363431227,9270.216,12.60451
1334.2147523285232,9301.803,12.618514
1334.2161412258763,9292.869,12.62534
1334.2175301231716,9276.58,12.6027565
1334.218919020526,9261.645,12.592256
1334.2203079178214,9277.628,12.610133
1334.221696815175,9293.165,12.613645
1334.2230857124707,9283.144,12.606478
1334.2244746098243,9283.174,12.604799
1334.2258635071196,9273.495,12.599882
1334.2272524044151,9280.162,12.611704
1334.228641301769,9290.89,12.602793
1334.230030199065,9278.354,12.613496
1334.2314190963605,9285.227,12.6105995
1334.2328079937133,9267.225,12.601938
1334.2341968910093,9300.788,12.614352
1334.2355857883051,9278.73,12.610266
1334.236974685658,9272.069,12.595868
1334.238363582954,9276.73,12.601678
1334.2397524802502,9281.978,12.608002
1334.241141377545,9289.407,12.611341
1334.2425302748404,9294.697,12.611204
1334.2439191721949,9282.573,12.608626
1334.2453080694902,9298.6455,12.6153
1334.2466969667857,9292.664,12.611322
1334.2480858640813,9291.178,12.612808
1334.2494747613773,9284.874,12.621181
1334.2508636586729,9283.701,12.608026
1334.2522525559675,9263.59,12.612005
1334.2536414532635,9311.739,12.625536
1334.255030350559,9301.318,12.626497
1334.2564192478537,9275.628,12.606548
1334.25780814515,9303.346,12.614318
1334.2591970424462,9294.703,12.612618
1334.260585939741,9293.668,12.623106
1334.2619748370364,9275.881,12.608318
1334.2633637343326,9288.107,12.610804
1334.2647526316273,9243.3,12.587193
1334.2661415289228,9268.224,12.6023445
1334.2675304261606,9282.05,12.606899
1334.2689193234562,9258.834,12.594191
1334.2703082207515,9269.843,12.602763
1334.271697118047,9293.737,12.615144
1334.2730860152844,9271.022,12.600623
1334.2744749125798,9290.554,12.62383
1334.275863809875,9277.907,12.6079645
1334.2772527071706,9293.141,12.615158
1334.278641604408,9270.578,12.603031
1334.2800305017033,9285.382,12.608602
1334.2814193989989,9277.99,12.602916
1334.2828082962367,9276.965,12.600167
1334.2841971935322,9271.276,12.608393
1334.2855860907696,9270.169,12.60186
1334.2869749880656,9267.215,12.610319
1334.288363885302,9267.717,12.600998
1334.2897527825976,9282.237,12.598633
1334.2911416798354,9286.899,12.60802
1334.2925305771312,9272.787,12.595301
1334.2939194743683,9268.211,12.598363
1334.2953083716636,9280.452,12.600138
1334.296697268901,9275.126,12.608857
1334.2980861661965,9306.557,12.621347
1334.2994750634336,9285.561,12.601127
1334.3008639606708,9282.013,12.599652
1334.302252857967,9290.4,12.606318
1334.3036417552044,9293.019,12.61467
1334.3050306524408,9274.043,12.607496
1334.306419549737,9285.991,12.599291
1334.3078084469741,9306.814,12.620268
1334.3091973442108,9293.793,12.610775
1334.3105862414488,9276.195,12.599041
1334.3119751387449,9289.6455,12.598934
1334.3133640359813,9292.857,12.610508
1334.3147529332189,9283.247,12.600634
1334.3161418304567,9277.929,12.614171
1334.317530727693,9293.995,12.607659
1334.3189196249305,9281.572,12.608697
1334.3203085221683,9303.918,12.614815
1334.3216974194063,9290.172,12.607993
1334.3230863166434,9287.784,12.600815
1334.3244752139383,9270.7,12.594413
1334.3258641111763,9292.089,12.605663
1334.3272530084134,9269.494,12.591356
1334.328641905592,9280.712,12.600694
1334.33003080283,9278.078,12.610061
1334.3314197000677,9276.577,12.599652
1334.3328085973042,9282.34,12.604505
1334.3341974945415,9282.532,12.605741
1334.3355863917793,9289.944,12.610219
1334.336975289016,9263.151,12.604137
1334.338364186253,9281.73,12.6071
1334.3397530834911,9282.535,12.593708
1334.3411419806703,9268.238,12.588244
1334.3425308779076,9299.677,12.610275
1334.3439197751447,9286.564,12.604104
1334.3453086723819,9284.188,12.607785
1334.346697569561,9300.414,12.603944
1334.3480864667983,9304.719,12.609931
1334.3494753640355,9297.007,12.606092
1334.3508642612153,9261.268,12.582008
1334.3522531584524,9275.943,12.591367
1334.353642055689,9280.645,12.5975685
1334.355030952869,9282.729,12.600876
1334.356419850106,9288.921,12.612479
1334.3578087472845,9289.817,12.599897
1334.3591976445225,9254.025,12.577802
1334.360586541702,9296.047,12.596346
1334.3619754389395,9263.785,12.594415
1334.3633643361184,9288.486,12.601215
1334.3647532333555,9288.5,12.595239
1334.3661421305346,9276.298,12.59585
1334.367531027772,9277.32,12.589152
1334.368919924951,9307.013,12.603011
1334.3703088221307,9285.923,12.594174
1334.3716977193678,9275.321,12.598088
1334.3730866165463,9278.422,12.590005
1334.374475513726,9259.833,12.588412
1334.3758644109632,9273.565,12.591892
1334.3772533081417,9277.632,12.585309
1334.3786422053213,9283.092,12.592322
1334.3800311025009,9267.976,12.581298
1334.3814199997375,9288.728,12.592657
1334.3828088969165,9281.095,12.597293
1334.3841977940963,9266.249,12.590922
1334.3855866912747,9297.094,12.597237
1334.3869755884537,9301.193,12.594982
1334.3883644856335,9285.251,12.603814
1334.3897533828706,9284.008,12.595022
1334.3911422800497,9293.289,12.596498
1334.3925311772289,9278.665,12.585826
1334.3939200744078,9288.743,12.602261
1334.395308971587,9279.159,12.594367
1334.396697868766,9275.877,12.587819
1334.398086765945,9292.816,12.596261
1334.3994756631248,9285.358,12.590876
1334.4008645603037,9270.408,12.589686
1334.4022534574826,9287.471,12.597996
1334.4036423546042,9283.9375,12.585305
1334.4050312517827,9289.879,12.599494
1334.4064201489616,9288.176,12.595111
1334.4078090461414,9282.852,12.592379
1334.4091979433204,9277.198,12.604455
1334.4105868404995,9292.344,12.593705
1334.4119757376204,9282.603,12.591455
1334.4133646347993,9296.495,12.59728
1334.4147535319782,9298.578,12.590234
1334.4161424291576,9281.504,12.59132
1334.4175313262783,9288.212,12.590148
1334.4189202234572,9282.921,12.589345
1334.4203091206364,9281.092,12.587335
1334.4216980177573,9296.396,12.59225
1334.423086914937,9293.963,12.597375
1334.424475812116,9287.163,12.590337
1334.425864709236,9262.163,12.579465
1334.4272536064157,9308.841,12.60087
1334.4286425035368,9272.214,12.5874195
1334.430031400715,9283.659,12.592485
1334.4314202978364,9299.419,12.593009
1334.4328091950163,9284.197,12.588761
1334.4341980921365,9282.741,12.587354
1334.4355869893154,9267.296,12.581541
1334.436975886437,9315.854,12.609622
1334.4383647836153,9279.519,12.589178
1334.4397536807362,9286.566,12.596002
1334.4411425778578,9299.856,12.592352
1334.4425314750374,9285.937,12.595063
1334.4439203721583,9303.018,12.598052
1334.4453092692784,9268.742,12.592523
1334.446698166458,9281.764,12.591805
1334.448087063579,9283.687,12.58775
1334.449475960699,9291.407,12.585431
1334.4508648578205,9293.226,12.587169
1334.4522537549421,9277.544,12.584879
1334.4536426521206,9273.453,12.580197
1334.4550315492413,9283.047,12.589495
1334.456420446363,9260.054,12.578542
1334.457809343483,9279.386,12.5911
1334.4591982406039,9282.343,12.58161
1334.4605871377253,9274.012,12.585986
1334.4619760348462,9297.44,12.585879
1334.463364931967,9274.33,12.590231
1334.4647538290878,9283.244,12.594771
1334.4661427262088,9266.333,12.58283
1334.4675316233295,9286.941,12.581642
1334.4689205204502,9266.621,12.579026
1334.4703094175711,9259.509,12.580113
1334.4716983146925,9285.846,12.578295
1334.4730872118134,9280.16,12.593922
1334.4744761089335,9269.432,12.576904
1334.475865006055,9295.254,12.592366
1334.477253903176,9289.03,12.590874
1334.478642800296,9292.628,12.593675
1334.4800316973594,9282.964,12.583372
1334.481420594481,9293.135,12.59185
1334.4828094916018,9284.42,12.58396
1334.4841983887225,9280.369,12.587856
1334.4855872857854,9293.795,12.591178
1334.4869761829061,9283.922,12.584671
1334.4883650800268,9280.848,12.594708
1334.4897539770895,9302.726,12.590315
1334.491142874211,9274.88,12.594335
1334.4925317713319,9267.922,12.582831
1334.4939206683937,9296.117,12.599513
1334.4953095655153,9303.999,12.589503
1334.496698462578,9283.468,12.586763
1334.498087359698,9271.694,12.582328
1334.4994762567615,9285.874,12.582667
1334.500865153883,9298.177,12.59285
1334.5022540509449,9287.369,12.5904
1334.5036429480658,9275.344,12.579036
1334.505031845129,9285.893,12.589828
1334.506420742249,9282.205,12.588605
1334.507809639312,9268.231,12.5769415
1334.5091985364334,9274.701,12.592722
1334.510587433496,9287.984,12.594964
1334.5119763305586,9283.525,12.581582
1334.5133652276793,9273.548,12.5789385
1334.514754124742,9284.38,12.589141
1334.5161430218047,9282.666,12.597738
1334.5175319188672,9259.734,12.573904
1334.5189208159888,9300.062,12.604219
1334.5203097130523,9284.195,12.582758
1334.521698610114,9275.566,12.584595
1334.5230875071768,9276.843,12.585485
1334.52447640424,9292.368,12.600516
1334.52586530136,9287.161,12.594641
1334.5272541984227,9286.179,12.593346
1334.528643095486,9280.427,12.594521
1334.5300319925489,9275.83,12.588286
1334.5314208896114,9270.031,12.581261
1334.5328097866739,9281.906,12.588749
1334.5341986837366,9286.24,12.590239
1334.5355875807993,9300.686,12.596007
1334.5369764778618,9294.785,12.594601
1334.5383653749243,9289.943,12.590997
1334.5397542719877,9286.4,12.591731
1334.5411431690502,9275.361,12.596712
1334.5425320661122,9301.616,12.592998
1334.5439209631757,9274.995,12.589827
1334.54530986018,9284.645,12.586324
1334.546698757242,9299.523,12.609394
1334.5480876543054,9282.935,12.588375
1334.5494765513686,9290.773,12.589089
1334.5508654484304,9289.792,12.601611
1334.5522543454351,9295.667,12.600471
1334.5536432424983,9304.623,12.604223
1334.5550321395601,9264.039,12.586474
1334.5564210365646,9291.895,12.599496
1334.5578099336278,9282.669,12.597325
1334.5591988306912,9274.196,12.593955
1334.5605877276955,9268.155,12.595656
1334.5619766247576,9287.753,12.601249
1334.563365521821,9298.588,12.602368
1334.5647544188253,9289.634,12.601128
1334.5661433158873,9295.949,12.6059
1334.5675322128925,9271.815,12.595763
1334.5689211099557,9281.185,12.597724
1334.5703100069593,9288.176,12.602508
1334.571698904022,9291.685,12.594449
1334.573087801027,9275.151,12.601405
1334.574476698089,9290.076,12.597916
1334.5758655950933,9271.103,12.592461
1334.5772544920985,9274.921,12.596535
1334.5786433891612,9283.223,12.606594
1334.5800322861658,9280.769,12.597285
1334.5814211832283,9260.081,12.59382
1334.5828100802325,9284.555,12.598604
1334.584198977237,9297.513,12.605281
1334.5855878742416,9278.947,12.596812
1334.586976771304,9296.345,12.6051445
1334.5883656683093,9279.905,12.592757
1334.5897545653136,9283.128,12.596542
1334.5911434623174,9267.74,12.588958
1334.5925323593226,9292.475,12.6035185
1334.593921256385,9272.649,12.592286
1334.595310153389,9271.1455,12.596206
1334.596699050394,9300.191,12.602917
1334.5980879473984,9275.123,12.59723
1334.5994768444027,9291.998,12.602618
1334.600865741408,9298.663,12.624056
1334.6022546384122,9279.462,12.591387
1334.6036435354167,9280.293,12.601185
1334.6050324324212,9298.942,12.605392
1334.6064213294255,9286.057,12.6033535
1334.6078102264298,9263.998,12.593211
1334.6091991234343,9289.59,12.593876
1334.6105880204389,9286.627,12.601718
1334.611976917444,9272.561,12.597867
1334.6133658143901,9300.961,12.611823
1334.614754711394,9283.648,12.595424
1334.616143608399,9291.605,12.602275
1334.6175325054035,9283.466,12.596391
1334.618921402407,9282.935,12.606904
1334.6203102993538,9261.738,12.600924
1334.621699196359,9296.635,12.606075
1334.6230880933629,9283.824,12.61729
1334.6244769903672,9276.567,12.598576
1334.6258658873141,9284.041,12.60923
1334.627254784318,9289.089,12.605897
1334.6286436813223,9282.107,12.600514
1334.6300325782693,9277.423,12.59883
1334.6314214752736,9293.003,12.613786
1334.6328103722196,9282.783,12.603834
1334.6341992692244,9278.439,12.601509
1334.6355881661705,9285.817,12.601865
1334.6369770631748,9294.88,12.606563
1334.638365960121,9262.268,12.593694
1334.639754857126,9285.927,12.604231
1334.641143754073,9277.161,12.604257
1334.6425326510769,9267.016,12.599763
1334.643921548023,9295.642,12.604981
1334.6453104450281,9272.618,12.599655
1334.6466993419738,9292.867,12.608482
1334.6480882389199,9273.251,12.599651
1334.649477135925,9285.451,12.61161
1334.6508660328711,9283.923,12.617635
1334.6522549298172,9278.853,12.608989
1334.6536438267635,9283.535,12.6088
1334.655032723768,9286.702,12.613262
1334.6564216207141,9292.898,12.623789
1334.6578105176604,9281.427,12.602608
1334.6591994146067,9294.13,12.602026
1334.6605883115535,9281.672,12.598934
1334.661977208558,9275.994,12.599945
1334.6633661055034,9270.841,12.599589
1334.6647550024502,9289.362,12.606645
1334.6661438993965,9295.607,12.616997
1334.667532796342,9269.155,12.59522
1334.668921693289,9292.763,12.611356
1334.6703105902359,9284.027,12.598515
1334.6716994871815,9298.078,12.615149
1334.6730883841276,9277.973,12.61642
1334.6744772810746,9279.048,12.60509
1334.67586617802,9284.636,12.613423
1334.6772550749663,9279.543,12.599507
1334.6786439719133,9287.274,12.613234
1334.6814217657482,9287.342,12.603061
1334.6828106626936,9298.861,12.613475
1334.6841995596403,9271.334,12.603367
1334.6855884565866,9283.23,12.601701
1334.686977353532,9290.268,12.607626
1334.6883662504208,9264.877,12.593943
1334.6897551473678,9276.543,12.615403
1334.6911440443134,9277.898,12.608413
1334.6925329412595,9263.3125,12.592679
1334.6939218381483,9280.625,12.613608
1334.6953107350937,9302.28,12.616688
1334.6966996319818,9290.698,12.606266
1334.6980885289286,9283.746,12.6088295
1334.6994774258749,9296.364,12.607534
1334.7008663227627,9292.103,12.611541
1334.702255219709,9280.725,12.602283
1334.7036441165972,9295.155,12.619999
1334.7050330135432,9258.862,12.59123
1334.7064219104311,9287.79,12.610051
1334.7078108073774,9278.72,12.607468
1334.709199704266,9265.429,12.594029
1334.7105886012123,9275.399,12.606109
1334.7119774980995,9282.125,12.599124
1334.7133663949883,9269.971,12.598146
1334.7147552919346,9304.933,12.615274
1334.7161441888227,9297.613,12.607442
1334.7175330857112,9280.734,12.599005
1334.7189219826575,9290.694,12.599804
1334.7203108795454,9281.005,12.60005
1334.7216997764333,9295.06,12.61139
1334.7230886733216,9269.702,12.595591
1334.7244775702677,9271.044,12.592016
1334.7258664671556,9295.067,12.613553
1334.7272553640437,9271.854,12.599252
1334.7286442609322,9282.427,12.598901
1334.7300331578203,9282.705,12.59587
1334.7314220547075,9293.438,12.609062
1334.7328109516545,9280.275,12.597061
1334.7341998485424,9291.798,12.607411
1334.7355887454298,9271.127,12.609016
1334.7369776423186,9299.135,12.606522
1334.7383665392074,9280.874,12.601938
1334.7397554360946,9290.873,12.6026535
1334.7411443329827,9278.986,12.596011
1334.7425332298712,9280.732,12.602068
1334.7439221267002,9297.824,12.600052
1334.7453110235883,9309.406,12.6117115
1334.7466999204769,9285.948,12.5998535
1334.7480888173652,9299.72,12.60556
1334.749477714253,9265.657,12.58943
1334.750866611141,9267.743,12.587245
1334.752255508029,9317.221,12.618192
1334.753644404859,9292.051,12.601227
1334.7550333017468,9283.78,12.612102
1334.7564221986356,9291.112,12.612952
1334.7578110955244,9272.625,12.590081
1334.7591999923534,9300.338,12.596205
1334.7605888892415,9293.171,12.5975485
1334.76197778613,9276.277,12.58903
1334.763366682959,9273.348,12.58726
1334.7647555798471,9290.015,12.597424
1334.7661444766775,9263.961,12.584167
1334.7675333735656,9297.012,12.601555
1334.7689222703955,9269.074,12.589819
1334.7703111672834,9270.704,12.586835
1334.7717000641715,9263.896,12.581598
1334.7730889610013,9268.135,12.58785
1334.774477857831,9266.648,12.583346
1334.775866754719,9309.259,12.60675
1334.7772556515495,9280.89,12.594719
1334.7786445484373,9278.435,12.591983
1334.7800334452666,9302.309,12.606299
1334.7814223420971,9285.724,12.593715
1334.782811238985,9272.216,12.589187
1334.7842001358142,9279.229,12.583956
1334.7855890326448,9271.973,12.586501
1334.7869779295334,9275.958,12.582305
1334.7883668263623,9279.0625,12.59886
1334.7897557231922,9277.477,12.59026
1334.7911446200226,9273.93,12.583549
1334.79253351691,9299.436,12.594524
1334.7939224137397,9298.799,12.602207
1334.7953113105702,9283.478,12.590419
1334.7967002074008,9274.956,12.5818615
1334.7980891042305,9270.799,12.581964
1334.7994780010597,9297.531,12.597107
1334.8008668978903,9295.226,12.600378
1334.80225579472,9281.427,12.589721
1334.8036446915492,9272.33,12.585045
1334.8050335883797,9288.765,12.588167
1334.80642248521,9294.071,12.59517
1334.807811382039,9280.497,12.591607
1334.809200278869,9283.659,12.588618
1334.8105891756993,9288.975,12.58617
1334.8119780725285,9296.197,12.600696
1334.8133669693582,9258.379,12.578364
1334.8147558661888,9281.128,12.592757
1334.8161447630187,9282.847,12.590331
1334.8175336597903,9271.73,12.585973
1334.81892255662,9278.107,12.578041
1334.8203114534497,9286.165,12.597345
1334.8217003502796,9285.284,12.575247
1334.8230892470513,9296.191,12.5878935
1334.824478143881,9271.61,12.583494
1334.8258670407115,9269.609,12.570168
1334.827255937483,9284.729,12.58525
1334.8286448343122,9283.473,12.591448
1334.8300337311427,9305.971,12.59042
1334.8314226279142,9276.213,12.575657
1334.8328115247434,9286.702,12.584171
1334.8342004215156,9289.291,12.587476
1334.835589318346,9297.033,12.583693
1334.836978215176,9277.25,12.582835
1334.8383671119475,9281.889,12.58422
1334.839756008719,9281.586,12.581841
1334.8411449055488,9272.456,12.57778
1334.8425338023205,9282.75,12.578995
1334.8439226991502,9278.662,12.588078
1334.8453115959226,9271.817,12.571805
1334.8467004927522,9271.182,12.5733385
1334.8480893895232,9284.465,12.585633
1334.8494782862956,9285.062,12.583245
1334.8508671831253,9294.451,12.5880575
1334.8522560798963,9276.892,12.578097
1334.8536449766684,9293.777,12.589344
1334.8550338734406,9271.912,12.567597
1334.8564227702698,9292.712,12.579179
1334.8578116670412,9304.747,12.581835
1334.8592005638136,9275.057,12.576268
1334.8605894605846,9282.032,12.576413
1334.861978357356,9278.138,12.577513
1334.8633672541284,9285.86,12.581708
1334.8647561509,9283.058,12.574835
1334.8661450476716,9295.1455,12.58276
1334.8675339445015,9274.692,12.587111
1334.868922841273,9270.792,12.582037
1334.8703117380444,9269.464,12.567919
1334.8717006348163,9289.437,12.5774
1334.8730895315878,9282.552,12.580989
1334.874478428302,9285.494,12.575793
1334.8758673250734,9263.971,12.566224
1334.8772562218448,9290.355,12.580749
1334.8786451186172,9281.345,12.576047
1334.8800340153882,9278.927,12.570301
1334.8814229121597,9275.018,12.567416
1334.882811808932,9277.736,12.57535
1334.8842007057035,9287.51,12.581589
1334.885589602417,9281.078,12.566194
1334.8869784991887,9295.071,12.586157
1334.8883673959601,9279.843,12.578189
1334.8897562926734,9272.607,12.565734
1334.891145189445,9274.053,12.573471
1334.8925340862168,9271.049,12.56245
1334.893922982931,9287.181,12.572777
1334.8953118797024,9301.55,12.580846
1334.8967007764734,9266.235,12.557928
1334.8980896731873,9269.979,12.564373
1334.899478569959,9284.315,12.571421
1334.9008674666716,9294.454,12.572117
1334.9022563634437,9292.669,12.577402
1334.9036452601579,9276.229,12.566432
1334.9050341569289,9258.365,12.564544
1334.9064230536421,9289.585,12.571691
1334.9078119504145,9275.433,12.561198
1334.9092008471273,9273.511,12.55801
1334.9105897438988,9275.242,12.563808
1334.911978640613,9295.653,12.569998
1334.9133675373268,9270.499,12.5556345
1334.9147564340985,9273.501,12.567088
1334.916145330811,9292.968,12.571187
1334.917534227525,9287.614,12.569969
1334.9189231242387,9291.954,12.583235
1334.9203120210095,9285.256,12.573693
1334.9217009177235,9277.542,12.560013
1334.9230898144376,9297.622,12.578653
1334.9258676078637,9297.369,12.577713
1334.927256504636,9288.974,12.571424
1334.9286454013486,9287.16,12.563919
1334.930034298062,9301.708,12.572776
1334.9314231947762,9281.943,12.563399
1334.9328120914895,9299.161,12.568619
1334.9342009881445,9291.664,12.571249
1334.935589884858,9250.695,12.549939
1334.9369787815715,9294.338,12.565207
1334.9383676782847,9275.661,12.562032
1334.939756574998,9282.749,12.558625
1334.9411454717117,9296.127,12.558523
1334.9425343684256,9261.996,12.540405
1334.9439232651391,9289.818,12.564816
1334.9453121618517,9268.56,12.558568
1334.9467010585656,9275.591,12.553795
1334.948089955279,9287.015,12.56369
1334.9494788519917,9279.465,12.55804
1334.9508677487058,9278.692,12.560492
1334.95225664542,9281.092,12.551517
1334.9536455421332,9271.104,12.552865
1334.9550344387303,9289.745,12.558362
1334.957812232157,9287.729,12.562962
1334.9592011288703,9293.22,12.56314
1334.9605900255838,9296.507,12.562269
1334.9619789222977,9262.393,12.543224
1334.963367818895,9285.447,12.561399
1334.9647567156076,9285.009,12.547916
1334.9661456123215,9291.786,12.558618
1334.967534509035,9291.111,12.556482
1334.9689234056311,9271.398,12.548983
1334.9703123023453,9287.734,12.55898
1334.973090095772,9289.589,12.558243
1334.974478992369,9284.1455,12.54864
1334.9758678890832,9271.289,12.539217
1334.9772567857958,9294.386,12.567916
1334.9786456823929,9297.462,12.561816
1334.9800345791068,9273.993,12.547453
1334.9814234758203,9258.391,12.532588
1334.9828123724171,9273.203,12.5414715
1334.986979062441,9285.069,12.558312
1334.9883679591542,9273.51,12.542966
1334.9897568557512,9289.519,12.54894
1334.9911457524652,9261.66,12.533917
1334.9925346490622,9282.502,12.544106
1334.9953124423732,9279.719,12.544151
1334.9967013390858,9263.292,12.5456295
1335.0008680291105,9292.224,12.551387
1335.0022569257073,9269.611,12.537691
1335.0036458223042,9292.966,12.554366
1335.0050347190177,9276.048,12.541748
1335.0064236156147,9269.782,12.539886
1335.007812512328,9274.248,12.5389385
1335.009201408925,9265.83,12.540122
1335.010590305639,9275.162,12.53998
1335.011979202236,9252.198,12.532717
1335.0133680989486,9282.738,12.54827
1335.017534788856,9291.76,12.546146
1335.0189236854537,9293.348,12.5445795
1335.0203125820515,9294.279,12.538813
1335.023090375361,9269.839,12.535889
1335.0244792719586,9302.057,12.548295
1335.0258681686712,9285.271,12.539265
1335.0272570652683,9293.903,12.547343
1335.0286459618658,9255.162,12.537617
1335.0300348584628,9295.391,12.547465
1335.0314237551763,9256.629,12.53051
1335.0328126517732,9291.861,12.543335
1335.034201548371,9289.222,12.541131
1335.0355904449677,9280.357,12.541239
1335.0369793416805,9297.873,12.542338
1335.0383682382783,9291.857,12.535755
1335.0397571348758,9293.6045,12.545691
1335.041146031472,9303.509,12.544737
1335.0425349280692,9275.161,12.527141
1335.0439238247832,9295.25,12.540048
1335.0453127213793,9298.964,12.539094
1335.0467016179764,9288.322,12.536594
1335.048090514574,9271.614,12.522647
1335.049479411171,9275.579,12.538625
1335.050868307768,9278.734,12.544106
1335.0522572043649,9275.627,12.540653
1335.0536461009617,9303.632,12.542859
1335.055034997559,9270.313,12.532
1335.0564238942723,9289.394,12.530253
1335.057812790869,9275.2705,12.524636
1335.0592016874668,9270.586,12.531427
1335.0605905840637,9276.154,12.522918
1335.06197948066,9295.368,12.5331
1335.0633683772578,9284.194,12.541206
1335.0647572738546,9278.046,12.538592
1335.066146170451,9282.22,12.53533
1335.0675350670488,9280.489,12.526355
1335.0689239636463,9300.174,12.545429
1335.0703128602424,9301.371,12.549301
1335.071701756723,9275.96,12.526875
1335.0730906533206,9262.801,12.525726
1335.0744795499177,9285.068,12.533958
1335.0758684465147,9275.008,12.53004
1335.0772573431116,9262.232,12.525596
1335.0786462397093,9273.107,12.5297
1335.0800351363062,9266.412,12.536494
1335.0814240329025,9284.582,12.5449505
1335.0828129295003,9285.218,12.527152
1335.0842018259807,9288.94,12.543355
1335.085590722577,9275.047,12.524694
1335.0869796191748,9277.255,12.533618
1335.0883685157723,9285.229,12.531707
1335.0897574123685,9276.318,12.521632
1335.0911463089656,9290.298,12.534924
1335.0925352054467,9279.005,12.527265
1335.093924102043,9268.578,12.525915
1335.0953129986399,9306.072,12.544481
1335.0967018952376,9288.293,12.533874
1335.098090791718,9267.058,12.52398
1335.0994796883153,9268.562,12.52948
1335.1008685849122,9265.785,12.532805
1335.1022574813926,9265.506,12.518521
1335.1036463779897,9282.551,12.529673
1335.1050352745867,9269.184,12.523537
1335.1064241710671,9285.442,12.538511
1335.107813067665,9275.74,12.529381
1335.1092019642617,9301.646,12.543329
1335.1105908607421,9286.832,12.532161
1335.11197975734,9293.59,12.54155
1335.1133686539363,9305.019,12.537391
1335.1147575504167,9269.66,12.527788
1335.1161464470144,9272.476,12.526517
1335.1175353434949,9279.226,12.536529
1335.118924240092,9269.856,12.530914
1335.120313136689,9292.116,12.53925
1335.1217020331694,9290.55,12.535281
1335.1230909297665,9275.849,12.533295
1335.1244798262471,9285.555,12.530289
1335.125868722844,9274.86,12.530576
1335.1272576193253,9283.593,12.531322
1335.1286465159221,9291.167,12.528328
1335.130035412402,9260.558,12.514817
1335.1314243089996,9281.056,12.523929
1335.1328132054803,9286.837,12.544895
1335.1342021020766,9263.111,12.5295
1335.1355909985577,9287.919,12.528417
1335.1369798950388,9282.113,12.529929
1335.1383687916352,9272.5625,12.5207405
1335.1397576881157,9264.109,12.515097
1335.1411465847134,9275.326,12.515341
1335.1425354811934,9267.503,12.525382
1335.1439243776738,9304.957,12.54505
1335.1453132742715,9275.39,12.516333
1335.146702170752,9268.427,12.528188
1335.1480910672326,9262.102,12.513341
1335.1494799638297,9283.983,12.535728
1335.1508688603108,9276.15,12.528903
1335.1522577567914,9269.25,12.514706
1335.1536466533876,9294.484,12.530376
1335.1550355498687,9305.515,12.541546
1335.15642444635,9287.187,12.530336
1335.15781334283,9282.649,12.524751
1335.1592022394268,9265.577,12.523504
1335.1605911359081,9298.206,12.53955
1335.161980032388,9287.921,12.5369215
1335.1633689288685,9277.497,12.529779
1335.1647578254663,9287.054,12.5295925
1335.1661467219467,9283.241,12.529821
1335.167535618427,9281.649,12.525394
1335.168924514908,9277.189,12.517937
1335.1703134113884,9255.419,12.510385
1335.1717023078688,9282.789,12.527222
1335.173091204466,9290.341,12.52464
1335.1744801009465,9275.397,12.522673
1335.1758689974276,9272.09,12.524465
1335.1772578939083,9286.75,12.521537
1335.1786467903883,9260.538,12.50996
1335.1800356868694,9268.863,12.516426
1335.18142458335,9264.488,12.518162
1335.1828134798297,9262.67,12.515364
1335.1842023763109,9286.412,12.5167465
1335.1855912727922,9300.255,12.528853
1335.1869801692721,9281.406,12.528483
1335.1883690657526,9274.129,12.509634
1335.189757962234,9276.389,12.516404
1335.1911468587143,9292.68,12.526574
1335.192535755195,9264.19,12.506863
1335.1939246516756,9287.116,12.517418
1335.1953135481567,9281.944,12.527887
1335.1967024446374,9276.999,12.519684
1335.198091341117,9277.26,12.514777
1335.1994802375982,9284.063,12.518604
1335.2008691340789,9273.466,12.514953
1335.2022580305586,9282.844,12.51408
1335.20364692704,9298.228,12.520381
1335.2050358235213,9274.434,12.512389
1335.2064247198848,9277.703,12.51723
1335.2078136163652,9292.706,12.517478
1335.2092025128466,9269.73,12.51778
1335.2105914093263,9265.812,12.505375
1335.211980305807,9284.33,12.510393
1335.2133692022883,9291.087,12.517167
1335.2147580986523,9288.073,12.510273
1335.2161469951327,9291.895,12.514725
1335.2175358916134,9288.262,12.513288
1335.218924788094,9294.176,12.517
1335.220313684458,9288.985,12.512533
1335.2217025809384,9296.23,12.520796
1335.223091477419,9265.992,12.494995
1335.2244803739002,9306.62,12.515473
1335.2258692702646,9267.734,12.505621
1335.2272581667444,9271.352,12.504645
1335.2286470632255,9287.833,12.50836
1335.2300359595904,9283.983,12.517593
1335.2314248560708,9275.575,12.501919
1335.2328137525515,9273.19,12.500901
1335.2342026489157,9273.849,12.499282
1335.2355915453961,9283.601,12.506174
1335.2369804418768,9281.429,12.501418
1335.238369338241,9283.333,12.508074
1335.239758234722,9257.596,12.493201
1335.2411471310863,9285.0,12.5034
1335.242536027566,9285.579,12.511869
1335.2439249240472,9271.734,12.497611
1335.2453138204114,9264.869,12.493301
1335.2467027168911,9283.713,12.503159
1335.248091613256,9274.701,12.497769
1335.2494805097374,9275.646,12.499218
1335.250869406101,9290.971,12.504156
1335.2522583025814,9275.46,12.499493
1335.2536471989463,9261.348,12.499981
1335.255036095426,9298.283,12.502964
1335.2564249917903,9296.834,12.508855
1335.2578138882716,9267.582,12.489223
1335.2592027846356,9264.937,12.487092
1335.260591681116,9269.559,12.489811
1335.2619805774802,9282.9795,12.495645
1335.2633694738445,9283.723,12.495766
1335.264758370325,9297.024,12.500412
1335.266147266689,9307.699,12.510352
1335.2675361631702,9268.102,12.492771
1335.2689250595351,9289.867,12.502109
1335.2703139558987,9302.07,12.503834
1335.2717028523791,9283.716,12.502938
1335.273091748744,9261.331,12.493412
1335.2744806451074,9263.324,12.486068
1335.275869541588,9273.459,12.490419
1335.2772584379527,9260.155,12.483074
1335.278647334317,9269.243,12.484408
1335.280036230681,9298.264,12.501082
1335.2814251271616,9291.625,12.508688
1335.2828140235258,9274.064,12.48384
1335.2842029198898,9286.414,12.493526
1335.2855918162538,9285.677,12.494541
1335.2883696090992,9293.368,12.499937
1335.2897585054634,9300.526,12.499254
1335.2911474018267,9282.505,12.493696
1335.2925362981916,9283.615,12.496033
1335.2939251945559,9292.206,12.4973955
1335.2953140910356,9286.17,12.507642
1335.2967029874005,9304.787,12.498697
1335.2980918837654,9275.526,12.473176
1335.2994807801288,9268.717,12.474371
1335.300869676493,9289.104,12.490683
1335.3022585728577,9281.917,12.490045
1335.303647469221,9300.299,12.495985
1335.3050363655855,9277.816,12.484327
1335.3064252619502,9264.7295,12.493379
1335.3078141583148,9273.505,12.476211
1335.309203054679,9292.223,12.495123
1335.3105919510424,9270.293,12.479126
1335.3119808474073,9255.642,12.47743
1335.3133697437713,9297.067,12.491881
1335.3147586401349,9284.71,12.4947195
1335.3161475364998,9271.148,12.486003
1335.3175364328647,9254.546,12.475445
1335.318925329228,9291.15,12.483834
1335.3203142255923,9274.106,12.477052
1335.321703121957,9287.532,12.475679
1335.3230920183203,9275.714,12.482385
1335.3244809146845,9275.6875,12.492932
1335.3258698110492,9284.827,12.484197
1335.3272587074136,9264.534,12.472167
1335.3286476037777,9275.172,12.478918
1335.3300365001417,9275.37,12.476653
1335.3314253963895,9256.404,12.466635
1335.3328142927537,9291.861,12.486213
1335.3342031891177,9306.738,12.494103
1335.3355920854817,9292.348,12.494973
1335.3369809818466,9278.311,12.484068
1335.3480921525277,9284.535,12.484738
1335.3494810487753,9281.291,12.480324
1335.3508699451395,9289.422,12.489021
1335.3522588415037,9271.578,12.475753
1335.3536477377513,9281.36,12.479529
1335.3550366341153,9290.541,12.480633
1335.3564255304802,9269.786,12.471349
1335.3578144267278,9296.097,12.489318
1335.3592033230914,9273.056,12.484455
1335.3605922194563,9294.472,12.483549
1335.3619811157039,9288.779,12.486678
1335.3633700120674,9297.105,12.486448
1335.364758908316,9266.29,12.471968
1335.3661478046806,9302.06,12.487251
1335.3675367009275,9295.495,12.486437
1335.3689255972918,9286.922,12.481994
1335.3703144936565,9274.041,12.474106
1335.3717033899036,9232.697,12.457606
1335.3730922862676,9262.723,12.462135
1335.374481182516,9314.833,12.499033
1335.375870078764,9260.099,12.475428
1335.3772589751281,9282.304,12.482198
1335.3786478713757,9285.479,12.47459
1335.3800367677397,9279.792,12.48053
1335.3814256639876,9272.201,12.483363
1335.3828145603518,9292.858,12.478482
1335.3842034565994,9275.027,12.468506
1335.3855923529643,9286.899,12.482574
1335.3869812492119,9288.801,12.47846
1335.3883701454597,9292.208,12.4939375
1335.3897590418244,9271.216,12.464143
1335.3911479380715,9310.196,12.484192
1335.3925368343191,9264.018,12.462039
1335.393925730684,9295.548,12.477968
1335.3953146269318,9285.4375,12.477446
1335.3967035231797,9277.116,12.4684725
1335.3980924195437,9269.84,12.470387
1335.3994813157913,9257.706,12.456535
1335.400870212039,9263.544,12.465256
1335.402259108287,9273.783,12.487495
1335.403648004651,9279.328,12.479434
1335.4050369008994,9291.401,12.47284
1335.406425797147,9265.058,12.466526
1335.4078146933941,9271.247,12.46618
1335.409203589759,9289.29,12.47416
1335.4105924860073,9285.463,12.469127
1335.4119813822542,9292.094,12.466274
1335.413370278502,9279.688,12.482141
1335.4147591747503,9264.316,12.460868
1335.4175369673615,9280.603,12.474429
1335.41892586361,9254.022,12.462375
1335.4203147598578,9265.357,12.462257
1335.4217036561056,9286.09,12.470971
1335.4230925523532,9287.459,12.472267
1335.4244814486008,9290.4,12.467507
1335.4258703448486,9290.787,12.466908
1335.4272592410964,9282.473,12.478829
1335.428648137345,9272.024,12.465241
1335.4300370335932,9297.595,12.4778185
1335.43142592984,9297.292,12.4719305
1335.432814826088,9280.27,12.4656725
1335.4342037223362,9277.391,12.475123
1335.4355926185833,9287.482,12.4671755
1335.436981514831,9275.63,12.465967
1335.4383704110794,9306.45,12.481655
1335.439759307327,9266.593,12.459116
1335.441148203575,9285.902,12.465395
1335.4425370998226,9259.742,12.473123
1335.4439259960702,9281.166,12.467
1335.445314892318,9266.06,12.468284
1335.4467037885659,9289.348,12.469201
1335.4480926848134,9275.305,12.471667
1335.4494815809455,9296.142,12.482008
1335.4508704771931,9285.111,12.469637
1335.4522593734403,9274.991,12.467453
1335.4536482696888,9280.704,12.475793
1335.4550371659363,9273.924,12.467289
1335.4564260621835,9278.932,12.4666815
1335.4578149583153,9275.521,12.462448
1335.4592038545636,9290.183,12.478246
1335.4605927508107,9279.869,12.463327
1335.4619816470583,9304.668,12.487059
1335.4633705431904,9287.084,12.467604
1335.4647594394382,9284.966,12.470572
1335.466148335686,9285.942,12.469438
1335.4675372319336,9294.24,12.4714985
1335.4689261280657,9287.718,12.4763155
1335.4703150243133,9301.268,12.472038
1335.4717039205605,9293.193,12.480456
1335.4730928166925,9281.6455,12.470746
1335.4744817129401,9293.751,12.478483
1335.4758706091873,9290.251,12.473902
1335.4772595053191,9288.3955,12.468113
1335.4786484015674,9297.339,12.471581
1335.4800372978145,9285.356,12.467106
1335.4814261939457,9298.264,12.476193
1335.4828150901942,9279.336,12.465745
1335.484203986325,9273.398,12.460051
1335.4855928825725,9277.236,12.48352
1335.4869817787046,9282.848,12.464642
1335.4883706749522,9287.312,12.479393
1335.4897595710836,9285.142,12.459139
1335.4911484673314,9300.733,12.475758
1335.4925373634626,9273.145,12.459405
1335.4939262597102,9273.025,12.458575
1335.4953151558416,9294.836,12.473189
1335.4967040520894,9270.023,12.461054
1335.4980929482215,9272.647,12.462212
1335.499481844469,9305.144,12.476824
1335.5008707405998,9280.107,12.461727
1335.502259636848,9274.108,12.460382
1335.5036485329795,9280.689,12.46432
1335.5050374291106,9283.188,12.460895
1335.5064263253591,9274.546,12.455957
1335.5078152214903,9273.971,12.457209
1335.5092041177381,9264.304,12.456384
1335.5105930138695,9302.798,12.469254
1335.5119819100007,9264.707,12.453812
1335.5133708062483,9271.029,12.460808
1335.5147597023797,9286.283,12.467608
1335.516148598511,9279.487,12.461767
1335.5175374947596,9290.302,12.456469
1335.5189263908908,9274.733,12.459035
1335.5203152870215,9287.705,12.469747
1335.5217041831534,9293.069,12.464815
1335.5230930794012,9291.398,12.477618
1335.5244819755317,9285.71,12.467245
1335.5258708716635,9288.341,12.45993
1335.5272597677956,9292.211,12.462386
1335.5286486639263,9291.327,12.464678
1335.530037560174,9275.633,12.459749
1335.531426456306,9256.72,12.460886
1335.5328153524367,9273.337,12.474135
1335.534204248568,9272.625,12.455638
1335.5355931447,9301.067,12.470591
1335.5369820408312,9294.96,12.467279
1335.5383709369623,9285.673,12.462069
1335.5397598332102,9282.87,12.456986
1335.5411487293416,9268.514,12.455621
1335.5425376254736,9264.427,12.454779
1335.5439265216048,9295.391,12.470979
1335.545315417736,9282.782,12.463115
1335.546704313868,9283.558,12.459979
1335.5480932099988,9288.697,12.458343
1335.54948210613,9294.895,12.464532
1335.550871002262,9271.539,12.4597025
1335.5522598983932,9278.328,12.457738
1335.5536487945246,9268.93,12.457156
1335.555037690656,9281.287,12.4603815
1335.5564265867872,9270.193,12.452109
1335.5578154829184,9278.5,12.456564
1335.5592043790498,9280.098,12.455047
1335.5605932751812,9271.841,12.4616
1335.5619821711966,9254.677,12.449564
1335.563371067328,9272.655,12.460797
1335.5647599634588,9293.252,12.463583
1335.5661488595906,9283.372,12.45475
1335.567537755722,9310.722,12.470239
1335.5689266518525,9298.763,12.467783
1335.5703155479844,9270.244,12.450269
1335.5717044441164,9280.78,12.461534
1335.5730933401308,9279.498,12.459187
1335.574482236262,9292.951,12.467368
1335.575871132394,9275.044,12.4512825
1335.5772600285247,9275.092,12.448772
1335.5786489245395,9294.413,12.462342
1335.5800378206716,9269.969,12.455406
1335.5814267168028,9287.707,12.456231
1335.582815612934,9273.237,12.45195
1335.584204508949,9293.195,12.486339
1335.5869823012124,9279.835,12.45204
1335.5883711972265,9292.339,12.461217
1335.5897600933583,9282.376,12.458819
1335.5911489894904,9285.101,12.464324
1335.5925378855047,9269.238,12.453139
1335.593926781636,9268.368,12.447458
1335.595315677768,9291.5,12.467282
1335.596704573782,9289.773,12.462517
1335.5980934699135,9263.566,12.450802
1335.5994823660455,9278.901,12.458374
1335.6008712620603,9291.835,12.471372
1335.6022601581915,9278.805,12.456024
1335.6036490542065,9268.815,12.451135
1335.6050379503379,9263.887,12.4528675
1335.6064268463526,9285.806,12.460649
1335.6078157424838,9278.356,12.454864
1335.6092046384988,9279.3,12.45962
1335.6105935346307,9278.188,12.457499
1335.6119824306459,9286.6875,12.462404
1335.6133713267764,9283.845,12.466243
1335.6147602227918,9299.904,12.465732
1335.6161491189232,9264.849,12.448879
1335.6175380149373,9280.627,12.453898
1335.618926910953,9290.66,12.463995
1335.620315807085,9281.574,12.4514675
1335.621704703099,9286.714,12.462729
1335.6230935992305,9291.208,12.46429
1335.6244824952462,9281.816,12.459457
1335.625871391261,9287.658,12.467505
1335.6272602873921,9296.008,12.4675
1335.628649183407,9259.193,12.461497
1335.6300380794225,9320.96,12.484722
1335.631426975554,9278.351,12.452131
1335.632815871568,9278.504,12.455188
1335.6342047675837,9271.562,12.454815
1335.6355936635987,9292.316,12.459083
1335.6369825597292,9276.692,12.455213
1335.6383714557448,9285.729,12.466848
1335.6397603517605,9260.688,12.452229
1335.6411492477746,9293.31,12.464597
1335.642538143906,9299.328,12.464322
1335.6439270399217,9287.042,12.452299
1335.6467048319507,9289.781,12.466937
1335.6480937279662,9291.821,12.461309
1335.6494826240976,9283.997,12.459581
1335.6508715201123,9299.951,12.461542
1335.652260416127,9266.411,12.451482
1335.653649312142,9308.986,12.47014
1335.6550382081575,9271.559,12.44905
1335.6564271041727,9295.988,12.462998
1335.6578160001868,9264.585,12.447906
1335.6592048962023,9287.432,12.458264
1335.6605937922172,9261.573,12.44381
1335.6619826882322,9294.738,12.46519
1335.6633715842477,9292.649,12.469029
1335.6647604802627,9286.942,12.461421
1335.6661493762774,9273.751,12.4527645
1335.6675382722924,9295.205,12.4626045
1335.6689271683074,9286.405,12.455553
1335.6703160643222,9294.803,12.466471
1335.671704960337,9282.241,12.464905
1335.673093856352,9284.109,12.454673
1335.6744827523673,9269.829,12.448223
1335.6758716483823,9280.987,12.45018
1335.6772605443964,9279.675,12.450695
1335.678649440412,9269.182,12.453842
1335.680038336427,9299.055,12.46687
1335.6814272324411,9258.838,12.445321
1335.6828161283404,9265.678,12.446343
1335.684205024356,9276.08,12.448195
1335.6855939203701,9308.512,12.464316
1335.6869828163851,9285.626,12.460154
1335.6883717124008,9274.459,12.448147
1335.6897606084149,9290.393,12.454675
1335.6911495043134,9294.551,12.455611
1335.6925384003289,9272.287,12.446517
1335.6939272963439,9276.36,12.454423
1335.6953161923586,9280.386,12.453173
1335.696705088257,9307.292,12.472547
1335.698093984272,9298.355,12.465687
1335.699482880287,9274.362,12.450505
1335.7008717763017,9300.693,12.457013
1335.702260672201,9271.601,12.446427
1335.7036495682166,9266.262,12.44855
1335.7050384642307,9273.618,12.455946
1335.7064273601293,9296.184,12.462613
1335.7078162561447,9280.572,12.461284
1335.7092051520424,9291.201,12.456242
1335.7105940480574,9298.137,12.457979
1335.7119829440728,9296.093,12.470386
1335.7133718399716,9291.083,12.457487
1335.7147607359864,9309.444,12.464125
1335.7161496318847,9276.769,12.444733
1335.7175385278997,9267.228,12.457505
1335.7189274237983,9313.556,12.467038
1335.720316319813,9276.788,12.45824
1335.7217052158278,9286.608,12.460749
1335.723094111727,9276.845,12.45194
1335.724483007742,9266.249,12.448243
1335.7258719036397,9271.09,12.447499
1335.727260799539,9272.818,12.445976
1335.7286496955537,9278.805,12.45035
1335.7300385914516,9281.772,12.456441
1335.7314274874673,9280.328,12.454324
1335.7328163833663,9283.253,12.454343
1335.7342052793804,9287.507,12.457002
1335.7355941752792,9269.3955,12.441618
1335.7369830711782,9273.185,12.452569
1335.7383719671923,9273.771,12.453365
1335.7397608630909,9285.193,12.45446
1335.7411497589899,9283.117,12.46136
1335.7425386550055,9303.086,12.457652
1335.743927550904,9289.966,12.4577055
1335.7453164468018,9272.692,12.445561
1335.7467053428174,9291.092,12.455971
1335.7480942387167,9282.137,12.453328
1335.7494831346144,9300.888,12.463326
1335.750872030513,9269.129,12.449127
1335.7522609265284,9288.234,12.457697
1335.753649822426,9273.998,12.448678
1335.7550387183246,9292.285,12.451594
1335.7564276142236,9261.794,12.443228
1335.7578165102389,9291.334,12.45161
1335.7592054061372,9281.506,12.456673
1335.7605943020355,9267.504,12.442792
1335.7619831979341,9281.477,12.448904
1335.7633720938327,9270.805,12.455879
1335.764760989731,9273.723,12.444695
1335.7661498856294,9275.391,12.445387
1335.767538781645,9273.116,12.452195
1335.7689276775436,9285.655,12.453448
1335.7703165734413,9299.068,12.463164
1335.7717054693405,9292.223,12.455019
1335.7730943652389,9269.758,12.459587
1335.7744832611368,9294.835,12.46239
1335.775872157036,9300.151,12.473207
1335.777261052935,9301.473,12.456395
1335.7786499488327,9265.401,12.444695
1335.7800388447315,9280.893,12.445924
1335.7814277406305,9282.002,12.449195
1335.782816636529,9265.841,12.450723
1335.7842055324274,9275.025,12.442023
1335.7855944283258,9263.373,12.445821
1335.786983324225,9273.138,12.446253
1335.7883722201234,9273.968,12.449482
1335.7897611160213,9299.688,12.46781
1335.7911500118041,9274.284,12.449549
1335.7925389077025,9276.297,12.44826
1335.7939278036004,9280.422,12.446439
1335.7953166994996,9280.499,12.451263
1335.7967055953986,9287.336,12.453784
1335.7980944912963,9293.411,12.456912
1335.7994833870785,9268.27,12.448679
1335.8008722829775,9294.634,12.450701
1335.8022611788754,9297.479,12.46095
1335.8036500747737,9284.91,12.461374
1335.805038970673,9283.577,12.453584
1335.8064278664551,9276.483,12.4478655
1335.8078167623537,9284.404,12.453806
1335.809205658252,9267.684,12.441195
1335.8105945541504,9304.482,12.459323
1335.8119834499325,9282.338,12.446867
1335.813372345831,9277.874,12.453934
1335.8147612417295,9304.596,12.454054
1335.8161501375123,9286.331,12.448552
1335.8175390334106,9275.678,12.445388
1335.8189279293085,9293.94,12.464418
1335.8203168250914,9279.221,12.448875
1335.8217057209897,9270.16,12.443847
1335.8230946167716,9294.909,12.459004
1335.824483512671,9294.234,12.45489
1335.8258724085695,9294.726,12.452453
1335.8272613043516,9286.043,12.451639
1335.82865020025,9292.096,12.46985
1335.830039096032,9286.504,12.451639
1335.8314279919312,9285.584,12.457491
1335.832816887713,9267.319,12.444936
1335.834205783611,9276.819,12.447578
1335.8355946793938,9270.264,12.446086
1335.8369835752922,9307.22,12.476544
1335.8383724710736,9275.624,12.448462
1335.8397613669729,9288.832,12.448794
1335.8411502627555,9269.158,12.440517
1335.8425391586532,9259.537,12.437823
1335.8439280544353,9287.594,12.450967
1335.845316950218,9301.661,12.472404
1335.8467058461158,9292.494,12.466497
1335.8480947418977,9290.012,12.455917
1335.849483637797,9288.806,12.453291
1335.8508725335791,9259.765,12.437082
1335.8522614293613,9274.743,12.446854
1335.8536503252597,9280.718,12.452999
1335.8550392210416,9266.067,12.449469
1335.8564281168237,9276.05,12.449776
1335.857817012606,9283.762,12.450388
1335.8592059085051,9278.049,12.458287
1335.8605948042878,9290.064,12.451501
1335.861983700069,9288.522,12.457993
1335.8633725958512,9292.373,12.451857
1335.8647614917502,9265.971,12.443551
1335.8661503875317,9308.111,12.453658
1335.8675392833136,9283.54,12.45386
1335.8689281790964,9289.617,12.450589
1335.8703170748784,9275.068,12.448086
1335.8717059707772,9284.875,12.447451
1335.873094866559,9290.312,12.455656
1335.874483762341,9281.704,12.443439
1335.8758726581232,9281.809,12.450835
1335.8772615539053,9293.74,12.456583
1335.8786504496873,9290.005,12.446056
1335.88003934547,9285.904,12.452241
1335.881428241252,9301.01,12.456354
1335.8828171370335,9275.229,12.449991
1335.8842060329328,9287.428,12.451286
1335.8855949287147,9288.045,12.450516
1335.8869838244962,9288.85,12.449788
1335.8883727202788,9273.954,12.446212
1335.8897616160614,9278.179,12.449413
1335.8911505118429,9267.75,12.439032
1335.8925394076248,9283.817,12.444631
1335.8939283032912,9268.773,12.448204
1335.8953171990727,9299.917,12.451098
1335.8967060948546,9280.788,12.439723
1335.8980949906374,9273.884,12.441436
1335.8994838864203,9278.434,12.4515505
1335.9008727822022,9286.726,12.450617
1335.9022616779837,9274.743,12.441652
1335.9036505737665,9285.463,12.446616
1335.9050394695491,9278.028,12.439951
1335.9064283653304,9281.488,12.443782
1335.9078172609961,9279.968,12.443724
1335.9092061567787,9291.819,12.445528
1335.9105950525602,9267.88,12.439868
1335.9119839483421,9271.745,12.443144
1335.913372844125,9286.356,12.450509
1335.9147617397905,9299.819,12.451593
1335.9161506355729,9294.686,12.451013
1335.9175395313548,9272.242,12.440187
1335.9189284271367,9290.239,12.449876
1335.9203173228025,9278.17,12.444839
1335.9217062185846,9270.674,12.449506
1335.9230951143666,9284.165,12.444077
1335.924484010033,9292.63,12.445843
1335.925872905815,9302.403,12.46216
1335.9272618015964,9294.743,12.447529
1335.9286506972628,9280.02,12.445846
1335.9300395930447,9290.241,12.44232
1335.9314284887098,9277.848,12.445321
1335.9328173844924,9289.649,12.442965
1335.934206280275,9282.995,12.448895
1335.93559517594,9282.483,12.439951
1335.936984071722,9306.599,12.447969
1335.9383729673884,9286.859,12.447734
1335.9397618631706,9282.44,12.44451
1335.9411507588363,9290.161,12.450809
1335.9425396546183,9290.842,12.451894
1335.9439285502847,9276.758,12.43928
1335.9453174460666,9259.453,12.433398
1335.9467063417317,9295.26,12.455324
1335.9480952375143,9296.061,12.447605
1335.94948413318,9286.889,12.45116
1335.9508730289615,9279.888,12.45693
1335.9522619246277,9263.325,12.437276
1335.953650820294,9285.206,12.443856
1335.9550397160754,9292.318,12.440592
1335.9564286117409,9277.336,12.447635
1335.9578175075237,9326.632,12.458466
1335.9592064031888,9267.5205,12.436076
1335.9605952988543,9278.947,12.4450655
1335.9619841946371,9275.362,12.447506
1335.9633730903026,9281.63,12.4577055
1335.9647619859684,9284.707,12.443614
1335.9661508817505,9285.042,12.439548
1335.967539777416,9290.334,12.446161
1335.9689286730816,9289.408,12.446702
1335.9703175687473,9310.24,12.46595
1335.9717064645295,9255.434,12.444095
1335.9730953601959,9281.372,12.451664
1335.9744842558614,9266.526,12.434129
1335.9758731515265,9292.173,12.444506
1335.9772620471927,9287.193,12.447757
1335.9786509429753,9270.728,12.434761
1335.980039838641,9285.451,12.450195
1335.9814287343067,9281.354,12.441036
1335.9828176299723,9286.993,12.453934
1335.9842065256378,9280.208,12.440499
1335.9855954213037,9293.268,12.448595
1335.9869843169693,9291.389,12.447158
1335.9883732126357,9285.86,12.456569
1335.9897621083012,9275.4375,12.442701
1335.9911510039663,9296.015,12.448684
1335.9925398996324,9276.438,12.436488
1335.9939287954146,9273.537,12.43922
1335.9953176910794,9286.568,12.454808
1335.9967065867456,9287.452,12.447113
1335.998095482412,9280.564,12.434892
1335.9994843779607,9274.649,12.453076
1336.0008732736262,9286.225,12.44444
1336.0022621692926,9277.566,12.437823
1336.0036510649577,9293.372,12.445154
1336.0050399606232,9273.558,12.438754
1336.0064288562896,9276.968,12.442842
1336.0078177519551,9271.821,12.43463
1336.0092066476209,9287.697,12.4430895
1336.0105955432866,9278.006,12.451088
1336.0119844389521,9279.58,12.43907
1336.0133733346177,9271.502,12.435625
1336.014762230167,9313.526,12.454657
1336.0161511258327,9282.187,12.438992
1336.0175400214991,9277.347,12.446178
1336.0189289171647,9273.251,12.437006
1336.0203178128302,9286.942,12.4545355
1336.0217067083802,9280.146,12.43918
1336.0230956040452,9287.641,12.447016
1336.0244844997108,9253.348,12.435536
1336.0258733952608,9281.459,12.43955
1336.0272622909263,9298.066,12.448519
1336.0286511865918,9269.501,12.44388
1336.0300400822578,9269.469,12.434549
1336.0314289778069,9277.586,12.451623
1336.0328178734724,9261.333,12.430042
1336.034206769138,9295.475,12.444873
1336.0355956646874,9288.584,12.446357
1336.0369845603536,9285.503,12.440903
1336.038373455903,9291.398,12.447054
1336.0397623515678,9288.377,12.4541025
1336.041151247234,9274.46,12.442835
1336.042540142784,9282.354,12.454827
1336.043929038449,9294.237,12.451058
1336.0453179339981,9279.282,12.435674
1336.0467068296646,9266.87,12.441265
1336.0480957252132,9280.745,12.436194
1336.0494846208787,9283.416,12.459424
1336.0508735164287,9297.032,12.451633
1336.0522624120943,9267.505,12.435862
1336.0536513076436,9297.784,12.450746
1336.0550402033093,9299.656,12.455045
1336.056429098859,9288.919,12.452805
1336.0578179945248,9275.029,12.437072
1336.0592068900733,9269.823,12.433995
1336.060595785623,9266.319,12.433416
1336.0619846812895,9285.491,12.446788
1336.063373576838,9274.101,12.437182
1336.0647624723872,9278.024,12.440586
1336.0661513680536,9298.312,12.44701
1336.0675402636023,9278.096,12.447225
1336.0689291591514,9268.362,12.429189
1336.0703180548178,9291.102,12.451169
1336.071706950367,9292.723,12.443713
1336.073095845916,9290.583,12.451165
1336.074484741582,9281.354,12.441027
1336.075873637131,9274.85,12.436881
1336.0772625326802,9277.921,12.4352455
1336.0786514282295,9291.682,12.444209
1336.0800403237788,9288.815,12.437109
1336.081429219445,9293.81,12.447541
1336.0828181149943,9301.45,12.453179
1336.0842070105427,9273.665,12.441756
1336.0855959060925,9295.137,12.449608
1336.086984801642,9291.272,12.443142
1336.0883736971905,9279.36,12.438946
1336.0897625928567,9289.681,12.449183
1336.0911514884067,9280.412,12.441649
1336.0925403839553,9278.515,12.440198
1336.0939292795044,9303.849,12.459021
1336.0953181750544,9286.928,12.446023
1336.0967070706035,9282.972,12.439062
1336.0980959661529,9287.73,12.447357
1336.0994848617022,9305.4795,12.449676
1336.100873757252,9294.096,12.436695
1336.1022626528013,9282.487,12.445309
1336.1036515483497,9296.302,12.448355
1336.1050404438995,9275.173,12.441029
1336.1064293394495,9277.187,12.440988
1336.1078182349981,9281.449,12.446447
1336.1092071305472,9296.502,12.451956
1336.1105960260973,9303.915,12.452567
1336.111984921646,9278.315,12.44675
1336.1133738170786,9289.549,12.443323
1336.1147627126286,9281.61,12.450461
1336.1161516081777,9263.874,12.431392
1336.1175405037268,9285.481,12.441305
1336.118929399276,9280.063,12.440424
1336.1203182948254,9292.198,12.438084
1336.1217071902581,9293.465,12.448439
1336.1230960858074,9270.107,12.4522085
1336.1244849813568,9270.721,12.431273
1336.1258738769066,9267.748,12.450916
1336.1272627724559,9270.302,12.439854
1336.1286516678879,9302.327,12.459817
1336.1300405634377,9283.323,12.444588
1336.131429458987,9284.174,12.442058
1336.132818354419,9289.716,12.436098
1336.134207249969,9303.708,12.446305
1336.135596145519,9291.985,12.447705
1336.1369850409517,9281.3,12.438044
1336.138373936501,9295.253,12.443365
1336.1397628320503,9285.907,12.450897
1336.141151727483,9277.741,12.43466
1336.1425406230321,9261.561,12.435442
1336.1439295184653,9293.51,12.448557
1336.145318414015,9291.671,12.446306
1336.1467073095644,9289.53,12.451121
1336.1480962049964,9282.243,12.441373
1336.1494851005461,9272.822,12.433143
1336.150873995979,9285.792,12.441201
1336.1522628915275,9266.295,12.430091
1336.153651786961,9298.471,12.44766
1336.155040682511,9279.036,12.437884
1336.1564295779433,9288.156,12.446219
1336.1578184734924,9285.592,12.446397
1336.159207368926,9282.676,12.434198
1336.160596264358,9290.075,12.441662
1336.1619851599073,9283.522,12.440598
1336.1633740553407,9298.926,12.445339
1336.16476295089,9298.764,12.460532
1336.1661518463227,9271.953,12.44678
1336.1675407417556,9281.599,12.448208
1336.168929637305,9280.048,12.430483
1336.1703185327383,9284.086,12.450787
1336.1717074281712,9280.825,12.439205
1336.1730963237196,9290.658,12.445488
1336.174485219153,9271.525,12.433547
1336.175874114586,9272.839,12.438847
1336.1772630101352,9284.544,12.436998
1336.1786519055688,9283.47,12.440164
1336.1800408010015,9277.272,12.453326
1336.1814296964342,9249.682,12.432355
1336.182818591867,9293.907,12.442094
1336.1842074874164,9275.316,12.436001
1336.185596382849,9281.39,12.437234
1336.1869852782818,9302.193,12.457908
1336.188374173715,9286.14,12.449602
1336.1897630691483,9299.862,12.447608
1336.1911519645812,9296.592,12.446065
1336.1925408601296,9285.616,12.4349985
1336.193929755563,9273.084,12.440083
1336.195318650996,9284.021,12.435817
1336.196707546428,9268.236,12.427894
1336.1980964418615,9267.082,12.426214
1336.199485337295,9292.187,12.440569
1336.2008742327273,9282.314,12.440247
1336.20226312816,9282.352,12.437365
1336.2036520235936,9284.315,12.438993
1336.2050409190256,9289.354,12.437962
1336.2064298144585,9294.811,12.445468
1336.2078187098919,9281.674,12.440238
1336.2092076053248,9278.57,12.437354
1336.2105965007574,9284.565,12.4432745
1336.2119853961904,9285.544,12.433858
1336.2133742916233,9279.485,12.429129
1336.2147631869395,9260.217,12.430343
1336.2161520823722,9267.192,12.43342
1336.2175409778058,9281.355,12.441636
1336.2189298732394,9271.377,12.442636
1336.2203187686714,9289.823,12.447616
1336.2217076641043,9279.632,12.434516
1336.223096559538,9266.492,12.4251175
1336.2244854548542,9290.814,12.451858
1336.2258743502869,9289.747,12.442994
1336.2272632457198,9303.305,12.449454
1336.2286521411527,9272.17,12.437141
1336.230041036469,9257.3545,12.429632
1336.2314299319016,9273.986,12.4423275
1336.2328188273345,9293.814,12.444432
1336.234207722768,9315.742,12.459762
1336.2355966180846,9273.885,12.43581
1336.2369855135166,9295.499,12.442294
1336.23837440895,9282.92,12.439616
1336.2397633042665,9269.447,12.430568
1336.2411521996985,9284.69,12.443892
1336.2425410950157,9269.456,12.432438
1336.2439299904493,9280.977,12.436249
1336.2453188858815,9279.402,12.431275
1336.2467077811978,9284.154,12.443742
1336.2480966766313,9278.313,12.436757
1336.249485571947,9292.636,12.441125
1336.2508744673798,9269.717,12.430181
1336.2522633626968,9273.666,12.437263
1336.2536522581302,9298.321,12.442313
1336.2550411534467,9282.532,12.43911
1336.2564300488787,9278.0,12.436299
1336.2578189441958,9282.193,12.4446125
1336.2592078396287,9281.051,12.442331
1336.2605967349443,9266.436,12.426598
1336.261985630378,9267.58,12.430054
1336.263374525695,9283.841,12.440928
1336.2647634210107,9283.316,12.438238
1336.2661523164436,9264.5625,12.433553
1336.2675412117608,9286.77,12.440498
1336.2689301071928,9299.83,12.460336
1336.2703190025093,9292.232,12.443957
1336.2717078978262,9304.458,12.451808
1336.2730967932591,9279.399,12.444179
1336.2744856885754,9299.997,12.446786
1336.2758745838917,9262.909,12.42991
1336.2772634792082,9295.534,12.449064
1336.2786523746415,9288.611,12.440406
1336.2800412699582,9279.743,12.4355755
1336.2814301652738,9300.986,12.446003
1336.2828190605908,9280.274,12.433594
1336.2842079560237,9292.036,12.448846
1336.2855968513393,9274.767,12.434468
1336.2869857466565,9270.826,12.427454
1336.2883746419736,9289.448,12.449944
1336.2897635372892,9273.944,12.436881
1336.2911524326057,9298.975,12.439178
1336.292541327923,9273.187,12.438984
1336.2939302233556,9267.596,12.44135
1336.2953191186718,9267.751,12.431564
1336.2967080139883,9287.209,12.438921
1336.2980969093053,9294.292,12.442673
1336.2994858046218,9292.773,12.444709
1336.3008746999374,9310.255,12.450558
1336.3022635952545,9286.17,12.442091
1336.303652490571,9270.338,12.428291
1336.3050413858866,9285.4375,12.445872
1336.3064302812038,9292.539,12.453584
1336.307819176521,9271.164,12.438771
1336.3092080718366,9278.213,12.442717
1336.310596967153,9267.299,12.430983
1336.3119858624702,9281.783,12.442462
1336.3133747576694,9287.962,12.440893
1336.314763652986,9285.826,12.437842
1336.3161525483029,9272.66,12.431063
1336.3175414436193,9278.569,12.432459
1336.3189303389356,9283.392,12.431696
1336.3203192342519,9285.346,12.444846
1336.3217081295684,9261.429,12.429016
1336.3230970247685,9287.184,12.440524
1336.3244859200847,9292.823,12.445194
1336.3258748154012,9286.2295,12.432813
1336.3272637107182,9279.055,12.434458
1336.3286526059183,9291.839,12.442046
1336.3300415012338,9306.611,12.453275
1336.331430396551,9269.484,12.4295
1336.3328192918682,9265.84,12.437436
1336.334208187068,9283.075,12.435646
1336.3355970823845,9271.726,12.439279
1336.336985977701,9282.191,12.442484
1336.3383748729009,9285.914,12.444943
1336.3397637682172,9278.298,12.443127
1336.3411526635336,9296.869,12.442253
1336.3425415587342,9268.948,12.431194
1336.3439304540507,9266.658,12.4301405
1336.3453193492498,9276.385,12.437716
1336.346708244567,9281.802,12.443546
1336.348097139767,9296.493,12.441723
1336.3494860350827,9263.475,12.427527
1336.3508749302835,9289.972,12.446261
1336.3522638256006,9283.196,12.440409
1336.3536527207998,9285.678,12.441398
1336.3550416161163,9298.887,12.44508
1336.3564305113168,9306.575,12.449578
1336.3578194066324,9286.286,12.436302
1336.3592083018327,9285.511,12.448182
1336.3605971971497,9298.061,12.448147
1336.3619860923498,9284.086,12.431449
1336.363374987666,9260.02,12.425018
1336.3647638828659,9284.416,12.43975
1336.366152778066,9277.207,12.435646
1336.3675416733824,9279.994,12.439153
1336.3689305685823,9283.413,12.440981
1336.3703194637822,9300.44,12.455377
1336.3717083590993,9280.474,12.43262
1336.3730972542994,9290.662,12.448988
1336.3744861494995,9273.161,12.431647
1336.3758750447,9275.196,12.438088
1336.3772639400165,9293.26,12.446553
1336.3786528352164,9293.533,12.444739
1336.3800417304162,9300.813,12.449847
1336.3814306256165,9269.669,12.43328
1336.3828195209328,9274.364,12.4386835
1336.3842084161327,9258.522,12.434555
1336.3855973113327,9276.67,12.432653
1336.3869862065333,9296.143,12.4469
1336.3883751017333,9288.489,12.442679
1336.3897639969325,9278.604,12.425288
1336.3911528921333,9288.403,12.442086
1336.3925417873334,9272.657,12.430602
1336.393930682649,9285.88,12.442461
1336.3953195778497,9276.942,12.43976
1336.3967084730505,9290.636,12.447228
1336.3980973682496,9298.631,12.446891
1336.3994862634497,9283.984,12.438936
1336.4008751586503,9296.062,12.448335
1336.4022640538494,9289.984,12.442425
1336.4036529490497,9269.712,12.430746
1336.4050418442503,9238.101,12.42451
1336.4064307394503,9297.773,12.444931
1336.4078196346502,9286.516,12.438483
1336.4092085297336,9269.333,12.431255
1336.4105974249337,9286.407,12.429047
1336.4119863201338,9278.8545,12.443635
1336.4133752153336,9313.886,12.456272
1336.4147641105344,9274.717,12.43045
1336.4161530057352,9301.271,12.469633
1336.4175419009343,9260.725,12.425098
1336.418930796018,9281.549,12.438068
1336.4203196912185,9282.393,12.431603
1336.4217085864177,9264.505,12.42445
1336.4230974816178,9272.684,12.443878
1336.4244863768183,9281.282,12.445198
1336.4258752720186,9279.236,12.433159
1336.427264167102,9297.979,12.457479
1336.428653062302,9284.28,12.441214
1336.430041957502,9275.069,12.433775
1336.4314308525861,9285.668,12.436077
1336.4328197477862,9274.539,12.431478
1336.4342086429854,9281.215,12.439209
1336.4355975380697,9271.296,12.43438
1336.4369864332698,9283.907,12.444161
1336.438375328469,9288.878,12.436439
1336.4397642235533,9303.591,12.45189
1336.441153118754,9287.113,12.440101
1336.4425420138368,9283.241,12.440642
1336.443930909037,9297.877,12.444049
1336.445319804121,9284.914,12.4440565
1336.4467086993202,9259.99,12.431533
1336.448097594404,9280.465,12.440498
1336.4494864896046,9272.832,12.440453
1336.4508753846887,9272.086,12.437243
1336.4522642798888,9284.385,12.436525
1336.4536531749716,9304.353,12.451326
1336.4550420701723,9283.072,12.44029
1336.4564309652558,9285.008,12.449591
1336.4578198604552,9302.255,12.445636
1336.4592087555395,9289.779,12.440688
1336.4605976506239,9280.043,12.433662
1336.461986545823,9273.753,12.434361
1336.4633754409067,9289.202,12.439377
1336.4647643359908,9308.007,12.450436
1336.46615323119,9267.485,12.434802
1336.4675421262737,9282.921,12.453272
1336.4689310213578,9275.359,12.430892
1336.470319916558,9271.562,12.433171
1336.4717088116415,9266.327,12.431384
1336.473097706725,9267.245,12.428487
1336.4744866018086,9271.168,12.433759
1336.4758754970092,9308.943,12.459287
1336.4772643920928,9306.5,12.460806
1336.4786532871756,9281.758,12.433482
1336.48004218226,9299.273,12.445376
1336.4814310773434,9274.176,12.433499
1336.4828199724263,9274.355,12.433047
1336.484208867627,9287.69,12.456425
1336.4855977627114,9293.448,12.446142
1336.4869866577942,9305.603,12.453864
1336.4883755528779,9280.77,12.433247
1336.489764447962,9268.61,12.439938
1336.4911533430457,9264.943,12.442139
1336.492542238129,9284.211,12.437895
1336.4939311332125,9298.585,12.455878
1336.4953200282969,9303.575,12.445684
1336.4967089233805,9274.244,12.437016
1336.4980978184633,9286.113,12.44255
1336.4994867135476,9282.952,12.435192
1336.500875608631,9278.596,12.438979
1336.502264503714,9285.123,12.440325
1336.5036533987984,9271.753,12.440175
1336.5050422938828,9265.129,12.4362755
1336.5064311889655,9271.111,12.443564
1336.5078200840492,9274.248,12.430328
1336.5092089790169,9279.322,12.447465
1336.5105978740996,9266.252,12.426896
1336.5119867691833,9281.898,12.43884
1336.5133756642674,9290.273,12.442327
1336.514764559351,9270.433,12.433521
1336.5161534543183,9284.479,12.434706
1336.5175423494018,9262.04,12.427915
1336.5189312444854,9272.476,12.4443865
1336.5203201395695,9300.591,12.448937
1336.5217090346532,9291.589,12.458374
1336.5230979296196,9277.358,12.434665
1336.524486824704,9296.863,12.442944
1336.5258757197873,9290.74,12.444071
1336.527264614754,9301.247,12.448661
1336.5286535098383,9285.794,12.448075
1336.5300424049226,9292.816,12.449127
1336.5314312998896,9294.541,12.451223
1336.532820194973,9275.734,12.435383
1336.5342090899403,9284.002,12.453104
1336.535597985024,9284.758,12.439395
1336.5369868801074,9286.8125,12.444699
1336.5383757750744,9283.983,12.451994
1336.5397646701588,9281.444,12.438184
1336.541153565126,9291.581,12.44156
1336.5425424602088,9301.966,12.446816
1336.5439313551767,9276.934,12.429494
1336.5453202502601,9286.311,12.440649
1336.5467091452267,9279.965,12.440449
1336.548098040311,9268.055,12.4320135
1336.549486935279,9285.495,12.43789
1336.5508758302453,9299.669,12.444487
1336.552264725329,9276.842,12.437344
1336.5536536202967,9278.863,12.437475
1336.5550425153795,9274.57,12.440067
1336.5564314103467,9290.311,12.439231
1336.5578203053144,9270.797,12.447004
1336.559209200398,9262.485,12.430471
1336.5605980953653,9270.328,12.436197
1336.5619869903323,9273.904,12.432937
1336.5633758852996,9283.583,12.437599
1336.5647647803837,9288.935,12.440486
1336.566153675351,9275.261,12.429343
1336.5675425703173,9265.755,12.435072
1336.5689314652852,9272.117,12.441083
1336.5703203603687,9277.536,12.428916
1336.5717092553361,9298.636,12.445383
1336.5730981503038,9290.424,12.4401455
1336.574487045271,9285.771,12.440608
1336.5758759402381,9276.598,12.4334955
1336.5772648352051,9304.584,12.450787
1336.5786537302888,9277.267,12.430497
1336.580042625256,9280.09,12.437705
1336.581431520223,9283.239,12.444194
1336.58282041519,9321.429,12.449543
1336.584209310158,9285.283,12.450569
1336.5855982051253,9289.508,12.448431
1336.5869871000916,9275.818,12.436917
1336.5883759950596,9272.574,12.426229
1336.5897648900266,9274.9375,12.435365
1336.5911537849931,9317.162,12.450164
1336.592542679961,9263.142,12.433936
1336.5939315749288,9306.353,12.448949
1336.5953204698951,9273.943,12.451214
1336.5967093648626,9308.021,12.447654
1336.5980982598303,9280.777,12.431969
1336.5994871546802,9294.682,12.446239
1336.6008760496475,9276.81,12.440502
1336.6022649446152,9284.34,12.442762
1336.6036538395824,9266.959,12.437498
1336.6050427345497,9278.551,12.440368
1336.6064316295167,9275.342,12.440803
1336.6078205243675,9274.26,12.433406
1336.6092094193352,9308.699,12.453951
1336.6105983143025,9292.323,12.436816
1336.6119872092697,9280.976,12.438044
1336.613376104121,9281.74,12.441092
1336.6147649990874,9299.487,12.445717
1336.6161538940546,9289.847,12.445962
1336.6175427890223,9290.232,12.438505
1336.6189316838734,9286.017,12.439906
1336.6203205788404,9283.107,12.451669
1336.6217094738074,9284.994,12.438303
1336.6230983686582,9245.793,12.4355345
1336.6244872636255,9272.98,12.435709
1336.625876158476,9266.252,12.443945
1336.6272650534431,9280.868,12.443677
1336.6286539482946,9286.286,12.443278
1336.630042843262,9298.408,12.447991
1336.6314317382282,9254.882,12.420768
1336.6328206330797,9290.568,12.443517
1336.6342095280468,9278.949,12.436144
1336.635598422897,9291.361,12.436418
1336.6369873178649,9270.204,12.437334
1336.6383762127161,9289.65,12.4437685
1336.639765107566,9299.252,12.451002
1336.6411540025335,9272.047,12.439566
1336.6425428973848,9281.755,12.441251
1336.6439317923512,9285.084,12.44026
1336.645320687202,9264.735,12.429127
1336.6467095820533,9288.179,12.440577
1336.6480984770212,9281.475,12.439292
1336.6494873718718,9291.463,12.438346
1336.650876266722,9303.411,12.446587
1336.65226516169,9282.619,12.448086
1336.6536540565414,9272.406,12.43519
1336.6550429513914,9277.441,12.42785
1336.6564318463586,9274.951,12.436898
1336.65782074121,9285.013,12.436915
1336.6592096360598,9301.438,12.446049
1336.6605985309106,9268.357,12.433191
1336.661987425762,9281.996,12.434361
1336.6633763207294,9286.504,12.441631
1336.66476521558,9281.793,12.43752
1336.6661541104306,9267.485,12.438772
1336.6675430052815,9270.174,12.430299
1336.670320794983,9275.794,12.432599
1336.6717096898335,9273.471,12.434646
1336.673098584685,9304.69,12.452017
1336.6744874795359,9302.568,12.456563
1336.6758763745022,9272.446,12.433803
1336.6772652693537,9286.483,12.440316
1336.6786541642043,9291.747,12.444836
1336.6800430590545,9286.36,12.441414
1336.681431953906,9256.307,12.424651
1336.6828208487573,9279.028,12.442098
1336.6842097434908,9301.808,12.440735
1336.6855986383418,9290.433,12.454527
1336.6869875331931,9299.775,12.444316
1336.688376428044,9285.408,12.446167
1336.6897653228946,9282.296,12.442533
1336.6911542177452,9287.622,12.442029
1336.6925431125967,9247.534,12.420436
1336.6939320074473,9266.221,12.445684
1336.695320902181,9262.145,12.430002
1336.698098691884,9293.717,12.443264
1336.699487586734,9296.417,12.444817
1336.7008764815848,9288.019,12.437823
1336.7022653763197,9285.085,12.443365
1336.7036542711696,9286.359,12.443806
1336.7050431660205,9281.099,12.43766
1336.7064320607553,9286.104,12.44535
1336.7078209556064,9300.199,12.44715
1336.709209850457,9270.142,12.43255
1336.7105987451912,9285.123,12.43405
1336.711987640042,9288.303,12.44114
1336.7133765348929,9281.264,12.439394
1336.714765429627,9285.846,12.437768
1336.7161543244777,9280.146,12.430792
1336.7175432192128,9262.183,12.440771
1336.7189321140634,9305.636,12.458089
1336.7203210089135,9270.302,12.42667
1336.7217099036486,9299.659,12.445046
1336.7230987984992,9288.089,12.442617
1336.724487693233,9299.784,12.456763
1336.7258765880845,9266.897,12.435427
1336.7272654828193,9275.413,12.433051
1336.7286543775538,9295.129,12.44741
1336.7314321671386,9293.862,12.456449
1336.73282106199,9289.034,12.439224
1336.7342099567245,9279.326,12.438213
1336.735598851458,9274.165,12.435517
1336.7369877463095,9302.123,12.443093
1336.7383766410437,9279.366,12.438517
1336.7397655357775,9275.233,12.435084
1336.741154430629,9267.033,12.429785
1336.742543325364,9267.539,12.4319515
1336.7439322200976,9284.119,12.437656
1336.7453211149484,9289.957,12.446469
1336.7467100096833,9287.271,12.444806
1336.7480989044168,9270.375,12.43522
1336.7494877991512,9290.5625,12.43788
1336.750876693886,9268.179,12.438779
1336.752265588737,9268.137,12.4317875
1336.7536544834713,9295.817,12.442305
1336.7550433782055,9276.837,12.441906
1336.75643227294,9280.55,12.440272
1336.7578211676744,9282.669,12.435868
1336.7592100624086,9293.334,12.449017
1336.7605989571427,9267.372,12.440903
1336.7619878518778,9291.722,12.437703
1336.763376746612,9278.685,12.4320755
1336.7647656413458,9292.967,12.442601
1336.7661545360809,9268.4795,12.44462
1336.767543430815,9275.811,12.43638
1336.7689323255495,9284.831,12.442204
1336.7703212202844,9296.702,12.448624
1336.7717101150188,9294.243,12.446736
1336.7730990097532,9289.694,12.443103
1336.7744879044874,9266.945,12.44418
1336.7758767992216,9297.089,12.446413
1336.7772656939567,9267.221,12.434777
1336.778654588691,9289.039,12.448561
1336.7800434834246,9293.393,12.449275
1336.7814323781597,9274.926,12.43658
1336.7828212727775,9268.237,12.436873
1336.7842101675112,9275.177,12.437801
1336.7855990622463,9273.937,12.433051
1336.7869879569814,9272.875,12.432795
1336.788376851715,9298.047,12.449834
1336.789765746333,9278.507,12.449994
1336.7911546410678,9277.617,12.4355955
1336.7925435358013,9268.57,12.435876
1336.7939324304193,9266.844,12.446008
1336.7953213251542,9261.651,12.43007
1336.7967102198886,9289.144,12.443401
1336.7980991145066,9279.636,12.435796
1336.7994880092408,9290.9375,12.446954
1336.8008769039752,9299.926,12.443654
1336.8022657985932,9281.562,12.440466
1336.8036546933274,9296.342,12.449842
1336.8050435879452,9294.957,12.458257
1336.8064324826803,9269.835,12.432129
1336.8078213774145,9281.356,12.445331
1336.8092102720327,9281.284,12.439219
1336.8105991667676,9264.672,12.429362
1336.8119880613856,9270.073,12.432697
1336.8133769560034,9269.472,12.438405
1336.8147658507376,9292.334,12.439636
1336.8161547453556,9275.13,12.435364
1336.81754364009,9288.098,12.4401655
1336.8189325347078,9288.246,12.444724
1336.820321429442,9267.107,12.426977
1336.8217103240606,9293.74,12.45383
1336.8230992186786,9297.1,12.443861
1336.8244881134121,9279.298,12.437078
1336.8258770080308,9287.014,12.442108
1336.8272659026486,9308.728,12.449998
1336.8286547973823,9271.059,12.434907
1336.830043692001,9274.191,12.4361105
1336.8314325866195,9271.637,12.433838
1336.8328214812366,9304.258,12.455472
1336.8342103759712,9295.913,12.441409
1336.8355992705897,9294.9,12.440662
1336.8369881652068,9292.503,12.435269
1336.8383770598248,9281.694,12.439266
1336.8397659544432,9274.954,12.439377
1336.8411548490612,9284.988,12.439701
1336.8425437437957,9271.979,12.438551
1336.8439326384134,9293.356,12.447186
1336.8453215330321,9270.368,12.443203
1336.8467104276508,9269.359,12.439493
1336.848099322268,9272.96,12.440675
1336.849488216886,9274.851,12.434654
1336.8508771115044,9291.36,12.442493
1336.8522660061215,9281.755,12.435716
1336.8536549007395,9293.426,12.441728
1336.855043795358,9284.225,12.440421
1336.8564326899761,9287.183,12.450856
1336.857821584594,9268.302,12.441442
1336.8592104792117,9289.587,12.445169
1336.8605993738297,9282.006,12.442199
1336.8619882684477,9281.604,12.443409
1336.8633771630655,9272.914,12.440725
1336.8647660575668,9294.464,12.444839
1336.8661549521855,9293.63,12.44924
1336.8675438468035,9311.227,12.457158
1336.8689327414206,9264.841,12.42924
1336.8703216360393,9273.37,12.437961
1336.871710530657,9280.702,12.434336
1336.873099425158,9285.753,12.435118
1336.8744883197767,9263.628,12.443743
1336.8758772143951,9271.444,12.426036
1336.8772661088958,9289.058,12.442523
1336.878655003514,9280.1045,12.4414215
1336.8800438981325,9281.043,12.453932
1336.8814327927496,9292.082,12.449416
1336.8828216872512,9299.599,12.446204
1336.8842105818696,9284.313,12.443342
1336.885599476372,9292.154,12.438773
1336.8869883709897,9257.25,12.444908
1336.888377265607,9300.558,12.460671
1336.8897661601093,9306.376,12.443765
1336.891155054728,9288.859,12.438392
1336.8925439492286,9281.996,12.442268
1336.8939328438466,9292.453,12.441432
1336.8953217383487,9287.48,12.443369
1336.8967106329658,9281.192,12.450208
1336.8980995274674,9273.91,12.436691
1336.8994884220858,9276.578,12.441638
1336.9008773165876,9269.504,12.435347
1336.9022662112054,9292.013,12.444552
1336.9036551057068,9274.175,12.435706
1336.9050440002084,9276.061,12.44024
1336.9064328948264,9298.073,12.443276
1336.9078217893277,9288.346,12.450724
1336.909210683829,9299.069,12.445119
1336.9105995784478,9284.567,12.439242
1336.9119884729494,9286.691,12.438042
1336.91337736745,9286.809,12.438376
1336.9147662620687,9276.449,12.434454
1336.91615515657,9279.483,12.441217
1336.917544051071,9287.285,12.43878
1336.9189329455733,9282.347,12.43068
1336.9203218401917,9293.404,12.446154
1336.9217107346924,9300.055,12.450234
1336.9230996291942,9289.353,12.444444
1336.9244885236963,9282.099,12.441727
1336.9258774181983,9270.982,12.43744
1336.9272663126999,9271.392,12.440575
1336.9286552072006,9284.986,12.448892
1336.9300441017028,9295.855,12.4449415
1336.9314329963206,9255.872,12.426194
1336.9328218908215,9288.838,12.445095
1336.9342107853238,9295.59,12.448632
1336.935599679826,9292.473,12.445298
1336.9369885743267,9285.748,12.446092
1336.9383774688283,9277.153,12.432787
1336.9397663633304,9297.093,12.444628
1336.941155257831,9262.949,12.428944
1336.9425441523326,9276.948,12.438203
1336.9439330467183,9300.319,12.442018
1336.94532194122,9292.761,12.4474125
1336.9467108357214,9274.837,12.442538
1336.9480997302228,9270.293,12.432329
1336.9494886247244,9265.59,12.433468
1336.950877519226,9303.964,12.449403
1336.9522664137273,9274.828,12.439131
1336.9536553081123,9284.778,12.435012
1336.9550442026145,9276.761,12.438823
1336.956433097116,9287.231,12.446855
1336.9578219916168,9283.905,12.442181
1336.9592108860027,9263.808,12.435035
1336.960599780505,9267.277,12.438773
1336.9619886750056,9267.357,12.442512
1336.9633775695072,9270.988,12.430373
1336.9647664638928,9283.108,12.439472
1336.9661553583944,9301.871,12.450015
1336.9675442527794,9274.771,12.438873
1336.9689331472807,9281.566,12.440201
1336.970322041783,9297.472,12.443375
1336.9717109361682,9260.95,12.428307
1336.9730998306688,9289.945,12.441858
1336.9744887250547,9280.123,12.4588
1336.975877619556,9279.9,12.437443
1336.9772665139405,9286.104,12.443665
1336.9786554084428,9281.782,12.429384
1336.9800443028287,9270.298,12.4322405
1336.9814331973294,9279.725,12.4386635
1336.9828220917145,9306.3,12.443495
1336.9842109862166,9268.628,12.424592
1336.9855998806008,9266.999,12.43615
1336.9869887751024,9296.413,12.444245
1336.988377669488,9284.108,12.4380455
1336.9897665638732,9280.877,12.44101
1336.9911554583748,9270.507,12.440417
1336.9925443527598,9283.524,12.436881
1336.993933247145,9296.307,12.443588
1336.995322141647,9267.402,12.429794
1336.9967110360321,9291.466,12.442348
1336.9980999304164,9285.263,12.440948
1336.9994888248023,9271.331,12.437312
1337.0008777193036,9286.733,12.444035
1337.002266613688,9293.619,12.443052
1337.003655508074,9278.498,12.442943
1337.0050444024598,9272.414,12.43218
1337.0064332968448,9274.142,12.436324
1337.0078221912297,9283.047,12.443669
1337.0092110856149,9272.642,12.434323
1337.0105999801165,9295.066,12.442951
1337.0119888745014,9304.145,12.443146
1337.0133777688864,9283.552,12.4453125
1337.0147666632722,9308.297,12.450023
1337.0161555576574,9281.477,12.433045
1337.0175444520416,9281.605,12.433724
1337.0189333464275,9289.394,12.44715
1337.0203222408124,9282.339,12.437916
1337.021711135197,9251.971,12.425703
1337.0231000295828,9286.469,12.439873
1337.0244889239686,9272.486,12.434177
1337.025877818353,9295.58,12.451515
1337.0272667126217,9279.578,12.440331
1337.0286556070073,9279.606,12.438361
1337.0300445013925,9281.964,12.43534
1337.0314333957774,9302.353,12.450212
1337.0328222901624,9295.253,12.444335
1337.0342111845475,9295.448,12.447708
1337.0356000788163,9301.892,12.448191
1337.0369889732012,9289.784,12.447362
1337.0383778675864,9277.567,12.437339
1337.039766761972,9268.295,12.434706
1337.0411556562408,9292.028,12.443129
1337.042544550626,9286.426,12.442447
1337.0439334450116,9294.637,12.446241
1337.0453223393959,9270.699,12.43497
1337.0467112336648,9287.7705,12.445258
1337.0481001280505,9273.312,12.428843
1337.0494890223192,9296.624,12.430413
1337.0508779167042,9294.009,12.445898
1337.052266811089,9270.968,12.435813
1337.0536557053579,9275.311,12.431699
1337.055044599743,9270.774,12.433958
1337.0564334940116,9278.219,12.442795
1337.0578223883965,9278.253,12.442906
1337.059211282666,9279.544,12.445146
1337.0606001770511,9280.737,12.434793
1337.061989071319,9264.214,12.431053
1337.0633779657048,9281.146,12.44249
1337.0647668599743,9284.849,12.441749
1337.0661557543585,9274.036,12.435421
1337.0675446486273,9273.317,12.448627
1337.0689335428965,9266.13,12.43412
1337.0703224372808,9293.621,12.447551
1337.0717113315497,9288.198,12.43921
1337.073100225819,9282.997,12.44841
1337.0744891202041,9291.2,12.451198
1337.0758780144727,9259.347,12.433293
1337.0772669087412,9257.771,12.427781
1337.07865580301,9296.293,12.462908
1337.0800446973951,9261.577,12.429694
1337.0814335916637,9280.037,12.443084
1337.082822485933,9278.734,12.442918
1337.0842113802025,9281.899,12.433253
1337.0856002744704,9298.279,12.44839
1337.0869891688556,9259.225,12.427701
1337.0883780631248,9271.193,12.436581
1337.0897669573926,9257.356,12.4262295
1337.0911558516614,9300.901,12.447268
1337.0925447459306,9269.977,12.43276
1337.0939336401996,9277.781,12.431161
1337.095322534468,9280.118,12.440088
1337.0967114287366,9273.974,12.437308
1337.0981003230054,9309.994,12.456239
1337.0994892172746,9280.028,12.4419565
1337.1008781115434,9288.214,12.435761
1337.1022670058112,9278.74,12.437517
1337.1036559000806,9282.678,12.442371
1337.1050447943494,9266.601,12.423929
1337.1064336886172,9261.801,12.426836
1337.1078225828867,9301.666,12.442135
1337.1092114770397,9263.191,12.432947
1337.1106003713076,9280.244,12.442762
1337.1119892655763,9282.65,12.434042
1337.1133781598455,9283.265,12.440034
1337.1147670541134,9275.399,12.448176
1337.1161559483824,9291.228,12.43685
1337.1175448425352,9279.919,12.437568
1337.118933736804,9290.264,12.44037
1337.1203226310724,9294.098,12.441812
1337.1217115252246,9283.134,12.44599
1337.123100419494,9279.226,12.442222
1337.1244893137634,9279.228,12.435116
1337.1258782079149,9287.989,12.443121
1337.1272671021836,9298.097,12.446868
1337.128655996453,9259.792,12.42715
1337.1300448906045,9285.96,12.437625
1337.1314337848733,9281.451,12.436917
1337.132822679026,9302.548,12.452521
1337.1342115732948,9264.263,12.436479
1337.1356004675633,9269.553,12.436071
1337.1369893617155,9268.456,12.435655
1337.1383782559844,9266.917,12.432439
1337.1397671501365,9275.896,12.433351
1337.1411560442887,9293.842,12.451523
1337.1425449385574,9285.995,12.437406
1337.1439338327102,9281.3955,12.42951
1337.145322726979,9303.703,12.455579
1337.1467116211304,9292.559,12.443321
1337.1481005152834,9288.516,12.437112
1337.1494894095522,9279.031,12.440346
1337.1508783037036,9280.255,12.43364
1337.1522671978566,9289.87,12.446835
1337.153656092126,9266.53,12.4234915
1337.1550449862775,9287.779,12.440012
1337.1564338804299,9284.523,12.440492
1337.1578227745827,9288.343,12.444721
1337.1592116688514,9299.741,12.439899
1337.1606005630035,9299.211,12.444884
1337.1619894571559,9299.365,12.43709
1337.1633783513087,9266.206,12.4309435
1337.164767245461,9284.291,12.446546
1337.1661561397289,9281.602,12.435944
1337.1675450338819,9305.662,12.452138
1337.168933928035,9274.656,12.437599
1337.1703228221863,9294.883,12.438885
1337.1717117163387,9278.414,12.437723
1337.1731006104917,9278.001,12.442287
1337.1744895046431,9283.463,12.439551
1337.1758783987955,9283.049,12.442368
1337.1772672929483,9280.421,12.437917
1337.1786561871006,9265.523,12.43348
1337.1800450812527,9279.413,12.444654
1337.1814339754048,9287.788,12.439336
1337.1828228695574,9280.747,12.445197
1337.1842117637095,9271.809,12.429654
1337.1856006577452,9278.069,12.422046
1337.1869895518976,9285.053,12.440135
1337.1883784460504,9276.842,12.444083
1337.1897673402027,9292.014,12.441701
1337.1911562343541,9282.875,12.438883
1337.1925451285072,9280.724,12.436055
1337.1939340225438,9263.53,12.43616
1337.1953229166954,9282.213,12.43701
1337.1967118108475,9296.437,12.445664
1337.1981007050006,9270.029,12.432105
1337.1994895990363,9277.917,12.433106
1337.2008784931884,9281.547,12.43731
1337.2022673873407,9289.485,12.444731
1337.203656281377,9277.107,12.440181
1337.2050451755294,9285.496,12.445555
1337.2064340695645,9293.891,12.445623
1337.2078229637175,9282.135,12.437754
1337.2092118578698,9310.618,12.452554
1337.2106007519048,9285.72,12.445472
1337.2119896460579,9292.953,12.441869
1337.2133785400945,9280.203,12.439125
1337.214767434246,9283.511,12.433269
1337.2161563282818,9281.839,12.437699
1337.2175452224349,9282.207,12.441271
1337.2189341164699,9284.7705,12.445127
1337.2203230106222,9278.132,12.440384
1337.2217119046586,9291.098,12.447538
1337.2231007986945,9277.622,12.435884
1337.2244896928466,9274.539,12.434136
1337.2258785868823,9295.744,12.445247
1337.2272674809183,9292.577,12.450204
1337.228656375071,9276.004,12.439098
1337.2300452691072,9292.46,12.439516
1337.2314341631422,9282.814,12.433858
1337.2328230571786,9280.536,12.440364
1337.234211951331,9285.254,12.443671
1337.235600845366,9279.417,12.445831
1337.2369897394026,9301.507,12.46055
1337.2383786334392,9283.508,12.442412
1337.239767527475,9280.36,12.449095
1337.2411564216272,9257.431,12.438085
1337.2425453156632,9254.408,12.428032
1337.2439342096989,9301.018,12.458276
1337.2453231037346,9283.207,12.439179
1337.2467119977705,9280.05,12.431083
1337.2481008918069,9302.206,12.450656
1337.2494897858428,9261.813,12.429943
1337.2508786798778,9290.116,12.441035
1337.2522675739144,9289.121,12.437302
1337.253656467951,9266.458,12.431154
1337.2550453619863,9280.538,12.435823
1337.256434256022,9274.178,12.434232
1337.2578231500586,9278.06,12.437701
1337.2592120440936,9288.021,12.444204
1337.2606009381295,9298.13,12.439362
1337.2619898321661,9286.09,12.437027
1337.2633787260854,9307.69,12.446273
1337.2647676201211,9268.729,12.437568
1337.266156514157,9292.901,12.439625
1337.267545408193,9282.977,12.437232
1337.2689343022287,9276.012,12.43162
1337.270323196148,9304.964,12.455445
1337.2717120901839,9280.458,12.436953
1337.2731009842203,9291.671,12.434627
1337.2744898782564,9290.494,12.446184
1337.275878772175,9273.173,12.428179
1337.2772676662114,9264.794,12.4237385
1337.2786565602473,9287.38,12.447065
1337.2800454541668,9285.031,12.436805
1337.2814343482032,9289.215,12.443962
1337.2828232421227,9299.802,12.458705
1337.2842121361584,9302.671,12.453556
1337.285601030078,9267.843,12.431116
1337.2869899241139,9290.075,12.445346
1337.2883788181502,9280.073,12.44095
1337.2897677120698,9281.31,12.441962
1337.2911566059884,9283.939,12.438502
1337.2925455000247,9271.322,12.443301
1337.2939343939443,9294.015,12.449153
1337.2953232879793,9281.156,12.441694
1337.2967121818995,9271.701,12.430946
1337.298101075936,9284.126,12.436005
1337.299489969855,9266.632,12.441532
1337.3008788637742,9274.911,12.434172
1337.3022677578108,9285.429,12.44826
1337.3036566517294,9299.709,12.444654
1337.305045545649,9279.002,12.445269
1337.3064344395689,9268.457,12.431554
1337.3078233336048,9280.301,12.440112
1337.309212227524,9273.25,12.431073
1337.3106011214436,9276.812,12.440767
1337.311990015363,9270.342,12.422932
1337.3133789093995,9282.309,12.437977
1337.314767803319,9273.769,12.431161
1337.3161566972376,9291.432,12.442971
1337.3175455911576,9290.268,12.440168
1337.3189344850773,9284.302,12.447317
1337.3203233789966,9259.431,12.4257145
1337.3217122729168,9259.602,12.439064
1337.323101166836,9270.41,12.441453
1337.3244900607554,9246.828,12.420787
1337.3258789546749,9228.859,12.415184
1337.3272678485944,9228.489,12.411662
1337.3286567425137,9230.393,12.424747
1337.330045636433,9249.364,12.415983
1337.3314345303527,9231.317,12.413133
1337.3328234242726,9230.813,12.409881
1337.3342123181922,9225.439,12.415225
1337.3356012121108,9222.522,12.410173
1337.3369901060307,9224.892,12.408509
1337.3383789998338,9232.019,12.409314
1337.3411567876726,9223.897,12.410556
1337.3425456815928,9216.288,12.400728
1337.3439345755116,9203.362,12.394485
1337.3453234693145,9201.521,12.397289
1337.3467123632347,9220.247,12.407286
1337.348101257154,9233.994,12.416152
1337.3494901509569,9223.172,12.40812
1337.3508790448764,9198.245,12.391662
1337.3550457265183,9199.565,12.394011
1337.3564346203214,9216.064,12.403293
1337.3578235142413,9219.246,12.412556
1337.3592124081608,9239.192,12.414583
1337.3606013019637,9219.457,12.417
1337.361990195884,9220.296,12.409703
1337.363379089686,9207.599,12.3983555
1337.3647679836056,9219.615,12.415121
1337.3661568774094,9205.475,12.404924
1337.3689346651315,9211.277,12.403781
1337.3703235589346,9244.439,12.430117
1337.3717124528541,9204.904,12.395058
1337.373101346658,9200.9795,12.407218
1337.3744902404608,9229.01,12.409636
1337.3758791343796,9205.123,12.396975
1337.3772680281832,9233.149,12.407211
1337.3786569219862,9210.053,12.404519
1337.3800458157884,9211.679,12.400156
1337.3814347097084,9225.368,12.403896
1337.3828236035122,9234.107,12.417561
1337.3842124973146,9215.635,12.411555
1337.3856013911175,9233.156,12.411937
1337.3869902849212,9202.924,12.3998575
1337.38837917884,9214.283,12.414876
1337.389768072643,9224.989,12.412929
1337.3911569664467,9203.112,12.393556
1337.3939347540525,9198.65,12.391978
1337.3953236478555,9219.295,12.409927
1337.3967125416586,9202.68,12.396537
1337.3981014354615,9219.545,12.401621
1337.3994903292646,9220.496,12.414791
1337.4008792230682,9209.617,12.411915
1337.402268116872,9227.536,12.403934
1337.4036570106744,9228.911,12.414128
1337.4050459044772,9218.459,12.400277
1337.406434798281,9221.85,12.405277
1337.4078236920839,9218.398,12.413885
1337.4092125857705,9226.24,12.408354
1337.4106014795736,9212.706,12.40897
1337.4119903733765,9206.586,12.399903
1337.4133792671794,9220.027,12.406578
1337.4147681609825,9211.092,12.416884
1337.4161570546692,9208.22,12.399527
1337.4175459484727,9212.176,12.400299
1337.4189348422758,9232.709,12.417147
1337.4203237360782,9233.394,12.415607
1337.4217126297654,9217.9795,12.405266
1337.4231015235684,9214.646,12.406234
1337.4244904172542,9206.597,12.407813
1337.4258793110578,9198.48,12.406548
1337.4272682048615,9218.049,12.404535
1337.4300459923504,9229.059,12.41527
1337.4314348860378,9228.573,12.41407
1337.4328237798406,9220.479,12.413258
1337.4342126735273,9209.883,12.396718
1337.4369904610176,9215.761,12.407448
1337.4383793548207,9220.106,12.412228
1337.4397682485064,9237.861,12.417031
1337.44115714231,9231.579,12.414805
1337.4425460359973,9223.185,12.40527
1337.4439349296833,9252.257,12.428825
1337.4453238234862,9249.341,12.420862
1337.4467127171736,9231.13,12.409231
1337.4481016108596,9252.888,12.430068
1337.4494905046624,9225.016,12.4074
1337.4508793983498,9264.901,12.425109
1337.4522682920363,9268.226,12.429946
1337.4536571857227,9262.023,12.424562
1337.4550460794096,9266.009,12.432516
1337.4564349732125,9278.028,12.439299
1337.4578238668998,9294.262,12.444179
1337.4592127605863,9267.567,12.433853
1337.463379441646,9283.298,12.4586115
1337.4647683353319,9276.058,12.43148
1337.466157229019,9279.77,12.437965
1337.4675461227064,9276.147,12.441183
1337.4689350163924,9286.301,12.443602
1337.4703239100788,9276.958,12.433997
1337.4717128037662,9291.436,12.441805
1337.4731016974522,9280.272,12.443392
1337.4744905911386,9294.4375,12.446872
1337.475879484826,9294.105,12.445631
1337.4772683785134,9290.61,12.44542
1337.4786572721998,9303.746,12.447753
1337.4800461658858,9277.402,12.443413
1337.481435059573,9276.723,12.429439
1337.4828239531432,9291.202,12.450631
1337.4856017405161,9289.175,12.450698
1337.4869906342035,9283.075,12.440009
1337.488379527773,9300.994,12.45178
1337.4897684214595,9266.959,12.439594
1337.491157315147,9280.21,12.439994
1337.492546208717,9285.521,12.438286
1337.4939351024036,9272.726,12.428542
1337.4953239960903,9292.174,12.443062
1337.4967128896603,9282.663,12.443425
1337.4981017833468,9261.56,12.429251
1337.4994906769173,9278.712,12.44956
1337.5008795706037,9304.908,12.448487
1337.502268464291,9271.534,12.432896
1337.5036573578611,9269.1455,12.441706
1337.5050462515471,9279.56,12.435705
1337.5064351451178,9292.215,12.443849
1337.507824038688,9277.834,12.438394
1337.5092129323739,9274.253,12.433347
1337.5106018259446,9261.59,12.435196
1337.511990719632,9293.473,12.444024
1337.5133796132016,9289.613,12.433462
1337.5147685067716,9281.1875,12.446398
1337.516157400459,9287.245,12.437469
1337.51754629403,9278.07,12.436239
1337.5189351876,9283.889,12.442813
1337.520324081286,9300.219,12.454069
1337.5217129748569,9268.175,12.436847
1337.523101868427,9279.62,12.434251
1337.5244907619965,9288.542,12.444824
1337.5258796555672,9267.11,12.442169
1337.5272685492544,9266.859,12.423276
1337.528657442824,9275.55,12.438629
1337.530046336394,9270.185,12.448471
1337.531435229965,9294.513,12.445153
1337.5328241235345,9271.576,12.4371195
1337.5342130171045,9271.351,12.429717
1337.5356019106755,9288.951,12.444545
1337.5369908042455,9294.933,12.447464
1337.5383796978158,9281.642,12.450304
1337.539768591386,9277.364,12.436295
1337.541157484956,9284.452,12.44772
1337.542546378527,9276.016,12.432002
1337.543935272097,9277.614,12.438857
1337.5453241656667,9273.929,12.437883
1337.5467130592376,9290.2295,12.446682
1337.5481019528077,9262.424,12.4339285
1337.5494908462608,9294.786,12.450532
1337.5508797398315,9268.554,12.429869
1337.5522686334023,9281.889,12.438698
1337.5536575269718,9289.091,12.444127
1337.5550464205419,9291.447,12.433997
1337.5564353139964,9266.896,12.433264
1337.5578242075667,9288.762,12.441795
1337.559213101137,9287.07,12.441746
1337.5606019945906,9274.538,12.443862
1337.5619908881615,9257.676,12.42497
1337.5633797817316,9270.19,12.434136
1337.5647686751847,9310.113,12.452175
1337.5661575687557,9294.334,12.447056
1337.56754646221,9275.23,12.438395
1337.5689353557793,9281.839,12.435749
1337.5703242493496,9303.098,12.446257
1337.571713142804,9272.639,12.435971
1337.5731020363735,9287.396,12.444195
1337.574490929827,9277.576,12.436294
1337.575879823398,9275.927,12.438067
1337.5772687168517,9292.707,12.450983
1337.5786576103058,9301.2,12.445532
1337.5800465038758,9290.118,12.439557
1337.5814353973294,9289.655,12.446138
1337.5828242907833,9283.325,12.44058
1337.5842131843535,9308.589,12.467361
1337.5856020778072,9289.9,12.445378
1337.5869909712617,9278.985,12.442528
1337.589768758285,9290.715,12.441109
1337.5911576517394,9291.818,12.442254
1337.592546545193,9302.397,12.441995
1337.593935438763,9272.19,12.43532
1337.5953243322176,9295.426,12.436083
1337.5967132256712,9281.911,12.442572
1337.598102119125,9274.965,12.437936
1337.599491012579,9273.727,12.432998
1337.6008799060326,9288.768,12.443461
1337.602268799487,9266.532,12.434151
1337.6036576929407,9274.881,12.436758
1337.6050465863939,9273.5,12.438627
1337.6064354798484,9288.933,12.442014
1337.607824373302,9302.841,12.450753
1337.6092132667552,9303.23,12.45132
1337.6106021602097,9298.1,12.455485
1337.611991053664,9277.509,12.446235
1337.613379947117,9300.909,12.449419
1337.6147688405708,9281.668,12.445514
1337.6161577340251,9271.373,12.434756
1337.6175466274783,9263.642,12.42809
1337.6189355208155,9284.837,12.438549
1337.62032441427,9285.852,12.439732
1337.6217133077237,9276.759,12.429566
1337.6231022011777,9282.454,12.434369
1337.624491094515,9290.946,12.440224
1337.6258799879686,9282.792,12.434668
1337.627268881423,9269.325,12.435794
1337.6286577747603,9270.632,12.426705
1337.6300466682135,9271.871,12.442368
1337.631435561668,9286.253,12.4317
1337.6328244550052,9283.785,12.43699
1337.6342133484588,9274.38,12.432835
1337.635602241797,9287.082,12.444223
1337.6369911352508,9285.921,12.44335
1337.6383800287047,9296.65,12.443721
1337.6397689220419,9289.877,12.438016
1337.641157815379,9276.691,12.439864
1337.642546708833,9282.095,12.448438
1337.6439356021704,9288.654,12.441376
1337.645324495624,9270.876,12.440439
1337.646713388962,9294.517,12.445119
1337.6481022824157,9281.761,12.445142
1337.6494911757525,9298.103,12.444894
1337.6508800690906,9276.328,12.432765
1337.652268962545,9292.399,12.447717
1337.6536578558814,9288.963,12.436992
1337.6550467492189,9308.319,12.461764
1337.6564356425567,9275.476,12.438224
1337.65782453601,9279.5,12.440172
1337.6592134293473,9272.384,12.435354
1337.6606023226852,9283.688,12.443609
1337.6619912160227,9273.245,12.437472
1337.66338010936,9275.832,12.437575
1337.6647690026973,9273.674,12.43708
1337.666157896151,9288.8545,12.43814
1337.6675467894884,9278.29,12.43838
1337.6689356828258,9290.709,12.4437895
1337.670324576163,9292.409,12.442112
1337.6717134695011,9280.921,12.433921
1337.6731023628383,9288.165,12.454502
1337.6744912561758,9280.72,12.441174
1337.6758801495137,9297.981,12.444051
1337.677269042851,9277.272,12.434607
1337.6786579361885,9286.772,12.443599
1337.6800468294093,9272.289,12.438594
1337.6814357227468,9290.428,12.444794
1337.6828246160842,9284.648,12.439372
1337.6842135094214,9300.053,12.447103
1337.6856024027586,9284.256,12.443364
1337.6883801893175,9273.126,12.440517
1337.6897690826543,9277.577,12.436192
1337.6911579759924,9295.935,12.445388
1337.6925468693296,9274.18,12.444573
1337.69393576255,9269.363,12.438421
1337.695324655888,9295.177,12.450002
1337.6967135491095,9275.57,12.436873
1337.698102442446,9290.466,12.445097
1337.6994913357835,9268.34,12.431366
1337.700880229005,9292.823,12.445646
1337.7022691223426,9284.7295,12.446732
1337.7036580155634,9271.073,12.439627
1337.7050469089006,9291.934,12.442334
1337.7064358021216,9283.137,12.44845
1337.707824695459,9276.549,12.438473
1337.7092135886799,9289.05,12.44541
1337.710602482017,9292.638,12.454908
1337.7119913752388,9310.082,12.451782
1337.7133802684598,9276.628,12.442579
1337.7147691617972,9296.889,12.44579
1337.7161580550187,9291.367,12.447203
1337.7175469483552,9282.433,12.438907
1337.7189358415762,9295.33,12.44725
1337.7203247347977,9281.736,12.437409
1337.7217136280187,9265.548,12.433354
1337.7231025213562,9295.078,12.444163
1337.724491414577,9270.511,12.444033
1337.725880307798,9266.858,12.433881
1337.7272692010195,9279.014,12.438168
1337.7286580942405,9281.425,12.444779
1337.7300469874606,9287.704,12.444906
1337.7314358807987,9285.171,12.445563
1337.7328247740195,9274.383,12.439192
1337.7342136672398,9284.674,12.438113
1337.7356025604615,9271.73,12.435582
1337.7369914536832,9280.128,12.437385
1337.7383803469033,9283.309,12.4408865
1337.7397692401244,9282.175,12.443241
1337.7411581333458,9297.963,12.446227
1337.742547026566,9296.17,12.446204
1337.743935919787,9269.414,12.440409
1337.745324812892,9283.515,12.436805
1337.7467137061133,9275.758,12.434132
1337.748102599334,9287.682,12.441061
1337.7494914925549,9292.783,12.445064
1337.7508803857759,9278.428,12.438242
1337.7522692789973,9296.608,12.446469
1337.753658172102,9262.399,12.425923
1337.755047065323,9285.875,12.443299
1337.7564359585444,9278.611,12.444276
1337.7578248517646,9279.67,12.437682
1337.7592137448694,9262.57,12.429885
1337.7606026380909,9259.151,12.430036
1337.7619915311955,9291.911,12.445993
1337.7633804244163,9272.408,12.435258
1337.764769317637,9295.795,12.448762
1337.7661582107417,9253.166,12.429954
1337.7675471039627,9299.061,12.457286
1337.768935997067,9280.392,12.438329
1337.7703248902878,9283.128,12.444231
1337.7717137833931,9271.441,12.433606
1337.7731026766141,9285.21,12.453629
1337.7758804629395,9305.52,12.448813
1337.7772693560448,9275.783,12.438846
1337.7786582491485,9313.525,12.451771
1337.7800471423695,9267.914,12.441317
1337.7814360354748,9286.309,12.451735
1337.7828249285785,9297.001,12.44605
1337.7842138217995,9274.741,12.433708
1337.7856027149046,9305.486,12.460238
1337.7869916080092,9273.478,12.437421
1337.7883805011136,9274.909,12.431734
1337.7897693943344,9293.101,12.441047
1337.7911582874397,9295.253,12.45149
1337.7925471805443,9270.569,12.428442
1337.793936073648,9282.2295,12.437634
1337.7953249667532,9267.254,12.440128
1337.7967138598585,9274.88,12.430349
1337.7981027529622,9296.646,12.452283
1337.7994916460668,9286.958,12.441313
1337.8008805391719,9288.102,12.435638
1337.802269432393,9293.533,12.44681
1337.8036583253809,9290.887,12.454013
1337.8050472184855,9297.016,12.447883
1337.80643611159,9274.433,12.437514
1337.8078250046945,9298.268,12.440921
1337.8092138977988,9301.511,12.447058
1337.8106027909034,9273.362,12.433869
1337.8119916840085,9274.608,12.443198
1337.813380577113,9282.723,12.441282
1337.8147694702168,9275.184,12.436872
1337.8161583632057,9285.873,12.440458
1337.8175472563103,9280.557,12.442163
1337.818936149414,9305.987,12.451289
1337.8203250425192,9274.049,12.438561
1337.8217139355081,9274.979,12.434655
1337.8231028286118,9293.316,12.446935
1337.8244917217164,9270.423,12.450532
1337.8258806147053,9266.205,12.42934
1337.8272695078097,9295.621,12.440962
1337.828658400914,9294.719,12.450798
1337.8300472939022,9270.04,12.431121
1337.8314361870073,9277.872,12.438843
1337.8328250799955,9275.642,12.43675
1337.8342139730992,9296.72,12.446778
1337.835602866088,9296.429,12.445044
1337.8369917591933,9298.499,12.443817
1337.8481029034472,9284.4,12.442201
1337.8494917964354,9290.982,12.4437895
1337.8508806894235,9291.651,12.442208
1337.8522695824122,9269.355,12.430739
1337.8536584754004,9276.325,12.438671
1337.855047368504,9264.954,12.434764
1337.8564362614927,9266.349,12.439632
1337.857825154481,9284.674,12.440633
1337.8592140474682,9283.468,12.443933
1337.860602940457,9302.206,12.450571
1337.861991833446,9273.742,12.440805
1337.8633807264334,9309.044,12.458131
1337.8647696194214,9309.993,12.452871
1337.8661585124103,9265.679,12.445186
1337.8675474053975,9285.011,12.4398985
1337.8689362983857,9293.449,12.4453125
1337.8703251913744,9292.742,12.450175
1337.871714084363,9300.561,12.446514
1337.8731029773514,9299.614,12.449864
1337.8744918703387,9299.137,12.4470215
1337.8758807633274,9276.39,12.443077
1337.8772696563162,9298.172,12.448619
1337.8786585491873,9265.204,12.435603
1337.8800474421753,9268.0625,12.440786
1337.8814363351642,9286.185,12.44288
1337.8828252281517,9281.847,12.447336
1337.8842141210232,9279.252,12.450686
1337.885603014012,9282.712,12.436964
1337.886991907,9299.479,12.457175
1337.8883807998716,9292.511,12.447034
1337.8897696928598,9289.308,12.447694
1337.891158585848,9261.444,12.435705
1337.8925474787195,9275.6875,12.443031
1337.8939363717075,9264.557,12.438094
1337.8953252645795,9283.662,12.447108
1337.896714157568,9268.739,12.443044
1337.8981030504399,9296.777,12.444247
1337.8994919434272,9295.88,12.446884
1337.9008808362994,9283.162,12.446379
1337.9022697292883,9285.89,12.452412
1337.9036586221594,9287.27,12.442258
1337.905047515031,9296.939,12.449205
1337.9064364080198,9309.185,12.450093
1337.9078253008909,9274.434,12.440121
1337.9092141937624,9285.082,12.443476
1337.9106030867513,9282.027,12.446523
1337.9119919796235,9282.373,12.447582
1337.9133808724953,9302.627,12.455636
1337.9147697653661,9263.133,12.435012
1337.9161586583548,9272.731,12.44485
1337.9175475512268,9295.251,12.453168
1337.9189364440977,9265.581,12.444163
1337.9203253369699,9278.577,12.444582
1337.9217142298423,9275.093,12.445631
1337.9231031227134,9288.394,12.443299
1337.924492015585,9292.945,12.449084
1337.9258809085738,9283.336,12.447006
1337.9272698014454,9284.668,12.4498825
1337.9286586943172,9296.789,12.450686
1337.930047587189,9274.468,12.44152
1337.9314364800605,9296.792,12.448117
1337.9328253728156,9274.363,12.440532
1337.9342142656874,9274.62,12.440321
1337.9356031585592,9301.805,12.450606
1337.9369920514316,9285.921,12.449454
1337.9383809443032,9302.905,12.455954
1337.9397698371743,9279.303,12.439575
1337.9411587300465,9294.757,12.450954
1337.9425476228023,9279.125,12.452479
1337.9439365156734,9293.374,12.44206
1337.945325408545,9277.957,12.437727
1337.9467143014174,9285.344,12.442444
1337.948103194172,9280.84,12.436562
1337.9494920870436,9285.355,12.451086
1337.950880979916,9297.183,12.447728
1337.952269872672,9282.518,12.445442
1337.9536587655437,9276.664,12.4438505
1337.9550476582983,9269.176,12.440242
1337.9564365511706,9286.95,12.44901
1337.9578254440423,9283.793,12.448943
1337.9592143367968,9272.584,12.441317
1337.960603229669,9298.728,12.446947
1337.961992122425,9280.4375,12.443653
1337.9633810152961,9283.895,12.447353
1337.9647699080513,9293.455,12.445287
1337.9661588008073,9271.173,12.44174
1337.9675476936789,9272.839,12.440529
1337.9689365864342,9299.6045,12.454035
1337.9703254791896,9296.888,12.458894
1337.9717143720611,9282.868,12.441425
1337.9731032648162,9267.941,12.431524
1337.9744921575718,9297.496,12.448131
1337.9758810504434,9289.941,12.45018
1337.9772699431994,9295.991,12.445245
1337.9786588359545,9273.31,12.436543
1337.9800477287092,9283.261,12.442861
1337.981436621465,9288.998,12.451985
1337.9828255143368,9274.468,12.4411125
1337.9842144070915,9283.999,12.448682
1337.9856032998473,9296.546,12.44391
1337.986992192603,9291.437,12.451646
1337.9883810853585,9288.304,12.453197
1337.9897699781138,9279.065,12.440456
1337.991158870869,9293.456,12.450876
1337.992547763625,9294.552,12.443799
1337.9939366563801,9308.595,12.452445
1337.9953255491348,9283.809,12.435218
1337.9967144418908,9278.001,12.437251
1337.998103334646,9306.002,12.45383
1337.9994922272842,9284.031,12.441605
1338.00088112004,9301.05,12.44841
1338.0022700127959,9274.685,12.440399
1338.0036589055505,9287.336,12.451413
1338.0050477983057,9281.706,12.444695
1338.0064366910617,9293.045,12.441571
1338.0078255837,9267.905,12.438592
1338.009214476455,9291.141,12.448709
1338.0106033692111,9265.475,12.43686
1338.0119922618499,9276.1045,12.44424
1338.0133811546052,9290.977,12.447388
1338.0147700473606,9276.799,12.436134
1338.0161589399993,9269.672,12.434727
1338.0175478327553,9293.852,12.44746
1338.018936725394,9291.997,12.444847
1338.0203256181487,9272.593,12.440847
1338.0217145107883,9291.43,12.449221
1338.0231034035435,9277.218,12.444806
1338.0244922961817,9289.644,12.45075
1338.0258811889375,9316.948,12.463234
1338.027270081577,9287.586,12.443392
1338.0286589743325,9270.509,12.441821
1338.0300478669712,9283.489,12.441834
1338.03143675961,9279.176,12.440206
1338.0328256523653,9306.544,12.4635315
1338.0342145450043,9276.654,12.437425
1338.035603437643,9278.92,12.442795
1338.036992330399,9294.974,12.44426
1338.0383812230377,9274.207,12.440433
1338.039770115676,9262.85,12.433916
1338.0411590083156,9289.954,12.453184
1338.042547900955,9297.772,12.451239
1338.0439367937095,9273.936,12.433462
1338.0453256863484,9284.27,12.438957
1338.0467145789878,9262.371,12.443587
1338.048103471626,9273.9795,12.443455
1338.0494923642648,9304.312,12.449705
1338.0508812569044,9278.965,12.441631
1338.0522701495433,9283.382,12.4371605
1338.0536590421823,9302.376,12.457179
1338.055047934821,9289.919,12.444001
1338.0564368274597,9301.755,12.452235
1338.0578257200993,9284.34,12.437025
1338.059214612738,9293.947,12.448538
1338.0606035053763,9266.652,12.432532
1338.061992398016,9282.42,12.4424715
1338.0633812905382,9301.662,12.455156
1338.0647701831765,9289.782,12.442646
1338.0661590758161,9298.654,12.458008
1338.0675479684555,9283.062,12.442198
1338.0689368610945,9258.352,12.435682
1338.0703257536168,9276.934,12.440338
1338.0717146462555,9270.011,12.433511
1338.0731035388947,9267.433,12.430754
1338.074492431417,9263.267,12.431246
1338.0758813240557,9273.582,12.435761
1338.0772702166953,9295.398,12.450973
1338.0786591092176,9297.449,12.454236
1338.0800480018559,9265.684,12.448372
1338.081436894379,9300.522,12.451863
1338.0828257870185,9289.693,12.445627
1338.08421467954,9290.859,12.449243
1338.0856035721793,9287.91,12.445157
1338.0869924647022,9302.492,12.459402
1338.0883813573403,9264.816,12.438623
1338.0897702498628,9271.854,12.430096
1338.0911591425022,9281.524,12.447936
1338.0925480350247,9287.754,12.449827
1338.0939369275472,9275.665,12.4345875
1338.095325820186,9280.089,12.439821
1338.0967147127083,9290.873,12.455212
1338.098103605231,9287.892,12.446454
1338.0994924978697,9275.864,12.440614
1338.100881390392,9293.637,12.454115
1338.1022702829152,9282.997,12.443769
1338.1036591754375,9276.41,12.436402
1338.1050480679594,9288.272,12.445401
1338.106436960599,9289.569,12.464704
1338.1078258531222,9282.763,12.442529
1338.1092147456445,9287.756,12.445373
1338.1106036381668,9271.977,12.444623
1338.1119925306893,9260.332,12.430864
1338.1133814232119,9290.727,12.451064
1338.1147703157342,9279.846,12.447657
1338.1161592082565,9278.122,12.452493
1338.1175481007797,9287.163,12.440894
1338.1189369933022,9280.003,12.441505
1338.1203258858238,9279.381,12.436932
1338.121714778347,9264.865,12.432743
1338.1231036708693,9267.283,12.441332
1338.1244925633912,9288.27,12.440712
1338.125881455798,9287.842,12.439175
1338.127270348321,9282.118,12.438973
1338.1286592408426,9274.759,12.446409
1338.1300481333653,9277.911,12.442491
1338.1314370258883,9297.719,12.448102
1338.1328259182944,9294.2705,12.453783
1338.1342148108167,9289.559,12.4464655
1338.135603703339,9259.413,12.442082
1338.1369925957451,9292.48,12.450742
1338.1383814882677,9285.896,12.44737
1338.13977038079,9288.449,12.440373
1338.1411592731959,9270.459,12.436803
1338.142548165719,9296.577,12.452949
1338.1439370581252,9286.638,12.436805
1338.1453259506468,9300.585,12.451806
1338.1467148430536,9287.702,12.451345
1338.1481037355768,9268.208,12.436198
1338.1494926279827,9272.7295,12.4393425
1338.150881520505,9293.729,12.452689
1338.1522704129113,9286.071,12.443834
1338.1536593054336,9308.142,12.456786
1338.1550481978395,9297.722,12.45138
1338.1564370902456,9261.193,12.432091
1338.1578259827686,9291.9795,12.4416065
1338.1592148751747,9285.679,12.449537
1338.16060376758,9269.043,12.432984
1338.1619926601031,9288.039,12.444116
1338.163381552509,9269.405,12.439254
1338.1647704449144,9294.3955,12.441921
1338.1661593373212,9285.914,12.4470415
1338.167548229728,9291.428,12.444484
1338.1689371222496,9277.388,12.434969
1338.1703260146558,9279.536,12.440239
1338.1717149070623,9293.226,12.442839
1338.1731037994684,9285.715,12.442465
1338.1744926918743,9284.617,12.44635
1338.1758815842804,9302.13,12.449484
1338.1772704766865,9268.882,12.443949
1338.1786593690924,9280.874,12.448421
1338.1800482614983,9291.026,12.446099
1338.1814371539044,9301.403,12.451021
1338.182826046311,9280.995,12.441162
1338.184214938717,9276.864,12.435354
1338.1856038311232,9264.46,12.436305
1338.18699272353,9289.561,12.448169
1338.1883816158188,9309.4,12.454104
1338.189770508225,9304.554,12.45383
1338.1911594006315,9250.744,12.44031
1338.1925482930376,9271.703,12.437257
1338.1939371854435,9283.748,12.442984
1338.195326077733,9293.44,12.450843
1338.196714970139,9293.014,12.454527
1338.1981038625456,9300.17,12.454216
1338.1994927548355,9288.525,12.441565
1338.2008816472407,9271.991,12.436373
1338.2022705396473,9289.83,12.447612
1338.203659431937,9284.624,12.439099
1338.2050483243422,9281.209,12.44596
1338.2064372166326,9291.889,12.447641
1338.2078261090394,9280.312,12.440608
1338.2092150013284,9285.421,12.446354
1338.2106038937343,9289.871,12.451268
1338.2119927860247,9264.666,12.437361
1338.2133816784306,9268.419,12.440519
1338.21477057072,9275.257,12.447205
1338.2161594631261,9281.678,12.4381895
1338.2175483554158,9295.804,12.448738
1338.2189372478217,9276.698,12.445668
1338.2203261401112,9281.487,12.448172
1338.221715032401,9278.602,12.439027
1338.2231039246913,9260.307,12.428418
1338.2244928170974,9276.145,12.444666
1338.2258817093868,9296.733,12.44875
1338.2272706016772,9276.573,12.4390135
1338.228659493966,9279.32,12.441652
1338.2300483863721,9269.791,12.433843
1338.2314372786625,9297.303,12.45136
1338.232826170952,9286.724,12.447497
1338.2342150632414,9295.589,12.447664
1338.2356039555311,9286.74,12.443588
1338.2369928478208,9280.848,12.439747
1338.238381740111,9285.09,12.440234
1338.2397706324007,9277.308,12.439216
1338.2411595246895,9272.794,12.436647
1338.2425484169796,9284.188,12.44505
1338.2439373092695,9296.486,12.449424
1338.2453262015583,9289.752,12.450371
1338.2467150938485,9292.825,12.444091
1338.2481039861389,9292.839,12.440821
1338.2494928784279,9296.597,12.449979
1338.2508817707173,9270.133,12.43471
1338.2522706630077,9271.592,12.444342
1338.2536595552965,9278.818,12.446376
1338.2550484475862,9280.612,12.44191
1338.2564373397602,9289.945,12.44625
1338.2578262320496,9279.408,12.441153
1338.259215124339,9262.344,12.430066
1338.2606040166288,9287.384,12.447298
1338.261992908802,9287.931,12.444676
1338.2633818010922,9272.711,12.436775
1338.264770693382,9274.248,12.450756
1338.266159585555,9281.117,12.449421
1338.2675484778454,9287.076,12.44202
1338.268937370018,9279.218,12.439371
1338.2703262623074,9286.615,12.447835
1338.2717151545978,9283.078,12.458472
1338.2731040467709,9296.402,12.454717
1338.2744929390603,9290.385,12.448493
1338.2758818312338,9294.061,12.450049
1338.2772707235233,9291.318,12.451823
1338.2786596156973,9283.174,12.439196
1338.2800485078703,9279.9795,12.43331
1338.2814374001593,9270.456,12.436866
1338.282826292333,9275.488,12.449383
1338.2842151846228,9287.473,12.446109
1338.2856040767952,9268.563,12.436345
1338.286992968969,9271.682,12.44558
1338.2883818612593,9286.151,12.454299
1338.2897707534319,9285.439,12.446309
1338.291159645605,9265.358,12.434927
1338.2925485377789,9271.653,12.437047
1338.293937430068,9289.336,12.447524
1338.295326322241,9263.863,12.428727
1338.296715214415,9278.607,12.438858
1338.298104106588,9268.777,12.442605
1338.299492998761,9292.45,12.441572
1338.3008818909345,9274.345,12.4480095
1338.3022707831076,9292.663,12.457135
1338.3036596752816,9279.841,12.445624
1338.305048567571,9272.876,12.440994
1338.306437459744,9282.525,12.44099
1338.307826351918,9270.503,12.439927
1338.3092152440906,9277.405,12.433605
1338.3106041362637,9281.462,12.448046
1338.3119930283212,9282.552,12.444419
1338.3133819204943,9309.063,12.459135
1338.3147708126676,9288.724,12.445439
1338.3161597048409,9287.336,12.442456
1338.317548597014,9270.792,12.440395
1338.3189374891879,9271.869,12.432821
1338.320326381361,9273.952,12.440126
1338.321715273417,9266.751,12.439562
1338.323104165591,9272.927,12.440645
1338.3244930577641,9257.6,12.429092
1338.3258819499367,9262.916,12.435934
1338.327270841994,9289.895,12.439166
1338.3286597341678,9300.164,12.446821
1338.3300486263404,9271.85,12.438738
1338.3314375185134,9271.838,12.433221
1338.332826410571,9287.398,12.451061
1338.3342153027436,9282.254,12.450199
1338.3356041948002,9277.044,12.43627
1338.3369930869742,9276.603,12.445177
1338.3383819791472,9291.382,12.447693
1338.339770871204,9286.407,12.44118
1338.3411597633774,9285.692,12.449097
1338.342548655434,9284.11,12.442729
1338.343937547608,9281.336,12.442314
1338.3453264396646,9282.859,12.448653
1338.3467153317215,9285.443,12.450706
1338.3481042238952,9279.791,12.436887
1338.3494931159514,9286.165,12.443333
1338.3508820081245,9263.4375,12.430217
1338.352270900182,9271.334,12.437243
1338.3536597922387,9289.424,12.447342
1338.3550486844122,9281.833,12.43915
1338.3564375764688,9282.961,12.443405
1338.3578264685254,9272.05,12.446586
1338.359215360583,9280.069,12.441388
1338.360604252756,9276.144,12.43328
1338.3619931448122,9285.532,12.450995
1338.3633820368698,9291.757,12.454239
1338.3647709289264,9286.809,12.442124
1338.3661598209826,9296.468,12.46358
1338.3675487131566,9279.6875,12.436838
1338.368937605214,9283.476,12.440557
1338.3703264972698,9282.218,12.440268
1338.3717153893267,9290.07,12.446343
1338.373104281384,9283.199,12.444645
1338.3744931734402,9279.032,12.443667
1338.3758820654969,9313.651,12.456538
1338.3772709575544,9292.014,12.446588
1338.3786598496113,9268.112,12.4386425
1338.3800487416681,9292.437,12.439716
1338.3814376337248,9306.15,12.472796
1338.3828265257823,9285.518,12.446049
1338.3842154178396,9290.872,12.449835
1338.3856043098956,9270.841,12.439905
1338.386993201836,9280.28,12.435988
1338.3883820938934,9253.468,12.427052
1338.3897709859496,9264.562,12.431757
1338.3911598780064,9286.335,12.448404
1338.3925487700637,9283.826,12.452775
1338.3939376620042,9261.524,12.43149
1338.395326554061,9272.903,12.439213
1338.3967154461177,9280.034,12.441999
1338.3981043381743,9288.58,12.445488
1338.3994932301155,9290.032,12.448166
1338.4008821221723,9286.765,12.438447
1338.4022710142283,9287.769,12.45629
1338.4036599061694,9264.482,12.440521
1338.405048798226,9285.624,12.445768
1338.4064376901658,9276.052,12.439776
1338.4078265822234,9291.528,12.451416
1338.4092154742807,9279.544,12.438339
1338.4106043662202,9278.073,12.440667
1338.4119932582773,9283.369,12.452441
1338.4133821502182,9287.751,12.447784
1338.4147710422742,9289.6045,12.450813
1338.4161599342146,9277.001,12.439091
1338.417548826272,9282.195,12.437413
1338.4189377182124,9268.738,12.435258
1338.4203266101529,9281.344,12.442226
1338.4217155022095,9277.502,12.443083
1338.4231043941506,9271.894,12.438883
1338.4244932862082,9290.805,12.455591
1338.4258821781477,9289.821,12.443467
1338.4272710700882,9286.867,12.441761
1338.428659962029,9260.386,12.432444
1338.430048854085,9296.143,12.450553
1338.4314377460255,9288.226,12.44584
1338.4328266379664,9271.123,12.434202
1338.434215529907,9273.662,12.444276
1338.4356044219637,9297.748,12.441898
1338.436993313904,9256.065,12.427394
1338.4383822058444,9256.125,12.43625
1338.4397710977853,9257.932,12.433591
1338.4411599897257,9276.145,12.437473
1338.4425488816653,9252.483,12.431962
1338.4439377737228,9264.651,12.435203
1338.4453266656633,9258.061,12.429248
1338.4467155576028,9285.231,12.4405985
1338.448104449544,9268.772,12.434414
1338.449493341485,9278.653,12.44213
1338.4508822334246,9277.792,12.445999
1338.452271125365,9285.776,12.448914
1338.453660017306,9285.651,12.445465
1338.4550489092455,9272.245,12.443005
1338.4564378011862,9281.583,12.443127
1338.4578266931271,9292.774,12.453464
1338.4592155849512,9286.432,12.443053
1338.4606044768914,9298.986,12.455743
1338.4619933688316,9269.138,12.436668
1338.4633822607727,9292.192,12.448774
1338.4647711527139,9285.723,12.444769
1338.4661600446534,9275.796,12.437962
1338.4675489364774,9278.516,12.439202
1338.4689378284186,9274.669,12.439488
1338.4703267203581,9285.292,12.440417
1338.4717156122986,9281.231,12.444066
1338.4731045042395,9270.672,12.4307575
1338.4744933960635,9292.507,12.445726
1338.4758822880037,9286.06,12.4360695
1338.477271179944,9274.753,12.441353
1338.4786600717682,9274.527,12.443623
1338.4800489637091,9285.191,12.440801
1338.4814378556496,9299.202,12.4467325
1338.4828267474727,9274.5625,12.447875
1338.4842156394136,9284.509,12.43855
1338.4856045312376,9274.079,12.4325695
1338.4869934231772,9293.154,12.443913
1338.488382315002,9296.166,12.450128
1338.489771206943,9281.59,12.442224
1338.4911600987664,9287.62,12.444609
1338.4925489907066,9294.35,12.445639
1338.4939378825313,9283.619,12.444191
1338.4953267744709,9298.08,12.448571
1338.496715666295,9297.543,12.449672
1338.4981045582358,9284.714,12.438898
1338.4994934500598,9289.397,12.447103
1338.500882342,9290.999,12.442687
1338.502271233824,9315.96,12.454498
1338.5036601256486,9267.376,12.437273
1338.5050490175897,9293.284,12.435465
1338.506437909413,9267.517,12.434746
1338.507826801237,9264.175,12.444863
1338.509215693178,9284.368,12.439414
1338.5106045850011,9287.628,12.438958
1338.5119934768252,9279.36,12.441765
1338.51338236865,9295.659,12.446513
1338.5147712605901,9283.925,12.449588
1338.516160152414,9292.412,12.44435
1338.517549044238,9267.534,12.423425
1338.518937936062,9306.456,12.459146
1338.5203268278865,9279.486,12.434502
1338.521715719827,9267.013,12.434413
1339.6564407417084,9271.332,12.375782
1339.6578296356283,9270.749,12.414633
1339.6592185295497,9269.4375,12.411206
1339.6606074234712,9267.366,12.420319
1339.6619963173914,9274.959,12.428082
1339.6633852114285,9282.03,12.427055
1339.66477410535,9296.397,12.428343
1339.666162999271,9304.827,12.449883
1339.6675518931918,9273.34,12.422077
1339.6689407872288,9291.779,12.440232
1339.6703296811495,9277.048,12.42446
1339.6717185750706,9288.885,12.434176
1339.6731074691077,9287.93,12.433369
1339.6744963630292,9278.431,12.432918
1339.6758852570672,9288.057,12.42889
1339.6772741509872,9279.999,12.431144
1339.6786630450245,9291.925,12.431369
1339.6800519390622,9281.376,12.42988
1339.681440832983,9266.1045,12.424602
1339.6828297270201,9279.798,12.428184
1339.6842186210574,9279.001,12.431187
1339.6856075150947,9300.84,12.441339
1339.6869964090163,9277.389,12.435676
1339.6883853030533,9282.392,12.429324
1339.68977419709,9303.06,12.438655
1339.691163091128,9322.025,12.445735
1339.692551985165,9273.221,12.423522
1339.6939408792016,9297.818,12.433846
1339.6953297732393,9278.128,12.4356365
1339.6967186673935,9304.02,12.453942
1339.698107561431,9288.285,12.428599
1339.699496455468,9288.296,12.43256
1339.7008853495051,9285.908,12.436825
1339.7022742436595,9309.668,12.443671
1339.7036631376968,9290.556,12.431324
1339.7050520317332,9271.045,12.429791
1339.7064409258876,9285.226,12.442101
1339.7078298199247,9305.246,12.445932
1339.7092187140777,9270.853,12.43544
1339.7106076081157,9278.621,12.434957
1339.71199650227,9283.282,12.425568
1339.7133853963066,9274.826,12.439243
1339.7147742904601,9268.969,12.4279175
1339.7161631846145,9311.171,12.443779
1339.7175520786516,9292.003,12.438899
1339.718940972805,9268.767,12.426769
1339.720329866959,9289.196,12.432668
1339.7217187611132,9294.318,12.433631
1339.7231076552669,9276.574,12.432589
1339.7244965493035,9263.186,12.421791
1339.7258854434576,9302.928,12.440633
1339.7272743376118,9267.342,12.427572
1339.7286632317648,9294.923,12.445749
1339.7300521260347,9290.838,12.437408
1339.731441020189,9283.8545,12.436832
1339.7328299143428,9281.866,12.437223
1339.7342188084965,9271.134,12.431179
1339.73560770265,9278.109,12.432584
1339.7369965968037,9304.66,12.445131
1339.7383854910738,9278.407,12.4320345
1339.7397743852273,9279.017,12.433006
1339.7411632794974,9296.057,12.43505
1339.7425521736516,9283.819,12.43075
1339.7439410678053,9266.218,12.4259405
1339.7453299620754,9295.222,12.4412155
1339.7467188562298,9278.324,12.429172
1339.7481077504997,9304.623,12.444112
1339.7494966447696,9288.204,12.438984
1339.7508855389235,9252.701,12.416737
1339.7522744331934,9294.504,12.432902
1339.7536633274633,9306.745,12.443468
1339.755052221617,9291.58,12.436724
1339.7564411158871,9303.29,12.438623
1339.757830010158,9299.079,12.447924
1339.7592189044278,9273.956,12.429482
1339.7606077986973,9258.513,12.420164
1339.761996692968,9284.419,12.431254
1339.7633855872386,9287.233,12.439123
1339.7647744815079,9304.133,12.440124
1339.7661633757782,9290.395,12.436313
1339.7675522700488,9285.898,12.436718
1339.768941164319,9281.024,12.429124
1339.7703300585888,9277.96,12.428587
1339.7717189528587,9294.571,12.432516
1339.773107847246,9283.802,12.430695
1339.774496741516,9287.094,12.435027
1339.7758856357852,9286.9795,12.435196
1339.7772745301725,9268.038,12.437456
1339.7786634244433,9279.199,12.430283
1339.7800523187127,9278.038,12.423729
1339.781441213099,9292.129,12.438084
1339.7828301073698,9295.337,12.438486
1339.7842190017557,9291.693,12.433159
1339.7856078960256,9268.505,12.422197
1339.7869967904128,9300.513,12.453247
1339.788385684799,9282.225,12.434813
1339.7897745790692,9264.37,12.428362
1339.7911634734558,9268.478,12.429117
1339.792552367843,9278.262,12.42096
1339.7939412621135,9288.876,12.426806
1339.7953301564992,9287.929,12.44218
1339.7967190508857,9259.806,12.42324
1339.7981079452727,9292.964,12.438972
1339.7994968396586,9281.73,12.4334545
1339.800885734045,9290.8125,12.435438
1339.802274628432,9282.713,12.432316
1339.8036635228189,9275.339,12.430654
1339.8050524172052,9280.291,12.429528
1339.8064413115915,9273.574,12.438934
1339.807830205978,9291.381,12.441813
1339.809219100365,9289.908,12.439715
1339.8106079948682,9293.977,12.437294
1339.8119968892538,9286.476,12.437208
1339.8133857836408,9272.229,12.429047
1339.8147746780276,9285.808,12.431516
1339.8161635725303,9302.247,12.435447
1339.8175524669175,9305.819,12.447619
1339.8189413614202,9295.926,12.437801
1339.8203302558068,9269.645,12.436906
1339.8217191503097,9269.172,12.428772
1339.823108044696,9273.459,12.442913
1339.8244969391997,9274.683,12.4375105
1339.825885833586,9284.4,12.433494
1339.8272747280882,9285.612,12.432981
1339.8286636224755,9294.935,12.446547
1339.830052516979,9292.37,12.436425
1339.8314414114811,9288.512,12.438027
1339.832830305984,9291.239,12.434858
1339.834219200371,9267.613,12.425644
1339.8356080948731,9303.287,12.43922
1339.8369969893763,9299.622,12.445599
1339.8383858838797,9291.621,12.43909
1339.8397747783827,9273.566,12.436581
1339.8411636728854,9294.561,12.441643
1339.8425525673883,9282.938,12.431331
1339.8439414618917,9297.61,12.446313
1339.8453303563954,9287.96,12.438549
1339.8467192508976,9290.032,12.437779
1339.8481081454004,9278.969,12.438083
1339.849497039904,9270.985,12.435542
1339.8508859345227,9276.418,12.435532
1339.8522748290254,9274.399,12.432031
1339.853663723529,9281.392,12.437629
1339.8550526180318,9276.543,12.439999
1339.8564415126514,9271.813,12.431162
1339.857830407154,9261.75,12.432862
1339.8592193016568,9287.095,12.438961
1339.8606081962769,9263.156,12.441571
1339.8619970907796,9276.074,12.44863
1339.8633859853983,9300.5625,12.450974
1339.864774879902,9295.924,12.446439
1339.866163774521,9293.133,12.44776
1339.8675526691407,9262.173,12.436345
1339.868941563644,9272.661,12.445458
1339.8703304582634,9319.51,12.462159
1339.8717193528826,9275.613,12.435476
1339.8731082473853,9257.001,12.430895
1339.8744971420049,9278.448,12.439669
1339.8758860366247,9293.445,12.449165
1339.877274931244,9272.2295,12.435784
1339.8786638257463,9301.633,12.459166
1339.8800527203662,9273.014,12.434294
1339.8814416149855,9287.672,12.451769
1339.882830509604,9279.312,12.452916
1339.8842194042238,9265.38,12.437208
1339.8856082988439,9264.085,12.438379
1339.8869971934625,9295.859,12.456765
1339.8883860880817,9285.931,12.446557
1339.8897749827017,9284.113,12.448709
1339.8911638774382,9289.48,12.4448395
1339.8925527720573,9307.463,12.456655
1339.893941666676,9271.657,12.439421
1339.895330561296,9256.003,12.449865
1339.8967194559152,9295.892,12.45189
1339.8981083506503,9272.223,12.455725
1339.8994972452704,9284.782,12.449383
1339.9008861398904,9294.081,12.454384
1339.9022750346253,9283.292,12.443783
1339.9036639292447,9283.891,12.449606
1339.9050528239811,9289.96,12.452384
1339.9064417186003,9303.591,12.457058
1339.9078306133358,9258.44,12.441772
1339.9092195079552,9287.534,12.452127
1339.910608402691,9276.685,12.446295
1339.91199729731,9288.627,12.455175
1339.913386192046,9259.319,12.442284
1339.9147750867821,9267.868,12.450761
1339.9161639814022,9278.073,12.455724
1339.9175528761373,9313.684,12.467838
1339.9189417708728,9284.97,12.462734
1339.9203306656093,9287.959,12.465387
1339.9217195602287,9283.524,12.460001
1339.9231084549644,9276.43,12.46863
1339.9244973497,9284.982,12.460094
1339.9258862444356,9293.393,12.464815
1339.9272751391716,9273.218,12.468719
1339.9286640339071,9284.386,12.46565
1339.9300529286427,9278.616,12.460245
1339.9314418233791,9279.576,12.466487
1339.932830718115,9284.296,12.466953
1339.9342196128498,9260.604,12.453259
1339.9356085075863,9280.669,12.461991
1339.9369974023227,9275.073,12.457775
1339.9383862971747,9282.175,12.465076
1339.9397751919105,9288.403,12.482742
1339.9411640866463,9285.154,12.472316
1339.9425529813827,9275.872,12.476483
1339.9439418761183,9314.205,12.481733
1339.9453307709698,9279.628,12.46652
1339.9467196657063,9292.797,12.481455
1339.9481085605582,9264.52,12.466904
1339.9494974552933,9290.447,12.471127
1339.9508863500296,9275.343,12.476379
1339.9522752448822,9277.598,12.479266
1339.9536641396173,9284.339,12.474272
1339.9550530344695,9275.242,12.470324
1339.9564419292058,9299.124,12.490363
1339.9578308240582,9267.636,12.476479
1339.9592197189102,9293.6455,12.491878
1339.9606086136457,9272.885,12.482715
1339.9619975084986,9288.196,12.493041
1339.9633864033508,9263.289,12.483796
1339.9647752980857,9283.334,12.486234
1339.9661641929385,9301.394,12.498663
1339.9675530877914,9292.392,12.500608
1339.968941982643,9305.044,12.506376
1339.9703308773785,9281.658,12.4919815
1339.9717197722314,9281.594,12.500105
1339.9731086670834,9297.083,12.503316
1339.9744975619356,9296.528,12.49948
1339.9758864567877,9268.577,12.501588
1339.9772753516397,9282.061,12.498278
1339.9786642464917,9267.664,12.518985
1339.9800531413441,9282.164,12.509091
1339.981442036196,9285.857,12.516028
1339.982830931049,9280.832,12.506766
1339.984219825901,9264.251,12.512289
1339.9856087207531,9314.552,12.542067
1339.9869976157222,9289.806,12.522715
1339.9883865105744,9276.126,12.518429
1339.9897754054266,9277.975,12.5176325
1339.9911643002786,9280.538,12.536282
1339.9925531952472,9282.685,12.5276985
1339.9939420900994,9286.035,12.537352
1339.9953309849514,9276.787,12.531407
1339.99671987992,9294.895,12.543679
1339.9981087747726,9296.046,12.541353
1339.9994976696248,9269.92,12.528698
1340.0008865645925,9294.472,12.557083
1340.0022754594454,9288.612,12.544523
1340.0036643544147,9257.414,12.536239
1340.0050532492662,9274.351,12.539924
1340.0064421442346,9303.005,12.548754
1340.0078310390875,9283.322,12.547034
1340.0092199340559,9275.061,12.549246
1340.0106088290247,9271.282,12.546066
1340.0119977238767,9294.883,12.559299
1340.013386618846,9290.937,12.554555
1340.0147755138144,9263.87,12.551358
1340.0161644086659,9278.132,12.5708275
1340.0175533036352,9298.049,12.576172
1340.0189421986042,9284.44,12.566149
1340.020331093572,9255.57,12.557049
1340.0217199884244,9315.108,12.5861635
1340.0231088833934,9287.07,12.576384
1340.024497778362,9301.122,12.582808
1340.0258866733304,9272.494,12.564675
1340.0272755682988,9282.393,12.575145
1340.0286644632677,9289.941,12.586396
1340.030053358236,9302.884,12.592942
1340.0314422532044,9282.787,12.585167
1340.0328311481737,9291.961,12.583178
1340.034220043143,9278.2,12.584565
1340.035608938111,9298.273,12.595056
1340.0369978330793,9282.165,12.58896
1340.0383867280486,9279.712,12.58606
1340.0397756231334,9285.616,12.597712
1340.041164518102,9270.345,12.586626
1340.0425534130707,9271.779,12.607467
1340.043942308039,9303.134,12.60904
1340.0453312030077,9281.719,12.594849
1340.0467200980927,9276.438,12.599767
1340.048108993061,9281.966,12.60286
1340.0494978880304,9294.044,12.609068
1340.0508867831152,9294.187,12.613938
1340.052275678083,9289.939,12.618101
1340.0536645730524,9271.254,12.6043625
1340.055053468138,9280.232,12.6209345
1340.0564423631065,9272.22,12.606309
1340.0578312581913,9295.004,12.627774
1340.0592201531601,9296.928,12.622655
1340.060609048245,9295.241,12.628433
1340.0619979432133,9298.336,12.631451
1340.0633868382986,9297.0205,12.638245
1340.064775733384,9271.335,12.622133
1340.0661646283527,9285.065,12.631566
1340.0675535234368,9299.91,12.634874
1340.0689424185223,9303.225,12.638645
1340.0703313134916,9274.436,12.640654
1340.071720208576,9268.59,12.6298065
1340.0731091036607,9308.222,12.648263
1340.0744979987464,9275.611,12.638993
1340.0758868937144,9302.681,12.644652
1340.0772757887992,9291.215,12.645785
1340.0786646838849,9279.315,12.647956
1340.0800535789706,9306.468,12.666592
1340.0814424740554,9283.341,12.647563
1340.0828313691397,9298.207,12.654546
1340.0842202642255,9273.809,12.657573
1340.0856091593112,9276.611,12.6491
1340.0869980543953,9260.418,12.647695
1340.0883869494803,9286.581,12.654994
1340.089775844566,9264.279,12.651321
1340.0911647396508,9291.238,12.669175
1340.0925536347356,9260.522,12.651482
1340.0939425298207,9293.288,12.672179
1340.0953314249057,9280.796,12.66951
1340.0967203199905,9287.98,12.673051
1340.0981092150755,9286.69,12.666802
1340.0994981101605,9286.704,12.668986
1340.1008870053627,9278.244,12.674027
1340.1022759004475,9294.826,12.6839695
1340.1036647955323,9288.256,12.670443
1340.105053690618,9293.275,12.679339
1340.1064425858192,9284.164,12.675318
1340.1078314809045,9284.841,12.678876
1340.1092203759893,9276.414,12.677027
1340.1106092711905,9276.67,12.679443
1340.1119981662757,9292.0,12.687697
1340.113387061477,9275.384,12.67242
1340.1147759565617,9278.384,12.677614
1340.1161648516475,9286.543,12.686305
1340.117553746849,9282.762,12.68265
1340.118942641933,9309.217,12.704302
1340.1203315371351,9306.621,12.702801
1340.1217204322209,9295.992,12.690081
1340.1231093274216,9298.716,12.705402
1340.1244982226228,9284.551,12.698154
1340.1258871177085,9286.649,12.695003
1340.1272760129098,9264.09,12.68641
1340.1286649079948,9271.059,12.693576
1340.1300538031962,9281.262,12.697239
1340.1314426983981,9266.3955,12.690476
1340.1328315935996,9291.75,12.70662
1340.134220488684,9274.212,12.696342
1340.1356093838858,9273.636,12.697451
1340.1369982790877,9288.622,12.696775
1340.1383871742885,9283.401,12.702857
1340.1397760693735,9296.466,12.708579
1340.1411649645754,9292.974,12.708527
1340.1425538597762,9290.663,12.722796
1340.1439427549774,9303.632,12.724396
1340.1453316501795,9291.503,12.714968
1340.146720545381,9272.844,12.701694
1340.1481094405824,9271.47,12.715476
1340.1494983357836,9291.959,12.719907
1340.150887230985,9269.394,12.709511
1340.152276126187,9273.122,12.712057
1340.1536650213884,9293.104,12.716653
1340.1550539165898,9306.073,12.733796
1340.156442811792,9276.304,12.711993
1340.1578317069932,9299.582,12.738398
1340.1592206021944,9268.205,12.714437
1340.160609497396,9291.8,12.731948
1340.1619983927137,9270.998,12.712283
1340.163387287915,9296.412,12.747931
1340.1647761831166,9280.307,12.728101
1340.1661650783178,9290.749,12.738819
1340.16755397352,9274.507,12.728774
1340.1689428688376,9284.456,12.745963
1340.1703317640383,9286.49,12.729159
1340.1717206592405,9271.364,12.733896
1340.1731095545588,9266.78,12.73039
1340.1744984497593,9277.895,12.737048
1340.175887344961,9265.85,12.73899
1340.1772762402793,9288.411,12.754878
1340.1786651354807,9297.546,12.7511835
1340.180054030682,9288.222,12.752518
1340.1814429259996,9293.334,12.752595
1340.1828318212017,9275.003,12.7473
1340.1842207165196,9275.057,12.75301
1340.18560961172,9280.78,12.752862
1340.1869985070387,9285.3125,12.757395
1340.1883874022408,9290.417,12.761032
1340.189776297558,9295.888,12.763826
1340.1911651927592,9262.427,12.76267
1340.1925540880777,9292.468,12.764501
1340.193942983395,9288.064,12.768237
1340.195331878596,9281.934,12.774366
1340.1967207739146,9248.187,12.748956
1340.1981096692323,9294.867,12.769863
1340.1994985644337,9273.634,12.769909
1340.2008874597516,9293.918,12.777475
1340.2022763550701,9271.65,12.764904
1340.2036652503884,9269.06,12.761358
1340.205054145589,9291.22,12.7745905
1340.206443040907,9277.964,12.76991
1340.2078319362254,9292.264,12.776617
1340.2092208315432,9264.514,12.768208
1340.2106097268609,9280.921,12.771239
1340.211998622062,9291.059,12.776351
1340.2133875173802,9280.74,12.775539
1340.2147764126978,9278.816,12.781699
1340.2161653080154,9265.414,12.767411
1340.2175542033335,9295.547,12.780776
1340.2189430986518,9288.483,12.778758
1340.2203319939697,9302.371,12.791602
1340.2217208892866,9283.846,12.780746
1340.223109784605,9274.838,12.78397
1340.2244986799235,9287.272,12.796519
1340.2258875752414,9288.319,12.785557
1340.2272764705592,9291.953,12.789272
1340.2286653658769,9294.5,12.793914
1340.2300542611947,9287.986,12.790012
1340.2314431565126,9287.262,12.786742
1340.2328320518302,9270.295,12.788866
1340.2342209472652,9282.486,12.7897
1340.2356098425828,9294.371,12.797927
1340.2369987379,9274.365,12.795562
1340.2383876332185,9290.208,12.793127
1340.239776528537,9289.4,12.801755
1340.2411654239704,9286.355,12.808683
1340.2425543192883,9286.059,12.796617
1340.2439432146068,9278.877,12.798186
1340.2453321099238,9290.83,12.800025
1340.246721005358,9283.346,12.797341
1340.2481099006764,9303.849,12.814691
1340.2494987959947,9309.456,12.808038
1340.2508876914292,9290.076,12.807792
1340.2522765867461,9296.554,12.82033
1340.2536654821808,9262.306,12.799531
1340.2550543774994,9281.395,12.8042755
1340.2564432728166,9291.18,12.812279
1340.2578321682506,9291.3545,12.814513
1340.2592210635692,9266.081,12.793424
1340.2606099590032,9277.203,12.809684
1340.2619988543213,9298.07,12.815646
1340.2633877497553,9291.8545,12.816936
1340.264776645073,9277.215,12.819038
1340.2661655405075,9277.057,12.809317
1340.2675544359415,9295.312,12.824142
1340.2689433312592,9275.2295,12.820479
1340.270332226694,9267.715,12.820928
1340.271721122012,9291.562,12.82353
1340.2731100174462,9278.458,12.811115
1340.274498912881,9286.611,12.819824
1340.2758878081988,9278.06,12.8174095
1340.2772767036329,9286.246,12.819876
1340.2786655990672,9295.186,12.822904
1340.280054494385,9290.713,12.824902
1340.281443389819,9300.289,12.82668
1340.2828322852533,9283.166,12.829356
1340.2842211806876,9283.115,12.819942
1340.285610076006,9255.276,12.807588
1340.2869989714402,9290.869,12.829768
1340.2883878668738,9278.462,12.81775
1340.2897767623085,9272.243,12.820582
1340.2911656577432,9281.591,12.830063
1340.2925545531768,9276.9375,12.819226
1340.2939434484947,9313.635,12.844808
1340.2953323439294,9288.815,12.832407
1340.2967212393637,9287.672,12.841674
1340.298110134798,9284.603,12.852477
1340.299499030232,9267.833,12.823896
1340.300887925667,9276.787,12.831642
1340.302276821101,9275.344,12.839089
1340.3036657165346,9286.837,12.8359375
1340.3050546119696,9281.719,12.839517
1340.3064435074045,9291.421,12.841578
1340.307832402838,9284.579,12.847826
1340.3092212982722,9302.72,12.843192
1340.3106101937071,9289.702,12.841345
1340.3119990891412,9268.153,12.849594
1340.3133879845752,9290.078,12.856384
1340.3147768801261,9273.856,12.8336935
1340.3161657755602,9292.07,12.8575
1340.3175546709942,9281.605,12.83803
1340.3189435664287,9292.185,12.836808
1340.3203324618635,9292.743,12.8396
1340.3217213572982,9286.089,12.837531
1340.3231102528482,9288.118,12.839029
1340.3244991482823,9287.847,12.845329
1340.3258880437172,9265.252,12.832432
1340.3272769391515,9284.42,12.843464
1340.3286658347022,9300.807,12.8463745
1340.3300547301362,9278.424,12.839892
1340.3314436255705,9302.564,12.849923
1340.3328325210048,9276.586,12.844434
1340.3342214165552,9290.567,12.847351
1340.3356103119895,9278.319,12.840153
1340.3369992074242,9293.186,12.849574
1340.338388102975,9297.875,12.859382
1340.3397769984083,9272.633,12.847292
1340.3411658939597,9275.546,12.839812
1340.3425547893946,9278.062,12.838284
1340.3439436848287,9281.428,12.841657
1340.3453325803796,9282.268,12.842775
1340.3467214758136,9273.379,12.838292
1340.348110371364,9291.284,12.84869
1340.3494992667984,9279.793,12.844557
1340.350888162349,9272.2,12.85114
1340.352277057784,9287.384,12.856515
1340.3536659533345,9287.744,12.847175
1340.355054848768,9297.5,12.858923
1340.3564437443194,9294.098,12.851375
1340.3578326398706,9286.562,12.848486
1340.359221535304,9265.06,12.838646
1340.3606104308549,9301.847,12.851052
1340.3619993262896,9284.708,12.846996
1340.3633882218403,9294.578,12.858912
1340.3647771173908,9303.113,12.857356
1340.3661660128248,9283.362,12.847335
1340.3675549083762,9298.682,12.857341
1340.3689438039269,9253.317,12.831472
1340.3703326993602,9267.301,12.843405
1340.3717215949116,9281.002,12.851016
1340.373110490463,9299.387,12.854138
1340.3744993858966,9265.028,12.839556
1340.375888281447,9286.498,12.852855
1340.3772771769984,9294.083,12.851803
1340.3786660725489,9288.022,12.852717
1340.3800549680996,9280.018,12.847305
1340.3814438635338,9265.806,12.842201
1340.3828327590843,9274.2,12.851226
1340.384221654635,9268.367,12.840578
1340.3856105501857,9267.484,12.841872
1340.3869994457361,9299.139,12.856264
1340.3883883412875,9288.624,12.85226
1340.3897772367216,9276.642,12.855015
1340.3911661322722,9274.939,12.850412
1340.3925550278234,9285.989,12.853051
1340.3939439233743,9278.702,12.84446
1340.3953328189248,9285.19,12.854015
1340.3967217144752,9286.259,12.865992
1340.3981106100262,9272.08,12.850796
1340.3994995055766,9292.272,12.866966
1340.400888401127,9280.619,12.855346
1340.4022772966778,9297.283,12.8696785
1340.403666192229,9285.048,12.860816
1340.4050550877798,9289.164,12.862607
1340.4064439833296,9307.83,12.862174
1340.4078328788808,9263.434,12.849856
1340.4092217744321,9260.167,12.842479
1340.4106106699821,9278.495,12.859157
1340.4119995655326,9288.638,12.864321
1340.4133884612004,9272.097,12.850357
1340.4147773567518,9309.629,12.867445
1340.4161662523022,9288.677,12.868686
1340.4175551478522,9292.499,12.866825
1340.4189440434036,9272.584,12.853989
1340.420332938954,9289.394,12.856875
1340.421721834504,9290.304,12.857948
1340.4231107301719,9274.444,12.846468
1340.4244996257232,9278.365,12.862043
1340.425888521273,9274.685,12.855497
1340.4272774168237,9273.145,12.861477
1340.4286663124913,9287.759,12.8593445
1340.430055208042,9267.076,12.8492565
1340.4314441035924,9279.812,12.864178
1340.432832999143,9281.738,12.859644
1340.4342218948102,9283.226,12.857322
1340.4356107903607,9292.42,12.872845
1340.4369996859114,9262.891,12.852886
1340.438388581579,9278.68,12.859469
1340.4397774771303,9275.435,12.857699
1340.4411663726803,9284.741,12.867666
1340.4425552683472,9282.465,12.864023
1340.4439441638985,9281.623,12.862152
1340.445333059449,9269.172,12.855051
1340.4467219551163,9289.734,12.868839
1340.4481108506668,9260.91,12.85651
1340.4494997463337,9291.842,12.868762
1340.450888641885,9291.482,12.869126
1340.4522775374357,9293.206,12.868164
1340.453666433102,9258.426,12.856444
1340.4550553286533,9289.498,12.866262
1340.4564442243202,9274.01,12.859554
1340.4578331198702,9268.473,12.861506
1340.459222015538,9303.106,12.873114
1340.4606109110894,9283.769,12.869133
1340.4619998067558,9274.049,12.860136
1340.4633887023062,9259.585,12.855615
1340.464777597974,9297.858,12.868514
1340.4661664936418,9278.688,12.869984
1340.4675553891923,9291.697,12.873726
1340.4689442848587,9275.278,12.874925
1340.4703331804099,9277.583,12.881693
1340.471722076077,9281.656,12.880617
1340.4731109717434,9287.358,12.876058
1340.4744998672945,9285.245,12.8735485
1340.475888762962,9266.933,12.8695965
1340.477277658512,9288.698,12.887074
1340.478666554179,9296.606,12.8802185
1340.4800554498468,9295.215,12.880077
1340.4814443453974,9279.26,12.870467
1340.4828332410646,9284.315,12.880774
1340.4842221367314,9271.435,12.869959
1340.4856110323985,9292.545,12.88092
1340.4869999279497,9279.29,12.877126
1340.488388823617,9275.786,12.887035
1340.489777719284,9280.56,12.875093
1340.4911666149517,9273.288,12.876865
1340.4925555105015,9282.553,12.882262
1340.4939444061686,9282.842,12.876229
1340.4953333018364,9280.967,12.882939
1340.4967221975032,9278.962,12.889203
1340.4981110930537,9274.749,12.884925
1340.499499988721,9308.87,12.89438
1340.500888884388,9266.941,12.880247
1340.5022777800557,9283.198,12.887978
1340.5036666757226,9277.756,12.875958
1340.505055571389,9259.543,12.878527
1340.5064444670568,9304.962,12.898139
1340.5078333626072,9265.411,12.888854
1340.5092222582737,9292.076,12.891539
1340.5106111539415,9283.753,12.894961
1340.512000049609,9276.876,12.888329
1340.5133889452761,9274.321,12.889622
1340.514777840943,9265.355,12.890736
1340.51616673661,9298.249,12.899691
1340.5175556322777,9262.046,12.878388
1340.5189445279448,9286.882,12.8918705
1340.520333423611,9283.461,12.891159
1340.5217223192788,9263.88,12.89087
1340.5231112149459,9286.712,12.908321
1340.524500110612,9286.333,12.901901
1340.5258890062798,9257.359,12.873504
1340.5272779019476,9306.02,12.91371
1340.528666797614,9266.943,12.893703
1340.530055693281,9269.466,12.883982
1340.5314445889487,9285.674,12.904601
1340.5328334846156,9260.421,12.886559
1340.5342223802827,9300.077,12.902251
1340.5356112759498,9255.844,12.881323
1340.5370001716176,9272.525,12.895817
1340.5383890672852,9287.217,12.895644
1340.5397779630678,9268.514,12.886907
1340.541166858735,9272.155,12.895813
1340.5425557544027,9267.213,12.892626
1340.5439446500689,9307.18,12.902576
1340.545333545736,9281.468,12.895109
1340.5467224414035,9273.569,12.898513
1340.5481113370708,9297.628,12.905035
1340.5495002328541,9271.974,12.892994
1340.550889128521,9251.86,12.897447
1340.5522780241884,9300.152,12.904068
1340.553666919856,9275.974,12.888725
1340.555055815523,9290.061,12.899262
1340.5564447113056,9259.139,12.885465
1340.5578336069732,9315.677,12.9149275
1340.5592225026405,9274.057,12.891178
1340.5606113983074,9272.735,12.896893
1340.5620002940916,9284.953,12.894433
1340.5633891897585,9317.176,12.915266
1340.5647780854256,9284.247,12.895439
1340.566166981209,9283.333,12.899543
1340.567555876876,9277.867,12.896061
1340.5689447725438,9271.524,12.88717
1340.5703336682107,9276.717,12.897051
1340.5717225639935,9293.933,12.902781
1340.5731114596613,9287.15,12.894663
1340.574500355329,9294.655,12.899529
1340.5758892511117,9278.887,12.885599
1340.5772781467788,9295.341,12.895195
1340.578667042563,9282.455,12.892604
1340.5800559382292,9268.876,12.886265
1340.5814448338963,9255.537,12.875244
1340.5828337296803,9285.092,12.890955
1340.5842226253478,9276.5,12.898906
1340.5856115210152,9277.286,12.88874
1340.5870004167978,9280.333,12.899889
1340.5883893124653,9284.039,12.886976
1340.5897782082495,9288.327,12.896785
1340.591167103916,9289.069,12.886948
1340.593944895367,9273.402,12.888227
1340.5953337911499,9271.134,12.886788
1340.5967226868167,9273.851,12.881289
1340.598111582601,9268.797,12.873684
1340.5995004782678,9274.6045,12.877848
1340.6008893740516,9263.489,12.875993
1340.6022782697185,9274.262,12.883771
1340.6036671655017,9299.496,12.894278
1340.6050560611695,9300.749,12.8862
1340.606444956953,9298.941,12.895001
1340.6078338526202,9259.431,12.863172
1340.6092227484041,9264.238,12.884698
1340.6106116440712,9248.881,12.86626
1340.6120005398545,9274.587,12.867445
1340.613389435638,9253.472,12.869492
1340.6147783313052,9230.335,12.848942
1340.6161672270885,9234.911,12.855373
1340.6175561227556,9235.852,12.848723
1340.618945018539,9246.788,12.8577585
1340.6203339143233,9239.776,12.85526
1340.6217228099902,9241.883,12.854667
1340.623111705773,9228.036,12.83995
1340.6245006014406,9229.386,12.84557
1340.6258894972245,9230.959,12.8533745
1340.6272783930074,9226.059,12.846936
1340.6286672886745,9226.002,12.850629
1340.6300561844585,9213.389,12.839313
1340.6314450802422,9237.446,12.851618
1340.6328339760255,9218.383,12.831449
1340.6342228716924,9221.288,12.843316
1340.6356117674766,9205.852,12.830542
1340.6370006632599,9232.475,12.840113
1340.6383895589263,9222.441,12.840245
1340.6425562462775,9203.196,12.836056
1340.6439451419444,9227.671,12.841029
1340.6453340377286,9225.446,12.838037
1340.646722933512,9209.066,12.821954
1340.6481118292952,9236.246,12.838266
1340.6495007249625,9221.27,12.835232
1340.6508896207458,9233.186,12.840505
1340.6522785165291,9231.716,12.830441
1340.6536674123129,9224.949,12.829846
1340.6550563080968,9207.051,12.825259
1340.6564452037644,9213.069,12.830665
1340.6578340995472,9208.048,12.822056
1340.6592229953305,9218.393,12.822338
1340.6606118911147,9199.704,12.815271
1340.6620007868983,9223.471,12.8254595
1340.6633896826818,9223.839,12.839923
1340.664778578465,9226.491,12.824134
1340.6661674741322,9211.118,12.823628
1340.6675563699157,9225.727,12.822304
1340.668945265699,9206.686,12.8157835
1340.6703341614825,9223.793,12.818949
1340.6717230572665,9215.403,12.822694
1340.6745008488326,9211.168,12.815447
1340.6758897446168,9212.897,12.8172655
1340.677278640401,9222.788,12.817472
1340.6786675361843,9211.42,12.80845
1340.681445327635,9215.753,12.818879
1340.6828342234191,9223.272,12.821601
1340.6842231192024,9210.195,12.809198
1340.6856120149853,9244.878,12.824679
1340.6883898065528,9215.261,12.8143835
1340.6897787023356,9206.5205,12.813876
1340.6911675981198,9224.812,12.826393
1340.6939453896864,9230.691,12.813622
1340.6953342854702,9225.51,12.818636
1340.6967231812541,9208.182,12.807397
1340.6981120770376,9206.153,12.815299
1340.699500972821,9205.998,12.811272
1340.7008898686042,9214.537,12.807732
1340.7022787643884,9213.536,12.815738
1340.703667660172,9213.749,12.818334
1340.705056556071,9216.597,12.813739
1340.7064454518552,9228.532,12.818322
1340.7078343476394,9236.818,12.815454
1340.7092232434222,9207.171,12.810023
1340.7106121392055,9222.5,12.82086
1340.7120010349897,9200.648,12.803449
1340.713389930773,9202.789,12.804866
1340.7147788265565,9223.221,12.81429
1340.71616772234,9202.107,12.804313
1340.7175566181234,9221.577,12.816475
1340.7189455139076,9229.547,12.817848
1340.7203344098073,9240.93,12.820204
1340.72172330559,9210.988,12.81211
1340.7231122013743,9228.394,12.82845
1340.7245010971576,9214.117,12.806754
1340.7258899929411,9222.832,12.830039
1340.727278888725,9232.606,12.816916
1340.7286677846253,9216.168,12.811223
1340.7300566804086,9233.347,12.81852
1340.7314455761918,9223.692,12.827888
1340.7328344719756,9229.159,12.815735
1340.7342233677596,9246.567,12.816424
1340.735612263543,9239.629,12.819814
1340.7370011594421,9236.555,12.822679
1340.738390055226,9253.344,12.83169
1340.7397789510103,9265.741,12.83026
1340.7411678467931,9260.229,12.832902
1340.7425567425764,9272.369,12.835635
1340.743945638477,9273.084,12.8342905
1340.7453345342599,9284.832,12.8443
1340.7467234300432,9239.825,12.823405
1340.7481123258274,9275.277,12.835865
1340.749501221728,9273.57,12.834241
1340.7508901175113,9275.702,12.845379
1340.7522790132941,9291.303,12.848141
1340.7536679090783,9286.004,12.8443
1340.755056804979,9273.478,12.837954
1340.7564457007616,9285.904,12.847437
1340.757834596545,9276.0205,12.842041
1340.7592234924457,9285.54,12.840146
1340.7606123882283,9288.176,12.855662
1340.7620012840118,9272.113,12.848274
1340.7633901799122,9278.009,12.844894
1340.7647790756957,9267.5205,12.84196
1340.766167971479,9285.043,12.852636
1340.7675568672626,9286.454,12.851602
1340.7689457631625,9262.296,12.841946
1340.7703346589467,9268.326,12.838571
1340.77172355473,9279.879,12.848161
1340.7731124506292,9270.601,12.844057
1340.7745013464134,9279.751,12.849644
1340.7758902423138,9262.24,12.843653
1340.7772791380974,9279.316,12.85629
1340.7786680338806,9278.866,12.853929
1340.7800569297804,9291.14,12.855757
1340.781445825564,9271.968,12.853946
1340.7828347213474,9268.642,12.849952
1340.784223617247,9275.436,12.847982
1340.7856125130313,9261.182,12.850512
1340.7870014089312,9265.191,12.847126
1340.7883903047139,9263.076,12.851732
1340.789779200498,9277.423,12.854086
1340.7911680963987,9275.618,12.874679
1340.7925569921815,9277.863,12.856303
1340.7939458880812,9292.484,12.864249
1340.7953347838654,9293.032,12.8598
1340.7967236797647,9280.513,12.847081
1340.798112575548,9259.563,12.855059
1340.7995014713322,9255.617,12.864581
1340.8008903672328,9290.255,12.866053
1340.802279263016,9283.22,12.857462
1340.8036681589153,9284.336,12.861018
1340.8050570546993,9253.094,12.8512745
1340.8064459505997,9301.032,12.873682
1340.8078348463825,9261.642,12.860129
1340.8092237422825,9271.787,12.85613
1340.8106126380665,9258.811,12.864282
1340.8120015339666,9286.071,12.858877
1340.81339042975,9281.031,12.858471
1340.8147793256496,9294.037,12.867452
1340.8161682214331,9268.081,12.8646
1340.817557117333,9279.946,12.862555
1340.8189460131164,9278.04,12.861192
1340.8203349090163,9290.26,12.864333
1340.8217238048003,9279.749,12.860749
1340.8231127007004,9294.71,12.870147
1340.8245015964837,9269.481,12.858148
1340.8258904923844,9261.718,12.851598
1340.8272793881677,9288.175,12.863841
1340.8286682840674,9286.164,12.873092
1340.830057179851,9281.255,12.867114
1340.8314460757508,9272.137,12.857957
1340.8328349716514,9304.948,12.879193
1340.8342238674347,9293.336,12.871125
1340.835612763334,9293.305,12.87418
1340.8370016591182,9292.709,12.870756
1340.838390555018,9269.503,12.86276
1340.8397794508007,9279.85,12.862804
1340.8411683467014,9280.808,12.876369
1340.8425572426017,9281.041,12.8713
1340.8439461383844,9288.715,12.869405
1340.8453350342845,9263.099,12.852429
1340.8467239300685,9272.526,12.854248
1340.8481128259689,9287.122,12.855726
1340.849501721869,9284.406,12.864863
1340.8508906176517,9281.086,12.861745
1340.852279513552,9285.282,12.857196
1340.8536684093356,9271.574,12.860389
1340.8550573052346,9294.552,12.865584
1340.8564462011352,9267.534,12.861567
1340.8578350969194,9292.136,12.861434
1340.8592239928187,9263.8,12.84624
1340.8606128887184,9278.593,12.85968
1340.8620017845026,9265.879,12.8520775
1340.8633906804023,9303.892,12.865537
1340.864779576186,9274.206,12.849408
1340.8661684720857,9270.894,12.842915
1340.8675573679855,9277.92,12.855301
1340.8689462637697,9291.828,12.853771
1340.8703351596694,9267.915,12.851137
1340.8717240555695,9275.246,12.851883
1340.8731129513535,9255.521,12.839915
1340.8745018472525,9275.86,12.84807
1340.8758907431527,9289.134,12.860693
1340.877279639053,9297.74,12.855873
1340.8786685348366,9280.256,12.848193
1340.8800574307363,9281.894,12.85357
1340.881446326636,9287.98,12.849696
1340.8828352224198,9271.304,12.846019
1340.8842241183202,9259.082,12.84356
1340.88561301422,9268.839,12.839857
1340.887001910003,9308.904,12.860078
1340.8883908059033,9290.759,12.852685
1340.8897797018037,9277.022,12.841704
1340.891168597703,9276.962,12.838244
1340.8925574934863,9277.826,12.843851
1340.8939463893869,9287.873,12.8505125
1340.8953352852868,9274.822,12.841782
1340.8967241811868,9270.868,12.836444
1340.89811307697,9280.246,12.842638
1340.8995019728707,9289.822,12.852738
1340.9008908687704,9298.017,12.852104
1340.9022797646696,9291.8545,12.844774
1340.9036686604538,9271.057,12.844467
1340.9050575563544,9291.041,12.845911
1340.9064464522535,9293.243,12.847156
1340.9078353481534,9281.5,12.840816
1340.9092242439376,9277.779,12.843849
1340.9106131398366,9279.438,12.8433275
1340.9120020357366,9274.63,12.834532
1340.9133909316372,9264.412,12.831089
1340.914779827537,9295.796,12.831686
1340.9161687233202,9310.896,12.855023
1340.9175576192201,9297.978,12.852872
1340.9189465151205,9299.22,12.841179
1340.9203354110211,9296.021,12.836768
1340.9217243069204,9301.146,12.840915
1340.9231132027037,9288.838,12.847673
1340.9245020986043,9292.183,12.845083
1340.9258909945042,9287.061,12.833437
1340.9272798904042,9270.701,12.830524
1340.928668786304,9282.275,12.822586
1340.9300576820874,9273.268,12.827331
1340.9314465779873,9273.163,12.826048
1340.932835473887,9269.2,12.825164
1340.9342243697868,9287.663,12.829345
1340.9356132656874,9276.483,12.828974
1340.9370021615873,9295.767,12.8461895
1340.93839105737,9278.821,12.824479
1340.9397799532705,9277.483,12.822787
1340.9425577450709,9278.284,12.831196
1340.9439466409708,9289.119,12.828385
1340.9453355368707,9276.103,12.826334
1340.9481133285547,9268.038,12.833285
1340.949502224454,9280.064,12.8187895
1340.9508911203545,9255.093,12.809694
1340.9522800162542,9273.114,12.812474
1340.9536689121535,9266.252,12.809075
1340.955057808054,9291.033,12.834856
1340.9564467039545,9270.785,12.814835
1340.957835599737,9298.431,12.825531
1340.959224495637,9309.181,12.8419485
1340.9620022874376,9283.615,12.81908
1340.9633911833373,9296.329,12.826402
1340.964780079237,9289.635,12.822304
1340.9661689751376,9283.479,12.816405
1340.9675578710376,9261.961,12.809634
1340.9717245586214,9264.718,12.805117
1340.9731134545207,9277.695,12.814931
1340.9745023504204,9261.303,12.802058
1340.975891246321,9278.207,12.809418
1340.9772801422207,9283.064,12.816928
1340.9786690381206,9281.958,12.816634
1340.9800579340206,9299.721,12.817019
1340.9814468299203,9266.961,12.803415
1340.982835725821,9314.767,12.818652
1340.9842246217206,9282.6045,12.805616
1340.9856135176199,9273.876,12.801591
1340.9870024135205,9263.908,12.804777
1340.9883913094202,9280.194,12.812983
1340.9897802052037,9258.352,12.796981
1340.991169101104,9291.459,12.805624
1340.9925579970043,9265.183,12.80161
1340.993946892904,9281.16,12.806803
1340.9953357888037,9306.997,12.821653
1340.9967246847036,9275.528,12.8056755
1340.998113580604,9274.873,12.802887
1340.9995024765042,9292.324,12.807013
1341.0008913724032,9278.398,12.80442
1341.0022802683036,9282.739,12.80268
1341.0036691642042,9285.699,12.807517
1341.0050580601035,9287.211,12.806171
1341.0064469560032,9287.73,12.811282
1341.0078358519038,9297.705,12.819445
1341.009224747803,9273.429,12.80057
1341.0106136437028,9291.677,12.807975
1341.0120025396034,9305.719,12.814232
1341.013391435504,9285.264,12.816391
1341.0147803314037,9299.181,12.815934
1341.016169227303,9280.333,12.804575
1341.0175581232036,9275.637,12.804888
1341.0189470191042,9269.997,12.802188
1341.0203359150032,9273.607,12.810349
1341.0217248109032,9267.992,12.813274
1341.0231137068035,9252.513,12.797246
1341.0245026027026,9300.256,12.819841
1341.0258914986027,9260.54,12.807545
1341.0272803945031,9302.959,12.818032
1341.028669290403,9276.645,12.815671
1341.0300581863028,9271.758,12.807479
1341.0314470822027,9287.933,12.81029
1341.0328359781026,9286.409,12.813689
1341.0342248740033,9278.241,12.812395
1341.035613769903,9276.485,12.809984
1341.0370026658027,9269.067,12.8141985
1341.0383915617033,9277.271,12.808539
1341.039780457603,9269.615,12.815162
1341.0411693535032,9284.829,12.815291
1341.0425582494029,9293.666,12.823056
1341.0439471453026,9280.246,12.814409
1341.0453360412027,9284.41,12.820472
1341.0467249371025,9277.661,12.815643
1341.0481138330022,9296.519,12.824744
1341.0495027289028,9289.811,12.828082
1341.0508916248025,9304.874,12.818624
1341.0522805207017,9279.283,12.811388
1341.0536694166024,9286.942,12.817541
1341.055058312503,9290.643,12.825196
1341.0564472084022,9288.924,12.815795
1341.057836104302,9274.616,12.811103
1341.0592250002026,9281.472,12.829231
1341.0606138961023,9299.772,12.823994
1341.062002792002,9294.365,12.832417
1341.0633916880186,9277.075,12.8175125
1341.064780583919,9275.927,12.823542
1341.0661694798189,9283.318,12.820468
1341.0675583757181,9292.284,12.820175
1341.0689472716185,9293.533,12.8266945
1341.070336167519,9273.544,12.814391
1341.0717250634182,9289.023,12.828327
1341.0731139593179,9285.723,12.817312
1341.0745028552185,9293.34,12.823796
1341.0758917511184,9282.738,12.829813
1341.0772806470184,9285.469,12.825802
1341.078669542918,9274.273,12.823594
1341.080058438818,9281.302,12.8366785
1341.0814473347184,9290.825,12.8280945
1341.0828362306186,9270.062,12.820954
1341.0842251265176,9266.5625,12.816108
1341.0856140225344,9274.544,12.820805
1341.0870029184343,9280.015,12.829927
1341.0883918143343,9289.005,12.831227
1341.089780710235,9268.066,12.82056
1341.0911696061346,9287.159,12.823316
1341.0925585020343,9265.978,12.829271
1341.0939473979345,9294.027,12.830428
1341.0953362938342,9283.1045,12.818784
1341.0967251897348,9264.966,12.817328
1341.0981140856345,9292.94,12.831317
1341.0995029815338,9265.838,12.833645
1341.1008918774344,9284.835,12.825509
1341.1022807734505,9268.969,12.825418
1341.1036696693498,9288.968,12.833789
1341.1050585652504,9275.5625,12.816671
1341.1064474611508,9249.222,12.804499
1341.1078363570498,9284.751,12.831372
1341.10922525295,9284.061,12.818795
1341.1106141488503,9297.851,12.841499
1341.1120030447507,9300.543,12.830557
1341.1133919406507,9301.099,12.832209
1341.1147808365497,9283.691,12.82475
1341.1161697325667,9298.319,12.823502
1341.1175586284673,9306.2,12.835705
1341.1189475243666,9300.863,12.830232
1341.1203364202663,9300.642,12.842018
1341.121725316167,9296.899,12.821646
1341.1231142120662,9277.338,12.812805
1341.124503107966,9285.76,12.815442
1341.1258920038665,9278.344,12.820497
1341.1272808997662,9287.0625,12.815915
1341.1286697957826,9296.575,12.825771
1341.1300586916825,9280.881,12.816871
1341.1314475875822,9269.429,12.811794
1341.1328364834828,9286.813,12.823356
1341.1342253793825,9270.936,12.808549
1341.1356142752827,9296.5,12.82269
1341.137003171183,9293.254,12.82388
1341.138392067083,9283.4375,12.811734
1341.1397809629827,9264.649,12.805615
1341.1411698589989,9291.246,12.814536
1341.142558754899,9303.704,12.815475
1341.1439476507987,9256.981,12.816146
1341.1453365466984,9310.923,12.823469
1341.1467254425986,9291.756,12.814841
1341.148114338499,9280.555,12.814693
1341.149503234399,9296.517,12.813337
1341.150892130298,9295.961,12.818134
1341.1522810263148,9263.925,12.810588
1341.1536699222154,9282.003,12.808882
1341.1550588181146,9276.099,12.808968
1341.1564477140143,9288.736,12.814795
1341.157836609915,9285.767,12.809345
1341.1592255058156,9262.533,12.7980795
1341.1606144017153,9268.544,12.80445
1341.162003297731,9280.595,12.8022175
1341.1633921936316,9288.546,12.805836
1341.1647810895313,9285.618,12.801768
1341.1661699854305,9294.707,12.814995
1341.1675588813312,9273.7295,12.800477
1341.1689477772318,9285.248,12.80715
1341.1703366731308,9304.112,12.809821
1341.1717255690307,9290.081,12.808262
1341.1731144650478,9277.564,12.796788
1341.1745033609475,9286.073,12.809783
1341.1758922568472,9297.669,12.804962
1341.1772811527471,9291.484,12.802147
1341.178670048647,9273.491,12.804003
1341.1800589445477,9255.595,12.800738
1341.1814478404474,9282.344,12.805517
1341.1828367364635,9282.395,12.807756
1341.1842256323641,9275.564,12.801097
1341.1856145282634,9283.405,12.806089
1341.187003424163,9268.143,12.79279
1341.1883923200637,9282.343,12.796895
1341.1897812159636,9268.013,12.79518
1341.1911701118636,9284.337,12.807611
1341.1925590078797,9277.506,12.7963505
1341.1939479037794,9291.931,12.802968
1341.19533679968,9274.052,12.790802
1341.19672569558,9293.648,12.808491
1341.198114591479,9295.489,12.796739
1341.1995034873796,9274.118,12.794857
1341.2008923833966,9268.527,12.78431
1341.202281279296,9283.684,12.796773
1341.2036701751956,9265.567,12.788514
1341.2050590710962,9278.363,12.792022
1341.206447966996,9279.67,12.786159
1341.2078368628959,9296.98,12.80137
1341.2092257587958,9267.241,12.784784
1341.2106146548128,9285.381,12.790164
1341.2120035507126,9299.805,12.802436
1341.2133924466118,9302.163,12.802428
1341.2147813425124,9298.45,12.798257
1341.2161702384128,9267.308,12.794913
1341.2175591343118,9311.158,12.800757
1341.2189480302118,9288.657,12.789377
1341.2203369262286,9272.31,12.78358
1341.2217258221278,9287.863,12.788139
1341.2231147180278,9280.472,12.786557
1341.2245036139282,9294.752,12.795747
1341.2258925098283,9276.545,12.784214
1341.227281405728,9272.446,12.788757
1341.2286703017442,9292.248,12.794655
1341.2300591976448,9277.788,12.78571
1341.2314480935454,9295.092,12.793005
1341.2328369894446,9285.707,12.787784
1341.2342258853444,9281.063,12.799802
1341.235614781245,9285.898,12.790079
1341.2370036771447,9288.127,12.781398
1341.238392573161,9292.943,12.787817
1341.239781469061,9316.059,12.797907
1341.2411703649607,9292.076,12.788821
1341.2425592608606,9277.712,12.775435
1341.2439481567606,9289.951,12.797639
1341.2453370526603,9273.441,12.772467
1341.2467259486773,9299.401,12.794435
1341.248114844577,9280.866,12.775077
1341.2495037404763,9278.918,12.77824
1341.2508926363769,9307.629,12.802295
1341.2522815322775,9272.594,12.768473
1341.2536704281772,9254.602,12.771735
1341.2550593241933,9291.467,12.786044
1341.2564482200933,9264.644,12.769636
1341.2578371159937,9284.93,12.778974
1341.2592260118938,9283.607,12.772304
1341.2606149077928,9286.939,12.776236
1341.2620038036932,9288.3545,12.781759
1341.2633926995934,9273.577,12.770407
1341.2647815956088,9293.936,12.789886
1341.2661704915092,9287.983,12.782277
1341.2675593874098,9286.716,12.793853
1341.268948283309,9274.495,12.7674465
1341.2703371792088,9266.814,12.771556
1341.2717260751094,9285.915,12.763578
1341.2731149711256,9252.066,12.7609625
1341.2745038670257,9260.24,12.770303
1341.2758927629254,9293.294,12.781441
1341.277281658826,9299.993,12.7807
1341.2786705547267,9281.261,12.77565
1341.2800594506257,9304.097,12.7905035
1341.2814483465256,9266.838,12.761723
1341.2828372425424,9279.143,12.774721
1341.2842261384415,9284.927,12.771618
1341.2856150343416,9299.073,12.780373
1341.287003930242,9288.06,12.770222
1341.288392826142,9268.226,12.762551
1341.2897817220417,9282.64,12.773688
1341.291170618058,9288.821,12.770613
1341.292559513958,9272.684,12.779487
1341.2939484098586,9290.734,12.768355
1341.2953373057583,9272.634,12.769006
1341.2967262016575,9254.541,12.75475
1341.298115097558,9304.036,12.777737
1341.2995039934583,9274.663,12.767088
1341.3008928894749,9299.578,12.780209
1341.3022817853746,9296.186,12.774755
1341.3036706812743,9290.303,12.788353
1341.3050595771745,9305.1,12.773633
1341.3064484730742,9294.374,12.769944
1341.3078373689739,9276.93,12.753717
1341.3092262648745,9281.533,12.76483
1341.3106151608906,9291.398,12.769067
1341.3120040567899,9289.306,12.765304
1341.3133929526905,9296.574,12.774136
1341.314781848591,9270.935,12.753963
1341.3161707444904,9264.127,12.763448
1341.31755964039,9291.3955,12.767436
1341.3189485362907,9294.722,12.780824
1341.3203374323068,9292.836,12.765602
1341.3217263282065,9268.026,12.751178
1341.3231152241067,9257.472,12.747259
1341.324504120007,9281.774,12.759519
1341.325893015907,9265.431,12.750296
1341.3272819118063,9281.259,12.757765
1341.3286708077067,9272.2295,12.758163
1341.3300597037235,9270.511,12.757895
1341.3314485996227,9263.523,12.762922
1341.3328374955224,9272.432,12.747477
1341.334226391423,9288.164,12.762507
1341.335615287323,9300.045,12.765639
1341.337004183223,9289.176,12.754782
1341.3383930791226,9263.256,12.752856
1341.3397819750226,9255.337,12.7485695
1341.3411708710394,9291.6045,12.76227
1341.3425597669395,9291.941,12.770076
1341.3439486628386,9270.757,12.753371
1341.345337558739,9279.466,12.762228
1341.3467264546389,9285.347,12.759017
1341.3481153505388,9284.74,12.767543
1341.3495042464394,9295.721,12.769981
1341.3508931424556,9275.482,12.759308
1341.3522820383553,9293.04,12.769629
1341.3536709342554,9283.875,12.762535
1341.3550598301551,9281.886,12.760615
1341.3564487260558,9285.867,12.7558155
1341.3578376219555,9271.126,12.768815
1341.3592265178547,9288.551,12.768329
1341.3606154137553,9260.679,12.754652
1341.3620043097721,9299.707,12.759389
1341.3633932056712,9273.124,12.76082
1341.3647821015713,9256.664,12.751659
1341.3661709974717,9291.702,12.76501
1341.3675598933708,9298.152,12.771397
1341.368948789271,9285.576,12.764485
1341.3703376851713,9300.744,12.769696
1341.3717265810712,9289.243,12.758437
1341.373115476971,9291.82,12.763408
1341.374504372987,9265.095,12.753254
1341.3758932688877,9286.657,12.771652
1341.3772821647883,9279.11,12.766092
1341.3786710606876,9261.688,12.752859
1341.3800599565873,9314.23,12.781398
1341.381448852488,9276.653,12.76347
1341.3828377483876,9288.645,12.772769
1341.3842266442878,9297.326,12.773466
1341.3856155401875,9288.905,12.762259
1341.3870044362036,9312.676,12.773887
1341.3883933321035,9276.943,12.768151
1341.3897822280035,9274.184,12.753911
1341.3911711239032,9283.433,12.763473
1341.3925600198038,9282.276,12.769033
1341.3939489157035,9279.88,12.766109
1341.3953378116028,9292.159,12.776553
1341.3967267075034,9263.228,12.765976
1341.398115603404,9291.629,12.7747555
1341.3995044993037,9278.862,12.759636
1341.4008933952034,9278.071,12.767165
1341.40228229122,9282.525,12.771506
1341.4036711871204,9263.826,12.76344
1341.4050600830203,9288.557,12.773818
1341.4064489789196,9310.514,12.781069
1341.40783787482,9264.089,12.764044
1341.40922677072,9255.647,12.770344
1341.410615666619,9291.322,12.782732
1341.4120045625193,9284.632,12.775593
1341.41339345842,9293.407,12.777469
1341.4147823543192,9279.095,12.772671
1341.416171250219,9287.135,12.771535
1341.417560146236,9277.3125,12.771502
1341.4189490421359,9263.254,12.76058
1341.4203379380358,9281.802,12.770802
1341.4217268339355,9270.602,12.769707
1341.4245046257367,9288.329,12.791835
1341.4258935216358,9295.592,12.784037
1341.4272824175357,9285.1455,12.776961
1341.4286713134363,9296.066,12.785099
1341.4300602093354,9283.291,12.783561
1341.4314491052353,9297.45,12.777617
1341.432838001136,9268.9,12.775758
1341.4342268970356,9286.188,12.77724
1341.4356157929353,9282.622,12.775055
1341.4370046888353,9282.277,12.768511
1341.4383935848516,9287.74,12.783736
1341.4397824807522,9250.511,12.75877
1341.441171376652,9281.302,12.781333
1341.4425602725512,9293.732,12.786739
1341.4439491684518,9281.075,12.7832365
1341.4453380643522,9262.787,12.785169
1341.4467269602521,9297.212,12.781377
1341.4481158561518,9302.64,12.78528
1341.4495047520518,9256.936,12.76971
1341.4508936479517,9268.603,12.776792
1341.4522825438514,9274.864,12.782173
1341.4536714397511,9305.928,12.790492
1341.4550603356518,9268.461,12.776314
1341.4564492315517,9288.21,12.776525
1341.4578381274507,9293.28,12.78147
1341.4592270233513,9281.374,12.781632
1341.460615919252,9287.239,12.783302
1341.4620048151512,9273.684,12.791279
1341.463393711051,9302.236,12.792718
1341.4661715028512,9273.197,12.78574
1341.4675603987512,9289.915,12.781939
1341.468949294651,9309.17,12.79232
1341.4703381906681,9281.628,12.793372
1341.4717270865679,9304.066,12.793895
1341.473115982467,9296.189,12.783134
1341.4745048783677,9301.859,12.794745
1341.4758937742681,9308.533,12.796832
1341.4772826701671,9291.345,12.7889805
1341.478671566067,9295.219,12.789629
1341.4800604619675,9292.505,12.78702
1341.4814493578676,9280.375,12.789733
1341.4828382537673,9281.15,12.78595
1341.484227149667,9283.119,12.79541
1341.4856160455672,9274.34,12.795113
1341.4870049414676,9284.951,12.788814
1341.4883938373675,9292.838,12.792546
1341.4897827332666,9291.122,12.794029
1341.491171629167,9275.845,12.781206
1341.4925605250671,9301.222,12.807017
1341.4939494209668,9263.36,12.783006
1341.4953383168674,9275.164,12.785928
1341.4967272127672,9295.49,12.793485
1341.498116108667,9285.715,12.794207
1341.499505004567,9299.556,12.798322
1341.5008939004667,9279.044,12.789844
1341.5022827963674,9279.608,12.78907
1341.503671692267,9274.937,12.789598
1341.5050605881663,9259.466,12.786028
1341.506449484067,9272.642,12.790014
1341.5078383799676,9274.038,12.795333
1341.5092272758666,9263.299,12.788198
1341.5106161717665,9268.696,12.786955
1341.5120050676671,9288.788,12.807452
1341.5133939635662,9283.464,12.798683
1341.5147828593497,9307.226,12.81181
1341.51617175525,9281.712,12.811538
1341.5175606511505,9255.079,12.785251
1341.5189495470506,9281.584,12.802905
1341.5203384429497,9294.154,12.816606
1341.52172733885,9290.595,12.806945
1341.5231162347507,9282.05,12.800914
1341.52450513065,9314.941,12.814409
1341.5258940265496,9292.465,12.811572
1341.5272829224502,9284.278,12.809544
1341.5286718183502,9286.421,12.811438
1341.53006071425,9300.151,12.811969
1341.5314496101498,9274.425,12.796881
1341.5328385060495,9272.678,12.807499
1341.5342274019497,9280.271,12.804713
1341.5356162978494,9288.592,12.805201
1341.537005193749,9251.028,12.803309
1341.5383940896497,9268.528,12.806229
1341.5397829855497,9302.08,12.808728
1341.5411718814496,9281.095,12.809961
1341.54256077735,9289.758,12.808336
1341.5439496731335,9291.746,12.816182
1341.5453385690332,9287.574,12.811686
1341.5467274649332,9272.231,12.807346
1341.548116360833,9308.412,12.834369
1341.5495052567337,9284.708,12.810383
1341.5508941526334,9272.415,12.813764
1341.5522830485327,9281.523,12.811019
1341.5536719444333,9312.227,12.829502
1341.555060840333,9277.6875,12.827383
1341.5564497362323,9287.994,12.82168
1341.5578386321326,9287.152,12.807228
1341.559227528033,9286.461,12.813685
1341.5606164239323,9278.864,12.8055525
1341.5620053197158,9287.772,12.822839
1341.5633942156162,9275.825,12.81286
1341.5647831115168,9291.214,12.8184
1341.5661720074168,9270.209,12.817557
1341.5675609033158,9260.4375,12.802329
1341.5689497992164,9284.78,12.817663
1341.570338695117,9281.925,12.81108
1341.5717275910163,9287.242,12.819993
1341.573116486916,9311.375,12.8192835
1341.5745053828166,9298.113,12.82612
1341.5758942785994,9287.99,12.811099
1341.5772831744991,9292.202,12.82126
1341.5786720703998,9291.417,12.818599
1341.5800609662995,9284.197,12.820534
1341.5814498621992,9279.641,12.815482
1341.5828387580993,9271.607,12.814737
1341.584227653999,9278.91,12.807768
1341.5856165498997,9262.175,12.801316
1341.587005445683,9272.47,12.809493
1341.588394341583,9274.354,12.818183
1341.5897832374833,9288.758,12.813241
1341.5911721333835,9287.049,12.808328
1341.5925610292832,9287.424,12.815328
1341.5939499251829,9274.42,12.809142
1341.5953388210828,9274.222,12.806354
1341.5967277168663,9300.661,12.823664
1341.598116612766,9295.463,12.820112
1341.599505508666,9287.934,12.813934
1341.6008944045664,9278.247,12.8010235
1341.6022833004665,9302.538,12.813001
1341.6036721963656,9289.889,12.816941
1341.6050610921495,9274.53,12.812759
1341.6064499880501,9294.423,12.817915
1341.6078388839494,9293.738,12.817324
1341.609227779849,9276.708,12.80656
1341.6106166757497,9310.95,12.823201
1341.6120055716503,9288.101,12.810338
1341.6133944674336,9289.196,12.81081
1341.614783363333,9276.838,12.800762
1341.6161722592335,9287.583,12.815354
1341.6175611551332,9279.2295,12.806301
1341.6189500510325,9287.465,12.814788
1341.620338946933,9265.634,12.795102
1341.621727842717,9268.494,12.803353
1341.623116738616,9303.352,12.818739
1341.6245056345163,9278.317,12.796351
1341.6258945304166,9293.026,12.806536
1341.6272834263166,9281.475,12.819575
1341.6286723220999,9303.528,12.822761
1341.6300612179998,9294.601,12.814994
1341.6314501138997,9291.733,12.8078985
1341.6328390098004,9282.057,12.804784
1341.6342279057,9273.215,12.791001
1341.6356168014834,9263.059,12.799883
1341.637005697384,9271.487,12.815443
1341.6383945932837,9306.769,12.8140335
1341.6397834891839,9299.651,12.817116
1341.6411723849671,9309.442,12.809668
1341.6425612808669,9265.827,12.796738
1341.643950176767,9288.309,12.805258
1341.6453390726667,9286.253,12.800552
1341.6467279685664,9289.333,12.810831
1341.6481168643506,9282.551,12.791444
1341.6495057602503,9270.893,12.799875
1341.6508946561496,9284.273,12.796561
1341.6522835520502,9295.763,12.801575
1341.6536724478344,9288.933,12.7964945
1341.6550613437337,9281.0205,12.790838
1341.6564502396334,9269.212,12.79242
1341.657839135534,9285.521,12.797005
1341.660616927218,9272.431,12.7834835
1341.6620058231172,9286.985,12.798986
1341.6633947190176,9280.828,12.791773
1341.664783614801,9290.687,12.791181
1341.6661725107003,9276.515,12.794924
1341.6675614066007,9265.587,12.785121
1341.6689503025011,9296.29,12.791113
1341.670339198284,9295.51,12.793069
1341.6731169900843,9302.103,12.791494
1341.6745058858678,9269.071,12.780518
1341.6758947817677,9309.119,12.790316
1341.6772836776674,9268.759,12.782841
1341.6800614693514,9270.636,12.773833
1341.6814503652515,9288.459,12.787318
1341.6828392611505,9285.98,12.784627
1341.6842281569345,9295.065,12.793212
1341.6856170528345,9276.723,12.779699
1341.6870059487344,9297.063,12.782694
1341.6883948445186,9294.477,12.790373
1341.6897837404183,9277.602,12.776247
1341.691172636318,9287.321,12.775939
1341.6939504280015,9293.226,12.771203
1341.695339323902,9273.901,12.769592
1341.6981171155846,9275.113,12.771098
1341.7008949073856,9280.34,12.764889
1341.7036726990684,9283.865,12.783844
1341.7050615948524,9260.44,12.762409
1341.7092282824356,9284.943,12.772995
1341.710617178336,9276.603,12.759655
1341.712006074236,9275.3,12.768015
1341.7133949700185,9254.2295,12.770336
1341.7147838659191,9294.98,12.776616
1341.7161727618197,9288.428,12.781221
1341.7175616576026,9261.623,12.757115
1341.7189505535023,9279.312,12.767455
1341.720339449403,9286.247,12.773342
1341.7217283451862,9252.007,12.762472
1341.7231172410861,9298.644,12.77107
1341.7245061368696,9276.263,12.760348
1341.7258950327694,9281.733,12.763972
1341.7272839286693,9282.024,12.767219
1341.7286728244528,9284.14,12.764603
1341.7300617203525,9292.048,12.776755
1341.7314506161367,9280.14,12.761969
1341.7328395120364,9287.063,12.765429
1341.7342284079366,9270.674,12.75873
1341.7356173037206,9301.372,12.765621
1341.7370061996205,9285.53,12.765074
1341.7383950954038,9281.528,12.763958
1341.7397839913035,9287.841,12.767155
1341.7411728872037,9269.297,12.75868
1341.7425617829877,9291.334,12.771788
1341.7439506788876,9310.137,12.774773
1341.7467284705708,9277.846,12.767448
1341.7481173663548,9266.496,12.747599
1341.749506262254,9285.858,12.76521
1341.7508951581538,9312.567,12.772699
1341.752284053938,9307.761,12.769418
1341.7536729498372,9280.758,12.755347
1341.7550618456205,9286.305,12.771947
1341.7564507415211,9273.405,12.758523
1341.7578396373053,9288.781,12.762558
1341.759228533205,9278.825,12.75538
1341.7606174289879,9298.253,12.766794
1341.7620063248885,9291.306,12.759978
1341.763395220789,9277.568,12.752858
1341.7647841165717,9315.143,12.769704
1341.7661730124717,9301.705,12.778899
1341.7675619082559,9299.881,12.767351
1341.7689508041556,9275.897,12.759754
1341.7703396999389,9290.817,12.763995
1341.771728595839,9280.656,12.769346
1341.7731174916223,9287.458,12.761825
1341.774506387522,9288.136,12.766592
1341.7758952833055,9302.391,12.771548
1341.7772841792055,9284.743,12.761958
1341.7786730749897,9261.78,12.753382
1341.7800619708894,9253.449,12.751137
1341.7814508666727,9293.431,12.764463
1341.7828397625733,9294.834,12.764537
1341.7842286583568,9287.476,12.761626
1341.7856175542568,9276.439,12.752914
1341.78700645004,9273.716,12.763109
1341.78839534594,9292.213,12.76483
1341.789784241724,9279.442,12.751689
1341.791173137624,9271.463,12.759888
1341.7925620334065,9289.603,12.757328
1341.7939509293071,9288.21,12.763046
1341.7953398250907,9282.548,12.762233
1341.7967287208733,9283.477,12.765842
1341.7981176167739,9291.306,12.77571
1341.799506512558,9271.952,12.756295
1341.8008954084573,9291.114,12.765752
1341.8022843042406,9278.901,12.757507
1341.8036732001412,9287.946,12.765062
1341.8050620959255,9269.138,12.751173
1341.8064509918252,9292.912,12.766918
1341.807839887608,9254.038,12.745633
1341.8092287833922,9278.511,12.763872
1341.8106176792926,9263.114,12.751391
1341.8120065750752,9286.734,12.765937
1341.8133954709754,9296.061,12.766161
1341.8147843667593,9291.69,12.765502
1341.8161732626584,9273.239,12.763596
1341.817562158442,9281.869,12.767598
1341.8189510542259,9278.921,12.758788
1341.820339950126,9288.74,12.758571
1341.8217288459093,9270.797,12.756855
1341.823117741809,9277.749,12.763943
1341.8245066375928,9303.523,12.782279
1341.8258955333768,9277.859,12.761005
1341.8272844292767,9288.546,12.763989
1341.82867332506,9288.226,12.761669
1341.8300622209606,9303.452,12.788286
1341.831451116744,9286.455,12.770485
1341.8328400125274,9278.854,12.764547
1341.8342289084273,9285.882,12.758763
1341.8356178042106,9280.339,12.764
1341.8370066999948,9293.654,12.768691
1341.8383955958946,9298.94,12.772244
1341.8397844916774,9285.024,12.764979
1341.841173387578,9286.062,12.757448
1341.8425622833613,9294.269,12.766167
1341.8439511791441,9275.796,12.749096
1341.8453400750448,9288.965,12.756974
1341.846728970829,9282.605,12.757558
1341.8481178666116,9303.678,12.772336
1341.8495067625115,9287.277,12.758958
1341.8508956582957,9276.451,12.748059
1341.8522845540797,9307.177,12.76858
1341.8536734499796,9294.336,12.765006
1341.8550623457622,9275.522,12.752759
1341.8564512415462,9295.525,12.76304
1341.8578401374468,9277.352,12.755388
1341.8592290332297,9292.309,12.763792
1341.860617929013,9270.596,12.759174
1341.8620068249136,9310.051,12.759393
1341.8633957206964,9291.808,12.752595
1341.8647846164797,9276.969,12.753714
1341.866173512264,9273.857,12.744415
1341.8675624081636,9278.53,12.754418
1341.8689513039474,9305.979,12.7628355
1341.8703401997307,9275.077,12.755893
1341.8717290956304,9266.6455,12.742434
1341.8731179914146,9282.626,12.738018
1341.874506887198,9271.2295,12.733223
1341.8758957829816,9300.774,12.7596655
1341.8772846788822,9301.45,12.745101
1341.8800624704488,9278.238,12.738174
1341.8814513662323,9282.4375,12.741744
1341.8828402621323,9276.753,12.737301
1341.8842291579156,9286.55,12.7444935
1341.885618053699,9283.47,12.742373
1341.8870069494826,9275.852,12.737234
1341.8883958453832,9276.956,12.736003
1341.8897847411665,9293.351,12.737377
1341.8911736369494,9289.071,12.735726
1341.8925625327336,9286.052,12.733566
1341.893951428634,9272.329,12.721974
1341.8953403244166,9288.621,12.7386675
1341.8967292202,9282.043,12.734753
1341.898118115984,9275.077,12.725994
1341.8995070118847,9308.639,12.7431135
1341.9008959076682,9280.931,12.723097
1341.9022848034508,9292.851,12.7380705
1341.903673699235,9274.187,12.722511
1341.9050625950192,9306.882,12.742527
1341.9064514909185,9303.266,12.745674
1341.9078403867018,9270.13,12.7258415
1341.909229282486,9277.557,12.729274
1341.9106181782688,9286.113,12.734507
1341.912007074052,9275.944,12.729722
1341.9133959698363,9270.29,12.727503
1341.914784865736,9293.349,12.728794
1341.9161737615195,9301.337,12.730386
1341.917562657303,9300.268,12.730475
1341.9189515530863,9271.406,12.718323
1341.9203404488705,9294.641,12.722772
1341.9217293446538,9295.43,12.732994
1341.9231182405538,9290.8955,12.723378
1341.9245071363378,9292.705,12.724183
1341.9258960321215,9273.2705,12.725393
1341.9272849279048,9288.024,12.721171
1341.928673823688,9277.948,12.720689
1341.9300627194718,9272.942,12.712621
1341.9314516152551,9280.222,12.722974
1341.9328405111548,9301.186,12.728786
1341.9342294069384,9295.579,12.727082
1341.9356183027223,9278.245,12.712711
1341.937007198506,9288.423,12.720581
1341.9383960942887,9285.84,12.714261
1341.9397849900727,9267.722,12.698222
1341.9411738858569,9266.213,12.697099
1341.9425627816397,9278.021,12.717987
1341.943951677423,9324.156,12.729053
1341.9453405733236,9293.668,12.717486
1341.9467294691078,9274.51,12.70194
1341.9481183648911,9284.73,12.706767
1341.949507260674,9261.161,12.7030115
1341.9508961564582,9261.545,12.692427
1341.9522850522424,9278.02,12.707678
1341.953673948025,9283.984,12.7078085
1341.9550628438085,9289.538,12.70428
1341.9564517395927,9255.46,12.693094
1341.9578406353753,9277.055,12.695672
1341.9592295311588,9286.659,12.70489
1341.9606184269428,9283.962,12.70239
1341.9620073227263,9283.955,12.699391
1341.9633962185096,9279.349,12.694521
1341.9647851142931,9298.025,12.697813
1341.966174010193,9265.856,12.694953
1341.9675629059773,9257.424,12.681669
1341.9689518017606,9287.626,12.706119
1341.9703406975439,9285.561,12.691539
1341.971729593328,9278.537,12.698301
1341.9731184891114,9286.63,12.690189
1341.974507384895,9267.5,12.683433
1341.9758962806784,9261.555,12.681487
1341.9772851764617,9290.61,12.688857
1341.9786740722454,9276.803,12.682941
1341.9800629680287,9272.543,12.6774025
1341.981451863812,9281.626,12.686623
1341.9828407595962,9288.119,12.70098
1341.9842296553797,9291.951,12.688689
1341.9856185511624,9256.183,12.673105
1341.9870074469466,9262.173,12.68661
1341.9883963427308,9279.479,12.680305
1341.9897852385136,9275.728,12.68165
1341.991174134297,9257.918,12.675869
1341.992563030081,9277.401,12.68819
1341.993951925748,9271.92,12.686528
1341.9953408215315,9269.149,12.680288
1341.996729717315,9278.327,12.674361
1341.998118613099,9275.399,12.680016
1341.999507508883,9283.829,12.683288
1342.0008964046658,9248.294,12.6599865
1342.0022853004493,9303.443,12.691719
1342.0036741962333,9272.756,12.688279
1342.0050630920161,9271.715,12.68578
1342.0064519877997,9290.255,12.686672
1342.0092297793674,9268.025,12.673655
1342.0106186751507,9257.779,12.676266
1342.012007570934,9281.953,12.680784
1342.0133964667175,9274.386,12.683651
1342.014785362385,9271.938,12.674712
1342.0161742581688,9260.952,12.666265
1342.0175631539514,9263.699,12.6723995
1342.0189520497354,9286.896,12.688175
1342.0203409455196,9288.495,12.676095
1342.021729841303,9277.733,12.675013
1342.0231187370866,9294.171,12.6785345
1342.02450763287,9284.717,12.684839
1342.0258965285368,9283.598,12.686216
1342.0272854243206,9273.888,12.672553
1342.0286743201038,9274.073,12.67942
1342.030063215888,9290.108,12.689309
1342.0314521116713,9284.428,12.677116
1342.0328410074542,9263.275,12.672659
1342.0342299032384,9268.395,12.673475
1342.0356187989062,9283.323,12.678222
1342.0370076946888,9270.106,12.671037
1342.0383965904723,9291.545,12.68446
1342.0397854862563,9289.881,12.671895
1342.0411743820398,9293.353,12.691175
1342.042563277823,9292.471,12.682932
1342.0439521734902,9269.36,12.683189
1342.0453410692742,9268.645,12.680096
1342.0467299650584,9273.355,12.686542
1342.0481188608412,9294.933,12.688194
1342.0495077566245,9273.917,12.696994
1342.0508966522923,9272.173,12.680769
1342.0522855480751,9280.815,12.680869
1342.0536744438584,9289.787,12.686638
1342.0550633396426,9284.804,12.6898155
1342.056452235426,9278.605,12.683441
1342.0578411310933,9274.642,12.681412
1342.0592300268765,9289.71,12.692098
1342.0606189226598,9273.473,12.687
1342.062007818444,9288.127,12.698208
1342.0633967141111,9272.402,12.693738
1342.0647856098938,9270.324,12.675468
1342.066174505678,9279.393,12.679799
1342.0675634014622,9271.298,12.678206
1342.068952297129,9300.814,12.6931095
1342.0703411929126,9294.086,12.69368
1342.071730088696,9281.353,12.68611
1342.0731189844794,9293.441,12.691527
1342.0745078801465,9258.531,12.682128
1342.07589677593,9281.111,12.680613
1342.077285671714,9286.14,12.695006
1342.0786745674975,9284.542,12.693174
1342.0828412547319,9267.301,12.685113
1342.0842301503983,9291.857,12.691982
1342.0856190461818,9274.175,12.68805
1342.0870079419658,9281.525,12.687603
1342.0883968377493,9278.361,12.691936
1342.0897857334164,9287.286,12.693782
1342.0911746291997,9278.962,12.69165
1342.0939524206517,9266.58,12.685989
1342.0953413164345,9279.46,12.687532
1342.0967302122178,9272.556,12.685238
1342.0981191078856,9274.564,12.680334
1342.0995080036682,9276.866,12.682306
1342.1008968994518,9301.566,12.703923
1342.1022857951195,9271.364,12.684854
1342.1036746909028,9286.553,12.705291
1342.1050635865697,9282.926,12.687049
1342.1064524823535,9284.676,12.688609
1342.1078413781368,9278.494,12.693424
1342.1092302738045,9269.248,12.684682
1342.1106191695878,9271.298,12.69029
1342.1120080653707,9258.711,12.680601
1342.1133969610385,9273.4,12.694386
1342.1147858568224,9269.057,12.691023
1342.1161747524895,9293.437,12.69353
1342.1175636482728,9285.683,12.69592
1342.1189525440564,9282.527,12.695524
1342.1203414397235,9296.554,12.693961
1342.1217303355068,9282.363,12.695593
1342.1231192311739,9293.798,12.705398
1342.1245081269578,9287.285,12.694523
1342.125897022625,9285.576,12.69836
1342.1272859184076,9304.97,12.697312
1342.1286748141918,9275.473,12.696058
1342.1300637098595,9275.946,12.69076
1342.1314526056424,9303.541,12.712253
1342.1328415013093,9273.664,12.6938715
1342.1342303970935,9298.607,12.7072935
1342.1356192927603,9286.256,12.696034
1342.137008188544,9298.615,12.698763
1342.138397084211,9298.452,12.703941
1342.1397859799952,9287.426,12.692991
1342.1411748757794,9282.209,12.693736
1342.1425637714456,9280.635,12.686656
1342.143952667229,9271.688,12.687346
1342.1453415628966,9270.004,12.680083
1342.1467304586793,9315.125,12.716034
1342.1481193543466,9294.314,12.703443
1342.1495082501306,9265.076,12.688897
1342.1508971457977,9274.635,12.692768
1342.152286041581,9271.849,12.684021
1342.153674937248,9280.588,12.691564
1342.1550638330316,9284.319,12.698552
1342.1564527286992,9272.8545,12.690894
1342.1578416244827,9284.809,12.691832
1342.159230520149,9279.173,12.692156
1342.1606194158167,9292.64,12.713735
1342.1620083116006,9276.93,12.689072
1342.163397207268,9306.769,12.709033
1342.1647861030513,9316.831,12.686153
1342.1661749987181,9287.477,12.698916
1342.1675638945017,9301.437,12.699358
1342.1689527901688,9282.267,12.707528
1342.170341685952,9270.75,12.676456
1342.1717305816198,9283.619,12.68978
1342.1731194772867,9268.668,12.686479
1342.1745083730696,9273.992,12.697383
1342.1758972687373,9269.029,12.679299
1342.1772861645215,9274.372,12.689961
1342.1786750601877,9273.846,12.689791
1342.1800639559713,9296.209,12.691779
1342.191175121658,9280.49,12.68652
1342.1925640173256,9291.52,12.696924
1342.193952912992,9271.397,12.693879
1342.1953418087753,9289.415,12.694286
1342.196730704443,9275.557,12.694139
1342.1981196001102,9272.377,12.69549
1342.1995084958937,9293.894,12.709137
1342.2008973915606,9267.606,12.69291
1342.2022862872277,9302.584,12.702128
1342.2036751830117,9293.409,12.7010565
1342.2050640786788,9305.055,12.711938
1342.206452974345,9273.423,12.692424
1342.2078418701292,9278.903,12.6887455
1342.209230765797,9271.792,12.684526
1342.2106196614639,9304.201,12.699795
1342.2120085572476,9288.0205,12.69361
1342.2133974529145,9285.365,12.694346
1342.2147863485823,9288.955,12.69975
1342.2161752442491,9291.024,12.690545
1342.217564140032,9300.844,12.703253
1342.2189530356998,9272.0205,12.688428
1342.2203419313666,9309.588,12.704964
1342.2217308271495,9286.263,12.68848
1342.2231197228173,9269.094,12.680616
1342.2245086184848,9303.476,12.688536
1342.225897514151,9288.874,12.694814
1342.2272864099348,9297.334,12.695011
1342.2286753056023,9299.108,12.68805
1342.2300642012694,9265.445,12.67548
1342.2314530969363,9302.772,12.700506
1342.2328419927196,9286.297,12.682381
1342.2342308883874,9273.867,12.681439
1342.2356197840552,9277.089,12.684435
1342.2370086797216,9280.364,12.682406
1342.2383975753885,9280.18,12.685686
1342.2397864711727,9272.255,12.679058
1342.2411753668391,9271.959,12.683512
1342.242564262506,9296.185,12.683596
1342.2439531581738,9278.581,12.6791725
1342.2453420538407,9271.84,12.684616
1342.2467309496242,9260.2,12.668536
1342.2481198452913,9280.263,12.682092
1342.2495087409582,9271.3125,12.674071
1342.250897636626,9296.276,12.689381
1342.2522865322928,9299.578,12.689127
1342.2536754280757,9288.646,12.695546
1342.2550643237435,9283.599,12.683383
1342.2564532194112,9278.263,12.677873
1342.2578421150781,9295.366,12.681193
1342.259231010745,9271.54,12.670996
1342.2606199064123,9297.314,12.684187
1342.26200880208,9293.422,12.68124
1342.2633976978634,9276.776,12.678813
1342.2647865935298,9270.835,12.665935
1342.2661754891974,9291.501,12.671045
1342.2675643848645,9274.167,12.674146
1342.268953280531,9279.605,12.666436
1342.2703421761985,9275.702,12.668732
1342.271731071866,9249.482,12.655543
1342.2731199675325,9282.24,12.6723585
1342.2745088631993,9289.042,12.686455
1342.2758977589835,9295.98,12.675405
1342.2772866546507,9280.661,12.674036
1342.2786755503178,9290.781,12.672566
1342.2800644459846,9287.56,12.678864
1342.2814533416524,9290.644,12.675464
1342.2828422373202,9298.763,12.680481
1342.2842311329864,9280.128,12.673481
1342.2856200286535,9287.04,12.665543
1342.2870089243213,9277.948,12.674181
1342.2883978199882,9276.279,12.66025
1342.289786715655,9293.29,12.675413
1342.2911756113224,9279.206,12.665291
1342.2925645069893,9295.38,12.676987
1342.2939534026561,9287.507,12.667153
1342.2953422983235,9293.588,12.667038
1342.2967311939904,9280.897,12.665743
1342.2981200896581,9260.178,12.653887
1342.299508985325,9299.717,12.672188
1342.3008978809914,9283.926,12.662914
1342.3022867766592,9274.023,12.661792
1342.3036756723268,9286.8125,12.661224
1342.305064567993,9281.094,12.654526
1342.3064534636603,9294.873,12.6672535
1342.3078423593279,9292.89,12.667686
1342.3092312549954,9299.507,12.671938
1342.3106201506625,9280.417,12.664556
1342.3120090463287,9266.802,12.653031
1342.3133979419965,9282.356,12.661465
1342.3147868376643,9279.296,12.657822
1342.3161757333307,9304.201,12.666476
1342.3175646289976,9298.269,12.665444
1342.3189535246654,9300.4375,12.670712
1342.3203424203318,9311.816,12.668594
1342.3217313159987,9288.885,12.664977
1342.3231202116665,9269.529,12.65302
1342.3245091073334,9285.368,12.65472
1342.3258980030005,9284.896,12.658795
1342.3272868986676,9292.752,12.664235
1342.328675794218,9280.969,12.652451
1342.3300646898858,9274.972,12.6522875
1342.3314535855527,9278.105,12.652481
1342.33284248122,9273.516,12.652858
1342.3342313768876,9287.497,12.650332
1342.3356202725547,9284.221,12.653527
1342.3370091682216,9272.12,12.644252
1342.3383980638885,9276.148,12.6472225
1342.3397869595558,9283.256,12.660067
1342.3411758551063,9298.531,12.656931
1342.3425647507731,9299.343,12.661563
1342.3439536464405,9286.18,12.650978
1342.345342542108,9282.953,12.660374
1342.3467314377751,9284.082,12.648678
1342.3481203334413,9276.354,12.647162
1342.349509229109,9285.077,12.651498
1342.3508981246603,9288.375,12.65845
1342.3522870203267,9271.758,12.645824
1342.3536759159936,9274.98,12.651391
1342.3550648116614,9286.564,12.655135
1342.3564537073291,9290.228,12.654994
1342.357842602996,9303.839,12.660843
1342.359231498546,9287.98,12.65744
1342.3606203942138,9283.493,12.659906
1342.3620092898816,9286.02,12.655468
1342.3633981855478,9292.239,12.642445
1342.3647870810985,9290.964,12.644468
1342.3661759767663,9274.214,12.646374
1342.3675648724325,9279.292,12.646892
1342.3689537680996,9273.864,12.650308
1342.3703426637674,9295.933,12.657263
1342.3717315593178,9305.714,12.664787
1342.3731204549847,9280.594,12.653963
1342.3745093506518,9257.971,12.633656
1342.375898246319,9286.397,12.651239
1342.3772871418703,9285.384,12.6467285
1342.3786760375372,9289.491,12.647937
1342.380064933204,9276.279,12.647439
1342.3814538288718,9281.109,12.640807
1342.3828427244225,9282.663,12.65241
1342.3842316200896,9273.15,12.648808
1342.3856205157565,9274.983,12.649287
1342.3870094113072,9263.978,12.639495
1342.3883983069748,9275.573,12.646332
1342.3897872026419,9287.107,12.654622
1342.3911760981916,9305.53,12.662225
1342.3925649938594,9318.312,12.669623
1342.3939538895265,9280.353,12.655411
1342.3953427851927,9281.699,12.652931
1342.396731680744,9281.636,12.658325
1342.3981205764119,9287.11,12.658154
1342.3995094720783,9290.058,12.658835
1342.4008983676288,9277.624,12.655848
1342.4022872632966,9265.42,12.639672
1342.403676158848,9279.31,12.649188
1342.4050650545148,9281.833,12.655581
1342.4064539501812,9280.083,12.658425
1342.4078428457326,9282.94,12.660578
1342.4092317414002,9279.032,12.656384
1342.4106206370664,9280.029,12.656762
1342.4120095326173,9303.46,12.655021
1342.4133984282848,9269.183,12.654415
1342.4147873238355,9283.608,12.659302
1342.4161762195024,9275.605,12.65138
1342.4175651151693,9290.655,12.656852
1342.4189540107202,9304.511,12.6640215
1342.420342906387,9297.668,12.662391
1342.4217318019375,9273.6875,12.655958
1342.4231206976049,9268.463,12.649485
1342.4245095932724,9266.78,12.650458
1342.4258984888231,9283.517,12.654426
1342.42728738449,9272.178,12.649513
1342.4286762800414,9299.144,12.669157
1342.4300651757083,9283.462,12.662876
1342.431454071259,9282.145,12.656142
1342.432842966926,9260.912,12.646595
1342.4342318624765,9281.375,12.677068
1342.4356207581443,9298.12,12.672131
1342.4370096538112,9294.612,12.665332
1342.4383985493612,9272.79,12.652632
1342.439787445029,9283.247,12.656563
1342.4411763405803,9275.098,12.654162
1342.4425652362465,9269.237,12.65894
1342.4439541317972,9268.139,12.649562
1342.445343027465,9279.396,12.6688175
1342.4467319230148,9299.076,12.664381
1342.448120818682,9292.959,12.666968
1342.4495097142333,9277.595,12.655725
1342.4508986099008,9300.28,12.676094
1342.4522875054515,9276.185,12.664403
1342.4536764010013,9293.65,12.674211
1342.4550652966689,9284.752,12.67338
1342.4564541922202,9281.362,12.663832
1342.4578430878867,9291.148,12.659239
1342.4592319834371,9284.793,12.670689
1342.460620879105,9296.27,12.66984
1342.4620097746556,9287.315,12.665339
1342.4633986703227,9294.49,12.66734
1342.4647875658732,9275.138,12.657111
1342.4661764614239,9282.751,12.65882
1342.4675653570914,9293.966,12.6705675
1342.468954252642,9298.106,12.677807
1342.4703431483083,9271.284,12.662629
1342.4717320438597,9293.314,12.677488
1342.4731209394104,9293.673,12.672669
1342.4745098350775,9288.138,12.661728
1342.4758987306288,9274.602,12.664615
1342.4772876262957,9296.602,12.672795
1342.4786765218462,9302.781,12.6739435
1342.4800654173969,9301.662,12.682401
1342.481454313064,9276.803,12.665217
1342.4828432086153,9291.809,12.67634
1342.4842321041658,9291.536,12.672466
1342.4856209998322,9308.241,12.678566
1342.4870098953836,9282.108,12.674595
1342.4883987910512,9289.073,12.678683
1342.489787686601,9284.27,12.666802
1342.4911765821519,9282.133,12.677128
1342.492565477703,9312.244,12.683184
1342.4939543733701,9290.131,12.677503
1342.4953432689206,9281.718,12.683054
1342.496732164471,9289.674,12.675079
1342.4981210601388,9294.18,12.677261
1342.4995099556895,9279.514,12.67942
1342.5008988512393,9277.573,12.676035
1342.502287746907,9275.887,12.671885
1342.5036766424585,9310.103,12.691702
1342.5050655380085,9309.788,12.694863
1342.506454433559,9285.0205,12.677209
1342.5078433292267,9272.634,12.680264
1342.5092322247772,9297.597,12.68654
1342.5106211203279,9294.578,12.680799
1342.5120100158786,9305.903,12.688333
1342.5133989115454,9274.809,12.680947
1342.5147878070968,9288.495,12.681206
1342.5161767026473,9267.4,12.672779
1342.5175655981973,9294.049,12.691321
1342.518954493865,9283.379,12.6727915
1342.5203433894164,9286.881,12.679668
1342.521732284967,9277.003,12.678006
1342.5231211805174,9288.407,12.685246
1342.5245100761847,9277.182,12.6909895
1342.5258989717352,9284.08,12.679432
1342.5272878672856,9290.054,12.692387
1342.5286767628365,9293.37,12.690537
1342.5300656583877,9277.733,12.685472
1342.5314545539384,9276.968,12.684939
1342.5328434496046,9275.611,12.678599
1342.5342323451557,9277.645,12.688532
1342.535621240707,9301.084,12.684712
1342.537010136257,9303.908,12.695739
1342.5383990318076,9294.616,12.697735
1342.539787927359,9284.344,12.687279
1342.541176823026,9288.487,12.6897135
1342.5425657185767,9293.28,12.697112
1342.5439546141272,9285.022,12.6902685
1342.5453435096786,9277.15,12.686304
1342.54673240523,9308.862,12.700853
1342.5481213007797,9262.892,12.678325
1342.5495101963304,9311.482,12.697526
1342.5508990918818,9282.338,12.690012
1342.552287987548,9267.565,12.687951
1342.5536768830987,9276.823,12.689277
1342.55506577865,9276.281,12.686332
1342.5564546742005,9294.257,12.702087
1342.557843569751,9290.927,12.697019
1342.5592324653016,9267.319,12.694716
1342.5606213608523,9280.786,12.692227
1342.5620102564037,9287.282,12.688764
1342.5633991519542,9285.785,12.695586
1342.5647880475042,9297.349,12.707517
1342.5661769430556,9280.1455,12.686603
1342.5675658386067,9284.828,12.696273
1342.5689547341574,9273.69,12.692986
1342.5703436297078,9276.187,12.694466
1342.5717325252585,9301.952,12.702441
1342.5731214208097,9285.7295,12.706461
1342.5745103163604,9279.523,12.690971
1342.5758992119102,9279.707,12.703823
1342.5772881074615,9289.847,12.698339
1342.5786770030122,9279.914,12.690966
1342.580065898562,9266.629,12.693257
1342.5814547941134,9274.914,12.690743
1342.5828436896647,9282.61,12.690378
1342.5842325852147,9274.274,12.691797
1342.5856214807652,9281.183,12.696499
1342.5870103763166,9292.124,12.7058
1342.588399271867,9281.39,12.700106
1342.5897881674177,9271.539,12.687961
1342.5911770629684,9305.343,12.709226
1342.592565958519,9281.865,12.691314
1342.5939548540703,9283.158,12.6994095
1342.5953437496207,9270.589,12.689473
1342.5967326451716,9284.648,12.702787
1342.5981215407228,9265.889,12.706678
1342.5995104362735,9256.821,12.688191
1342.600899331824,9269.802,12.696139
1342.6022882273744,9258.537,12.689828
1342.6036771229253,9275.928,12.693412
1342.6050660183594,9281.641,12.700687
1342.6064549139098,9281.142,12.7009535
1342.6078438094607,9296.443,12.714133
1342.609232705012,9286.932,12.702446
1342.6106216005626,9313.833,12.708827
1342.6120104961124,9258.572,12.683451
1342.6133993916635,9292.269,12.701543
1342.6147882872149,9288.222,12.709387
1342.6161771826485,9291.498,12.710287
1342.617566078199,9275.031,12.690623
1342.6189549737503,9271.185,12.691745
1342.6203438693017,9294.345,12.708193
1342.6217327648521,9290.348,12.703831
1342.6231216604021,9285.771,12.702234
1342.624510555837,9289.365,12.703408
1342.6258994513885,9273.289,12.687512
1342.6272883469383,9305.402,12.706046
1342.628677242489,9300.335,12.707668
1342.6300661380403,9274.026,12.693984
1342.63145503359,9270.759,12.694601
1342.6328439290244,9307.689,12.716212
1342.6342328245757,9278.286,12.7021675
1342.6356217201262,9282.256,12.695805
1342.6370106156767,9299.174,12.705566
1342.638399511111,9288.764,12.703403
1342.6397884066616,9289.5,12.723531
1342.641177302213,9288.427,12.70242
1342.6425661977635,9292.883,12.700013
1342.6439550931975,9288.774,12.7034645
1342.645343988749,9294.794,12.704909
1342.6467328842996,9270.429,12.692691
1342.6481217798503,9301.281,12.705413
1342.6495106752843,9270.917,12.6968155
1342.650899570835,9279.552,12.69413
1342.6522884663862,9278.811,12.698796
1342.6536773619368,9295.054,12.704685
1342.6550662573702,9288.05,12.704512
1342.6564551529216,9277.306,12.689489
1342.6578440484723,9272.362,12.695432
1342.6592329439056,9285.579,12.698216
1342.660621839457,9279.385,12.698729
1342.6620107350084,9273.859,12.688795
1342.663399630442,9277.061,12.702622
1342.6647885259924,9307.71,12.7168865
1342.6661774215438,9300.621,12.709075
1342.6675663169788,9287.05,12.6963005
1342.6689552125292,9302.144,12.702249
1342.6703441080792,9271.4795,12.695701
1342.6717330035142,9267.285,12.6848345
1342.6731218990653,9296.147,12.711612
1342.6745107946151,9285.77,12.698404
1342.6758996900496,9281.994,12.696727
1342.6772885856008,9299.879,12.702811
1342.678677481035,9262.92,12.686328
1342.6800663765855,9281.444,12.689865
1342.681455272136,9272.667,12.682542
1342.6828441675705,9282.848,12.697803
1342.6842330631216,9304.381,12.698888
1342.6856219585559,9295.867,12.700973
1342.687010854106,9300.12,12.698538
1342.688399749657,9282.738,12.697257
1342.6897886450913,9279.318,12.686282
1342.6911775406418,9268.679,12.685934
1342.6925664360767,9287.046,12.696482
1342.6939553316272,9289.585,12.690872
1342.6953442270615,9277.398,12.695002
1342.6967331226122,9278.554,12.692828
1342.6981220180462,9282.36,12.693902
1342.6995109135976,9258.373,12.676455
1342.7008998090316,9285.052,12.689423
1342.7022887045816,9292.754,12.693998
1342.7036776000166,9274.144,12.687672
1342.705066495568,9303.216,12.702497
1342.7064553910013,9294.637,12.689753
1342.707844286552,9278.609,12.699117
1342.709233181987,9274.428,12.691553
1342.7106220775374,9260.422,12.6820545
1342.7120109729715,9275.093,12.688635
1342.7133998685224,9300.152,12.691951
1342.7147887639571,9272.456,12.677455
1342.7161776595078,9271.552,12.684255
1342.7175665549412,9288.388,12.688706
1342.7189554504923,9299.697,12.695367
1342.7203443459273,9290.16,12.690461
1342.7217332414773,9284.8125,12.689357
1342.7231221369113,9286.53,12.692995
1342.7245110323463,9278.426,12.680619
1342.725899927897,9284.586,12.685761
1342.7272888233313,9277.883,12.683993
1342.7286777188817,9306.364,12.693364
1342.7300666143158,9273.252,12.674731
1342.7314555098671,9282.487,12.683993
1342.7328444053014,9296.52,12.691394
1342.7342333007348,9272.286,12.680112
1342.7356221962862,9297.303,12.687486
1342.7370110917211,9266.412,12.678161
1342.7383999871552,9279.198,12.68376
1342.739788882706,9278.894,12.682688
1342.7411777781401,9282.839,12.6775255
1342.7425666736906,9280.233,12.689584
1342.7439555691249,9302.46,12.687692
1342.7453444645591,9283.632,12.683742
1342.7467333601105,9262.26,12.671054
1342.7481222555446,9285.142,12.68711
1342.7495111509782,9284.251,12.675916
1342.7509000465295,9270.468,12.677157
1342.7522889419643,9271.919,12.677282
1342.7536778373976,9282.525,12.68685
1342.7550667329483,9288.758,12.687806
1342.756455628383,9292.644,12.687541
1342.7578445238175,9319.351,12.717553
1342.7592334192516,9282.271,12.680092
1342.760622314802,9268.471,12.675706
1342.762011210237,9286.194,12.68374
1342.763400105672,9283.698,12.682506
1342.764789001222,9285.396,12.681288
1342.766177896656,9313.542,12.691565
1342.767566792091,9266.769,12.679225
1342.7689556875246,9292.837,12.688388
1342.770344583075,9301.751,12.687218
1342.77173347851,9281.601,12.682684
1342.773122373944,9301.036,12.683698
1342.7745112693783,9274.324,12.676564
1342.7759001648126,9267.361,12.674757
1342.777289060363,9296.129,12.689226
1342.778677955798,9291.7,12.684972
1342.780066851232,9286.93,12.689213
1342.7814557466656,9270.12,12.678619
1342.7828446421006,9272.764,12.67647
1342.784233537652,9294.447,12.698434
1342.785622433086,9289.569,12.685499
1342.78701132852,9261.495,12.675235
1342.7884002239546,9283.011,12.678244
1342.7897891193893,9292.169,12.687132
1342.79117801494,9293.428,12.68019
1342.7925669103736,9283.667,12.678076
1342.7939558058083,9289.196,12.686445
1342.795344701243,9295.854,12.697282
1342.7967335966766,9279.091,12.684945
1342.7981224921107,9292.788,12.688236
1342.7995113875456,9289.932,12.689402
1342.8009002830956,9293.803,12.682775
1342.8022891785297,9285.057,12.681776
1342.8036780739646,9273.833,12.664416
1342.805066969399,9286.415,12.684387
1342.8064558648332,9266.24,12.675939
1342.8078447602672,9278.473,12.681431
1342.8092336557022,9274.762,12.677461
1342.8106225511372,9296.661,12.689858
1342.8120114465705,9271.94,12.668239
1342.8134003420048,9298.063,12.691706
1342.8147892374398,9288.139,12.67927
1342.8161781328738,9276.53,12.677624
1342.8175670284243,9295.07,12.677391
1342.8189559238588,9287.751,12.678346
1342.8203448192928,9271.301,12.678864
1342.8217337147278,9275.782,12.678361
1342.8231226101618,9318.368,12.693949
1342.8245115055954,9278.068,12.681744
1342.8259004010304,9263.592,12.667381
1342.8272892964644,9290.048,12.688643
1342.828678191898,9294.019,12.684972
1342.830067087333,9273.32,12.687923
1342.8314559827677,9278.279,12.672592
1342.832844878202,9302.761,12.687138
1342.834233773636,9307.049,12.689562
1342.83562266907,9287.71,12.685521
1342.837011564505,9310.622,12.688762
1342.8384004599393,9271.08,12.677932
1342.8397893553727,9274.159,12.677984
1342.8411782508076,9292.521,12.685962
1342.8425671461262,9278.005,12.683417
1342.8439560415597,9283.232,12.680568
1342.8453449369938,9277.951,12.682949
1342.8467338324288,9273.038,12.673765
1342.8481227278628,9289.183,12.677328
1342.849511623297,9279.533,12.678824
1342.8509005187314,9285.915,12.675449
1342.8522894141654,9296.85,12.679362
1342.8536783096004,9302.841,12.682839
1342.8550672050344,9271.573,12.674566
1342.856456100469,9286.63,12.676449
1342.8578449959036,9275.48,12.66542
1342.8592338912206,9303.558,12.685642
1342.8606227866549,9281.582,12.678818
1342.8620116820896,9282.741,12.669631
1342.863400577524,9294.452,12.681425
1342.8647894729581,9277.329,12.674079
1342.8661783683922,9272.083,12.674517
1342.8675672638267,9277.626,12.676414
1342.868956159145,9281.285,12.6730795
1342.8703450545793,9293.918,12.678635
1342.8717339500126,9298.829,12.679505
1342.8731228454474,9300.809,12.687542
1342.8745117408823,9287.027,12.67682
1342.875900636316,9298.626,12.691275
1342.8772895316336,9277.471,12.678688
1342.8786784270685,9259.856,12.665026
1342.8800673225035,9281.404,12.677046
1342.8814562179375,9270.015,12.67251
1342.882845113371,9270.707,12.66485
1342.8842340086896,9275.442,12.669532
1342.8856229041237,9293.573,12.67452
1342.8870117995573,9289.247,12.6777725
1342.8884006949922,9273.02,12.672445
1342.8897895903108,9268.295,12.668987
1342.8911784857441,9295.939,12.672164
1342.8925673811784,9266.005,12.672098
1342.8939562766134,9274.064,12.673661
1342.895345171931,9300.65,12.689475
1342.896734067365,9272.152,12.668802
1342.8981229627996,9269.836,12.671527
1342.8995118581172,9270.73,12.669565
1342.9009007535522,9286.754,12.6698065
1342.9022896489862,9284.998,12.666883
1342.9036785444198,9294.037,12.671186
1342.9050674397383,9283.94,12.659235
1342.906456335173,9287.322,12.67562
1342.9078452306073,9291.547,12.669857
1342.909234125925,9299.8545,12.679643
1342.9106230213592,9264.874,12.66862
1342.912011916794,9298.517,12.677651
1342.9134008121118,9276.558,12.662783
1342.9147897075452,9280.105,12.664498
1342.9161786029802,9288.157,12.668505
1342.917567498298,9292.423,12.670666
1342.9189563937314,9294.713,12.66748
1342.92034528905,9277.056,12.657269
1342.9217341844849,9310.483,12.676067
1342.9231230799185,9286.708,12.676858
1342.924511975236,9279.82,12.662729
1342.925900870671,9291.808,12.674064
1342.9272897659887,9299.239,12.66547
1342.928678661423,9299.15,12.662961
1342.9300675568572,9277.285,12.66197
1342.9314564521758,9307.623,12.6668825
1342.9328453476105,9293.477,12.660394
1342.9342342429275,9302.616,12.667083
1342.935623138362,9299.873,12.666768
1342.9370120336803,9262.375,12.641082
1342.9384009291146,9290.202,12.666802
1342.9397898245486,9282.513,12.650937
1342.9411787198662,9290.215,12.655666
1342.9425676153007,9309.227,12.665968
1342.9439565106184,9288.498,12.654024
1342.9453454060524,9277.812,12.652692
1342.9467343013705,9276.109,12.645996
1342.9481231968052,9250.263,12.637329
1342.949512092123,9292.636,12.657407
1342.9509009875565,9293.191,12.660635
1342.9522898828748,9298.343,12.6646805
1342.9536787783097,9283.062,12.651163
1342.9550676736276,9310.181,12.661662
1342.9564565690619,9287.683,12.651736
1342.9578454643795,9283.235,12.646204
1342.9592343598144,9278.058,12.646577
1342.960623255132,9277.311,12.647648
1342.9620121504493,9287.372,12.647414
1342.9634010458842,9297.376,12.648989
1342.9647899412028,9294.289,12.643782
1342.9661788366361,9272.993,12.640715
1342.967567731954,9304.633,12.649372
1342.968956627389,9297.658,12.64695
1342.9703455227066,9296.04,12.6522875
1342.9717344180242,9285.3125,12.643121
1342.9731233134587,9288.795,12.640061
1342.9745122087763,9296.356,12.6434765
1342.9759011042104,9268.133,12.636237
1342.9772899995282,9284.9795,12.637419
1342.9786788948466,9282.836,12.645349
1342.9800677902815,9284.885,12.64004
1342.9814566855987,9269.884,12.633422
1342.9828455809163,9284.167,12.640539
1342.9842344763513,9274.914,12.632706
1342.9856233716691,9294.075,12.640811
1342.9870122671034,9288.217,12.642108
1342.988401162421,9311.186,12.643714
1342.989790057739,9306.8125,12.644061
1342.9911789531736,9288.455,12.633413
1342.9925678484915,9289.331,12.631381
1342.9939567438084,9300.674,12.6399555
1342.995345639127,9265.222,12.636612
1342.996734534562,9258.401,12.623571
1342.9981234298791,9304.801,12.644591
1342.9995123251967,9271.275,12.6274185
1343.0009012206317,9273.147,12.629801
1343.0022901159493,9288.427,12.636723
1343.0036790112672,9281.809,12.628685
1343.005067906585,9287.271,12.633536
1343.00645680202,9273.605,12.62977
1343.0078456973376,9285.715,12.631065
1343.0092345926548,9277.229,12.62389
1343.0106234879734,9278.001,12.630882
1343.012012383408,9277.148,12.628189
1343.013401278725,9270.031,12.618992
1343.0147901740431,9271.447,12.626433
1343.0161790693614,9269.489,12.633658
1343.0175679647957,9265.928,12.623574
1343.0189568601133,9292.158,12.632926
1343.020345755431,9272.284,12.624907
1343.021734650749,9263.364,12.621503
1343.0231235460674,9280.353,12.632719
1343.0245124415017,9262.122,12.618858
1343.0259013368193,9296.206,12.631295
1343.0272902321378,9257.973,12.61912
1343.0286791274555,9289.024,12.632884
1343.0300680227735,9281.231,12.633368
1343.0314569180912,9313.674,12.637869
1343.0328458134088,9269.143,12.625592
1343.034234708843,9299.725,12.632804
1343.035623604161,9286.547,12.628636
1343.0370124994786,9264.313,12.636288
1343.0384013947971,9274.5,12.621932
1343.0397902901148,9281.776,12.629834
1343.041179185432,9276.07,12.626708
1343.0425680807505,9288.185,12.627226
1343.043956976069,9309.108,12.652243
1343.0453458715024,9275.526,12.622532
1343.0467347668202,9270.6875,12.622003
1343.0481236621388,9279.114,12.626842
1343.049512557457,9288.952,12.62168
1343.050901452775,9277.496,12.620156
1343.0522903480921,9296.718,12.631733
1343.0536792434104,9289.342,12.63503
1343.0550681387288,9278.479,12.629788
1343.056457034046,9272.762,12.627403
1343.0578459293636,9276.903,12.627134
1343.059234824682,9291.784,12.63764
1343.06062372,9305.353,12.641132
1343.0620126153178,9277.546,12.630938
1343.0634015106355,9277.244,12.630013
1343.0647904059533,9271.787,12.635987
1343.0661793012712,9282.333,12.64177
1343.0675681965888,9278.005,12.631903
1343.0689570919067,9302.639,12.638693
1343.070345987225,9297.724,12.644246
1343.0717348825428,9283.881,12.628511
1343.0731237778607,9290.125,12.645467
1343.0745126731792,9261.841,12.617185
1343.0759015684969,9278.104,12.631415
1343.0772904638145,9268.3125,12.627155
1343.0786793591326,9295.57,12.643567
1343.0800682544502,9296.58,12.634349
1343.0814571497688,9266.8545,12.623281
1343.0828460450864,9272.881,12.637521
1343.0842349404036,9277.121,12.626942
1343.0856238357221,9271.618,12.626411
1343.087012730924,9261.422,12.630419
1343.088401626241,9263.608,12.622159
1343.089790521559,9271.701,12.634203
1343.0911794168774,9267.712,12.632666
1343.0925683121952,9305.57,12.6441145
1343.0939572075129,9300.216,12.644959
1343.0953461028307,9282.002,12.633948
1343.096734998149,9291.588,12.637401
1343.0981238933505,9277.52,12.625129
1343.0995127886674,9285.341,12.644539
1343.100901683986,9290.479,12.636632
1343.1022905793045,9296.659,12.637059
1343.1036794746217,9287.706,12.638597
1343.1050683699393,9297.1045,12.649616
1343.1064572652579,9269.045,12.627718
1343.107846160459,9288.716,12.63709
1343.109235055777,9277.174,12.629551
1343.1106239510948,9277.129,12.63003
1343.1120128464124,9285.666,12.6321
1343.113401741731,9294.759,12.641628
1343.1147906369322,9262.462,12.627411
1343.1161795322494,9261.095,12.629526
1343.117568427568,9261.906,12.627667
1343.1189573228864,9273.42,12.634266
1343.1203462180877,9291.849,12.638486
1343.1217351134055,9302.575,12.645004
1343.1231240087234,9288.645,12.652117
1343.124512904041,9279.019,12.633332
1343.1259017992422,9262.325,12.633493
1343.1272906945603,9297.699,12.648526
1343.1286795898786,9292.843,12.647762
1343.1300684851965,9286.781,12.650493
1343.1314573803973,9267.684,12.643068
1343.1328462757156,9287.51,12.645066
1343.1342351710339,9298.522,12.646118
1343.1356240662346,9289.209,12.638097
1343.1370129615523,9268.001,12.634758
1343.1384018568708,9307.135,12.650741
1343.1397907521887,9270.98,12.63246
1343.1411796473901,9293.791,12.648392
1343.1425685427077,9262.513,12.630897
1343.1439574379099,9278.807,12.632945
1343.1453463332284,9275.38,12.641582
1343.1467352285456,9293.277,12.638996
1343.1481241237468,9289.918,12.646339
1343.1495130190654,9291.909,12.646409
1343.150901914383,9280.417,12.640732
1343.1522908095842,9264.762,12.633829
1343.1536797049023,9261.035,12.6311455
1343.15506860022,9286.43,12.647525
1343.1564574954211,9277.312,12.647214
1343.1578463907392,9292.224,12.647661
1343.1592352859404,9291.345,12.645968
1343.160624181259,9293.678,12.64552
1343.1620130765766,9289.7,12.647025
1343.1634019717774,9293.194,12.656526
1343.164790867096,9270.557,12.637406
1343.1661797622978,9286.599,12.640589
1343.1675686576157,9280.74,12.645906
1343.168957552817,9278.774,12.63801
1343.1703464481348,9285.371,12.644229
1343.1717353433366,9301.586,12.658631
1343.1731242386547,9290.67,12.643563
1343.1745131338553,9286.673,12.645941
1343.1759020291736,9294.292,12.648502
1343.1772909243757,9271.324,12.641395
1343.178679819693,9279.62,12.649888
1343.180068714894,9277.711,12.639236
1343.1814576102126,9305.083,12.653556
1343.1828465054139,9300.393,12.640544
1343.184235400732,9287.306,12.651035
1343.1856242959332,9257.489,12.632278
1343.1870131912508,9286.322,12.644754
1343.1884020864522,9266.424,12.641206
1343.18979098177,9283.425,12.641385
1343.1911798769722,9279.563,12.644102
1343.1925687722905,9291.251,12.655832
1343.193957667491,9295.472,12.651053
1343.1953465628092,9283.79,12.642211
1343.196735458011,9293.155,12.651843
1343.1981243532125,9300.309,12.666706
1343.1995132485301,9271.688,12.636444
1343.2009021437316,9291.533,12.646239
1343.2022910390494,9254.121,12.628711
1343.2036799342513,9309.797,12.661199
1343.2050688294528,9270.696,12.645696
1343.20645772477,9289.505,12.647829
1343.2078466199719,9285.439,12.646799
1343.2092355152902,9278.721,12.646587
1343.210624410491,9268.213,12.636347
1343.2120133056924,9293.958,12.6591835
1343.2134022010107,9283.265,12.645526
1343.2147910962121,9291.543,12.647004
1343.2161799914136,9277.768,12.649628
1343.2175688867312,9283.678,12.6417055
1343.2189577819333,9285.382,12.638034
1343.2203466771346,9269.993,12.636988
1343.2217355724517,9297.433,12.671946
1343.2231244676539,9303.909,12.654231
1343.224513362856,9289.712,12.648487
1343.225902258173,9290.461,12.647418
1343.2272911533744,9277.343,12.639356
1343.2286800485765,9275.877,12.639699
1343.2300689437777,9324.743,12.659357
1343.2314578390954,9281.986,12.632113
1343.232846734297,9297.005,12.6476145
1343.2342356294982,9284.986,12.645252
1343.2356245247004,9298.866,12.6427
1343.237013420018,9283.032,12.634339
1343.2384023152188,9277.956,12.655971
1343.239791210421,9296.089,12.639297
1343.2411801056228,9271.87,12.643937
1343.2425690009406,9288.773,12.641021
1343.2439578961419,9266.761,12.6292
1343.2453467913433,9293.112,12.645386
1343.2467356865452,9289.655,12.642277
1343.2481245817469,9288.211,12.639886
1343.2495134770638,9279.285,12.635615
1343.2509023722657,9295.255,12.634906
1343.2522912674672,9294.929,12.640435
1343.2536801626677,9279.203,12.632022
1343.2550690578698,9298.307,12.645918
1343.256457953072,9278.507,12.632758
1343.2578468483891,9283.518,12.63637
1343.2592357435904,9287.766,12.639118
1343.2606246387925,9289.235,12.636746
1343.2620135339937,9283.276,12.629952
1343.2634024291954,9280.927,12.6286955
1343.2647913243966,9272.063,12.630785
1343.2661802195987,9292.957,12.634629
1343.2675691148008,9272.426,12.63333
1343.2689580101178,9289.42,12.633625
1343.2703469053192,9280.941,12.632361
1343.2717358005211,9312.682,12.647259
1343.2731246957226,9293.833,12.639056
1343.2745135909238,9259.666,12.618403
1343.2759024861252,9287.277,12.628836
1343.2772913813267,9270.253,12.620079
1343.2786802765288,9281.346,12.628107
1343.28006917173,9291.075,12.632829
1343.2814580669308,9270.643,12.623633
1343.2828469621327,9287.797,12.629144
1343.2842358573341,9288.073,12.637993
1343.2856247525349,9281.515,12.63537
1343.2870136477368,9296.844,12.627556
1343.2884025429387,9290.565,12.632258
1343.2897914381404,9279.239,12.631534
1343.2911803333416,9275.174,12.62971
1343.2925692285428,9281.341,12.625197
1343.293958123745,9281.57,12.628804
1343.2953470189464,9278.366,12.624173
1343.296735914147,9286.418,12.622502
1343.298124809349,9269.5205,12.615059
1343.2995137045511,9307.335,12.639851
1343.300902599752,9288.195,12.6310625
1343.3022914949531,9277.458,12.617434
1343.3036803901553,9306.118,12.645762
1343.3050692853565,9303.509,12.633303
1343.306458180558,9277.71,12.612869
1343.3078470757594,9274.055,12.615377
1343.3092359709606,9261.571,12.61681
1343.3106248661627,9305.425,12.6272135
1343.312013761364,9290.802,12.624769
1343.313402656449,9258.982,12.6130705
1343.3147915516508,9293.511,12.619738
1343.3161804468525,9288.197,12.622541
1343.3175693420537,9295.302,12.623314
1343.318958237255,9294.427,12.626518
1343.3203471324564,9295.33,12.622732
1343.3217360276578,9282.417,12.608167
1343.323124922859,9289.348,12.619077
1343.324513817944,9287.932,12.619816
1343.325902713146,9302.775,12.626855
1343.3272916083477,9288.018,12.628541
1343.3286805035482,9300.304,12.625108
1343.33006939875,9285.113,12.617073
1343.3314582939522,9263.774,12.624099
1343.3328471890366,9301.654,12.622305
1343.3342360842378,9265.719,12.615336
1343.33562497944,9283.923,12.621057
1343.337013874642,9276.083,12.6149025
1343.3384027698432,9271.134,12.603367
1343.3397916649276,9272.49,12.60802
1343.3411805601297,9284.25,12.613471
1343.3425694553318,9295.119,12.619196
1343.3439583505324,9286.016,12.6272335
1343.3453472456174,9274.515,12.609349
1343.3467361408193,9295.892,12.618401
1343.3481250360207,9278.116,12.619505
1343.349513931222,9305.16,12.622686
1343.350902826307,9283.315,12.622752
1343.3522917215084,9303.889,12.620866
1343.3536806167097,9257.557,12.599886
1343.355069511911,9300.545,12.626067
1343.3564584069961,9290.636,12.630102
1343.3578473021983,9270.709,12.609815
1343.3592361973995,9290.642,12.619496
1343.3606250924843,9298.951,12.624008
1343.3620139876864,9300.025,12.629214
1343.3634028828876,9311.524,12.6342
1343.3647917779729,9260.546,12.603279
1343.366180673174,9287.142,12.610993
1343.3675695683753,9272.877,12.611441
1343.368958463461,9285.081,12.611319
1343.3703473586625,9308.54,12.622567
1343.371736253863,9306.875,12.6225195
1343.3731251489487,9284.424,12.608063
1343.3745140441508,9292.444,12.619422
1343.3759029392352,9264.154,12.6127825
1343.3772918344364,9266.212,12.605748
1343.3786807296385,9271.789,12.610567
1343.3800696247233,9278.012,12.606652
1343.3814585199248,9274.464,12.609341
1343.3828474150098,9274.368,12.616863
1343.384236310212,9282.26,12.618825
1343.3856252054131,9279.425,12.608137
1343.3870141004975,9257.542,12.602787
1343.3884029956994,9288.925,12.61174
1343.3897918907849,9290.459,12.615471
1343.3911807859856,9271.759,12.627493
1343.3925696810707,9289.075,12.622473
1343.3939585762726,9284.181,12.615665
1343.3953474713578,9289.892,12.622148
1343.396736366559,9273.223,12.603423
1343.3981252616438,9282.703,12.608277
1343.3995141568453,9248.837,12.595591
1343.4009030519308,9295.978,12.621382
1343.4022919471324,9293.86,12.619473
1343.4036808422165,9295.955,12.6171
1343.4050697374184,9258.601,12.5995865
1343.4064586325042,9289.373,12.622978
1343.4078475277056,9292.545,12.624199
1343.4092364227906,9265.387,12.608693
1343.4106253179918,9277.711,12.613107
1343.4120142130776,9295.943,12.626396
1343.4134031082788,9293.959,12.634954
1343.4147920033631,9271.043,12.619882
1343.4161808984488,9282.314,12.617101
1343.417569793651,9296.217,12.623238
1343.418958688735,9273.556,12.611931
1343.4203475839365,9274.666,12.613192
1343.4217364790222,9272.933,12.605861
1343.4231253742228,9318.401,12.629325
1343.4245142693078,9271.769,12.60577
1343.4259031643933,9283.269,12.61716
1343.4272920595947,9309.044,12.631656
1343.4286809546795,9292.638,12.620626
1343.4300698497645,9292.346,12.6179
1343.4314587449664,9302.125,12.621515
1343.4328476400522,9297.811,12.623319
1343.4342365351365,9295.406,12.6200485
1343.4356254303377,9290.374,12.622937
1343.4370143254234,9283.9375,12.625756
1343.4384032205085,9290.343,12.6256695
1343.43979211571,9283.756,12.6247225
1343.4411810107947,9303.102,12.642309
1343.4425699058795,9275.7705,12.611204
1343.4439588010816,9276.437,12.614711
1343.4453476961667,9286.932,12.625285
1343.4467365912508,9271.664,12.615019
1343.448125486453,9273.38,12.609267
1343.4495143815386,9277.612,12.613711
1343.450903276623,9266.315,12.611305
1343.4522921717078,9266.251,12.612829
1343.45368106691,9287.853,12.624693
1343.4550699619947,9280.096,12.622922
1343.4564588570797,9283.975,12.61842
1343.4592366473669,9292.841,12.623053
1343.4606255424517,9265.336,12.623193
1343.462014437536,9306.03,12.625308
1343.4634033326217,9266.999,12.615348
1343.4647922277072,9269.747,12.617285
1343.4661811229078,9280.675,12.622263
1343.4675700179928,9278.355,12.619308
1343.4689589130783,9281.163,12.625892
1343.4703478081635,9305.102,12.631658
1343.4717367032483,9281.924,12.624607
1343.4731255983331,9294.294,12.622972
1343.4745144935348,9298.448,12.630625
1343.4759033886203,9281.609,12.629523
1343.4772922837053,9299.681,12.635706
1343.47868117879,9272.77,12.610507
1343.4800700738758,9291.7,12.626719
1343.4814589689606,9275.373,12.624132
1343.4828478640457,9272.442,12.621826
1343.484236759247,9283.591,12.624412
1343.485625654332,9263.432,12.618062
1343.4870145494176,9251.842,12.620337
1343.4884034445024,9275.697,12.6238365
1343.4897923395868,9269.244,12.6237545
1343.4911812346725,9292.988,12.627248
1343.4925701297573,9293.336,12.636361
1343.4939590248416,9287.629,12.627752
1343.4953479199273,9275.144,12.6366205
1343.496736815013,9270.286,12.621055
1343.4981257100972,9294.448,12.643511
1343.4995146051822,9273.422,12.619385
1343.500903500268,9275.545,12.626027
1343.5022923953534,9292.593,12.627403
1343.5036812904384,9288.632,12.627433
1343.5050701855225,9284.846,12.620875
1343.506459080608,9293.301,12.6303215
1343.5078479756937,9264.44,12.632922
1343.509236870778,9300.041,12.641281
1343.5106257658629,9293.351,12.6402025
1343.5120146609486,9285.337,12.638876
1343.5134035560336,9276.58,12.630469
1343.5147924511186,9295.691,12.647402
1343.5161813462034,9274.959,12.629458
1343.5175702412885,9265.532,12.629284
1343.520348031459,9269.065,12.627148
1343.521736926543,9269.911,12.626408
1343.5231258216288,9282.147,12.640128
1343.5245147167138,9258.139,12.630522
1343.525903611798,9278.246,12.630289
1343.5272925068837,9270.319,12.63264
1343.5286814019694,9278.378,12.633617
1343.5300702970542,9273.927,12.63036
1343.5314591921392,9302.624,12.641433
1343.5328480871078,9281.823,12.635773
1343.5342369821935,9292.883,12.648343
1343.5356258772783,9293.29,12.645295
1343.5370147723627,9282.455,12.641299
1343.5384036674484,9296.307,12.64493
1343.5397925625339,9303.422,12.648169
1343.541181457618,9276.806,12.635708
1343.5425703525868,9291.455,12.645892
1343.5439592476723,9267.685,12.631004
1343.5453481427573,9285.903,12.640043
1343.5467370378421,9290.526,12.647008
1343.548125932927,9273.7295,12.638736
1343.5495148278958,9291.614,12.6458435
1343.5509037229813,9282.34,12.642024
1343.5522926180663,9277.198,12.641591
1343.5564593032052,9298.717,12.657766
1343.5578481982902,9259.931,12.631614
1343.5592370933753,9268.097,12.640944
1343.56062598846,9278.091,12.6433735
1343.5620148834287,9278.494,12.646589
1343.5634037785137,9271.917,12.640687
1343.5647926735985,9269.756,12.645737
1343.5661815686842,9290.718,12.654174
1343.5675704636526,9285.626,12.647166
1343.568959358737,9288.5,12.654655
1343.5703482538227,9283.62,12.649517
1343.571737148792,9299.073,12.645692
1343.573126043876,9288.908,12.656603
1343.574514938961,9286.403,12.654244
1343.5772927290159,9281.183,12.65101
1343.578681624101,9301.879,12.65416
1343.5800705191853,9279.977,12.647021
1343.5828483092398,9266.777,12.64438
1343.5842372043242,9264.219,12.637619
1343.5856260992925,9294.524,12.654864
1343.5870149943783,9274.317,12.640901
1343.5884038893469,9276.585,12.647552
1343.589792784432,9296.993,12.655787
1343.5911816795167,9279.207,12.652372
1343.5925705744853,9268.928,12.647814
1343.5939594695708,9295.052,12.660892
1343.5953483645394,9271.462,12.653451
1343.5967372596235,9291.675,12.655258
1343.5981261547092,9295.015,12.653584
1343.5995150496778,9262.955,12.658173
1343.6009039447629,9287.139,12.654195
1343.6022928397322,9279.844,12.65017
1343.603681734817,9284.257,12.652194
1343.6050706297854,9271.808,12.653492
1343.6064595248706,9285.667,12.6564
1343.607848419839,9280.275,12.652172
1343.6092373149247,9284.074,12.656311
1343.610626209893,9276.855,12.6578665
1343.6120151049774,9267.768,12.653961
1343.6134039999467,9292.361,12.661733
1343.6147928950322,9277.214,12.647508
1343.61618179,9290.028,12.661865
1343.6175706850852,9281.98,12.65659
1343.6189595800543,9264.138,12.64767
1343.6203484751393,9268.8545,12.654579
1343.6217373701077,9267.185,12.651698
1343.6231262651925,9255.651,12.648922
1343.6245151601618,9293.655,12.657009
1343.6259040552475,9284.867,12.660318
1343.6272929502154,9298.886,12.666233
1343.6286818453002,9276.065,12.652446
1343.6300707402695,9274.524,12.654859
1343.6314596352374,9296.69,12.669037
1343.6328485303222,9272.05,12.652932
1343.6342374252915,9290.234,12.657776
1343.6356263203763,9274.58,12.6477995
1343.637015215345,9281.044,12.661551
1343.6384041103136,9281.806,12.662524
1343.6397930053984,9263.698,12.645906
1343.6411819003677,9280.042,12.671059
1343.6425707954525,9276.174,12.654676
1343.6439596904204,9278.847,12.652473
1343.6453485853897,9263.858,12.6431265
1343.6467374804754,9292.368,12.665984
1343.6481263754438,9296.286,12.668809
1343.6495152704124,9282.619,12.665836
1343.6509041654974,9288.56,12.66409
1343.6522930604665,9298.816,12.663929
1343.653681955435,9283.151,12.656673
1343.655070850403,9285.121,12.661215
1343.6564597454885,9287.588,12.662843
1343.6578486404576,9288.75,12.657902
1343.6592375354255,9280.547,12.661709
1343.6606264305105,9290.541,12.656948
1343.6620153254796,9308.675,12.669354
1343.6634042204482,9301.015,12.6678095
1343.6647931154168,9270.073,12.653563
1343.6661820105016,9278.38,12.65914
1343.6675709054703,9288.057,12.664321
1343.6689598004389,9291.68,12.660946
1343.6703486954073,9282.822,12.663353
1343.671737590493,9269.183,12.652332
1343.6731264854623,9290.028,12.657818
1343.67451538043,9288.411,12.665026
1343.6759042753986,9293.406,12.667207
1343.6772931703679,9292.008,12.673764
1343.6786820654527,9310.2295,12.673169
1343.680070960421,9289.997,12.662131
1343.68145985539,9298.289,12.666949
1343.6828487503583,9296.167,12.66807
1343.6842376453276,9258.104,12.6548395
1343.6856265404124,9283.102,12.661502
1343.6870154353803,9277.275,12.658818
1343.6884043303496,9291.166,12.674766
1343.6897932253187,9289.866,12.671516
1343.6911821202864,9284.308,12.661803
1343.6925710152552,9291.671,12.659262
1343.6939599102243,9284.541,12.658012
1343.6953488051934,9285.193,12.660537
1343.6967377002786,9272.811,12.650035
1343.6981265952463,9286.743,12.654518
1343.6995154902154,9271.439,12.653028
1343.7009043851847,9273.85,12.657131
1343.703682175121,9269.584,12.647303
1343.7050710700903,9288.081,12.66539
1343.7064599650582,9281.114,12.663631
1343.7078488600266,9301.201,12.659752
1343.709237754996,9274.483,12.647549
1343.7106266499643,9266.675,12.646171
1343.7120155449331,9279.842,12.6591425
1343.7134044399015,9290.736,12.656398
1343.71479333487,9273.607,12.643956
1343.7161822298392,9278.317,12.649254
1343.7175711248076,9289.854,12.659362
1343.7189600197764,9276.097,12.646413
1343.7203489147455,9295.8125,12.663301
1343.721737809714,9282.483,12.651609
1343.7231267046825,9293.889,12.665855
1343.724515599651,9296.054,12.670087
1343.7259044946197,9292.069,12.659872
1343.727293389589,9279.584,12.660955
1343.7286822845574,9272.373,12.64471
1343.7300711795253,9277.687,12.652102
1343.7314600744944,9304.318,12.6633215
1343.7328489694635,9291.76,12.656431
1343.7342378644314,9292.662,12.651276
1343.7356267594,9306.547,12.664102
1343.737015654369,9300.635,12.673472
1343.738404549338,9282.507,12.651218
1343.73979344419,9262.177,12.643359
1343.7411823391583,9262.146,12.637595
1343.7425712341276,9275.055,12.650996
1343.7439601290962,9312.456,12.660185
1343.745349024064,9292.972,12.658305
1343.7467379190332,9307.48,12.656721
1343.7481268140025,9292.615,12.6636505
1343.7495157089704,9284.261,12.653303
1343.7509046038224,9275.728,12.648558
1343.7522934987917,9287.158,12.650963
1343.75368239376,9278.964,12.64753
1343.7550712887287,9275.371,12.649422
1343.7564601836973,9276.904,12.65097
1343.7578490786657,9273.152,12.6467285
1343.7592379735186,9274.231,12.652146
1343.760626868487,9283.392,12.649884
1343.7620157634549,9282.945,12.656847
1343.7634046584242,9275.283,12.646188
1343.764793553277,9296.409,12.65505
1343.7661824482454,9298.78,12.667713
1343.7675713432138,9275.319,12.650818
1343.7689602381824,9292.221,12.649484
1343.7703491331515,9273.722,12.653991
1343.771738028004,9270.854,12.653605
1343.7731269229716,9271.677,12.641504
1343.7745158179407,9325.02,12.671005
1343.7759047127936,9292.322,12.654264
1343.7772936077615,9279.215,12.646203
1343.77868250273,9278.063,12.655284
1343.7800713976992,9286.645,12.658905
1343.7814602925514,9293.153,12.66231
1343.78284918752,9269.399,12.649499
1343.7842380824884,9312.416,12.659192
1343.7856269773404,9286.624,12.654864
1343.7870158723092,9303.543,12.657492
1343.7884047672776,9273.521,12.66802
1343.7897936621305,9296.35,12.653979
1343.7911825570998,9264.951,12.659202
1343.7925714520675,9283.46,12.667297
1343.7939603469197,9246.86,12.636933
1343.7953492418887,9281.188,12.653143
1343.796738136741,9250.479,12.636834
1343.7981270317093,9286.974,12.661176
1343.799515926678,9271.558,12.642452
1343.8009048215301,9305.066,12.654673
1343.8022937164994,9278.148,12.643074
1343.8036826113514,9298.622,12.65521
1343.8050715063193,9266.426,12.646392
1343.8064604012886,9285.375,12.6494665
1343.8078492961413,9281.505,12.658184
1343.809238191109,9285.491,12.657768
1343.8106270859612,9279.095,12.650955
1343.8120159809303,9270.517,12.649362
1343.8134048757831,9306.816,12.658802
1343.8147937707517,9291.191,12.657103
1343.816182665603,9282.455,12.65074
1343.8175715605723,9283.385,12.650087
1343.8189604554252,9302.2,12.65947
1343.8203493503931,9315.783,12.662435
1343.8217382453615,9278.6875,12.652252
1343.8231271402144,9278.252,12.653065
1343.824516035066,9282.474,12.652647
1343.8259049300343,9275.152,12.644155
1343.8272938248872,9287.745,12.654974
1343.8286827198556,9290.256,12.6537695
1343.8300716147078,9287.857,12.650825
1343.8314605096764,9296.823,12.659048
1343.8328494045284,9258.135,12.641173
1343.8342382994977,9296.711,12.658076
1343.8356271943496,9274.209,12.646854
1343.8370160893176,9274.017,12.644676
1343.8384049841704,9267.547,12.641119
1343.8397938790233,9273.054,12.659554
1343.8411827739917,9277.438,12.659103
1343.8425716688437,9301.497,12.658758
1343.8439605638125,9288.102,12.652406
1343.8453494586652,9285.243,12.654907
1343.8467383535174,9279.4,12.6481285
1343.848127248485,9281.662,12.660006
1343.8495161433377,9265.3545,12.643697
1343.8509050381906,9291.939,12.6508
1343.8522939331585,9292.43,12.658478
1343.8536828280105,9300.875,12.65837
1343.8550717228634,9280.377,12.654736
1343.856460617832,9276.514,12.646367
1343.8578495126842,9303.535,12.660989
1343.8592384075362,9280.702,12.64738
1343.8606273025046,9305.092,12.661768
1343.862016197357,9296.836,12.661029
1343.863405092209,9280.698,12.64856
1343.8647939871782,9282.04,12.655898
1343.8661828820311,9310.977,12.666728
1343.8675717768824,9278.897,12.655173
1343.8689606717346,9289.331,12.652372
1343.870349566704,9262.52,12.644943
1343.8717384615559,9308.374,12.665388
1343.8731273564078,9272.388,12.646655
1343.87451625126,9289.503,12.655277
1343.8759051462287,9283.038,12.655304
1343.8772940410815,9281.746,12.653659
1343.8786829359335,9267.114,12.649373
1343.880071830785,9287.912,12.651889
1343.8814607257543,9267.416,12.645691
1343.882849620607,9301.22,12.664633
1343.8842385154583,9270.362,12.641281
1343.8856274103107,9271.705,12.645844
1343.8870163051633,9277.942,12.647382
1343.8884052001324,9283.122,12.654429
1343.8897940949846,9289.061,12.667018
1343.891182989836,9269.282,12.640984
1343.8925718846888,9272.783,12.658599
1343.8939607795417,9287.721,12.653317
1343.8953496743932,9297.003,12.667658
1343.8967385692451,9248.1,12.63291
1343.8981274642144,9250.484,12.628104
1343.8995163590664,9235.36,12.636869
1343.9009052539186,9259.048,12.63301
1343.9022941487708,9245.332,12.628242
1343.9036830436228,9240.0,12.628625
1343.905071938475,9248.816,12.626852
1343.9064608333272,9236.808,12.628511
1343.9078497281791,9249.501,12.635958
1343.909238623032,9240.064,12.63501
1343.910627517884,9223.346,12.618105
1343.9120164127364,9243.157,12.630794
1343.913405307589,9246.431,12.628943
1343.9147942025577,9205.931,12.612623
1343.9161830974097,9227.161,12.614451
1343.9175719922616,9220.792,12.622418
1343.918960887114,9239.833,12.621341
1343.9203497819667,9211.059,12.618851
1343.921738676819,9217.935,12.619936
1343.9231275716704,9211.241,12.622251
1343.924516466523,9228.685,12.617986
1343.9259053613757,9212.124,12.611786
1343.9272942562272,9204.131,12.608337
1343.9286831510792,9209.801,12.613233
1343.930072045932,9232.689,12.618301
1343.9314609406679,9222.854,12.613755
1343.93284983552,9217.8545,12.615848
1343.934238730372,9199.129,12.601533
1343.935627625225,9223.03,12.610516
1343.9370165200778,9218.739,12.614345
1343.938405414929,9204.817,12.607377
1343.9397943097813,9202.781,12.600311
1343.9411832046342,9221.895,12.611941
1343.9425720994861,9232.742,12.612705
1343.943960994338,9199.474,12.608318
1343.9453498891905,9253.257,12.629855
1343.9467387840425,9215.99,12.604352
1343.948127678778,9225.68,12.623977
1343.9495165736305,9213.67,12.612068
1343.9509054684825,9224.553,12.608871
1343.9522943633353,9215.514,12.606099
1343.9536832581873,9221.057,12.603667
1343.9550721530388,9214.412,12.611742
1343.9564610478917,9203.754,12.600953
1343.957849942628,9233.022,12.614786
1343.9592388374801,9237.068,12.607815
1343.9606277323321,9241.971,12.615849
1343.9620166271843,9210.376,12.606376
1343.963405522037,9203.109,12.608364
1343.9647944167727,9207.558,12.579752
1343.966183311624,9232.384,12.602864
1343.9689611013298,9207.585,12.591154
1343.9703499961813,9211.313,12.5948715
1343.9717388909169,9211.915,12.598092
1343.9731277857697,9204.768,12.595112
1343.9745166806217,9204.767,12.59507
1343.9759055754741,9212.613,12.600503
1343.9772944702097,9218.771,12.597728
1343.9786833650617,9223.302,12.595628
1343.9814611547665,9212.272,12.596326
1343.9828500495025,9221.184,12.609566
1343.9842389443552,9198.5,12.588107
1343.9856278392065,9212.719,12.604442
1343.9870167339425,9210.977,12.585404
1343.9884056287951,9225.814,12.599354
1343.9897945236473,9223.12,12.599118
1343.991183418383,9214.787,12.597702
1343.9925723132349,9222.1,12.595844
1343.9939612080873,9209.185,12.584253
1343.9967389976757,9214.304,12.589542
1343.9981278925272,9217.651,12.604355
1343.9995167872635,9218.01,12.592841
1344.0009056821161,9218.691,12.593963
1344.0022945768512,9227.416,12.596931
1344.0036834717034,9215.053,12.589323
1344.005072366556,9230.113,12.593548
1344.0064612612925,9231.356,12.597313
1344.0092390508796,9209.278,12.586989
1344.0106279457325,9208.184,12.588406
1344.012016840469,9240.068,12.598068
1344.0134057353205,9225.575,12.599539
1344.0147946301724,9231.756,12.593035
1344.016183524909,9222.718,12.596645
1344.0175724197609,9210.787,12.584217
1344.0189613144967,9233.131,12.594741
1344.0203502093489,9243.449,12.601111
1344.0217391040844,9220.509,12.582868
1344.0231279989373,9218.238,12.592352
1344.0245168936729,9218.448,12.591039
1344.0259057885244,9239.523,12.593368
1344.0272946832608,9224.079,12.592865
1344.0286835781128,9253.08,12.602023
1344.0300724728486,9258.224,12.610104
1344.0314613677012,9263.251,12.6044235
1344.032850262437,9278.313,12.616089
1344.0342391572892,9279.302,12.616108
1344.0356280520248,9277.166,12.631575
1344.0370169467606,9259.375,12.618075
1344.0384058416132,9276.534,12.606812
1344.0397947363492,9261.315,12.614289
1344.0411836312005,9283.331,12.615774
1344.0425725259367,9277.737,12.611988
1344.0439614206732,9293.018,12.618099
1344.0453503155247,9288.704,12.625776
1344.0467392102603,9292.597,12.618957
1344.0481281051132,9265.162,12.606401
1344.0495169998487,9273.966,12.612101
1344.0509058945847,9269.796,12.6068
1344.0522947894367,9273.783,12.622414
1344.0536836841732,9304.002,12.62706
1344.0550725789096,9279.158,12.613812
1344.056461473761,9293.366,12.622288
1344.0578503684967,9291.705,12.628489
1344.059239263233,9288.893,12.619161
1344.0606281580851,9293.003,12.625471
1344.0620170528207,9285.978,12.631443
1344.0634059475565,9266.788,12.613408
1344.0647948424087,9272.686,12.610111
1344.0661837371451,9292.988,12.629101
1344.0675726318807,9303.735,12.622648
1344.0689615267322,9274.724,12.605289
1344.0703504214687,9264.054,12.60786
1344.0717393162042,9294.01,12.614749
1344.0731282109393,9294.464,12.618782
1344.074517105792,9297.035,12.626534
1344.0759060005282,9256.805,12.609349
1344.0772948952642,9290.12,12.619698
1344.0786837899998,9281.148,12.613993
1344.0800726848518,9281.3,12.619674
1344.0814615795882,9269.51,12.611841
1344.082850474324,9299.961,12.628259
1344.0842393690589,9288.218,12.621544
1344.0856282637953,9274.603,12.620408
1344.0870171586482,9288.231,12.634547
1344.0884060533833,9289.53,12.621534
1344.0897949481189,9268.473,12.606863
1344.0911838428553,9289.837,12.623348
1344.092572737591,9279.482,12.613093
1344.0939616323267,9278.578,12.614627
1344.0953505270625,9315.981,12.630255
1344.0967394219144,9282.479,12.613688
1344.098128316651,9272.553,12.61883
1344.0995172113865,9279.423,12.620448
1344.1009061061222,9270.386,12.612127
1344.1022950008585,9288.808,12.636929
1344.1036838955945,9294.084,12.620329
1344.10507279033,9274.94,12.6184635
1344.1064616850656,9280.25,12.631489
1344.1078505798016,9281.208,12.620575
1344.1092394746543,9287.624,12.618818
1344.11062836939,9281.897,12.626409
1344.112017264125,9283.854,12.622264
1344.1134061588612,9290.597,12.627804
1344.1147950535972,9275.285,12.613237
1344.116183948332,9290.492,12.626041
1344.1175728430683,9285.831,12.624627
1344.1189617378047,9269.75,12.623485
1344.1203506325398,9308.686,12.632192
1344.1217395272754,9299.694,12.624618
1344.1231284220119,9284.185,12.618252
1344.1245173167476,9284.754,12.623826
1344.1259062114834,9272.104,12.612886
1344.127295106219,9296.533,12.630121
1344.1286840009554,9269.718,12.622818
1344.130072895692,9274.836,12.62384
1344.1314617904268,9261.708,12.616229
1344.1328506851626,9271.33,12.622522
1344.134239579899,9286.716,12.629059
1344.1356284746346,9280.498,12.626617
1344.1370173693701,9278.998,12.61916
1344.138406264106,9264.91,12.613083
1344.1397951587253,9287.408,12.625551
1344.1411840534618,9288.509,12.629299
1344.1425729481973,9272.269,12.61934
1344.1439618429324,9287.621,12.630391
1344.1453507376689,9292.68,12.629423
1344.1467396324051,9301.831,12.635136
1344.14812852714,9301.704,12.641403
1344.149517421876,9271.643,12.626852
1344.1509063166122,9307.385,12.641329
1344.152295211232,9290.068,12.632993
1344.1536841059678,9289.533,12.631888
1344.1550730007027,9285.775,12.625018
1344.1564618954392,9277.341,12.628606
1344.1578507901756,9298.691,12.6345215
1344.1592396849107,9283.605,12.628069
1344.1606285795299,9284.535,12.626932
1344.1620174742663,9278.012,12.629121
1344.1634063690015,9282.072,12.620911
1344.164795263737,9288.748,12.629571
1344.1661841584735,9280.494,12.629976
1344.1675730530926,9280.132,12.629514
1344.1689619478284,9285.51,12.626503
1344.1703508425642,9274.864,12.622599
1344.1717397372997,9272.748,12.6276655
1344.1731286319198,9308.406,12.639033
1344.1745175266553,9289.957,12.635136
1344.1759064213913,9305.071,12.630729
1344.1772953161276,9280.551,12.632777
1344.178684210747,9310.064,12.64492
1344.1800731054825,9270.116,12.625821
1344.181462000218,9299.643,12.635102
1344.182850894954,9294.341,12.634328
1344.184239789574,9267.871,12.625686
1344.1856286843097,9293.091,12.634311
1344.1870175790448,9273.907,12.6228485
1344.1884064736646,9302.704,12.635115
1344.1897953684008,9277.56,12.628423
1344.191184263136,9277.451,12.628155
1344.192573157755,9292.509,12.633958
1344.1939620524915,9266.841,12.629481
1344.1953509472273,9290.912,12.627774
1344.1967398418467,9278.094,12.635644
1344.1981287365822,9280.415,12.623271
1344.1995176312023,9279.033,12.622012
1344.2009065259388,9268.766,12.6308155
1344.2022954206736,9280.848,12.624882
1344.203684315293,9286.642,12.629574
1344.2050732100295,9285.121,12.627017
1344.206462104648,9289.002,12.63125
1344.2078509993837,9272.792,12.626689
1344.2092398941202,9288.641,12.631714
1344.2106287887393,9312.389,12.644214
1344.2120176834749,9270.556,12.617978
1344.2134065780945,9294.572,12.629215
1344.21479547283,9284.664,12.63073
1344.21618436745,9282.474,12.630432
1344.2175732621856,9260.265,12.619681
1344.2189621568043,9296.608,12.633565
1344.2203510515408,9277.879,12.619988
1344.2217399461606,9268.654,12.625506
1344.2231288408964,9300.301,12.632605
1344.2245177355155,9276.505,12.619232
1344.2259066302513,9319.039,12.642454
1344.2272955248711,9271.751,12.619196
1344.228684419607,9303.6875,12.645481
1344.2300733142254,9295.861,12.629692
1344.2314622089618,9277.625,12.626807
1344.2328511035819,9279.419,12.616655
1344.234239998317,9282.524,12.625579
1344.2356288929361,9297.426,12.627734
1344.2370177875562,9292.014,12.62299
1344.2384066822917,9256.081,12.616904
1344.2397955769113,9282.751,12.618829
1344.2411844716469,9273.042,12.624748
1344.242573366266,9266.272,12.61709
1344.2439622610025,9263.591,12.605387
1344.2453511556218,9290.552,12.625729
1344.2467400502412,9309.74,12.632969
1344.2481289449775,9295.665,12.626325
1344.2495178395968,9297.501,12.625442
1344.250906734216,9265.145,12.604779
1344.2522956289517,9285.618,12.618471
1344.253684523571,9268.874,12.614364
1344.2550734181902,9286.009,12.61043
1344.256462312926,9292.465,12.624537
1344.2578512075454,9299.985,12.619755
1344.2592401021652,9287.197,12.625559
1344.260628996901,9266.456,12.612714
1344.2620178915197,9279.25,12.618092
1344.2647956808757,9284.243,12.617178
1344.2661845754944,9285.366,12.618243
1344.27035125947,9274.345,12.611851
1344.2717401540895,9262.034,12.5978565
1344.273129048708,9273.692,12.61594
1344.274517943328,9271.211,12.604105
1344.2759068380644,9284.16,12.61001
1344.2772957326831,9296.219,12.610766
1344.2786846273023,9270.799,12.613329
1344.2800735219223,9292.522,12.6119585
1344.2814624165414,9289.522,12.6107235
1344.2842402058966,9280.18,12.608096
1344.2856291005157,9280.816,12.6179085
1344.2870179951358,9273.516,12.6064625
1344.288406889755,9301.464,12.612466
1344.28979578449,9304.858,12.619564
1344.29118467911,9304.062,12.613256
1344.2925735737301,9258.885,12.598294
1344.2939624683493,9270.584,12.602275
1344.2953513629684,9310.312,12.614611
1344.2967402575878,9277.169,12.596449
1344.2981291522076,9294.272,12.608133
1344.2995180468272,9266.792,12.601827
1344.300906941562,9288.9375,12.604592
1344.3022958361819,9276.111,12.600167
1344.30507362542,9286.584,12.602284
1344.3064625200398,9298.242,12.610505
1344.3078514146598,9283.001,12.603948
1344.3092403092785,9290.527,12.6019335
1344.3106292038976,9257.214,12.582461
1344.3120180985177,9277.957,12.603898
1344.3134069931368,9292.786,12.602263
1344.3147958877564,9275.638,12.593817
1344.3161847823756,9263.757,12.5873165
1344.3175736769956,9264.941,12.594341
1344.3189625716157,9288.745,12.601007
1344.3203514662341,9282.641,12.596942
1344.3217403608535,9280.49,12.596308
1344.3231292554733,9314.612,12.606372
1344.3245181500927,9298.721,12.620575
1344.3259070447118,9283.329,12.5968075
1344.3272959393312,9283.79,12.598566
1344.3286848339505,9295.506,12.599168
1344.3300737285706,9272.417,12.599087
1344.3314626231897,9254.643,12.575935
1344.3328515178084,9275.348,12.591427
1344.3342404124285,9300.836,12.611636
1344.3356293070483,9262.264,12.584163
1344.3370182016668,9275.529,12.592719
1344.3384070962861,9292.35,12.59976
1344.339795990906,9274.907,12.589219
1344.3411848854096,9294.3125,12.594313
1344.342573780029,9285.133,12.588986
1344.3439626746474,9306.974,12.602807
1344.3453515692675,9290.63,12.600048
1344.3467404638875,9303.545,12.595178
1344.3481293585062,9303.183,12.601423
1344.3495182531253,9280.652,12.589532
1344.3509071477454,9260.667,12.585809
1344.3522960422476,9300.919,12.5974045
1344.3536849368668,9274.093,12.592965
1344.3550738314868,9303.035,12.605214
1344.356462726106,9303.412,12.597511
1344.3578516207253,9283.005,12.5880785
1344.3592405152283,9268.636,12.591468
1344.3606294098474,9293.004,12.598587
1344.3620183044675,9279.868,12.585098
1344.3634071990866,9268.376,12.587891
1344.364796093706,9278.69,12.591448
1344.3661849882094,9277.854,12.596592
1344.367573882829,9281.555,12.59714
1344.3689627774481,9285.817,12.591532
1344.3703516720673,9271.342,12.586082
1344.3717405665705,9269.645,12.582756
1344.3731294611903,9272.24,12.585898
1344.3745183558096,9281.81,12.601953
1344.375907250428,9289.904,12.590465
1344.3772961449315,9254.984,12.577727
1344.3786850395516,9285.29,12.586334
1344.3800739341702,9268.327,12.576865
1344.381462828673,9278.831,12.591667
1344.382851723293,9290.643,12.595371
1344.3842406179124,9274.713,12.591368
1344.3856295124153,9287.241,12.59386
1344.3870184070345,9303.444,12.601105
1344.3884073016545,9311.189,12.600582
1344.3897961961582,9267.297,12.583323
1344.3911850907766,9298.446,12.600222
1344.3939628798996,9268.049,12.585171
1344.3953517745188,9290.596,12.600835
1344.3967406690215,9267.63,12.579264
1344.398129563641,9291.87,12.605305
1344.3995184582602,9266.999,12.582256
1344.400907352763,9273.583,12.5897455
1344.4036851418853,9266.123,12.590772
1344.4050740365053,9274.083,12.592323
1344.406462931008,9281.192,12.596275
1344.4078518256267,9313.977,12.60651
1344.4092407202468,9242.78,12.593013
1344.4106296147502,9299.654,12.6034775
1344.4120185093695,9250.784,12.575862
1344.4134074038723,9275.945,12.587575
1344.4147962984916,9287.73,12.599053
1344.416185192995,9289.691,12.597746
1344.4175740876144,9291.176,12.601797
1344.4189629821165,9287.137,12.597711
1344.4217407712401,9276.076,12.598742
1344.4231296658588,9282.139,12.597578
1344.4245185603615,9287.208,12.602248
1344.4259074549816,9284.042,12.596068
1344.4272963494843,9292.196,12.601727
1344.4286852439873,9294.39,12.600126
1344.4300741386066,9282.425,12.596711
1344.4314630331094,9284.342,12.594094
1344.4328519277294,9284.078,12.596511
1344.4342408222321,9283.771,12.600307
1344.4356297168508,9275.343,12.5922165
1344.4370186113545,9304.143,12.601623
1344.438407505858,9299.603,12.6040125
1344.4397964004772,9287.886,12.600849
1344.4411852949802,9287.994,12.606155
1344.4425741895996,9274.74,12.603897
1344.443963084103,9272.748,12.595559
1344.445351978606,9285.224,12.604911
1344.4467408732246,9274.699,12.612237
1344.448129767728,9280.391,12.590272
1344.4495186622314,9259.433,12.585556
1344.45090755685,9295.4795,12.610698
1344.452296451353,9295.102,12.604707
1344.4536853458565,9271.834,12.595052
1344.4564631349779,9282.083,12.608716
1344.4578520294815,9256.424,12.596256
1344.4592409239845,9284.117,12.60254
1344.4606298186038,9265.299,12.5998
1344.4620187131065,9260.761,12.605879
1344.4634076076102,9279.336,12.608388
1344.4647965022302,9292.541,12.60669
1344.4661853967323,9276.091,12.605973
1344.4675742912352,9289.733,12.618203
1344.4689631857389,9272.117,12.599375
1344.4703520802416,9276.994,12.613344
1344.4717409748607,9302.142,12.61847
1344.473129869364,9276.085,12.619647
1344.4745187638666,9267.426,12.607063
1344.4759076583703,9277.008,12.611653
1344.4772965529894,9280.26,12.606312
1344.4786854474917,9294.136,12.613809
1344.4800743419953,9295.128,12.615116
1344.481463236499,9275.027,12.6084385
1344.482852131001,9282.817,12.607286
1344.484241025504,9268.91,12.608382
1344.4856299201238,9269.965,12.603841
1344.4870188146272,9296.878,12.626252
1344.4884077091303,9292.855,12.615827
1344.4897966036324,9296.276,12.613948
1344.4911854981358,9290.982,12.615786
1344.4925743926394,9268.184,12.611901
1344.4939632871417,9285.523,12.605741
1344.4953521816444,9290.894,12.61681
1344.496741076148,9305.198,12.624423
1344.4981299707672,9271.135,12.613097
1344.4995188652704,9294.599,12.618367
1344.500907759773,9294.878,12.6193285
1344.5022966542758,9285.987,12.622144
1344.503685548779,9290.326,12.627867
1344.5050744432817,9264.624,12.606338
1344.5064633377845,9278.722,12.621179
1344.507852232288,9299.001,12.622851
1344.509241126791,9290.432,12.620941
1344.510630021294,9275.385,12.628065
1344.5120189157974,9289.774,12.624637
1344.5134078103004,9285.828,12.614245
1344.514796704803,9298.896,12.634996
1344.516185599306,9292.163,12.629393
1344.517574493809,9287.333,12.620762
1344.5189633883126,9292.063,12.625534
1344.5203522828153,9288.571,12.626177
1344.5217411773176,9274.624,12.629618
1344.523130071821,9311.958,12.638991
1344.5245189663244,9291.659,12.6257305
1344.5259078608267,9250.948,12.61102
1344.5272967553296,9291.657,12.63224
1344.528685649833,9290.066,12.63211
1344.5314634387225,9282.54,12.630937
1344.5328523332253,9292.196,12.6274395
1344.534241227729,9274.688,12.622888
1344.5370190167348,9276.545,12.628287
1344.5384079112375,9273.949,12.643151
1344.5397968057412,9287.554,12.631633
1344.541185700244,9271.002,12.619836
1344.5425745946304,9268.627,12.631952
1344.5439634891334,9281.102,12.629082
1344.545352383636,9268.552,12.624359
1344.5467412781397,9299.407,12.639937
1344.5481301726425,9290.934,12.649183
1344.5495190671447,9281.005,12.622641
1344.550907961532,9302.189,12.656046
1344.5522968560356,9310.225,12.653592
1344.5536857505376,9276.607,12.628138
1344.5550746450406,9286.64,12.633228
1344.5564635395442,9290.472,12.637532
1344.5606302229362,9279.7295,12.626942
1344.5620191174396,9277.991,12.640121
1344.5634080118264,9278.724,12.62843
1344.5647969063284,9319.499,12.66744
1344.5661858008318,9263.255,12.622584
1344.5675746953355,9256.328,12.627581
1344.570352484224,9293.125,12.645881
1344.5717413787277,9285.497,12.637063
1344.5731302731142,9306.508,12.644859
1344.5745191676172,9272.358,12.635554
1344.5759080621199,9283.908,12.640351
1344.5772969565062,9304.474,12.652026
1344.5786858510098,9294.928,12.639669
1344.5800747455128,9281.789,12.6361475
1344.5814636398993,9283.766,12.640214
1344.582852534403,9264.788,12.643209
1344.5842414289057,9281.062,12.641907
1344.585630323292,9282.429,12.645232
1344.587019217795,9291.32,12.642206
1344.5884081121815,9287.688,12.645522
1344.589797006685,9284.956,12.650052
1344.5911859011878,9294.175,12.65607
1344.5925747955737,9268.363,12.641556
1344.5939636900773,9288.115,12.642814
1344.5953525844643,9280.941,12.639866
1344.5967414789664,9278.822,12.641796
1344.5981303734695,9302.707,12.650935
1344.5995192678565,9259.982,12.632918
1344.6009081623595,9262.38,12.631203
1344.6022970567458,9276.086,12.6362505
1344.6036859512485,9284.565,12.642528
1344.6050748456357,9282.328,12.64717
1344.6064637401394,9263.059,12.644093
1344.6078526345252,9301.859,12.647933
1344.609241529028,9276.397,12.647809
1344.6106304234152,9300.29,12.661935
1344.6120193179179,9295.779,12.649533
1344.6134082123046,9295.087,12.643163
1344.6147971068074,9282.444,12.645646
1344.6161860011937,9291.182,12.649456
1344.6175748956966,9291.737,12.65325
1344.6189637900832,9277.974,12.640692
1344.620352684586,9289.654,12.647087
1344.6217415789731,9293.983,12.653855
1344.6231304733594,9288.4375,12.652083
1344.6245193678617,9291.108,12.650587
1344.625908262249,9270.533,12.639886
1344.6272971567525,9283.441,12.64354
1344.6286860511389,9306.076,12.654096
1344.6300749455252,9273.994,12.65127
1344.6314638400283,9297.414,12.65881
1344.6328527344153,9286.897,12.653228
1344.6342416289183,9292.368,12.652337
1344.6356305233041,9280.806,12.644166
1344.6370194176911,9273.927,12.641469
1344.6384083121945,9292.077,12.650538
1344.6397972065804,9260.608,12.631254
1344.6411861009667,9286.454,12.650332
1344.6425749954703,9266.737,12.635411
1344.6439638898569,9291.575,12.663599
1344.6453527842434,9280.385,12.639232
1344.6467416787461,9288.362,12.660169
1344.6481305731327,9282.937,12.645166
1344.6495194675197,9287.056,12.648637
1344.6509083619064,9290.237,12.647508
1344.6536861507964,9281.769,12.641214
1344.6550750451827,9281.363,12.648206
1344.6564639396854,9270.035,12.637118
1344.6578528340722,9292.727,12.6466465
1344.6592417284585,9283.662,12.642588
1344.6606306228457,9268.417,12.6318
1344.662019517232,9278.613,12.645881
1344.6634084117343,9311.427,12.658617
1344.6647973061215,9302.077,12.650408
1344.6661862005087,9282.902,12.645437
1344.6675750948943,9292.946,12.644904
1344.6689639892809,9286.236,12.646448
1344.6703528837843,9258.781,12.644418
1344.67174177817,9300.541,12.64921
1344.6731306725567,9303.072,12.656567
1344.6745195669437,9307.988,12.653703
1344.6759084613307,9293.405,12.644804
1344.6772973557174,9263.943,12.635489
1344.6786862502195,9288.446,12.641605
1344.6800751446065,9278.665,12.650804
1344.6911862996988,9286.158,12.651938
1344.6925751942024,9313.147,12.655415
1344.693964088589,9286.206,12.63767
1344.6953529829746,9289.223,12.643515
1344.6967418773618,9298.835,12.650444
1344.698130771749,9302.42,12.651921
1344.6995196661353,9284.97,12.644659
1344.7009085605218,9270.247,12.636724
1344.7022974549084,9278.911,12.640006
1344.7036863492956,9289.154,12.650707
1344.705075243682,9298.545,12.648488
1344.7064641380678,9285.852,12.639825
1344.707853032455,9292.817,12.645904
1344.709241926842,9290.676,12.64576
1344.7106308212276,9284.409,12.640847
1344.7120197156141,9296.714,12.65578
1344.7134086100011,9262.848,12.638241
1344.714797504388,9252.43,12.625226
1344.7161863987742,9286.413,12.642795
1344.717575293044,9293.507,12.663105
1344.7189641874309,9297.267,12.651776
1344.7203530818178,9281.077,12.640317
1344.7217419762044,9295.932,12.642078
1344.7231308705907,9280.316,12.639251
1344.724519764978,9263.498,12.629221
1344.7259086593642,9275.281,12.635592
1344.7272975537508,9285.85,12.640558
1344.7286864481373,9276.021,12.636156
1344.7300753424072,9263.742,12.639399
1344.7314642367937,9279.336,12.634189
1344.7328531311803,9267.839,12.6279955
1344.7342420255666,9283.085,12.640217
1344.7356309199538,9289.603,12.64171
1344.73701981434,9269.759,12.631115
1344.738408708726,9300.721,12.655787
1344.7397976029968,9268.573,12.629744
1344.741186497384,9294.758,12.658048
1344.7425753917696,9297.401,12.649965
1344.7439642861561,9299.28,12.644685
1344.7453531805434,9290.605,12.641022
1344.7467420748133,9281.895,12.641799
1344.7481309691996,9282.705,12.634439
1344.749519863586,9305.698,12.646563
1344.750908757973,9301.609,12.648899
1344.752297652244,9279.452,12.640707
1344.7536865466298,9271.654,12.633095
1344.755075441016,9293.193,12.650005
1344.7564643354033,9274.597,12.63927
1344.7578532296734,9289.198,12.645778
1344.75924212406,9289.903,12.645166
1344.7606310184462,9279.602,12.63581
1344.7620199127161,9292.59,12.654463
1344.7634088071034,9277.019,12.634318
1344.76479770149,9284.186,12.645335
1344.766186595759,9285.264,12.649258
1344.7675754901463,9266.474,12.627615
1344.7689643845335,9276.392,12.638303
1344.770353278803,9273.09,12.632704
1344.7717421731893,9277.155,12.638461
1344.7731310675765,9301.903,12.641562
1344.7745199618473,9286.932,12.645989
1344.7759088562336,9293.83,12.643825
1344.7772977506195,9284.038,12.640866
1344.7786866448903,9278.513,12.635243
1344.7800755392773,9270.582,12.631577
1344.7814644335465,9294.208,12.641691
1344.7828533279333,9301.604,12.641898
1344.7842422222038,9294.242,12.642458
1344.7856311165904,9276.106,12.6343155
1344.7870200109767,9282.974,12.641643
1344.7884089052466,9264.291,12.631552
1344.7897977996333,9299.683,12.645571
1344.791186693904,9277.747,12.647557
1344.7925755882904,9261.954,12.633781
1344.7939644825599,9277.338,12.636123
1344.7953533769469,9283.925,12.635418
1344.796742271217,9286.742,12.638614
1344.7981311656033,9305.442,12.648487
1344.799520059874,9283.388,12.640265
1344.8009089542604,9283.486,12.644183
1344.8022978485305,9300.683,12.648884
1344.803686742917,9278.014,12.641156
1344.805075637187,9286.845,12.640943
1344.8064645315742,9267.679,12.637654
1344.807853425844,9261.02,12.627307
1344.80924232023,9279.907,12.634677
1344.8106312145007,9287.264,12.646489
1344.8120201087715,9292.481,12.646552
1344.8134090031572,9285.998,12.640376
1344.8147978974273,9258.008,12.630181
1344.8161867918145,9261.511,12.629901
1344.8175756860844,9278.996,12.636769
1344.8189645803543,9284.341,12.637485
1344.820353474741,9281.846,12.640515
1344.8217423690116,9280.357,12.637665
1344.8231312633986,9293.882,12.642665
1344.824520157668,9271.628,12.634939
1344.825909051938,9293.118,12.640117
1344.8272979463252,9284.133,12.64345
1344.8286868405953,9271.269,12.633124
1344.8300757348654,9279.475,12.6393175
1344.8314646292517,9279.37,12.637203
1344.8328535235219,9279.8955,12.643068
1344.8342424177924,9297.377,12.645291
1344.8356313121792,9289.739,12.641111
1344.8370202064484,9304.534,12.654766
1344.838409100719,9270.805,12.632226
1344.8397979949898,9284.706,12.639729
1344.8411868893756,9290.074,12.643077
1344.8425757836455,9252.072,12.62636
1344.8439646779163,9283.939,12.642184
1344.8453535723036,9291.331,12.641402
1344.8467424665735,9283.629,12.642167
1344.848131360843,9313.807,12.6499405
1344.8495202551137,9289.541,12.645493
1344.8509091493845,9282.305,12.644285
1344.8522980437701,9291.174,12.641377
1344.8536869380403,9274.282,12.631404
1344.8550758323108,9292.465,12.6457815
1344.856464726581,9273.6,12.645173
1344.8578536208508,9287.241,12.643051
1344.8592425152374,9279.154,12.6296215
1344.8606314095075,9274.066,12.644771
1344.8620203037774,9258.568,12.626997
1344.8634091980475,9264.49,12.632211
1344.8647980923176,9272.663,12.635661
1344.8661869865884,9300.867,12.647854
1344.8675758809748,9268.193,12.634455
1344.8689647752446,9293.637,12.64304
1344.8703536695155,9267.487,12.632078
1344.8717425637853,9308.187,12.646952
1344.8731314580557,9277.335,12.646009
1344.8745203523256,9286.253,12.642758
1344.8759092465955,9294.783,12.640588
1344.8772981408663,9300.224,12.631423
1344.8786870351364,9295.158,12.637337
1344.8800759294056,9283.768,12.632748
1344.8814648236764,9297.737,12.643908
1344.8828537179472,9267.933,12.625889
1344.884242612333,9290.795,12.641933
1344.885631506603,9297.161,12.644451
1344.8870204008738,9267.7,12.6394005
1344.8884092951437,9281.776,12.636778
1344.8897981894138,9299.16,12.65937
1344.891187083684,9267.093,12.62686
1344.8925759779547,9283.979,12.637925
1344.8939648722253,9260.502,12.620956
1344.8953537664945,9278.609,12.636972
1344.8967426607646,9270.181,12.625704
1344.8981315550352,9284.519,12.635045
1344.8995204491891,9271.671,12.623475
1344.900909343459,9282.997,12.648013
1344.902298237729,9302.496,12.643945
1344.9036871319993,9275.035,12.635659
1344.9050760262699,9291.506,12.643813
1344.90646492054,9299.159,12.642892
1344.9078538148092,9288.421,12.639108
1344.9092427090798,9287.453,12.632352
1344.9106316033506,9276.127,12.628944
1344.91202049762,9281.543,12.639937
1344.91340939189,9266.836,12.624128
1344.9147982861607,9288.128,12.63069
1344.916187180315,9264.058,12.62437
1344.917576074585,9289.672,12.639703
1344.9189649688544,9267.248,12.629537
1344.9203538631252,9255.957,12.615137
1344.921742757396,9306.828,12.639766
1344.9231316516652,9281.023,12.627818
1344.924520545819,9276.213,12.644217
1344.9259094400898,9286.347,12.648826
1344.927298334359,9287.177,12.623089
1344.928687228629,9289.119,12.630735
1344.9300761229,9290.981,12.6317005
1344.9314650171698,9276.146,12.622166
1344.9328539113233,9297.225,12.630332
1344.9342428055934,9271.012,12.624995
1344.9356316998635,9278.37,12.620107
1344.9370205941343,9291.027,12.633929
1344.9384094882878,9283.176,12.639045
1344.9397983825577,9291.651,12.629908
1344.9411872768285,9273.102,12.619144
1344.9425761710986,9303.801,12.636018
1344.9439650652523,9281.139,12.620148
1344.9453539595222,9288.947,12.628556
1344.946742853792,9293.324,12.641726
1344.9481317479465,9292.281,12.628717
1344.9495206422166,9289.733,12.624685
1344.9509095364858,9284.123,12.626312
1344.9522984306402,9299.298,12.627211
1344.953687324911,9291.339,12.635732
1344.9550762191805,9291.191,12.62565
1344.956465113334,9273.423,12.624085
1344.9578540076047,9287.855,12.62583
1344.9592429018746,9297.814,12.6287775
1344.9606317960283,9299.343,12.628466
1344.9620206902985,9268.844,12.619214
1344.9634095845693,9272.401,12.616959
1344.9647984787234,9291.212,12.626289
1344.9661873729926,9277.263,12.622647
1344.9675762671466,9305.2295,12.629742
1344.9689651614171,9266.855,12.615901
1344.9703540556873,9276.697,12.623212
1344.9717429498407,9277.076,12.614505
1344.9731318441109,9297.005,12.624083
1344.9745207382646,9294.353,12.625588
1344.9759096325351,9278.196,12.6170845
1344.9772985266889,9288.331,12.623571
1344.9786874209583,9272.647,12.60729
1344.9800763151125,9267.736,12.61063
1344.981465209383,9279.637,12.622832
1344.982854103536,9286.758,12.616692
1344.9842429978062,9283.868,12.61986
1344.9856318919603,9278.948,12.611583
1344.9870207862311,9277.119,12.619641
1344.9884096803848,9303.394,12.6248665
1344.989798574654,9269.109,12.605094
1344.9911874688084,9267.666,12.605285
1344.9925763630793,9285.726,12.619778
1344.9939652572323,9277.064,12.616371
1344.9953541515022,9269.101,12.604385
1344.9967430456566,9301.544,12.626549
1344.9981319399258,9273.826,12.608975
1344.9995208340795,9299.21,12.620463
1345.0009097282339,9253.965,12.6033745
1345.0022986225038,9275.321,12.6143265
1345.0036875166572,9295.539,12.614994
1345.0050764109276,9271.286,12.613233
1345.006465305081,9276.822,12.607172
1345.0078541992355,9273.55,12.6123
1345.0092430935053,9287.133,12.612784
1345.010631987659,9293.732,12.620132
1345.0120208818132,9275.215,12.60897
1345.0134097760833,9291.682,12.611159
1345.014798670237,9271.515,12.618456
1345.0161875643905,9289.856,12.61663
1345.0175764586606,9265.587,12.618022
1345.0189653528148,9298.285,12.617823
1345.0203542469687,9289.382,12.622374
1345.021743141238,9295.593,12.620189
1345.023132035392,9285.961,12.611662
1345.0245209295465,9283.722,12.612571
1345.025909823816,9270.875,12.601545
1345.0272987179694,9268.2295,12.6024275
1345.0286876121238,9301.156,12.625308
1345.0300765062773,9284.757,12.615032
1345.0314654005476,9283.394,12.611275
1345.032854294701,9281.026,12.610409
1345.0342431888555,9275.782,12.608438
1345.03563208301,9267.4375,12.609837
1345.0370209771627,9293.3125,12.622103
1345.0384098714328,9286.535,12.61436
1345.039798765587,9267.594,12.615285
1345.0411876597407,9270.778,12.606563
1345.0425765538942,9301.595,12.619433
1345.0439654480479,9268.878,12.603319
1345.045354342318,9280.36,12.610295
1345.0467432364724,9276.836,12.615979
1345.0481321306258,9278.473,12.60111
1345.0495210247789,9277.72,12.604142
1345.0509099189333,9278.308,12.607703
1345.0522988130874,9295.718,12.612438
1345.0536877072402,9291.703,12.611816
1345.0550766015103,9277.013,12.61231
1345.0564654956645,9302.697,12.617415
1345.0578543898184,9282.987,12.6144705
1345.059243283972,9308.221,12.617911
1345.0606321781254,9311.591,12.618122
1345.0620210722798,9292.966,12.612737
1345.0634099664342,9293.54,12.61082
1345.0647988605872,9306.907,12.616273
1345.0661877547407,9304.82,12.621169
1345.067576648895,9268.698,12.604909
1345.0689655430485,9357.684,12.649718
1345.0703544372022,9274.895,12.609968
1345.071743331356,9288.184,12.610852
1345.0731322255094,9294.392,12.624667
1345.0745211196631,9290.789,12.612175
1345.0759100138168,9284.9375,12.617505
1345.0772989079703,9273.562,12.614016
1345.0786878021247,9302.469,12.638867
1345.0800766962782,9292.718,12.617208
1345.0814655904312,9275.144,12.609744
1345.0828544845856,9265.947,12.605356
1345.08424337874,9283.24,12.61164
1345.0856322728935,9294.593,12.632158
1345.087021167047,9300.671,12.633785
1345.0884100612009,9288.169,12.614622
1345.089798955355,9272.204,12.61853
1345.0911878495087,9277.035,12.631989
1345.0925767436615,9270.886,12.6088
1345.0939656378157,9275.828,12.613435
1345.09535453197,9303.851,12.624309
1345.096743426123,9281.681,12.61933
1345.0981323202766,9289.574,12.616294
1345.0995212143146,9277.296,12.615523
1345.1009101084683,9288.338,12.622112
1345.102299002622,9297.458,12.626659
1345.1036878967755,9293.598,12.619208
1345.1050767909292,9292.76,12.614112
1345.1064656850833,9266.956,12.608729
1345.107854579237,9303.843,12.627786
1345.1092434732743,9299.169,12.627917
1345.1106323674287,9281.352,12.608919
1345.1120212615822,9280.966,12.618045
1345.1134101557357,9288.684,12.618003
1345.1147990498896,9266.307,12.6131935
1345.1161879439267,9296.821,12.625441
1345.117576838081,9303.033,12.632392
1345.1189657322345,9284.93,12.624445
1345.1203546263876,9290.237,12.626636
1345.1217435204255,9287.001,12.619349
1345.1231324145797,9270.386,12.629486
1345.1245213087325,9296.332,12.616573
1345.1259102028864,9281.899,12.620121
1345.1272990969242,9273.418,12.620048
1345.1286879910779,9269.78,12.616166
1345.1300768852313,9294.429,12.631974
1345.131465779385,9294.891,12.637106
1345.1328546734228,9275.094,12.613646
1345.1342435675772,9292.651,12.632392
1345.1356324617302,9293.354,12.63003
1345.1370213557673,9281.312,12.621404
1345.1384102499217,9278.229,12.61866
1345.1397991440751,9277.847,12.616794
1345.1411880381127,9285.036,12.625695
1345.1425769322661,9296.502,12.631869
1345.1439658264196,9316.47,12.636577
1345.1453547204576,9289.468,12.62844
1345.1467436146113,9262.272,12.621356
1345.1481325086477,9265.646,12.613282
1345.149521402802,9286.694,12.631466
1345.1509102969555,9289.48,12.627524
1345.1522991909922,9300.065,12.6301775
1345.1536880851465,9256.1,12.615685
1345.1550769791845,9283.136,12.621196
1345.156465873338,9275.324,12.61969
1345.1578547673753,9278.523,12.632111
1345.159243661529,9284.555,12.627445
1345.1606325556832,9306.049,12.63806
1345.1620214497204,9295.141,12.631252
1345.1634103438735,9293.426,12.632014
1345.1647992379112,9269.159,12.618922
1345.1661881320654,9289.016,12.631103
1345.167577026102,9291.014,12.633255
1345.1689659202557,9297.341,12.638978
1345.1703548142934,9310.51,12.642156
1345.1717437084471,9288.371,12.630781
1345.1731326024844,9269.724,12.619808
1345.174521496638,9290.5625,12.633999
1345.1759103906752,9287.817,12.628017
1345.177299284713,9287.441,12.627475
1345.1786881788669,9278.224,12.624689
1345.180077072904,9289.111,12.63265
1345.1814659670583,9292.913,12.633692
1345.1828548610954,9272.906,12.622205
1345.184243755249,9281.029,12.623285
1345.1856326492864,9278.105,12.620985
1345.1870215433235,9286.305,12.624201
1345.1884104374778,9284.908,12.624699
1345.189799331515,9273.708,12.621735
1345.191188225668,9288.468,12.624855
1345.192577119706,9295.499,12.634214
1345.1939660137439,9283.512,12.633085
1345.1953549078967,9291.224,12.632669
1345.196743801934,9275.5625,12.626156
1345.198132695972,9260.54,12.612523
1345.1995215901254,9285.914,12.62459
1345.2009104841625,9273.98,12.62612
1345.2022993781998,9271.423,12.620754
1345.203688272354,9296.13,12.634655
1345.205077166392,9284.74,12.623437
1345.2064660604285,9274.927,12.631968
1345.2078549544656,9285.642,12.6261
1345.20924384862,9281.601,12.6260395
1345.2106327426573,9282.4795,12.630144
1345.2120216366945,9287.206,12.624627
1345.213410530848,9280.593,12.624933
1345.214799424885,9296.989,12.631643
1345.216188318923,9283.236,12.63107
1345.2175772129604,9287.626,12.629404
1345.2189661069967,9271.372,12.617611
1345.2203550011511,9286.293,12.622052
1345.221743895189,9262.136,12.617659
1345.2231327892257,9292.306,12.630392
1345.2245216832628,9291.591,12.633992
1345.2259105773007,9300.45,12.641606
1345.2272994714551,9292.451,12.629047
1345.2286883654922,9274.874,12.625329
1345.2300772595288,9259.844,12.615368
1345.2314661535668,9279.525,12.624566
1345.2328550476045,9288.598,12.623864
1345.234243941641,9293.417,12.634685
1345.2356328357948,9280.838,12.619274
1345.2370217298326,9277.371,12.617693
1345.238410623869,9286.016,12.621593
1345.2397995179062,9278.772,12.623514
1345.241188411944,9267.217,12.608212
1345.2425773059815,9275.12,12.614453
1345.2439662000186,9270.494,12.612819
1345.2453550940556,9284.509,12.62129
1345.2467439880932,9293.157,12.621043
1345.248132882131,9289.658,12.616845
1345.2495217761682,9294.019,12.622385
1345.2509106702053,9286.42,12.624614
1345.2522995643596,9274.715,12.605986
1345.2536884583967,9292.781,12.622779
1345.255077352434,9298.453,12.6286
1345.2564662464713,9282.6455,12.620833
1345.2578551405084,9294.801,12.619388
1345.2592440345463,9292.009,12.632434
1345.2606329285834,9267.846,12.608639
1345.26202182262,9312.761,12.632478
1345.263410716658,9288.385,12.6119995
1345.264799610696,9277.579,12.612267
1345.2661885047323,9289.079,12.621412
1345.2675773986532,9273.489,12.609298
1345.2689662926912,9280.575,12.609408
1345.2703551867282,9291.214,12.623923
1345.2717440807653,9284.998,12.611801
1345.2731329748028,9277.12,12.608574
1345.2745218688406,9281.384,12.621755
1345.2759107628783,9290.344,12.608681
1345.277299656915,9293.089,12.615852
1345.278688550952,9297.772,12.61594
1345.28007744499,9293.6045,12.625542
1345.2814663390272,9275.331,12.605463
1345.2828552329481,9302.476,12.616622
1345.2842441269852,9288.085,12.615792
1345.2856330210225,9299.014,12.616501
1345.2870219150602,9287.915,12.609774
1345.2884108090977,9285.614,12.620682
1345.2897997031341,9285.72,12.607204
1345.2911885971719,9284.965,12.6013975
1345.2925774910934,9268.009,12.601316
1345.29396638513,9302.978,12.620789
1345.295355279167,9267.207,12.611653
1345.296744173205,9276.071,12.60495
1345.298133067243,9302.782,12.616608
1345.2995219611637,9269.043,12.593939
1345.3009108552003,9283.768,12.606063
1345.3022997492383,9274.659,12.603619
1345.3036886432762,9282.329,12.610685
1345.3050775371962,9301.861,12.619059
1345.3064664312335,9279.552,12.600875
1345.3078553252712,9278.41,12.601517
1345.3092442193085,9286.573,12.60509
1345.3106331132292,9291.047,12.61898
1345.3120220072665,9306.203,12.618907
1345.3134109013038,9278.717,12.602452
1345.3147997952253,9270.629,12.600775
1345.3161886892624,9279.594,12.596468
1345.317577583299,9288.817,12.608375
1345.3189664772206,9283.98,12.599435
1345.3203553712583,9286.098,12.612712
1345.3217442652956,9277.498,12.597516
1345.3231331592162,9275.822,12.5997
1345.3245220532533,9304.632,12.613746
1345.3259109472908,9265.578,12.599246
1345.3272998412115,9288.876,12.599463
1345.3286887352485,9281.773,12.602396
1345.3300776292865,9295.567,12.604272
1345.3314665232074,9295.37,12.599396
1345.3328554172438,9267.394,12.586116
1345.3342443111653,9294.741,12.604941
1345.3356332052033,9273.357,12.595601
1345.3370220991235,9286.079,12.606191
1345.3384109931606,9298.453,12.606112
1345.3397998871985,9269.84,12.592211
1345.3411887811192,9277.138,12.602642
1345.3425776751565,9285.393,12.597742
1345.3439665690773,9287.511,12.602867
1345.3453554631153,9263.798,12.594875
1345.3467443570366,9300.1,12.603926
1345.348133251073,9294.87,12.601198
1345.349522144994,9254.656,12.596916
1345.3509110390316,9303.242,12.601057
1345.3522999329527,9264.687,12.594417
1345.3536888269898,9270.765,12.589623
1345.3550777209105,9283.471,12.596578
1345.356466614948,9292.501,12.60457
1345.3578555088693,9300.923,12.602423
1345.3592444029066,9265.596,12.584587
1345.3606332968266,9281.096,12.601741
1345.362022190748,9294.902,12.59692
1345.3634110847859,9269.38,12.586526
1345.364799978706,9291.577,12.591549
1345.3661888727431,9306.896,12.6050625
1345.3675777666647,9292.903,12.598151
1345.3689666605856,9276.256,12.587205
1345.3703555546228,9272.453,12.587561
1345.3717444485435,9283.128,12.5967865
1345.3731333425815,9273.521,12.587386
1345.374522236503,9286.765,12.587238
1345.375911130423,9300.811,12.601922
1345.3773000244603,9308.209,12.605827
1345.3786889183818,9289.692,12.599045
1345.3800778123025,9274.621,12.592295
1345.3814667063396,9255.682,12.585487
1345.3828556002607,9301.837,12.603905
1345.3842444941813,9294.409,12.599034
1345.3856333882193,9291.491,12.594685
1345.38702228214,9298.959,12.598129
1345.3884111760601,9277.878,12.5996
1345.3898000699817,9299.564,12.599241
1345.3911889640194,9296.751,12.602846
1345.3925778579394,9287.032,12.600908
1345.3939667518605,9279.882,12.58842
1345.3953556457818,9264.8125,12.57811
1345.3967445398196,9287.303,12.596801
1345.3981334337404,9291.246,12.590755
1345.3995223276604,9289.695,12.595724
1345.400911221582,9288.964,12.595771
1345.40230011562,9293.795,12.607266
1345.4036890095401,9278.007,12.594616
1345.4050779034608,9286.518,12.603404
1345.4064667973823,9288.092,12.604545
1345.407855691303,9290.627,12.593939
1345.4092445853405,9294.568,12.605679
1345.4106334792612,9274.157,12.58978
1345.4120223731818,9308.64,12.611177
1345.4134112671034,9276.035,12.596766
1345.4148001610242,9263.322,12.587
1345.4161890549442,9296.493,12.604171
1345.4175779488658,9274.941,12.592557
1345.4189668427873,9275.536,12.5878525
1345.4203557368244,9282.548,12.586949
1345.4217446307453,9306.331,12.612397
1345.4231335246661,9270.99,12.595701
1345.4245224185877,9266.937,12.59759
1345.4259113125083,9316.328,12.614636
1345.4273002064285,9269.289,12.5898905
1345.4286891003499,9273.412,12.600808
1345.4300779942707,9268.809,12.594935
1345.431466888191,9280.933,12.596527
1345.4328557821123,9277.203,12.591309
1345.4342446760336,9287.531,12.592575
1345.4356335699538,9290.645,12.603823
1345.4370224638747,9293.732,12.60317
1345.438411357796,9281.641,12.60205
1345.4398002517169,9276.419,12.594657
1345.4411891456377,9300.544,12.601242
1345.4425780395584,9277.775,12.595974
1345.44396693348,9265.114,12.607412
1345.4453558274015,9284.753,12.602179
1345.4467447213217,9281.261,12.602608
1345.4481336152423,9301.144,12.610594
1345.449522509164,9294.603,12.611711
1345.4509114030845,9276.652,12.598327
1345.4523002970054,9285.346,12.602805
1345.4536891909263,9292.96,12.597718
1345.455078084847,9273.284,12.601891
1345.4564669787685,9286.875,12.603704
1345.4578558726892,9287.968,12.605192
1345.459244766493,9282.723,12.598835
1345.4606336604145,9298.018,12.605222
1345.462022554336,9278.488,12.603886
1345.463411448256,9278.906,12.610881
1345.4648003421769,9292.425,12.604933
1345.4661892360982,9292.158,12.604199
1345.4675781300195,9265.779,12.597879
1345.4689670238242,9287.427,12.606042
1345.4703559177442,9295.647,12.604379
1345.4717448116655,9272.05,12.605559
1345.473133705587,9264.263,12.594627
1345.4745225995073,9266.904,12.607088
1345.475911493428,9293.189,12.616222
1345.477300387233,9281.178,12.61466
1345.478689281154,9280.72,12.608262
1345.4800781750748,9277.464,12.614225
1345.4814670689955,9267.416,12.601344
1345.4828559627997,9265.167,12.59662
1345.4842448567213,9283.473,12.603557
1345.4856337506421,9255.934,12.603337
1345.487022644562,9273.334,12.607729
1345.4884115383672,9278.818,12.615995
1345.4898004322888,9293.554,12.612655
1345.4911893262095,9315.081,12.627876
1345.492578220014,9273.233,12.603768
1345.4939671139348,9297.14,12.613007
1345.4953560078563,9287.066,12.615974
1345.496744901777,9279.787,12.61937
1345.4981337955808,9294.976,12.611075
1345.4995226895023,9271.557,12.613119
1345.5009115834237,9293.246,12.625144
1345.5023004772272,9287.221,12.610098
1345.5036893711483,9311.79,12.626786
1345.5050782649532,9276.364,12.61577
1345.506467158874,9277.117,12.611088
1345.5078560527948,9302.711,12.623626
1345.509244946599,9268.939,12.602594
1345.51063384052,9289.923,12.616155
1345.5120227344414,9290.306,12.6167345
1345.5134116282459,9284.441,12.615905
1345.5148005221665,9292.789,12.633906
1345.5161894159717,9284.11,12.628263
1345.5175783098923,9288.166,12.621445
1345.5189672036968,9286.637,12.620784
1345.5203560976177,9268.175,12.606421
1345.5217449914219,9263.282,12.607424
1345.5231338853434,9279.649,12.621412
1345.524522779264,9289.319,12.621814
1345.5259116730679,9273.685,12.617126
1345.5273005669894,9287.683,12.626934
1345.5286894607946,9280.338,12.622351
1345.5300783547145,9290.264,12.622003
1345.531467248519,9265.255,12.620616
1345.5328561424406,9280.324,12.620833
1345.5342450362448,9265.485,12.614804
1345.535633930049,9277.979,12.626911
1345.5370228239701,9273.066,12.617555
1345.538411717775,9281.1045,12.619747
1345.539800611696,9295.31,12.630025
1345.5411895054997,9271.236,12.620666
1345.542578399421,9294.138,12.633991
1345.543967293226,9296.973,12.631588
1345.5453561870297,9275.202,12.62503
1345.5467450809504,9272.395,12.637911
1345.5481339747555,9303.16,12.638058
1345.5495228686764,9288.439,12.634203
1345.5509117624808,9281.325,12.629859
1345.552300656285,9278.319,12.6276
1345.553689550206,9281.058,12.631162
1345.5550784440109,9272.598,12.625297
1345.5564673378155,9287.48,12.62371
1345.5578562317355,9287.031,12.628555
1345.5592451255404,9298.626,12.642978
1345.5606340193456,9275.944,12.637808
1345.5620229132662,9281.029,12.630967
1345.563411807071,9295.644,12.633095
1345.5648007008751,9306.392,12.646102
1345.5661895947967,9277.472,12.632928
1345.567578488601,9278.626,12.626543
1345.5689673824047,9269.232,12.633452
1345.5703562762098,9282.182,12.635062
1345.5717451701314,9300.868,12.639685
1345.573134063935,9274.534,12.636348
1345.5745229577394,9301.729,12.6424465
1345.5759118515443,9289.653,12.640744
1345.5773007454652,9297.174,12.651113
1345.5786896392694,9281.453,12.64734
1345.580078533074,9280.627,12.640051
1345.5814674268784,9281.102,12.634456
1345.5828563206835,9283.202,12.632112
1345.5842452146042,9276.497,12.639714
1345.5856341084084,9272.317,12.630997
1345.5870230022135,9305.295,12.653741
1345.5884118960178,9284.42,12.637983
1345.5898007898224,9292.919,12.645169
1345.591189683743,9294.122,12.646137
1345.5925785775473,9282.831,12.644591
1345.5939674713525,9269.791,12.631887
1345.595356365157,9285.2705,12.643466
1345.5967452589605,9286.292,12.642288
1345.5981341527656,9272.519,12.631204
1345.5995230465708,9267.833,12.638641
1345.6009119403745,9298.854,12.6509905
1345.6023008341788,9272.991,12.639902
1345.603689727984,9283.128,12.648336
1345.6050786219046,9303.953,12.658046
1345.606467515709,9281.789,12.640006
1345.6078564095135,9287.421,12.64734
1345.6092453033186,9289.25,12.648906
1345.6106341971235,9286.38,12.647618
1345.612023090927,9280.709,12.642739
1345.6134119847316,9291.897,12.661085
1345.6148008785365,9275.126,12.642698
1345.6161897723412,9294.351,12.6481905
1345.6175786661454,9280.06,12.640933
1345.6189675599496,9270.084,12.636515
1345.6203564537543,9276.507,12.64036
1345.6217453475592,9295.478,12.653918
1345.6231342413637,9286.561,12.641644
1345.6245231351672,9309.698,12.660611
1345.6259120289722,9274.303,12.640177
1345.6273009227773,9288.573,12.648302
1345.628689816581,9285.044,12.646719
1345.6300787103853,9266.918,12.639006
1345.631467604074,9275.986,12.647043
1345.6328564978792,9281.63,12.6438465
1345.6342453916834,9293.138,12.643366
1345.6356342854872,9285.891,12.652163
1345.6370231792923,9290.981,12.646121
1345.6384120730975,9276.371,12.641894
1345.639800966901,9286.949,12.6490555
1345.6411898607055,9288.488,12.651917
1345.6425787545106,9297.572,12.655314
1345.6439676481984,9283.905,12.652528
1345.6453565420027,9279.01,12.645547
1345.6467454358074,9301.832,12.651598
1345.6481343296116,9313.409,12.656595
1345.6495232234167,9284.116,12.650147
1345.6509121171046,9291.614,12.664481
1345.6523010109083,9273.882,12.636674
1345.6536899047135,9279.349,12.654373
1345.6550787985184,9285.407,12.650945
1345.6564676923228,9280.134,12.650206
1345.6578565860107,9277.4795,12.646033
1345.6592454798151,9266.22,12.639111
1345.66063437362,9279.52,12.6464405
1345.6620232674247,9280.741,12.645096
1345.6634121611119,9302.817,12.657405
1345.6648010549168,9289.523,12.653781
1345.666189948722,9282.993,12.645425
1345.6675788425257,9271.584,12.63331
1345.6689677362135,9290.777,12.647925
1345.6703566300187,9279.351,12.645967
1345.6717455238224,9299.576,12.653682
1345.6731344175103,9306.505,12.654402
1345.6745233113154,9281.746,12.640176
1345.6759122051196,9278.023,12.637137
1345.677301098808,9258.916,12.631363
1345.6786899926121,9268.664,12.634574
1345.6800788864164,9287.245,12.646355
1345.681467780105,9296.182,12.650944
1345.6828566739093,9295.704,12.647828
1345.684245567714,9278.069,12.642958
1345.6856344614025,9267.828,12.642774
1345.687023355207,9263.1,12.634292
1345.6884122488948,9286.449,12.640333
1345.6898011426993,9296.706,12.648844
1345.6911900365037,9308.826,12.650906
1345.6925789301924,9286.966,12.640702
1345.6939678239967,9297.045,12.6469555
1345.695356717684,9273.036,12.63403
1345.696745611489,9270.547,12.65221
1345.6981345051774,9296.883,12.651722
1345.6995233989812,9284.433,12.639467
1345.7009122926693,9295.613,12.653979
1345.7023011864742,9290.308,12.646556
1345.7036900801625,9270.141,12.640732
1345.7050789739667,9293.67,12.6505575
1345.7064678676545,9292.869,12.6439705
1345.7078567614597,9264.784,12.6336355
1345.7092456551484,9283.264,12.642041
1345.7106345489522,9294.604,12.644818
1345.71202344264,9288.403,12.63678
1345.7134123364451,9303.358,12.653003
1345.714801230133,9263.547,12.628807
1345.7161901239374,9281.447,12.63862
1345.7175790176254,9295.429,12.645666
1345.7189679114297,9265.086,12.6321335
1345.7203568051184,9277.845,12.637766
1345.7217456988062,9279.791,12.6338005
1345.72313459261,9294.011,12.640411
1345.7245234862987,9272.112,12.635906
1345.7259123801039,9276.844,12.639465
1345.727301273791,9290.08,12.635226
1345.728690167479,9267.98,12.637669
1345.7300790612842,9299.577,12.643218
1345.7314679549727,9301.183,12.643007
1345.7328568486607,9297.758,12.6397915
1345.7342457424643,9291.28,12.639522
1345.7356346361528,9300.398,12.660668
1345.7370235298415,9294.868,12.651861
1345.7384124236453,9276.682,12.637036
1345.739801317333,9292.589,12.635834
1345.7411902110218,9307.304,12.654558
1345.7425791048263,9301.236,12.641273
1345.7439679985143,9284.615,12.640356
1345.7453568922022,9280.758,12.640219
1345.74674578589,9277.895,12.635415
1345.748134679695,9287.586,12.63764
1345.7495235733832,9280.699,12.634058
1345.7509124670703,9292.917,12.636359
1345.752301360759,9271.526,12.636949
1345.7536902545642,9263.639,12.63778
1345.755079148252,9295.085,12.645789
1345.7564680419403,9307.159,12.645236
1345.757856935628,9304.33,12.648935
1345.7592458293168,9281.471,12.638093
1345.760634723121,9278.507,12.641569
1345.7620236168084,9278.693,12.650829
1345.7634125104971,9285.583,12.647078
1345.7648014041856,9281.763,12.640107
1345.7661902978728,9268.184,12.628689
1345.767579191561,9270.771,12.640103
1345.768968085366,9282.588,12.638339
1345.770356979054,9285.654,12.631028
1345.7717458727418,9288.8955,12.636226
1345.7731347664298,9272.411,12.636825
1345.774523660118,9269.923,12.643488
1345.7759125538064,9281.502,12.635364
1345.7773014474944,9272.2705,12.6318035
1345.7786903411823,9293.779,12.63771
1345.780079234871,9292.994,12.638918
1345.7814681286752,9282.012,12.635849
1345.7828570223635,9296.57,12.642951
1345.7842459160513,9279.944,12.6348915
1345.7856348097391,9250.776,12.633327
1345.7870237034278,9301.323,12.642747
1345.788412597116,9278.348,12.641817
1345.789801490803,9286.104,12.64283
1345.7911903844918,9279.713,12.644484
1345.7925792781805,9288.105,12.633102
1345.7939681718678,9288.613,12.642004
1345.7953570655557,9293.311,12.642065
1345.7967459592444,9282.767,12.64503
1345.7981348529322,9297.141,12.640297
1345.7995237466203,9290.977,12.660824
1345.8009126403083,9283.65,12.649134
1345.8023015339968,9281.741,12.640888
1345.8036904276853,9287.493,12.637114
1345.8050793212562,9280.115,12.637933
1345.8064682149443,9317.338,12.6560335
1345.8078571086328,9279.396,12.637488
1345.809246002321,9275.458,12.645039
1345.8106348960089,9284.799,12.636344
1345.8120237896967,9257.495,12.624334
1345.8134126833847,9266.682,12.636741
1345.8148015770732,9282.608,12.636085
1345.8161904707615,9291.944,12.64555
1345.8175793643322,9270.502,12.632948
1345.8189682580207,9271.783,12.638673
1345.8203571517095,9286.021,12.648202
1345.8217460453968,9311.265,12.659703
1345.8231349390846,9279.904,12.638725
1345.8245238327734,9288.359,12.645726
1345.825912726462,9285.224,12.6374655
1345.8273016200335,9288.3125,12.635666
1345.8286905137209,9275.823,12.6385355
1345.8300794074096,9270.456,12.631769
1345.8314683010974,9297.042,12.651906
1345.8328571946683,9290.895,12.64775
1345.834246088357,9280.289,12.636096
1345.8356349820458,9289.187,12.6470995
1345.837023875733,9280.105,12.644839
1345.8384127693046,9289.53,12.641865
1345.839801662993,9266.589,12.633256
1345.841190556681,9258.905,12.621299
1345.842579450369,9311.712,12.652683
1345.8439683439406,9294.481,12.65444
1345.8453572376286,9287.807,12.641987
1345.8467461313173,9272.247,12.637277
1345.8481350248887,9288.61,12.642706
1345.8495239185766,9280.858,12.6352
1345.8509128122653,9289.341,12.649658
1345.852301705837,9276.187,12.63766
1345.853690599525,9285.965,12.640634
1345.8550794932128,9278.269,12.639166
1345.8564683867842,9275.219,12.636056
1345.857857280473,9284.772,12.644343
1345.859246174161,9278.234,12.640647
1345.8606350677317,9291.105,12.642804
1345.8620239614204,9300.058,12.64654
1345.8634128549927,9291.081,12.650748
1345.86480174868,9277.693,12.632726
1345.8661906423679,9269.489,12.636732
1345.8675795359402,9271.056,12.634345
1345.868968429628,9289.751,12.6474695
1345.8703573231996,9261.516,12.626341
1345.8717462168877,9294.053,12.649024
1345.87313511046,9278.517,12.633337
1345.8745240041485,9284.411,12.641778
1345.8759128977192,9290.658,12.6415615
1345.8773017914075,9304.898,12.654677
1345.878690685096,9291.041,12.642654
1345.8800795786676,9285.762,12.64518
1345.8814684723554,9296.825,12.641109
1345.8828573659268,9281.883,12.633896
1345.8842462594987,9265.319,12.6373
1345.8856351531872,9279.074,12.626334
1345.8870240467588,9300.126,12.636943
1345.8884129404462,9281.916,12.649166
1345.8898018340183,9272.14,12.62503
1345.8911907277068,9291.865,12.646376
1345.8925796212777,9287.199,12.639147
1345.8939685149655,9284.134,12.630326
1345.8953574085378,9281.544,12.633716
1345.8967463021102,9266.548,12.625363
1345.898135195798,9288.786,12.639882
1345.899524089369,9290.711,12.641289
1345.9009129830577,9288.066,12.637152
1345.90230187663,9286.095,12.642075
1345.903690770201,9294.572,12.643829
1345.9050796638887,9308.517,12.644515
1345.906468557461,9307.065,12.642242
1345.9078574510324,9297.37,12.6481695
1345.9092463447203,9268.759,12.627774
1345.9106352382921,9285.383,12.628606
1345.9120241318635,9277.955,12.631616
1345.9134130255522,9284.604,12.632492
1345.9148019191236,9298.826,12.639284
1345.9161908126946,9279.565,12.631029
1345.9175797063833,9287.88,12.646371
1345.9189685999556,9280.359,12.634306
1345.920357493527,9287.14,12.637617
1345.9217463870984,9285.765,12.633871
1345.9231352807865,9305.47,12.635515
1345.9245241743586,9278.41,12.631015
1345.9259130679304,9281.501,12.629949
1345.9273019615011,9306.901,12.635744
1345.9286908551896,9282.467,12.632251
1345.930079748762,9312.431,12.643222
1345.931468642333,9292.598,12.636352
1345.9328575359043,9284.562,12.632021
1345.9342464294766,9313.306,12.645196
1345.9356353231644,9262.665,12.621415
1345.9370242167363,9291.48,12.632255
1345.9384131103077,9298.04,12.630693
1345.939802003879,9290.495,12.629992
1345.9411908974514,9267.897,12.628862
1345.942579791023,9268.358,12.63031
1345.9439686845947,9283.407,12.6297035
1345.9453575782834,9319.86,12.646689
1345.9467464718548,9278.365,12.620548
1345.9481353654262,9274.848,12.631952
1345.9495242589978,9265.711,12.626183
1345.9509131525695,9290.653,12.631922
1345.9523020461418,9277.678,12.624773
1345.9536909397132,9299.753,12.643123
1345.9550798332841,9303.81,12.630766
1345.9564687268564,9290.11,12.629834
1345.9578576204285,9275.245,12.624342
1345.9592465139992,9293.151,12.632934
1345.9606354075709,9322.58,12.652005
1345.962024301143,9267.082,12.616074
1345.9634131947148,9263.949,12.620211
1345.9648020884026,9287.074,12.620872
1345.966190981974,9299.007,12.633219
1345.9675798755459,9301.727,12.63111
1345.968968769118,9304.862,12.643543
1345.9703576625732,9282.151,12.621063
1345.9717465561446,9308.256,12.637522
1345.973135449717,9301.759,12.626955
1345.9745243432883,9284.536,12.62917
1345.97591323686,9290.797,12.618381
1345.9773021304316,9304.926,12.626618
1345.978691024003,9293.351,12.62817
1345.9800799175753,9292.736,12.623934
1345.9814688111467,9277.162,12.620553
1345.9828577047176,9297.661,12.62263
1345.98424659829,9278.154,12.616446
1345.9856354918622,9268.846,12.613248
1345.987024385433,9280.949,12.611815
1345.9884132790046,9275.996,12.619726
1345.9898021724605,9281.862,12.622086
1345.991191066032,9278.186,12.618945
1345.9925799596033,9285.745,12.619848
1345.9939688531751,9289.607,12.629048
1345.9953577467472,9262.943,12.612829
1345.9967466403193,9290.258,12.613941
1345.9981355337738,9316.264,12.628741
1345.9995244273455,9281.641,12.619397
1346.0009133209176,9290.372,12.627882
1346.0023022144892,9260.815,12.609518
1346.0036911080608,9281.407,12.617401
1346.0050800015158,9299.0205,12.635008
1346.0064688950874,9294.304,12.623226
1346.0078577886595,9286.152,12.615895
1346.0092466822314,9292.717,12.620364
1346.0106355756857,9292.141,12.6276455
1346.0120244692578,9291.587,12.626882
1346.01341336283,9276.221,12.617629
1346.014802256401,9279.789,12.618679
1346.016191149856,9292.187,12.638091
1346.0175800434283,9283.005,12.615208
1346.0189689370006,9279.531,12.616608
1346.0203578304556,9275.547,12.616111
1346.0217467240266,9268.002,12.619081
1346.0231356175989,9283.318,12.625963
1346.0245245110548,9260.151,12.60755
1346.0259134046255,9281.003,12.620553
1346.0273022981971,9275.159,12.622552
1346.0286911916528,9277.272,12.619869
1346.0300800852244,9295.497,12.617855
1346.0314689787958,9303.487,12.630359
1346.032857872251,9292.278,12.621293
1346.0342467658227,9282.535,12.617222
1346.035635659395,9291.657,12.615796
1346.03702455285,9271.363,12.611938
1346.038413446421,9279.211,12.629048
1346.0398023398768,9277.171,12.617355
1346.041191233449,9265.231,12.612778
1346.042580126904,9277.312,12.620593
1346.0439690204755,9293.548,12.638206
1346.0453579139305,9285.571,12.618277
1346.0467468075028,9292.085,12.620042
1346.0481357010744,9293.402,12.617048
1346.0495245945287,9307.1875,12.6382
1346.050913488101,9304.226,12.632853
1346.052302381557,9295.776,12.627027
1346.053691275128,9284.67,12.622688
1346.055080168583,9283.432,12.61654
1346.0564690621552,9290.702,12.619786
1346.0578579556102,9284.417,12.6178
1346.0592468491818,9261.346,12.606571
1346.060635742637,9285.33,12.618411
1346.062024636092,9299.059,12.628697
1346.0634135296636,9269.866,12.617644
1346.0648024231189,9285.495,12.621422
1346.0661913166912,9283.892,12.623185
1346.0675802101468,9291.1,12.620966
1346.0689691037176,9278.8125,12.614536
1346.0703579971728,9279.431,12.624581
1346.0717468906284,9296.84,12.627582
1346.0731357842003,9289.397,12.615293
1346.0745246776553,9292.666,12.625793
1346.0759135711103,9274.487,12.623915
1346.0773024646821,9297.31,12.621744
1346.0786913581378,9290.301,12.622954
1346.0800802517094,9271.411,12.615615
1346.0814691451637,9291.083,12.625038
1346.0828580386194,9283.753,12.617941
1346.0842469320753,9278.359,12.629249
1346.0856358256462,9272.006,12.615801
1346.0870247191012,9290.902,12.622751
1346.0884136125571,9294.913,12.62616
1346.0898025061294,9268.026,12.610061
1346.0911913995844,9283.021,12.632062
1346.092580293039,9271.751,12.6085
1346.0939691864949,9311.905,12.635887
1346.0953580800672,9294.158,12.627132
1346.0967469735215,9287.56,12.623852
1346.0981358669767,9288.815,12.624645
1346.0995247604326,9268.935,12.619782
1346.100913654004,9267.844,12.619441
1346.102302547459,9295.179,12.633452
1346.1036914409144,9281.213,12.623729
1346.1050803343694,9283.269,12.623464
1346.1064692278253,9288.957,12.629274
1346.1078581213967,9299.94,12.632571
1346.1092470148512,9294.737,12.6355095
1346.1106359083071,9256.927,12.61586
1346.1120248017628,9269.743,12.617962
1346.113413695218,9288.213,12.632058
1346.114802588673,9285.604,12.630833
1346.1161914822446,9287.621,12.62807
1346.1175803757003,9313.711,12.640038
1346.1189692691557,9272.005,12.619667
1346.12035816261,9278.676,12.625275
1346.1217470560657,9272.41,12.621949
1346.1231359495216,9283.443,12.631545
1346.1245248429761,9265.467,12.622144
1346.1259137364311,9300.439,12.636662
1346.127302629887,9294.938,12.633036
1346.128691523342,9299.751,12.64608
1346.1300804167975,9285.883,12.634646
1346.1314693102524,9292.378,12.634322
1346.1328582038238,9277.566,12.627292
1346.1342470972797,9275.103,12.62846
1346.135635990735,9277.9,12.631037
1346.1370248841902,9277.278,12.632152
1346.1384137776458,9272.893,12.623633
1346.139802671101,9295.006,12.6341095
1346.141191564556,9292.857,12.640919
1346.1425804580113,9276.364,12.634562
1346.1439693514665,9275.095,12.618945
1346.145358244806,9256.392,12.620766
1346.146747138261,9282.302,12.638654
1346.1481360317155,9291.456,12.645166
1346.1495249251711,9288.423,12.640303
1346.1509138186268,9288.695,12.632487
1346.1523027120813,9288.0625,12.636767
1346.1536916055366,9276.503,12.628867
1346.1550804989922,9295.704,12.639333
1346.1564693924477,9282.019,12.639503
1346.1578582859026,9298.263,12.640529
1346.1592471793576,9285.248,12.626623
1346.1606360728135,9300.534,12.644803
1346.162024966153,9274.201,12.627444
1346.1634138596075,9269.462,12.623542
1346.1648027530625,9286.756,12.635472
1346.1661916465184,9283.253,12.638655
1346.1675805399734,9281.736,12.642284
1346.1689694334286,9282.119,12.632194
1346.1703583267674,9283.811,12.639308
1346.1717472202224,9281.482,12.654928
1346.1731361136783,9285.697,12.642098
1346.1745250071333,9290.645,12.642698
1346.1759139005878,9261.065,12.633626
1346.1773027939273,9282.544,12.634898
1346.1786916873832,9279.65,12.63862
1346.1800805808375,9276.034,12.632014
1346.1814694742927,9279.713,12.639928
1346.1828583676322,9293.734,12.63451
1346.1842472610879,9276.08,12.627777
1346.185636154543,9276.681,12.634041
1346.1870250479974,9282.614,12.631915
1346.1884139413366,9296.18,12.639217
1346.1898028347925,9272.887,12.633816
1346.191191728247,9269.326,12.631219
1346.1925806215856,9321.298,12.6510725
1346.1939695150415,9266.989,12.625237
1346.1953584084968,9275.086,12.643921
1346.1967473018356,9257.834,12.630544
1346.1981361952905,9282.718,12.634692
1346.1995250887458,9284.695,12.645577
1346.200913982085,9280.128,12.635241
1346.2023028755402,9290.934,12.646976
1346.2036917688781,9269.712,12.632352
1346.205080662334,9263.786,12.626132
1346.20646955579,9271.892,12.636559
1346.2078584491285,9276.026,12.633833
1346.209247342584,9289.843,12.640281
1346.2106362359225,9273.122,12.6317215
1346.2120251293784,9292.93,12.634147
1346.2134140228334,9283.632,12.63881
1346.2148029161715,9294.238,12.638584
1346.2161918096274,9282.469,12.636248
1346.2175807029666,9266.006,12.632975
1346.218969596421,9293.632,12.653169
1346.22035848976,9289.131,12.633503
1346.2217473832156,9279.239,12.625642
1346.2231362765544,9279.569,12.644413
1346.2245251700094,9284.974,12.6353245
1346.2259140633482,9284.792,12.642277
1346.2273029568034,9271.578,12.645076
1346.228691850143,9288.893,12.640545
1346.230080743598,9288.181,12.633155
1346.2314696369365,9289.657,12.628466
1346.2328585303924,9306.7295,12.6428995
1346.234247423731,9287.678,12.630706
1346.23563631707,9284.161,12.638124
1346.237025210525,9302.4795,12.639543
1346.2384141038635,9273.243,12.628636
1346.2398029973194,9268.443,12.621155
1346.2411918906582,9286.572,12.638236
1346.2425807839961,9279.779,12.648145
1346.243969677452,9266.083,12.614453
1346.2453585707915,9271.319,12.622552
1346.246747464246,9288.826,12.635763
1346.2481363575846,9317.021,12.640143
1346.249525250924,9282.953,12.624417
1346.250914144379,9304.56,12.641519
1346.2523030377179,9278.458,12.626128
1346.2536919310567,9255.84,12.610696
1346.2550808245126,9276.842,12.618072
1346.2564697178518,9277.451,12.6241665
1346.2578586111897,9296.847,12.635867
1346.259247504645,9284.078,12.624593
1346.2606363979842,9267.575,12.614104
1346.2620252913232,9285.417,12.6380005
1346.2634141846618,9263.776,12.610952
1346.2648030781168,9281.557,12.617684
1346.2661919714558,9299.428,12.625182
1346.267580864795,9282.982,12.620245
1346.2689697581338,9296.135,12.633275
1346.2703586515881,9286.092,12.628554
1346.2717475449274,9296.733,12.623103
1346.2731364382669,9298.177,12.640615
1346.274525331605,9273.549,12.618353
1346.2759142249436,9299.243,12.617316
1346.2773031183995,9264.865,12.617697
1346.2786920117383,9288.822,12.619541
1346.280080905077,9298.328,12.627566
1346.2814697984156,9294.588,12.624152
1346.282858691755,9290.733,12.619962
1346.2842475850946,9276.616,12.617995
1346.2856364784325,9279.631,12.617173
1346.2870253718877,9278.609,12.614582
1346.2884142652272,9282.669,12.623483
1346.2898031585657,9276.876,12.609135
1346.2911920519043,9309.311,12.62239
1346.2925809452433,9279.946,12.62224
1346.293969838582,9263.287,12.601608
1346.2953587319214,9292.202,12.621201
1346.29674762526,9293.844,12.612916
1346.298136518598,9282.476,12.620091
1346.2995254119376,9274.302,12.612729
1346.3009143052768,9276.385,12.609402
1346.3023031986147,9273.577,12.61596
1346.3036920919537,9285.22,12.621253
1346.305080985293,9298.455,12.618601
1346.3064698787487,9287.903,12.616493
1346.3078587720875,9263.104,12.602544
1346.309247665309,9289.439,12.61079
1346.3106365586484,9290.068,12.61646
1346.312025451988,9281.946,12.605155
1346.313414345326,9280.861,12.604442
1346.3148032386646,9286.917,12.612851
1346.316192132004,9301.618,12.610564
1346.3175810253426,9265.511,12.597561
1346.3189699186817,9286.272,12.609634
1346.3203588120202,9285.372,12.612651
1346.3217477053588,9275.542,12.598894
1346.3231365986983,9275.427,12.605537
1346.3245254920369,9287.243,12.615741
1346.325914385375,9278.975,12.609471
1346.3273032787145,9297.682,12.608479
1346.328692172054,9281.628,12.606168
1346.330081065276,9291.253,12.611653
1346.331469958615,9296.739,12.613229
1346.3328588519537,9289.444,12.606733
1346.3342477452932,9270.493,12.607277
1346.3356366386317,9295.795,12.607433
1346.3370255319699,9301.704,12.617504
1346.3384144251927,9285.242,12.597313
1346.339803318532,9299.595,12.60652
1346.34119221187,9277.083,12.597915
1346.3425811052089,9292.021,12.609671
1346.3439699985481,9280.637,12.606887
1346.3453588917707,9291.576,12.600705
1346.3467477851093,9288.216,12.606433
1346.3481366784479,9275.21,12.594908
1346.3495255717867,9285.095,12.60687
1346.350914465126,9286.31,12.614312
1346.3523033583485,9272.182,12.591752
1346.353692251687,9292.035,12.609415
1346.3550811450266,9282.173,12.599648
1346.3564700382487,9280.653,12.594944
1346.3578589315875,9284.817,12.597404
1346.3592478249263,9284.573,12.601551
1346.360636718265,9290.988,12.595768
1346.362025611488,9273.568,12.601831
1346.3634145048266,9299.881,12.609471
1346.3648033981647,9285.457,12.602253
1346.3661922913877,9301.727,12.6057005
1346.3675811847272,9278.89,12.611389
1346.3689700779487,9307.153,12.612051
1346.3703589712875,9286.366,12.601635
1346.371747864627,9274.136,12.606718
1346.3731367578491,9280.67,12.595018
1346.3745256511877,9268.654,12.588412
1346.3759145445265,9288.208,12.598735
1346.3773034377493,9296.716,12.603507
1346.3786923310888,9290.233,12.59436
1346.3800812243105,9285.706,12.599582
1346.381470117649,9268.0625,12.585193
1346.3828590108722,9295.711,12.59193
1346.384247904211,9301.108,12.618282
1346.3856367975498,9290.266,12.597714
1346.387025690772,9260.482,12.599852
1346.3884145841107,9275.056,12.600646
1346.3898034773335,9286.455,12.599738
1346.3911923706723,9305.125,12.602294
1346.3925812638938,9292.073,12.610766
1346.3939701572333,9278.782,12.595252
1346.3953590504564,9305.186,12.612892
1346.3967479437945,9294.568,12.603416
1346.3981368370166,9263.416,12.583491
1346.3995257302397,9277.824,12.600348
1346.4009146235792,9285.629,12.599074
1346.4023035168013,9299.58,12.600657
1346.4036924101395,9274.915,12.588776
1346.4050813033625,9279.858,12.595467
1346.4064701967018,9276.56,12.596437
1346.4078590899232,9271.438,12.600523
1346.4092479831459,9292.134,12.600097
1346.4106368764851,9281.39,12.599016
1346.4120257697075,9295.964,12.600794
1346.413414663046,9295.386,12.601248
1346.4148035562685,9251.196,12.581372
1346.4161924494908,9262.577,12.593793
1346.41758134283,9275.336,12.593253
1346.4189702360525,9286.665,12.597459
1346.4203591292742,9303.221,12.603783
1346.4217480226134,9262.275,12.584368
1346.4231369158363,9289.319,12.597883
1346.4245258090589,9263.173,12.599216
1346.4259147023974,9262.504,12.590297
1346.4273035956196,9280.564,12.596316
1346.4286924888427,9278.467,12.595363
1346.430081382065,9275.164,12.595311
1346.431470275403,9273.158,12.5976515
1346.432859168626,9260.613,12.581368
1346.434248061849,9288.882,12.609526
1346.4356369550708,9293.095,12.597257
1346.4370258484093,9261.712,12.586579
1346.4384147416324,9306.912,12.6065035
1346.4398036348546,9299.57,12.61
1346.441192528077,9276.209,12.5933485
1346.4425814214158,9286.8,12.601466
1346.443970314638,9286.297,12.604463
1346.445359207861,9300.903,12.610337
1346.4467481010831,9292.738,12.599423
1346.4481369943055,9294.417,12.603652
1346.4495258875284,9274.652,12.593487
1346.4509147808674,9290.256,12.599518
1346.4523036740895,9259.611,12.588583
1346.4536925673117,9269.635,12.600275
1346.4578592469795,9278.406,12.602596
1346.459248140201,9268.505,12.599586
1346.4606370334238,9278.599,12.594702
1346.462025926647,9279.875,12.600825
1346.463414819985,9294.218,12.60897
1346.4648037132072,9290.285,12.60163
1346.4661926064302,9274.153,12.592421
1346.4675814996526,9300.962,12.605896
1346.468970392875,9282.737,12.601933
1346.4703592860972,9287.634,12.60412
1346.4717481793202,9258.2295,12.5966
1346.4731370725433,9269.599,12.5992365
1346.4745259657648,9294.737,12.603768
1346.4759148589872,9282.646,12.602559
1346.4773037522102,9281.221,12.609746
1346.4786926454324,9275.039,12.600585
1346.4800815386545,9280.75,12.615982
1346.4814704318771,9273.432,12.597104
1346.4828593250993,9281.465,12.60076
1346.4842482183224,9288.6875,12.612355
1346.4856371115445,9283.223,12.601223
1346.4870260047662,9275.291,12.599093
1346.4884148978729,9276.813,12.606966
1346.4898037910957,9256.995,12.593776
1346.4911926843172,9312.083,12.623775
1346.4925815775398,9306.878,12.617688
1346.4939704707626,9282.0625,12.612437
1346.4953593639855,9298.463,12.60723
1346.4967482572079,9305.447,12.6221485
1346.4981371504293,9294.437,12.617904
1346.4995260436524,9288.013,12.608353
1346.500914936759,9273.749,12.610829
1346.5023038299807,9306.251,12.615077
1346.503692723203,9279.263,12.611619
1346.505081616426,9290.131,12.613981
1346.5064705096481,9281.137,12.617863
1346.5078594028707,9297.314,12.617146
1346.5092482959765,9267.748,12.601623
1346.5106371891986,9273.271,12.606008
1346.5120260824217,9289.854,12.617094
1346.5134149756439,9264.289,12.600515
1346.5148038687491,9282.701,12.615089
1346.5161927619722,9308.461,12.626993
1346.5175816551953,9290.17,12.622877
1346.5189705484174,9286.333,12.625285
1346.5203594415234,9288.22,12.615303
1346.5217483347458,9288.69,12.609025
1346.5231372279688,9271.731,12.609394
1346.524526121191,9313.609,12.627533
1346.5259150142963,9268.421,12.6148405
1346.5273039075191,9274.643,12.616601
1346.528692800742,9288.487,12.616464
1346.5300816938473,9278.721,12.6189375
1346.5314705870696,9294.933,12.622592
1346.5328594802925,9289.4,12.622954
1346.5342483733987,9297.071,12.629058
1346.5356372666208,9277.822,12.615887
1346.537026159843,9280.836,12.616819
1346.538415052949,9276.986,12.621507
1346.5398039461718,9281.69,12.6182995
1346.541192839278,9299.343,12.62701
1346.5425817325001,9308.153,12.63891
1346.5439706257232,9279.122,12.625029
1346.545359518829,9303.172,12.630718
1346.5467484120513,9297.521,12.633963
1346.5481373051573,9292.046,12.625463
1346.5495261983795,9277.705,12.617975
1346.550915091486,9289.244,12.629478
1346.5523039847083,9290.044,12.630155
1346.55369287793,9265.404,12.625919
1346.5550817710366,9282.965,12.627449
1346.5564706642597,9303.498,12.637377
1346.5578595573647,9289.95,12.629919
1346.5592484505871,9297.584,12.634666
1346.5606373436938,9300.837,12.631881
1346.562026236916,9303.987,12.629687
1346.5634151300217,9291.342,12.638278
1346.5648040231276,9283.66,12.631964
1346.5661929163505,9269.728,12.617873
1346.5675818094571,9265.767,12.619681
1346.5689707026788,9274.811,12.619777
1346.5703595957846,9273.753,12.6231785
1346.5717484890076,9290.68,12.634076
1346.5731373821136,9276.243,12.626033
1346.5745262752196,9280.164,12.625737
1346.5759151684417,9295.734,12.634488
1346.5773040615477,9284.038,12.639796
1346.5786929547705,9275.564,12.638213
1346.5800818478765,9281.641,12.636504
1346.5814707409816,9279.421,12.632682
1346.5828596342046,9295.911,12.637648
1346.5842485273113,9299.058,12.641433
1346.5856374204166,9293.391,12.643241
1346.5870263136387,9299.0625,12.645714
1346.5884152067454,9291.645,12.635812
1346.589804099851,9291.382,12.634899
1346.5911929930735,9262.932,12.640232
1346.5925818861795,9289.154,12.643009
1346.593970779286,9295.06,12.634874
1346.595359672509,9279.315,12.645326
1346.596748565614,9270.877,12.631562
1346.5981374587202,9295.93,12.650882
1346.5995263518266,9277.809,12.626045
1346.600915245049,9282.862,12.636993
1346.6023041381548,9281.911,12.634155
1346.6036930312607,9258.576,12.629023
1346.6050819243667,9276.414,12.640688
1346.6064708175895,9261.058,12.634328
1346.6078597106955,9267.483,12.633382
1346.6092486038008,9283.028,12.645158
1346.6106374969072,9293.194,12.644255
1346.6120263900136,9294.367,12.650589
1346.613415283119,9300.718,12.651324
1346.6148041763413,9290.471,12.645277
1346.6161930694477,9297.969,12.645613
1346.6175819625544,9302.455,12.642366
1346.6189708556603,9291.113,12.6524105
1346.6203597487654,9293.357,12.646786
1346.621748641872,9292.016,12.653548
1346.6231375349787,9282.089,12.637126
1346.6245264282004,9281.996,12.64214
1346.6259153213061,9293.145,12.650172
1346.6273042144128,9275.363,12.645703
1346.6286931075185,9259.395,12.631732
1346.6300820006245,9292.499,12.642847
1346.6314708937305,9281.645,12.642508
1346.6328597868362,9272.483,12.642981
1346.6342486799429,9308.207,12.65523
1346.6356375730486,9303.956,12.655362
1346.6370264661539,9295.161,12.648768
1346.6384153592605,9287.398,12.646596
1346.6398042523672,9293.514,12.643193
1346.641193145473,9305.53,12.651561
1346.6425820385787,9285.93,12.645852
1346.6439709316846,9290.573,12.645641
1346.645359824791,9279.713,12.644688
1346.6467487178973,9291.579,12.649611
1346.6495265041087,9304.929,12.656906
1346.6509153972154,9272.577,12.638101
1346.6523042903207,9290.17,12.648432
1346.6536931834264,9291.955,12.652155
1346.655082076533,9304.692,12.646339
1346.656470969639,9260.248,12.637936
1346.6578598626286,9279.058,12.638024
1346.6592487557343,9268.734,12.631959
1346.66063764884,9299.936,12.658392
1346.6620265419467,9296.198,12.651724
1346.6634154350534,9290.189,12.646736
1346.664804328159,9288.816,12.652717
1346.6661932212653,9281.897,12.63696
1346.667582114371,9281.808,12.640848
1346.6717487935723,9271.947,12.641257
1346.673137686679,9298.112,12.6473465
1346.6745265797854,9290.063,12.642402
1346.675915472774,9278.5625,12.636707
1346.6773043658802,9285.295,12.644558
1346.6786932589866,9289.957,12.648684
1346.6800821520926,9283.718,12.650862
1346.681471045082,9282.762,12.639463
1346.682859938188,9302.875,12.644781
1346.6842488312939,9288.144,12.644443
1346.6856377244005,9288.882,12.643908
1346.6870266173898,9302.983,12.6450615
1346.6884155104956,9308.452,12.649661
1346.6898044036022,9276.007,12.634185
1346.691193296708,9282.3545,12.639419
1346.6925821896978,9292.438,12.649163
1346.6939710828035,9266.095,12.629323
1346.6953599759092,9292.567,12.662551
1346.6967488688995,9252.918,12.627565
1346.6981377620054,9294.922,12.645391
1346.6995266551105,9294.851,12.643017
1346.7009155481007,9291.22,12.6381035
1346.7023044412074,9282.798,12.646322
1346.7036933341963,9269.606,12.63045
1346.705082227302,9285.092,12.635191
1346.7064711204087,9280.024,12.640058
1346.707860013398,9307.79,12.650019
1346.709248906504,9297.2,12.649291
1346.7106377994935,9286.279,12.645817
1346.7120266926001,9270.708,12.636332
1346.7134155857066,9299.634,12.64444
1346.7148044786952,9270.188,12.627736
1346.7161933718012,9289.303,12.647323
1346.7189711578974,9241.091,12.624981
1346.7203600508867,9272.511,12.625722
1346.7217489439925,9261.908,12.633132
1346.7231378369822,9268.155,12.641781
1346.7245267300887,9275.274,12.634642
1346.7259156230782,9276.167,12.635623
1346.7273045161833,9278.412,12.628529
1346.7286934091733,9310.324,12.652913
1346.7314711952688,9273.483,12.626837
1346.7328600883745,9270.935,12.625365
1346.7342489813648,9295.205,12.65005
1346.735637874355,9295.726,12.638807
1346.7370267674607,9307.614,12.643642
1346.7384156604496,9265.888,12.62533
1346.7398045535563,9286.049,12.63955
1346.7411934465465,9296.067,12.639009
1346.7425823395351,9299.301,12.641355
1346.7439712326411,9292.128,12.640532
1346.7453601256314,9292.17,12.634233
1346.746749018737,9292.802,12.651348
1346.7481379117264,9271.215,12.6348095
1346.7495268047162,9272.581,12.622733
1346.750915697822,9294.178,12.646458
1346.7536934838015,9270.858,12.623884
1346.7550823767904,9269.593,12.6257925
1346.756471269897,9282.861,12.637378
1346.757860162887,9276.261,12.629649
1346.7592490558766,9277.653,12.638498
1346.7606379489823,9273.388,12.631803
1346.7620268419719,9277.731,12.628688
1346.7634157349619,9284.5625,12.629584
1346.7648046279514,9285.525,12.638534
1346.7661935210565,9274.891,12.61949
1346.7675824140467,9285.429,12.634949
1346.768971307037,9262.456,12.6264715
1346.7703602000258,9294.036,12.644074
1346.7717490931316,9300.362,12.648032
1346.7731379861218,9298.409,12.645026
1346.7745268791111,9282.201,12.6402
1346.775915772101,9273.375,12.62854
1346.7773046650902,9293.56,12.639481
1346.7786935580796,9275.164,12.635613
1346.7800824511862,9303.07,12.644159
1346.7814713441758,9264.3125,12.631748
1346.7828602371653,9275.603,12.629184
1346.7842491301553,9287.312,12.64558
1346.7856380231449,9270.06,12.631217
1346.7870269161342,9262.882,12.62878
1346.7884158091238,9286.418,12.643604
1346.7898047021133,9277.358,12.6281395
1346.79119359522,9289.847,12.631752
1346.7925824882093,9281.841,12.635445
1346.7939713811982,9277.451,12.638915
1346.7953602741882,9299.294,12.637454
1346.7967491671782,9282.077,12.632999
1346.798138060167,9278.355,12.643622
1346.7995269531566,9278.36,12.640024
1346.8009158461466,9276.938,12.6362915
1346.8023047391364,9289.8955,12.638332
1346.8036936321257,9283.319,12.63894
1346.805082525115,9272.076,12.628456
1346.8064714181053,9261.706,12.630819
1346.8078603110955,9293.653,12.640739
1346.8092492040844,9293.453,12.641182
1346.8106380970737,9301.854,12.644124
1346.812026990064,9283.388,12.642341
1346.8134158830533,9275.196,12.628157
1346.8148047760428,9286.468,12.646207
1346.8161936690324,9258.356,12.620962
1346.8175825620217,9293.78,12.644641
1346.8189714548955,9278.732,12.639471
1346.8203603478848,9269.439,12.633855
1346.8217492408737,9275.194,12.632695
1346.823138133864,9271.858,12.631964
1346.8245270268542,9276.194,12.637916
1346.8259159198428,9293.108,12.640551
1346.8273048128324,9302.568,12.650587
1346.8286937058226,9305.059,12.641019
1346.8300825986962,9284.369,12.633629
1346.8314714916858,9254.296,12.634185
1346.8328603846744,9305.4795,12.651606
1346.8342492776644,9261.349,12.633463
1346.8356381706546,9278.231,12.630951
1346.8384159565164,9286.15,12.645166
1346.8398048495067,9288.174,12.643103
1346.8411937424962,9300.311,12.6529255
1346.8425826354858,9284.484,12.634155
1346.8439715283587,9272.414,12.635437
1346.8453604213482,9284.225,12.649885
1346.8467493143382,9277.987,12.635313
1346.8481382073278,9287.68,12.641576
1346.8495271002,9283.069,12.637513
1346.8509159931903,9278.775,12.638616
1346.8523048861805,9291.631,12.638618
1346.8536937791698,9268.592,12.631038
1346.8550826720432,9268.717,12.630158
1346.8564715650325,9284.684,12.642222
1346.8578604580227,9274.507,12.63965
1346.8592493508957,9286.319,12.647851
1346.8606382438845,9281.546,12.63711
1346.8620271368748,9286.809,12.636718
1346.8634160297484,9268.53,12.633333
1346.864804922737,9273.757,12.6410265
1346.8661938156104,9315.15,12.659652
1346.8675827086004,9271.583,12.636204
1346.86897160159,9255.172,12.637259
1346.8703604944628,9276.068,12.636722
1346.8717493874524,9255.7,12.621433
1346.8731382803255,9286.168,12.640612
1346.8745271733155,9301.91,12.654233
1346.875916066305,9309.948,12.654135
1346.877304959178,9288.771,12.649921
1346.8786938521682,9276.618,12.629055
1346.8800827450411,9271.765,12.627601
1346.881471638031,9280.6045,12.639421
1346.8828605309038,9271.588,12.641156
1346.8842494238932,9298.981,12.6462965
1346.885638316767,9269.0625,12.629103
1346.8870272097565,9285.886,12.637712
1346.8884161026288,9282.173,12.642904
1346.889804995619,9279.382,12.6389
1346.8911938884928,9306.085,12.658604
1346.8925827814817,9275.446,12.635304
1346.8939716743546,9282.376,12.637121
1346.8953605673448,9279.418,12.642066
1346.8967494602177,9271.91,12.632744
1346.8981383530916,9282.278,12.638748
1346.8995272460809,9295.44,12.631151
1346.9009161389533,9293.282,12.644841
1346.9023050319436,9294.375,12.644283
1346.9036939248174,9284.929,12.641915
1346.9050828176903,9298.797,12.644098
1346.9064717106796,9277.633,12.625475
1346.907860603553,9291.373,12.640974
1346.909249496543,9264.858,12.630167
1346.9106383894161,9279.123,12.641957
1346.9120272822886,9282.04,12.635476
1346.9134161752786,9314.259,12.647839
1346.9148050681522,9304.05,12.653252
1346.9161939610246,9284.039,12.636046
1346.9175828538976,9294.504,12.632755
1346.9189717468878,9292.021,12.634813
1346.920360639761,9286.517,12.652187
1346.921749532634,9275.114,12.633611
1346.9231384256234,9275.705,12.641784
1346.9245273184965,9292.552,12.639617
1346.9259162113701,9289.333,12.637954
1346.9273051042433,9299.921,12.654651
1346.9286939972328,9286.407,12.63887
1346.9300828901066,9291.112,12.64285
1346.9314717829795,9269.259,12.628966
1346.9328606758525,9279.763,12.630965
1346.9356384617151,9266.667,12.629867
1346.937027354589,9285.396,12.635761
1346.9384162474619,9273.019,12.636767
1346.9398051403343,9279.252,12.631433
1346.9411940332081,9286.799,12.644
1346.9425829261982,9282.484,12.636015
1346.9439718190704,9281.17,12.633421
1346.9453607119437,9288.299,12.640547
1346.9467496048173,9277.411,12.627382
1346.9481384976905,9297.837,12.641538
1346.9495273905634,9271.091,12.62106
1346.9509162834365,9287.366,12.641726
1346.9523051763101,9280.871,12.643251
1346.953694069184,9307.288,12.635523
1346.9550829620564,9272.776,12.626995
1346.9564718550457,9284.509,12.632628
1346.9578607479195,9276.852,12.627948
1346.9592496407925,9301.563,12.637092
1346.9606385336658,9274.011,12.624577
1346.9620274265387,9291.028,12.631459
1346.9634163194116,9292.53,12.629385
1346.9648052122855,9263.932,12.629038
1346.9661941051586,9284.059,12.625782
1346.9675829980308,9272.331,12.621285
1346.9689718909046,9269.505,12.62204
1346.9703607837785,9289.556,12.631164
1346.971749676651,9285.527,12.633345
1346.9731385695238,9296.377,12.637199
1346.9745274623976,9287.275,12.626314
1346.9759163552715,9285.6455,12.635895
1346.977305248028,9279.165,12.636202
1346.9786941409004,9304.62,12.635875
1346.9800830337742,9284.952,12.626738
1346.9814719266478,9281.77,12.624367
1346.98286081952,9284.874,12.625892
1346.9842497123932,9281.354,12.628515
1346.9856386052668,9289.308,12.630756
1346.9870274981402,9304.395,12.637069
1346.988416391013,9280.032,12.628107
1346.989805283886,9288.244,12.642173
1346.991194176643,9282.532,12.616642
1346.9925830695165,9292.865,12.619296
1346.9939719623897,9287.604,12.633452
1346.9953608552619,9277.675,12.621085
1346.9967497481355,9282.4795,12.624756
1346.9981386408929,9284.343,12.62321
1346.999527533766,9289.136,12.6240635
1347.0009164266392,9283.607,12.621353
1347.002305319512,9287.174,12.62536
1347.0036942123859,9283.478,12.619874
1347.0050831051424,9272.27,12.617999
1347.0064719980148,9284.094,12.622488
1347.0078608908887,9286.912,12.632615
1347.0092497837625,9296.283,12.634497
1347.0106386765183,9267.204,12.614609
1347.0120275693914,9286.395,12.619841
1347.0134164622652,9299.942,12.629044
1347.0148053550217,9296.953,12.62937
1347.0161942478946,9315.885,12.626464
1347.017583140768,9315.237,12.647733
1347.0189720335245,9280.899,12.625777
1347.0203609263983,9286.303,12.623078
1347.0217498192712,9278.689,12.620821
1347.0231387120277,9295.298,12.645251
1347.0245276049016,9290.715,12.623471
1347.0259164977747,9290.211,12.624122
1347.0273053905314,9286.586,12.620437
1347.0286942834043,9271.653,12.611071
1347.0300831762775,9286.026,12.622577
1347.0314720690346,9275.428,12.627658
1347.032860961908,9263.053,12.606829
1347.0342498546638,9303.174,12.636393
1347.0356387475374,9265.987,12.630408
1347.0370276402948,9264.351,12.607674
1347.0384165331673,9296.494,12.626631
1347.0398054260402,9283.44,12.614964
1347.0411943187976,9281.938,12.626034
1347.0425832116705,9296.735,12.629148
1347.0439721044274,9285.208,12.620795
1347.0453609973003,9300.635,12.620681
1347.0467498900578,9290.937,12.629236
1347.0481387829316,9286.221,12.618862
1347.0495276756874,9272.421,12.621348
1347.0509165685605,9288.745,12.628345
1347.0523054613177,9266.345,12.60929
1347.0564721397047,9287.27,12.624904
1347.0578610325772,9284.485,12.622695
1347.0592499253346,9284.786,12.616082
1347.0606388182082,9277.983,12.616244
1347.062027710964,9300.593,12.624759
1347.0648054965943,9273.956,12.612397
1347.0661943893513,9274.345,12.632832
1347.0675832822242,9293.481,12.626842
1347.0689721749807,9278.638,12.608698
1347.070361067738,9284.491,12.62564
1347.073138853368,9276.048,12.616904
1347.0745277461244,9276.612,12.617238
1347.0759166389983,9270.256,12.613982
1347.0773055317547,9286.028,12.617956
1347.0786944245115,9295.271,12.619196
1347.0800833173846,9295.681,12.62994
1347.081472210141,9287.582,12.622073
1347.0828611028985,9298.327,12.623469
1347.084249995655,9290.458,12.636285
1347.0856388885275,9291.084,12.61946
1347.0870277812849,9283.814,12.629145
1347.0884166740423,9308.345,12.633655
1347.089805566798,9293.3125,12.62236
1347.0911944596712,9291.174,12.626956
1347.0925833524286,9271.081,12.614349
1347.0939722451858,9264.251,12.621263
1347.0953611379425,9276.372,12.608787
1347.0967500306986,9290.53,12.617625
1347.0981389235722,9306.218,12.635658
1347.0995278163293,9287.2705,12.631163
1347.1009167090854,9278.657,12.6140375
1347.1023056018419,9263.087,12.604812
1347.1036944945993,9264.368,12.614251
1347.105083387356,9290.916,12.62342
1347.1064722801127,9283.472,12.617159
1347.1078611729856,9279.423,12.622871
1347.1092500657423,9296.024,12.628018
1347.1106389584995,9288.231,12.630873
1347.1120278512565,9291.971,12.6266365
1347.1134167440123,9299.658,12.634076
1347.1148056367695,9272.805,12.619753
1347.1161945295269,9299.573,12.629807
1347.1175834222834,9295.584,12.626896
1347.1189723150403,9287.73,12.618758
1347.1203612077968,9272.295,12.621534
1347.1217501005542,9255.386,12.617778
1347.1231389933107,9286.809,12.625911
1347.1245278860667,9293.014,12.618184
1347.1259167788241,9289.86,12.63024
1347.1273056715816,9274.884,12.62077
1347.1286945643374,9281.713,12.628273
1347.130083457094,9295.456,12.621701
1347.1314723498513,9296.193,12.633147
1347.132861242608,9289.192,12.622656
1347.1342501353645,9274.43,12.621237
1347.1356390281212,9271.987,12.617897
1347.137027920878,9273.663,12.614496
1347.1384168136353,9301.839,12.642241
1347.1398057063918,9278.871,12.619391
1347.1411945991483,9263.184,12.619934
1347.1425834919057,9297.21,12.63051
1347.143972384546,9271.284,12.630184
1347.1453612773028,9285.282,12.623592
1347.1467501700592,9281.576,12.625216
1347.1481390628157,9281.4,12.627056
1347.1495279555731,9282.844,12.624714
1347.1509168483299,9245.298,12.608963
1347.1523057410857,9280.31,12.628666
1347.1536946337267,9287.897,12.621792
1347.155083526484,9277.002,12.630962
1347.1564724192401,9260.889,12.60837
1347.1578613119966,9286.763,12.620503
1347.159250204754,9290.736,12.625278
1347.160639097394,9286.748,12.631897
1347.1620279901508,9281.64,12.605011
1347.1634168829075,9271.654,12.624122
1347.164805775665,9274.534,12.622129
1347.1661946684221,9283.818,12.618033
1347.1675835610615,9293.191,12.626889
1347.1689724538185,9290.791,12.63177
1347.1703613465756,9266.875,12.609027
1347.171750239216,9292.051,12.625054
1347.1731391319724,9292.082,12.62507
1347.174528024729,9266.285,12.61681
1347.175916917486,9282.067,12.623871
1347.1773058101267,9287.39,12.620184
1347.1786947028834,9296.608,12.630107
1347.1800835956394,9268.523,12.61539
1347.191194737229,9249.528,12.611203
1347.1925836299854,9257.632,12.618192
1347.1939725227428,9235.926,12.604398
1347.1953614153829,9225.775,12.597359
1347.1967503081396,9238.927,12.601061
1347.19813920078,9232.961,12.602505
1347.1995280935364,9247.515,12.614347
1347.2009169861774,9234.59,12.60019
1347.2023058789339,9236.317,12.610252
1347.2036947715735,9240.73,12.610475
1347.205083664331,9237.52,12.601122
1347.206472556972,9232.536,12.606346
1347.2078614497277,9214.528,12.589897
1347.209250342368,9220.078,12.603552
1347.2106392351252,9217.581,12.594635
1347.2120281277655,9222.668,12.593641
1347.213417020522,9229.668,12.598905
1347.2148059131623,9220.443,12.59426
1347.2161948059195,9217.689,12.590431
1347.2175836985605,9216.882,12.596454
1347.2189725912,9211.992,12.589226
1347.2203614839566,9216.665,12.584908
1347.2217503765976,9207.394,12.586246
1347.2231392693543,9211.553,12.58453
1347.2245281619946,9203.239,12.583592
1347.2259170546347,9214.9,12.585424
1347.2273059473912,9212.829,12.587215
1347.2286948400322,9233.1455,12.59816
1347.2300837326725,9215.587,12.5933485
1347.2314726254283,9208.3,12.586987
1347.2328615180693,9204.773,12.591074
1347.2342504107103,9214.687,12.584539
1347.2356393034663,9225.258,12.592109
1347.2384170887474,9231.423,12.602638
1347.2398059815048,9225.37,12.596408
1347.2411948741449,9239.021,12.59297
1347.2425837667845,9216.572,12.596302
1347.2439726594255,9221.335,12.586565
1347.2453615521827,9233.618,12.591552
1347.246750444822,9228.636,12.582289
1347.2481393374626,9224.401,12.589517
1347.2495282301034,9223.622,12.589771
1347.25091712286,9221.626,12.579848
1347.2523060155002,9222.73,12.587692
1347.2536949081402,9218.918,12.583745
1347.2550838007808,9236.71,12.590656
1347.2564726934215,9230.376,12.585404
1347.2578615860618,9238.498,12.590226
1347.2592504788179,9212.426,12.57613
1347.2606393714586,9222.218,12.585816
1347.2620282640994,9215.435,12.577799
1347.26341715674,9204.432,12.57158
1347.26480604938,9229.525,12.584369
1347.26619494202,9229.157,12.585445
1347.267583834661,9229.514,12.588006
1347.2689727273012,9222.348,12.576882
1347.2703616200572,9213.393,12.577549
1347.2717505126982,9211.458,12.576552
1347.2731394053392,9221.041,12.579506
1347.2745282979788,9208.494,12.570099
1347.2759171906189,9219.442,12.597394
1347.2773060832599,9225.611,12.58697
1347.2786949759,9245.241,12.589007
1347.28008386854,9209.385,12.572264
1347.2814727611806,9217.932,12.572057
1347.2828616538206,9228.202,12.581136
1347.2842505464616,9219.63,12.582549
1347.2856394391017,9238.51,12.583613
1347.287028331742,9213.785,12.571664
1347.2884172243828,9218.501,12.583936
1347.2898061170233,9226.549,12.574665
1347.2911950096634,9229.22,12.575451
1347.2925839023035,9200.672,12.568342
1347.2939727949438,9198.658,12.5657015
1347.2953616875845,9232.376,12.579439
1347.2967505801091,9218.022,12.567369
1347.2981394727487,9235.436,12.578853
1347.2995283653888,9230.474,12.578116
1347.3009172580298,9237.038,12.582015
1347.3023061506701,9249.246,12.589246
1347.3036950433104,9204.317,12.564951
1347.3050839359505,9232.861,12.574619
1347.3064728285906,9245.963,12.579843
1347.3078617212316,9225.874,12.567731
1347.3092506137555,9228.148,12.571519
1347.3106395063958,9241.999,12.570769
1347.3120283990368,9217.09,12.583936
1347.3134172916768,9223.755,12.568862
1347.314806184317,9253.247,12.579561
1347.3175839694811,9226.667,12.572767
1347.318972862122,9234.221,12.569439
1347.3203617547622,9284.275,12.5988455
1347.3217506472854,9296.364,12.594993
1347.3231395399264,9292.357,12.602508
1347.3245284325671,9284.623,12.596685
1347.3259173252065,9291.105,12.59523
1347.3273062177307,9292.5205,12.60286
1347.3286951103714,9292.591,12.603027
1347.3300840030117,9272.707,12.583889
1347.3314728956518,9286.263,12.590719
1347.3328617881755,9271.286,12.593194
1347.3342506808165,9277.964,12.588193
1347.3356395734575,9297.939,12.596418
1347.3370284659807,9295.122,12.601783
1347.3384173586207,9291.418,12.595376
1347.3398062512617,9281.577,12.587585
1347.3411951437854,9296.651,12.597077
1347.342584036426,9279.146,12.590853
1347.3439729289496,9295.054,12.595794
1347.3453618215897,9302.968,12.603033
1347.3467507142307,9291.83,12.593927
1347.3481396067546,9281.018,12.596563
1347.349528499394,9280.72,12.585731
1347.3509173919185,9267.607,12.586895
1347.3523062845595,9259.539,12.584846
1347.3536951770827,9270.877,12.586811
1347.3550840697228,9279.394,12.587543
1347.3564729623638,9303.1,12.60527
1347.3606396400517,9287.791,12.565567
1347.3620285326924,9269.949,12.555679
1347.3634174252168,9277.93,12.573012
1347.3648063178564,9279.773,12.57903
1347.3661952103803,9257.8545,12.569186
1347.367584103021,9284.62,12.584121
1347.3689729955452,9265.777,12.57306
1347.3703618880688,9278.568,12.5791855
1347.371750780709,9300.893,12.590958
1347.3731396732328,9295.936,12.57963
1347.3745285658736,9270.507,12.574221
1347.3759174583977,9284.7705,12.578724
1347.3773063509207,9273.799,12.582757
1347.3786952435614,9279.991,12.578678
1347.3870285989385,9260.057,12.555961
1347.393973061791,9286.567,12.57913
1347.3953619543151,9276.038,12.572925
1347.3967508468388,9282.617,12.579113
1347.3981397393634,9284.709,12.582872
1347.3995286320035,9270.427,12.572457
1347.4009175245267,9296.402,12.586061
1347.4023064170512,9284.297,12.577441
1347.4036953095756,9290.829,12.59728
1347.405084202216,9297.154,12.582035
1347.4064730947396,9277.871,12.579949
1347.4078619872635,9256.902,12.573761
1347.4092508797878,9272.416,12.574317
1347.410639772312,9291.338,12.572699
1347.4120286649513,9270.297,12.571216
1347.4134175574757,9278.648,12.577402
1347.4148064500002,9274.43,12.579731
1347.4161953425235,9298.685,12.593885
1347.4175842350471,9278.463,12.565295
1347.4189731275717,9267.835,12.572554
1347.4203620200954,9296.326,12.591312
1347.421750912736,9267.392,12.565982
1347.4231398052596,9278.522,12.582838
1347.4245286977832,9278.263,12.574786
1347.4259175903078,9285.049,12.579927
1347.4273064828317,9268.785,12.573382
1347.4286953753556,9273.492,12.567127
1347.43008426788,9281.292,12.583783
1347.4314731604038,9283.644,12.578704
1347.4328620529275,9255.11,12.570383
1347.4342509454514,9277.533,12.578204
1347.4356398379753,9285.691,12.56728
1347.4370287304998,9263.389,12.573772
1347.4384176230235,9272.569,12.571234
1347.4398065155467,9299.466,12.582011
1347.441195408071,9299.57,12.589226
1347.4425843005954,9284.452,12.570743
1347.4439731931186,9278.875,12.581854
1347.4453620856425,9269.544,12.565312
1347.4467509781668,9262.918,12.586002
1347.448139870691,9259.996,12.576116
1347.4495287632146,9290.96,12.577157
1347.4509176557383,9280.016,12.570623
1347.4536954407874,9287.207,12.585426
1347.4550843333107,9275.561,12.5733595
1347.4564732258343,9272.929,12.57432
1347.4578621182425,9278.958,12.567502
1347.46063990329,9285.56,12.56711
1347.4634176883376,9254.286,12.55015
1347.4689732583172,9284.759,12.560729
1347.4731399358886,9292.491,12.577539
1347.4745288282968,9275.263,12.572469
1347.4759177208211,9282.657,12.574398
1347.477306613345,9267.814,12.57588
1347.4786955058682,9264.899,12.587658
1347.4814732908005,9270.6045,12.581767
1347.4856399682556,9278.843,12.575164
1347.4870288607794,9269.301,12.570478
1347.4884177533038,9277.591,12.568823
1347.4898066457115,9288.149,12.588149
1347.493973323167,9262.642,12.565823
1347.4967511080974,9270.277,12.57395
1347.498140000622,9281.861,12.558171
1347.4995288931457,9276.806,12.558671
1347.5036955704852,9268.319,12.564157
1347.510640032872,9263.201,12.556151
1347.514806710327,9279.906,12.571593
1347.5161956027353,9265.157,12.558923
1347.517584495259,9286.029,12.580173
1347.5189733876657,9261.896,12.585267
1347.5203622801903,9262.781,12.573782
1347.5217511725982,9293.138,12.586141
1347.5231400651212,9272.023,12.577993
1347.5245289575287,9285.217,12.598107
1347.525917850053,9280.323,12.584045
1347.5273067424612,9277.999,12.590384
1347.5286956348687,9295.437,12.592531
1347.5300845273916,9281.67,12.591502
1347.5314734197998,9283.381,12.590417
1347.5328623123244,9275.524,12.5891485
1347.5342512047312,9294.597,12.59212
1347.5356400971384,9296.051,12.600107
1347.537028989663,9284.533,12.5874405
1347.5384178820702,9266.391,12.581995
1347.5398067744777,9283.542,12.6012335
1347.5411956670016,9271.717,12.583018
1347.5425845594089,9279.332,12.591768
1347.543973451817,9268.26,12.593756
1347.5453623443407,9265.139,12.579191
1347.5467512367475,9285.064,12.595632
1347.5481401291556,9275.724,12.592709
1347.5495290216802,9274.77,12.589454
1347.5648068383955,9275.53,12.594393
1347.566195730803,9270.268,12.596996
1347.567584623211,9295.421,12.606471
1347.568973515735,9281.504,12.595502
1347.5703624081416,9279.581,12.601993
1347.5717513005495,9308.384,12.616997
1347.5731401929577,9282.228,12.601152
1347.5745290853652,9263.476,12.587641
1347.5759179777726,9280.976,12.602375
1347.5773068701799,9283.707,12.59065
1347.578695762588,9283.847,12.59342
1347.5800846551117,9301.782,12.604696
1347.5814735475185,9271.703,12.586267
1347.5828624399267,9287.16,12.6076
1347.5842513323348,9278.685,12.589377
1347.5856402247414,9281.607,12.614829
1347.588418009557,9278.313,12.588165
1347.5898069019643,9292.965,12.586509
1347.592584686779,9300.847,12.6066065
1347.5953624715946,9281.945,12.597034
1347.5967513640019,9283.1,12.599259
1347.5981402564091,9285.131,12.604353
1347.5995291488173,9277.728,12.598534
1347.6009180412248,9292.51,12.596785
1347.6023069336322,9265.736,12.590308
1347.6036958260395,9276.066,12.59356
1347.6064736107385,9263.678,12.580072
1347.607862503146,9287.721,12.601804
1347.6092513955525,9294.405,12.612726
1347.6106402879607,9279.197,12.597081
1347.6120291803688,9280.949,12.604063
1347.6134180727756,9265.542,12.604037
1347.6148069651829,9286.35,12.609591
1347.6161958574746,9291.947,12.610926
1347.6175847498819,9290.763,12.610572
1347.6189736422893,9295.038,12.616312
1347.6203625346968,9262.181,12.599011
1347.621751427105,9281.664,12.612953
1347.623140319513,9294.111,12.615845
1347.624529211803,9283.732,12.610379
1347.6259181042108,9292.376,12.611289
1347.6273069966187,9278.756,12.598615
1347.6286958890262,9268.885,12.602594
1347.630084781317,9297.583,12.611752
1347.6314736737243,9289.979,12.617638
1347.632862566132,9292.207,12.606388
1347.63425145854,9289.768,12.619548
1347.635640350831,9277.204,12.608744
1347.6370292432377,9269.765,12.602793
1347.6384181356457,9282.664,12.61589
1347.6398070279372,9275.272,12.594828
1347.641195920344,9257.411,12.593093
1347.6425848127512,9290.177,12.607432
1347.6439737051594,9275.376,12.611925
1347.6453625974511,9284.234,12.612901
1347.6467514898593,9289.026,12.604671
1347.6481403821497,9273.857,12.604289
1347.649529274557,9270.955,12.606403
1347.650918166965,9299.597,12.616422
1347.652307059256,9287.089,12.609696
1347.6536959516634,9274.268,12.602093
1347.6550848439545,9290.835,12.6168995
1347.6564737363617,9291.856,12.61387
1347.6578626287699,9266.37,12.609085
1347.6592515210607,9294.202,12.610287
1347.6606404134675,9270.406,12.60936
1347.6620293057592,9290.99,12.608619
1347.6634181981674,9303.693,12.62567
1347.6648070904575,9282.847,12.607935
1347.666195982865,9259.607,12.602452
1347.6675848751568,9289.232,12.61864
1347.6689737675647,9291.76,12.597746
1347.6703626598558,9268.829,12.599952
1347.6717515522623,9272.871,12.591947
1347.6731404445538,9270.386,12.6093235
1347.674529336962,9267.048,12.595921
1347.6759182292524,9273.543,12.600892
1347.6773071216596,9275.951,12.601255
1347.6786960139514,9272.149,12.60535
1347.6800849063588,9302.657,12.607959
1347.68147379865,9275.998,12.585638
1347.6828626909407,9266.661,12.591843
1347.6842515833482,9288.848,12.616675
1347.6856404756397,9263.092,12.59756
1347.6870293680472,9277.57,12.598464
1347.6884182603374,9277.999,12.602582
1347.689807152629,9268.051,12.588819
1347.6911960450373,9276.159,12.593096
1347.692584937328,9274.433,12.602612
1347.6939738296194,9266.437,12.589441
1347.6953627220266,9268.476,12.605459
1347.6967516143184,9274.096,12.604824
1347.6981405066092,9301.064,12.614918
1347.699529399016,9282.988,12.603111
1347.7009182913077,9285.29,12.606031
1347.7036960758894,9304.058,12.617648
1347.7050849682971,9282.202,12.602988
1347.7064738605886,9273.256,12.600256
1347.7078627528797,9267.777,12.604443
1347.7092516451705,9283.257,12.600063
1347.710640537578,9261.519,12.5963125
1347.712029429869,9305.75,12.611905
1347.7134183221606,9297.403,12.614111
1347.714807214452,9279.054,12.605409
1347.7161961067434,9293.541,12.607256
1347.7175849991506,9282.715,12.6055975
1347.7189738914415,9291.139,12.612352
1347.7203627837332,9285.315,12.604416
1347.7217516760243,9297.434,12.619377
1347.7231405683144,9280.337,12.60684
1347.7245294606062,9259.164,12.605997
1347.725918352898,9291.382,12.602776
1347.7273072453047,9271.916,12.594923
1347.7564739834177,9288.945,12.610701
1347.7578628757094,9265.394,12.5804615
1347.7689740139224,9286.031,12.612803
1347.7703629060968,9276.286,12.595005
1347.7717517983876,9292.994,12.6194515
1347.773140690679,9283.675,12.600097
1347.7745295829698,9271.811,12.593813
1347.7759184752615,9273.122,12.594969
1347.777307367436,9281.577,12.597097
1347.7786962597263,9272.913,12.604475
1347.780085152018,9274.183,12.602004
1347.7814740443096,9261.853,12.601948
1347.7828629364833,9300.149,12.622186
1347.7842518287746,9289.828,12.607377
1347.785640721066,9283.929,12.608418
1347.7870296133576,9285.824,12.609288
1347.788418505533,9302.368,12.618784
1347.7898073978233,9293.411,12.60793
1347.7911962901142,9311.534,12.606834
1347.7925851822895,9291.577,12.5966625
1347.809251889317,9289.603,12.601318
1347.8120296737825,9282.592,12.602104
1347.8134185659571,9295.136,12.620258
1347.8148074582489,9273.985,12.608527
1347.816196350424,9313.627,12.626158
1347.8175852427141,9270.296,12.60754
1347.8189741350054,9282.486,12.629545
1347.8203630271805,9291.072,12.610251
1347.8217519193552,9274.588,12.6110735
1347.823140811646,9299.956,12.625503
1347.8245297038204,9285.481,12.608156
1347.8259185961117,9298.296,12.620425
1347.8273074882868,9295.96,12.617026
1347.8286963805779,9310.652,12.621784
1347.8300852727518,9312.266,12.62704
1347.8314741650433,9289.215,12.607153
1347.8328630572184,9256.497,12.607428
1347.8342519493924,9263.918,12.60384
1347.8356408416832,9274.487,12.600975
1347.8370297338586,9289.433,12.623434
1347.8384186261503,9286.446,12.603674
1347.8398075183247,9299.74,12.62067
1347.8411964104987,9309.79,12.624665
1347.8425853027904,9299.107,12.61503
1347.8439741949658,9285.2705,12.607516
1347.8453630871395,9284.656,12.608685
1347.8467519794306,9261.683,12.588546
1347.848140871606,9284.44,12.609123
1347.8495297637803,9290.622,12.614607
1347.8509186559556,9278.707,12.607427
1347.8523075482465,9276.531,12.620038
1347.8536964404204,9297.981,12.62223
1347.8550853325958,9279.241,12.609278
1347.8564742248875,9247.822,12.600716
1347.8578631170612,9283.017,12.60835
1347.859252009236,9281.609,12.630703
1347.860640901411,9298.482,12.61877
1347.862029793586,9277.805,12.614011
1347.8634186858774,9260.046,12.602207
1347.864807578051,9305.578,12.631812
1347.8661964702262,9286.438,12.614475
1347.8675853624015,9273.763,12.616835
1347.8689742545755,9291.901,12.615958
1347.87036314675,9270.081,12.602485
1347.8717520390417,9292.336,12.610148
1347.874529823391,9275.615,12.622532
1347.8759187155654,9284.253,12.602867
1347.8773076077398,9274.614,12.618745
1347.8786964999151,9269.467,12.6087265
1347.8800853920898,9277.756,12.61669
1347.8814742842635,9295.118,12.627084
1347.8828631764388,9266.346,12.601651
1347.8842520687306,9277.506,12.622622
1347.885640960905,9293.451,12.622486
1347.8870298530796,9282.203,12.622439
1347.8884187452543,9266.379,12.61246
1347.8898076374296,9297.787,12.607864
1347.891196529604,9275.016,12.622601
1347.892585421778,9296.038,12.629628
1347.8939743139533,9277.909,12.611396
1347.8953632061284,9275.405,12.608968
1347.8967520983022,9297.09,12.622592
1347.898140990477,9294.948,12.609749
1347.8995298826521,9262.668,12.5825615
1347.9009187748268,9272.261,12.604223
1347.9023076668848,9321.28,12.61968
1347.9036965590592,9284.197,12.61151
1347.905085451234,9274.921,12.613989
1347.9064743434092,9287.113,12.615336
1347.9078632355838,9279.626,12.61839
1347.9092521277582,9281.314,12.614114
1347.9106410199336,9281.85,12.613872
1347.912029912108,9273.464,12.594155
1347.9134188042833,9307.864,12.633573
1347.914807696458,9247.363,12.602596
1347.9161965885153,9285.229,12.620001
1347.9175854806906,9287.806,12.6107645
1347.918974372866,9275.803,12.602998
1347.92036326504,9275.649,12.607369
1347.927307725797,9282.449,12.605646
1347.9286966179714,9285.36,12.609507
1347.9300855100303,9290.015,12.62248
1347.9314744022047,9273.586,12.603537
1347.9328632943793,9283.255,12.611156
1347.9342521865544,9271.7295,12.593845
1347.935641078613,9271.36,12.594002
1347.9370299707873,9278.716,12.603594
1347.9384188629617,9288.28,12.629591
1347.9398077550202,9278.98,12.606618
1347.9411966471953,9306.795,12.6097555
1347.94258553937,9266.894,12.614357
1347.9439744314273,9273.133,12.593998
1347.9453633236024,9293.26,12.612425
1347.9467522157777,9255.904,12.602138
1347.9481411078352,9275.604,12.605929
1347.9495300000096,9290.3,12.615059
1347.9509188920686,9278.95,12.6163225
1347.9523077842432,9281.786,12.6153145
1347.9536966764178,9272.661,12.612635
1347.9550855684759,9291.896,12.6092005
1347.9564744606512,9287.139,12.618577
1347.95786335271,9263.804,12.60651
1347.9592522448838,9273.036,12.599498
1347.960641136942,9260.943,12.600233
1347.9620300291174,9305.327,12.621214
1347.9634189212918,9271.565,12.607674
1347.9648078133498,9261.473,12.613014
1347.9661967055247,9280.7295,12.596061
1347.9675855975827,9276.753,12.606444
1347.970363381816,9286.846,12.623077
1347.97175227399,9275.372,12.601909
1347.973141166049,9288.15,12.617518
1347.9745300581076,9269.544,12.596621
1347.9759189502822,9284.543,12.608868
1347.9773078423402,9301.909,12.619932
1347.9786967345149,9295.744,12.623155
1347.9800856265736,9277.487,12.601731
1347.9814745187489,9282.875,12.595152
1347.9828634108064,9299.401,12.601811
1347.9842523028644,9288.219,12.610932
1347.9856411950398,9245.211,12.583593
1347.9870300870978,9268.034,12.596886
1347.9884189791562,9277.616,12.605181
1347.9898078713306,9285.607,12.60119
1347.9911967633886,9294.319,12.619216
1347.9925856554476,9288.236,12.611497
1347.9939745476222,9282.741,12.603714
1347.9953634396795,9272.545,12.599055
1347.9967523317384,9304.73,12.619053
1347.9981412239138,9239.789,12.594545
1347.9995301159713,9271.016,12.600266
1348.0009190080293,9281.044,12.591554
1348.0023079000882,9293.192,12.603815
1348.0036967922636,9268.594,12.594726
1348.08841920747,9298.226,12.606312
1348.0911969914698,9290.421,12.597667
1348.1106414797039,9264.245,12.596609
1348.1120303716464,9281.305,12.585751
1348.113419263704,9277.592,12.597156
1348.1148081556455,9270.166,12.59469
1348.1161970477044,9288.286,12.600157
1348.117585939646,9274.164,12.586392
1348.1189748315878,9315.129,12.619004
1348.120363723646,9294.178,12.6033
1348.1217526155876,9295.347,12.605566
1348.1231415076466,9281.623,12.595523
1348.1245303995881,9267.733,12.600037
1348.1259192916464,9282.554,12.613514
1348.1273081835886,9271.882,12.60627
1348.1286970755307,9287.898,12.604393
1348.1300859675887,9266.882,12.5878315
1348.1314748595303,9294.22,12.605105
1348.1328637515885,9288.932,12.607118
1348.1342526435308,9308.527,12.605503
1348.1356415354728,9293.113,12.597164
1348.139808211415,9285.358,12.5999775
1348.1411971034725,9287.057,12.591413
1348.142585995414,9294.384,12.58451
1348.1439748873565,9289.229,12.596181
1348.146752671357,9284.994,12.578549
1348.1578638070089,9286.609,12.606366
1348.1592526990669,9283.714,12.596663
1348.160641591008,9288.751,12.601051
1348.1620304829505,9290.159,12.60553
1348.1634193748928,9263.159,12.584125
1348.1648082668337,9277.159,12.596767
1348.1661971587757,9286.586,12.603968
1348.1675860508344,9272.304,12.58936
1348.1773082944271,9277.6875,12.589027
1348.1786971863696,9296.564,12.60146
1348.1800860783112,9273.095,12.590864
1348.1814749702532,9280.973,12.600691
1348.1828638621948,9284.866,12.605834
1348.1842527541364,9289.05,12.601042
1348.185641646079,9257.608,12.5887785
1348.1870305380207,9273.389,12.592881
1348.1884194299616,9291.619,12.599797
1348.1898083219041,9282.009,12.596815
1348.1911972138466,9307.88,12.610479
1348.1925861057878,9289.502,12.600216
1348.1967527816144,9287.4375,12.600216
1348.1981416735566,9308.136,12.605901
1348.2009194574393,9262.819,12.588141
1348.2023083493816,9286.978,12.603011
1348.2036972412072,9286.522,12.60213
1348.2050861331488,9280.788,12.596029
1348.2064750250904,9280.922,12.592308
1348.2078639170325,9262.995,12.590976
1348.2092528089747,9278.589,12.594076
1348.2106417009165,9285.808,12.606548
1348.212030592741,9262.96,12.586675
1348.2134194846833,9270.215,12.588974
1348.2286972958111,9263.562,12.5788765
1348.2314750795788,9277.283,12.592635
1348.234252863346,9269.866,12.580179
1348.2398084309964,9271.522,12.580691
1348.2536973498343,9259.354,12.575393
1348.2675862686708,9268.048,12.568933
1348.271752944264,9294.498,12.594118
1348.2731418362057,9293.956,12.588835
1348.3175863754357,9271.705,12.5666895
1348.3217530509114,9302.093,12.58102
1348.3231419427373,9277.44,12.575258
1348.324530834563,9281.713,12.570242
1348.3286975100393,9283.764,12.579948
1348.330086401864,9291.842,12.5776005
1348.3328641855153,9287.308,12.57013
1348.3342530773407,9289.011,12.5659485
1348.335641969166,9271.934,12.564438
1348.3370308609913,9283.92,12.557843
1348.3384197528173,9259.961,12.55981
1348.3398086446434,9265.353,12.556599
1348.3453642118282,9266.348,12.556135
1348.3592531299662,9278.9375,12.586078
1348.363419805327,9289.139,12.56851
1348.3648086971518,9278.211,12.550765
1348.366197588977,9275.257,12.57273
1348.3703642643375,9284.944,12.554405
1348.3717531560462,9281.934,12.563525
1348.3731420478714,9280.868,12.557899
1348.3745309396975,9275.323,12.554858
1348.3759198314065,9285.695,12.561253
1348.377308723231,9280.977,12.548413
1348.378697615057,9270.433,12.550768
1348.3842531821263,9272.075,12.557861
1348.3856420739523,9283.272,12.547435
1348.387030965661,9278.877,12.552024
1348.3884198574858,9262.835,12.560309
1348.3898087491955,9293.269,12.566123
1348.3911976410213,9250.49,12.552211
1348.3925865328458,9264.881,12.559984
1348.3939754245548,9274.288,12.5540495
1348.3953643163807,9268.925,12.549876
1348.3967532080899,9270.146,12.563683
1348.3981420999157,9295.218,12.56956
1348.3995309916247,9255.646,12.550446
1348.4009198834494,9288.588,12.571901
1348.4023087751589,9257.37,12.547481
1348.4036976669847,9257.082,12.557324
1348.405086558693,9279.696,12.563628
1348.4064754504018,9265.334,12.561887
1348.4078643422279,9256.682,12.545202
1348.4092532339375,9292.134,12.567142
1348.412031017471,9309.401,12.569834
1348.4148088010068,9281.033,12.557846
1348.4161976927148,9250.81,12.542958
1348.4175865845402,9267.814,12.561886
1348.41897547625,9261.17,12.551109
1348.4203643679587,9270.1,12.560381
1348.4217532597838,9256.173,12.551483
1348.423142151493,9277.188,12.559443
1348.4245310432018,9266.978,12.559891
1348.4259199350279,9276.052,12.561825
1348.4314755019807,9282.51,12.553458
1348.4328643936888,9262.27,12.526983
1348.4786978204372,9276.378,12.553066
1348.4800867121455,9251.475,12.543553
1348.4828644955644,9271.739,12.549061
1348.4842533872736,9290.541,12.555035
1348.4870311705747,9292.517,12.545039
1348.4884200622844,9278.744,12.548836
1348.4911978457023,9266.16,12.551964
1348.4939756291208,9272.915,12.5582695
1348.495364520713,9267.142,12.558294
1348.496753412422,9265.395,12.560758
1348.498142304131,9277.27,12.566139
1348.4995311958398,9253.874,12.563932
1348.5009200875495,9258.625,12.559268
1348.5023089791418,9291.862,12.564032
1348.5036978708501,9249.838,12.558379
1348.5050867625598,9282.419,12.574291
1348.506475654153,9265.799,12.548714
1348.5078645458618,9276.348,12.572856
1348.5092534375706,9323.199,12.598804
1348.5106423292798,9290.864,12.577783
1348.5120312208728,9263.685,12.575402
1348.5134201125818,9278.451,12.563156
1348.5148090042899,9292.348,12.574301
1348.516197895883,9283.025,12.567624
1348.5175867875926,9299.933,12.57622
1348.5189756793009,9238.196,12.545217
1348.5203645708932,9276.384,12.562343
1348.5217534626029,9293.661,12.5694065
1348.5231423541954,9255.973,12.552514
1348.5245312459044,9271.929,12.57218
1348.5259201376132,9265.935,12.550946
1348.5273090292055,9271.154,12.57659
1348.5495312956195,9295.304,12.599379
1348.5523090789218,9295.922,12.608208
1348.5536979705141,9270.549,12.571088
1348.5550868622229,9277.498,12.575968
1348.5564757538161,9293.406,12.587012
1348.5592535371177,9297.422,12.578649
1348.5620313203024,9287.846,12.594487
1348.563420212012,9288.1875,12.577917
1348.5648091036046,9311.099,12.601189
1348.5661979951963,9282.55,12.58009
1348.567586886906,9291.774,12.584027
1348.5689757784992,9286.147,12.576313
1348.570364670091,9280.127,12.58057
1348.5717535617998,9252.483,12.567946
1348.5745313449854,9270.757,12.5637045
1348.5759202365787,9282.969,12.579701
1348.577309128171,9281.453,12.576982
1348.5786980198802,9286.271,12.590361
1348.5800869114732,9279.127,12.601883
1348.6023091771879,9267.081,12.570284
1348.6064758519653,9295.907,12.595268
1348.6078647435586,9247.634,12.572713
1348.6106425267433,9279.817,12.599196
1348.612031418336,9290.679,12.582224
1348.6134203099284,9276.476,12.590035
1348.6148092015217,9280.18,12.5894165
1348.6161980929976,9270.718,12.595287
1348.6175869845895,9259.905,12.5912485
1348.620364767776,9279.241,12.610759
1348.6217536593683,9271.751,12.581864
1348.6245314425532,9284.1045,12.601529
1348.6273092257395,9273.338,12.596061
1348.628698117215,9281.825,12.595835
1348.6300870088073,9272.365,12.582868
1348.6314759004006,9273.735,12.5822935
1348.6328647919931,9272.992,12.583936
1348.6439759245015,9278.168,12.59746
1348.7314760905297,9283.301,12.611469
1348.7328649820058,9267.517,12.591414
1348.7342538734824,9292.955,12.60619
1348.7370316564345,9266.838,12.594344
1348.7564761369852,9281.023,12.599665
1348.8009206632935,9275.222,12.6090145
1348.8078651204412,9292.944,12.605066
1348.8092540118016,9261.511,12.607294
1348.8106429032775,9276.268,12.609019
1348.8286984915378,9273.555,12.596856
1348.8300873828969,9258.648,12.598686
1348.8328651657332,9259.052,12.608098
1348.835642948569,9264.525,12.603405
1348.8370318399286,9271.119,12.605392
1348.8384207312881,9248.691,12.590787
1348.839809622765,9284.425,12.605408
1348.8411985141247,9287.92,12.621147
1348.8425874054844,9280.405,12.5997715
1348.860642993511,9271.091,12.603613
1348.8634207762311,9275.72,12.61006
1348.8648096675909,9287.878,12.624766
1348.8661985589504,9271.944,12.621238
1348.8675874503108,9267.917,12.622603
1348.9023097340726,9298.758,12.63421
1348.920365321401,9283.651,12.611479
1348.9231431040039,9280.28,12.613445
1348.9245319953636,9270.501,12.614351
1348.925920886724,9299.866,12.62586
1348.9273097779671,9294.321,12.625285
1348.9286986693262,9272.935,12.609985
1348.9300875605702,9282.125,12.627221
1348.9314764519304,9280.575,12.623949
1348.9328653432892,9274.423,12.605049
1348.9342542345328,9287.204,12.643511
1348.935643125893,9255.242,12.616355
1348.9370320171367,9283.921,12.612806
1348.9384209084972,9289.253,12.613418
1348.9398097997398,9300.762,12.631299
1348.9411986910993,9267.763,12.608211
1348.9439764737028,9276.758,12.624991
1348.9453653649464,9299.274,12.622026
1348.946754256306,9293.5,12.618636
1348.948143147549,9257.2705,12.617163
1348.9495320389094,9302.342,12.624948
1348.9509209301527,9269.843,12.608027
1348.9536987127556,9291.606,12.60416
1348.9592542779621,9288.288,12.626963
1348.9606431692062,9254.857,12.592274
1348.9648098430523,9264.972,12.610104
1348.966198734296,9279.901,12.620456
1348.967587625655,9265.577,12.599905
1348.9689765168982,9284.499,12.606737
1348.970365408142,9284.205,12.610395
1348.971754299502,9283.6455,12.6296215
1348.9731431907458,9272.936,12.613308
1348.974532081989,9279.531,12.594545
1348.9759209732317,9276.883,12.616989
1348.9842543209259,9287.505,12.616064
1349.0092543634235,9293.694,12.588728
1349.0148099283963,9279.777,12.596216
1349.037032188058,9286.651,12.605589
1349.0384210793006,9279.955,12.611533
1349.0495322088993,9266.303,12.600883
1349.050921100142,9294.695,12.60207
1349.0523099913858,9282.821,12.607798
1349.0536988825131,9299.151,12.62928
1349.0550877737558,9280.368,12.607441
1349.056476664999,9270.367,12.587991
1349.0578655561264,9266.76,12.605089
1349.0592544473704,9262.012,12.591311
1349.0606433384974,9296.419,12.600511
1349.0620322297398,9293.161,12.618255
1349.0634211209838,9289.333,12.601404
1349.084254488704,9273.445,12.5839615
1349.0856433798301,9267.257,12.605206
1349.0884211622013,9260.903,12.588776
1349.0939767269415,9289.217,12.590596
1349.0995322915658,9280.153,12.586838
1349.1009211826927,9262.604,12.595357
1349.1023100738187,9290.5625,12.615363
1349.1036989650627,9289.611,12.604575
1349.1050878561903,9314.613,12.615007
1349.106476747317,9271.572,12.596049
1349.107865638444,9263.299,12.589111
1349.1106434208148,9281.458,12.599308
1349.1120323119424,9273.809,12.593766
1349.1148100941953,9289.264,12.595539
1349.1189767676926,9266.052,12.57616
1349.1342545702062,9295.879,12.607593
1349.135643461333,9267.024,12.593315
1349.137032352459,9282.0625,12.610061
1349.1384212435867,9278.031,12.610349
1349.1398101347143,9267.274,12.583832
1349.1995324518932,9294.503,12.582557
1349.202310234031,9267.073,12.593235
1349.2036991250416,9281.685,12.596071
1349.2064769071787,9265.823,12.595835
1349.2092546893166,9288.446,12.588578
1349.2106435804435,9246.188,12.577309
1349.212032471453,9274.605,12.580956
1349.2134213625807,9277.763,12.593879
1349.2161991446021,9277.058,12.591235
1349.2175880357292,9277.25,12.593327
1349.2189769267395,9272.745,12.586435
1349.2203658177498,9269.055,12.594191
1349.2259213820257,9310.899,12.608674
1349.2286991640465,9254.733,12.588098
1349.2300880551734,9271.773,12.587771
1349.2314769461839,9289.658,12.589957
1349.2342547282053,9286.643,12.595772
1349.2356436193315,9271.888,12.586744
1349.2384214013537,9273.225,12.591904
1349.2411991833737,9282.433,12.587196
1349.3064770605213,9302.621,12.576114
1349.307865951416,9287.166,12.570795
1349.3092548424263,9291.623,12.563929
1349.310643733436,9276.513,12.57214
1349.3120326243309,9300.589,12.565358
1349.3175881882567,9275.509,12.574378
1349.3189770791512,9286.869,12.588111
1349.3203659701624,9286.585,12.589652
1349.3217548610558,9293.973,12.579211
1349.323143752066,9283.272,12.586948
1349.3245326429608,9279.228,12.574213
1349.325921533971,9273.738,12.577414
1349.3273104248653,9276.404,12.573946
1349.3286993158756,9285.102,12.57739
1349.3300882067695,9307.542,12.591849
1349.3314770977806,9272.381,12.566656
1349.3328659886747,9284.423,12.57819
1349.3342548796843,9281.602,12.582772
1349.335643770579,9302.265,12.587279
1349.3370326615902,9301.09,12.579427
1349.3384215524836,9301.861,12.585806
1349.3398104433775,9285.068,12.574506
1349.3411993343886,9284.444,12.573535
1349.3425882252825,9292.854,12.58555
1349.3439771161773,9266.436,12.569969
1349.3453660071875,9276.999,12.573569
1349.3481437890928,9274.687,12.557976
1349.3495326799869,9286.075,12.565142
1349.3509215708807,9296.094,12.575933
1349.3523104617746,9279.362,12.563709
1349.3536993527853,9263.455,12.561121
1349.3550882436798,9279.1455,12.572632
1349.3564771345739,9303.698,12.567827
1349.3578660255837,9309.341,12.593781
1349.3592549164782,9287.032,12.573869
1349.3606438073728,9260.182,12.55934
1349.3620326982661,9289.462,12.566282
1349.36342158916,9273.15,12.566358
1349.3648104801712,9263.556,12.557101
1349.3661993710652,9297.703,12.562654
1349.3675882619593,9274.117,12.576012
1349.3689771528532,9291.59,12.567236
1349.370366043748,9276.548,12.559357
1349.3731438256523,9285.429,12.55816
1349.3745327165464,9272.035,12.556948
1349.3759216074411,9301.243,12.570049
1349.377310498335,9303.375,12.567181
1349.3786993892297,9293.537,12.565675
1349.3800882801236,9294.506,12.569361
1349.381477171017,9293.242,12.557005
1349.3828660619117,9281.078,12.561739
1349.3842549528065,9268.115,12.542402
1349.3856438436997,9286.158,12.574743
1349.3870327345937,9297.864,12.561336
1349.3884216254885,9301.557,12.561514
1349.3898105163823,9287.806,12.56816
1349.3911994072762,9301.336,12.563225
1349.3925882981703,9311.823,12.5704
1349.3939771890648,9297.189,12.563083
1349.396754970853,9286.76,12.549776
1349.3981438617468,9284.277,12.555818
1349.3995327526416,9284.603,12.550298
1349.4009216435356,9279.406,12.555454
1349.4023105344297,9273.398,12.549636
1349.4036994253236,9246.789,12.5315695
1349.405088316101,9266.47,12.545215
1349.4064772069958,9295.062,12.563292
1349.4078660978905,9288.332,12.555538
1349.409254988784,9268.532,12.542795
1349.4106438796778,9295.355,12.558213
1349.4120327705725,9283.409,12.54087
1349.41342166135,9285.61,12.550648
1349.4148105522443,9295.708,12.55428
1349.4175883340329,9273.919,12.547516
1349.4189772249274,9286.357,12.538478
1349.4203661157042,9268.914,12.544328
1349.4217550065985,9276.564,12.541847
1349.423143897493,9297.177,12.556776
1349.4245327882707,9276.151,12.54434
1349.4259216791645,9294.958,12.543528
1349.4273105700586,9274.051,12.542251
1349.4286994609527,9307.084,12.554394
1349.430088351731,9294.375,12.546859
1349.4314772426249,9281.257,12.550825
1349.4328661335182,9298.554,12.550173
1349.4342550242964,9273.06,12.538359
1349.435643915191,9269.57,12.539568
1349.4370328059679,9287.276,12.539656
1349.438421696862,9283.38,12.551388
1349.4398105877565,9289.323,12.543057
1349.4411994785348,9288.121,12.5474825
1349.4425883694296,9281.567,12.537917
1349.4439772602066,9276.058,12.541064
1349.4453661511004,9285.892,12.54866
1349.4467550418788,9293.88,12.551573
1349.4481439327726,9273.875,12.545902
1349.4495328235503,9301.837,12.562167
1349.4509217144443,9279.312,12.539024
1349.4523106052218,9281.751,12.539139
1349.4536994961165,9306.855,12.564137
1349.455088386894,9283.536,12.542167
1349.4564772777874,9292.259,12.55399
1349.4578661685657,9280.326,12.533866
1349.4592550594605,9273.587,12.541202
1349.4606439502372,9295.88,12.552298
1349.462032841015,9262.785,12.531817
1349.4661995135818,9307.36,12.562913
1349.4675884043588,9293.193,12.543776
1349.468977295137,9258.07,12.525211
1349.4703661860315,9266.189,12.540024
1349.4717550768091,9272.404,12.554044
1349.4731439675868,9288.1045,12.549962
1349.4745328584806,9283.292,12.543766
1349.4759217492583,9281.775,12.540748
1349.4773106400364,9295.602,12.547855
1349.4786995308143,9297.107,12.547292
1349.4800884217075,9290.586,12.543766
1349.484255094041,9279.016,12.532366
1349.4856439849348,9289.323,12.536621
1349.487032875713,9281.602,12.533499
1349.489810657269,9294.506,12.532295
1349.4911995480459,9273.604,12.534781
1349.4925884389406,9280.061,12.520622
1349.493977329719,9271.252,12.538463
1349.4953662204957,9273.939,12.532548
1349.4967551112734,9292.352,12.532357
1349.4981440020517,9281.63,12.538857
1349.4995328928292,9283.907,12.528166
1349.5009217836075,9283.526,12.541854
1349.502310674385,9263.739,12.529688
1349.5050884559403,9277.737,12.540435
1349.509255128273,9277.519,12.540539
1349.5106440190511,9282.904,12.550843
1349.5120329098293,9282.57,12.543551
1349.513421800607,9274.136,12.531815
1349.5148106913837,9275.545,12.540988
1349.516199582162,9283.893,12.538793
1349.5175884729404,9270.881,12.535448
1349.5189773637173,9271.579,12.521229
1349.5203662544948,9292.094,12.538465
1349.5217551452731,9283.274,12.54647
1349.5231440360506,9306.696,12.544322
1349.5259218176059,9273.349,12.524039
1349.5273107083833,9280.298,12.535161
1349.5286995991617,9274.677,12.529062
1349.5300884898236,9308.426,12.53988
1349.5314773806006,9295.671,12.542875
1349.532866271378,9269.172,12.516963
1349.5342551621563,9268.48,12.524529
1349.5370329435957,9261.988,12.528363
1349.5384218343727,9277.618,12.526544
1349.539810725151,9270.099,12.52822
1349.5411996159291,9277.639,12.532326
1349.5425885065895,9282.711,12.524743
1349.5439773973671,9293.671,12.535258
1349.5453662881453,9260.35,12.51456
1349.5467551789231,9285.351,12.533649
1349.5495329603616,9307.18,12.532906
1349.5509218511395,9278.859,12.537266
1349.5523107418012,9299.157,12.536091
1349.5536996325789,9280.024,12.525784
1349.5550885233556,9294.359,12.534742
1349.5564774140173,9264.123,12.517034
1349.5592551954576,9282.708,12.53885
1349.560644086235,9273.59,12.513943
1349.562032977012,9278.67,12.528204
1349.563421867674,9280.007,12.520644
1349.5648107584523,9294.591,12.543877
1349.5661996491126,9276.758,12.523534
1349.5689774305522,9283.097,12.518841
1349.5717552119906,9269.119,12.512225
1349.5731441027685,9270.342,12.527129
1349.5745329934296,9262.805,12.521709
1349.575921884208,9269.651,12.534392
1349.577310774869,9287.188,12.524808
1349.578699665646,9308.302,12.532915
1349.5800885563078,9268.376,12.526837
1349.581477447086,9278.162,12.526732
1349.5828663377472,9266.912,12.513065
1349.5842552284082,9273.489,12.530411
1349.5856441191859,9292.222,12.53058
1349.5870330098476,9277.384,12.524974
1349.5884219005095,9295.175,12.531774
1349.5898107912865,9288.692,12.534484
1349.5911996819475,9282.998,12.519955
1349.5925885726094,9278.605,12.525914
1349.593977463387,9288.742,12.532358
1349.5953663540483,9268.658,12.521348
1349.5967552447094,9247.98,12.509519
1349.5981441354868,9314.226,12.543618
1349.5995330261487,9278.968,12.52887
1349.60092191681,9280.123,12.528266
1349.6023108074703,9299.664,12.527321
1349.6036996982486,9286.869,12.526489
1349.6050885889106,9300.886,12.527093
1349.6064774795716,9295.569,12.534425
1349.607866370233,9298.456,12.5322075
1349.609255260894,9304.095,12.531866
1349.6106441516724,9282.097,12.524708
1349.6120330423335,9294.442,12.527231
1349.613421932994,9291.294,12.538301
1349.614810823656,9273.9375,12.523007
1349.6161997143176,9296.206,12.526657
1349.617588604979,9284.614,12.530126
1349.61897749564,9294.587,12.532225
1349.6203663863012,9293.162,12.536227
1349.6217552770788,9280.686,12.5184765
1349.6231441677407,9291.884,12.531415
1349.6245330584018,9305.768,12.5232525
1349.6259219490623,9277.443,12.519239
1349.627310839724,9297.574,12.526852
1349.6286997303857,9280.976,12.521522
1349.6300886210472,9285.186,12.516796
1349.6314775117082,9290.61,12.530118
1349.6328664023692,9274.432,12.518451
1349.6342552930312,9292.242,12.534408
1349.6356441836924,9290.6455,12.521023
1349.6370330743528,9297.654,12.534565
1349.6384219650147,9293.473,12.52188
1349.6398108556766,9278.306,12.499153
1349.6411997462208,9299.874,12.533071
1349.6425886368818,9269.009,12.502048
1349.6439775275437,9293.247,12.52565
1349.6453664182047,9290.322,12.523971
1349.6467553088667,9270.486,12.508151
1349.6481441995277,9298.846,12.520634
1349.6495330901882,9265.58,12.514647
1349.6509219808502,9296.636,12.528458
1349.653699762056,9278.225,12.517002
1349.6550886527173,9293.328,12.526033
1349.6564775433792,9272.3545,12.515217
1349.657866434041,9276.735,12.502838
1349.6592553245857,9290.892,12.511449
1349.6606442152463,9280.644,12.517132
1349.662033105908,9273.328,12.504015
1349.6634219965697,9271.51,12.509433
1349.6648108871138,9280.444,12.504966
1349.6661997777749,9281.458,12.508841
1349.6675886684368,9287.738,12.520122
1349.6689775589816,9275.459,12.50858
1349.6703664496429,9286.809,12.512926
1349.671755340304,9290.406,12.520864
1349.6731442308487,9278.503,12.520159
1349.6745331215104,9272.927,12.506041
1349.6759220121724,9293.725,12.518919
1349.6773109027165,9292.843,12.519378
1349.6786997933775,9267.874,12.491819
1349.680088683923,9292.455,12.520785
1349.6911998088644,9291.566,12.517397
1349.6925886994093,9287.521,12.517885
1349.6939775900703,9309.721,12.526214
1349.6953664806151,9270.355,12.513819
1349.69675537116,9306.245,12.518972
1349.6981442618219,9301.909,12.518056
1349.6995331523665,9277.693,12.516836
1349.700922043027,9303.417,12.5154505
1349.7023109335726,9285.731,12.505803
1349.7036998241178,9303.754,12.522533
1349.7050887147795,9299.79,12.517017
1349.7064776053244,9301.922,12.511311
1349.7078664959847,9308.765,12.515397
1349.7092553865302,9270.66,12.493653
1349.7106442770757,9294.146,12.508971
1349.7120331677363,9303.069,12.519078
1349.713422058281,9280.2705,12.513437
1349.7148109488264,9269.98,12.5100565
1349.716199839371,9288.281,12.510833
1349.7175887300325,9263.436,12.5029745
1349.718977620577,9269.559,12.507934
1349.7203665111217,9297.38,12.520323
1349.7217554016672,9303.833,12.52184
1349.7231442923282,9282.113,12.502174
1349.7245331828724,9283.921,12.505302
1349.725922073418,9271.904,12.504678
1349.7273109639634,9286.113,12.511922
1349.728699854508,9281.93,12.509444
1349.7300887451693,9309.125,12.518192
1349.731477635714,9283.893,12.516269
1349.7328665262596,9277.205,12.499912
1349.734255416805,9280.828,12.506632
1349.7356443073488,9279.822,12.499851
1349.7370331978937,9285.523,12.517259
1349.738422088439,9272.317,12.499455
1349.739810978984,9295.209,12.511087
1349.7411998695286,9295.432,12.504584
1349.7425887600732,9276.8125,12.50579
1349.7439776506183,9271.361,12.498796
1349.7453665411635,9278.162,12.507597
1349.7467554317084,9278.947,12.499086
1349.7481443222523,9284.867,12.49709
1349.7495332127976,9272.583,12.503337
1349.750922103343,9258.576,12.495966
1349.752310993888,9276.247,12.49504
1349.7536998844328,9272.769,12.49416
1349.7550887749774,9289.146,12.501301
1349.7564776655229,9299.897,12.513393
1349.7578665560675,9266.374,12.492832
1349.7592554466116,9292.059,12.505207
1349.7606443371571,9293.022,12.502392
1349.7620332277027,9284.565,12.5008135
1349.7634221182473,9271.493,12.50037
1349.7648110087919,9264.231,12.496866
1349.7661998992205,9268.77,12.491227
1349.7675887897651,9285.813,12.504896
1349.7689776803106,9271.497,12.487844
1349.7703665708552,9283.782,12.50597
1349.7717554613994,9271.702,12.501945
1349.773144351945,9280.2,12.4958
1349.7745332423738,9275.82,12.494207
1349.7759221329186,9291.387,12.502971
1349.7773110234632,9286.423,12.494316
1349.778699914008,9291.331,12.504845
1349.780088804437,9282.279,12.498967
1349.781477694982,9283.116,12.500566
1349.7828665855259,9302.288,12.507197
1349.7842554759548,9289.435,12.500021
1349.7856443665003,9293.848,12.503274
1349.787033257045,9290.36,12.499422
1349.7884221474735,9279.674,12.495208
1349.7898110380181,9270.12,12.485503
1349.7911999285627,9246.536,12.485435
1349.7925888189918,9289.257,12.504497
1349.7939777095366,9288.823,12.50061
1349.7953665999642,9277.545,12.495573
1349.7967554905097,9291.579,12.501114
1349.7981443810552,9292.722,12.512094
1349.7995332714834,9284.241,12.495408
1349.8009221620282,9266.508,12.486142
1349.8023110524566,9301.056,12.508826
1349.8036999430021,9298.122,12.502895
1349.8050888334303,9302.987,12.503901
1349.8064777239745,9283.081,12.497377
1349.8078666144036,9263.163,12.491113
1349.8092555049489,9284.472,12.499297
1349.8106443953764,9280.232,12.499442
1349.8120332859214,9291.457,12.499145
1349.8134221763503,9285.92,12.510267
1349.8148110668951,9309.675,12.500308
1349.8161999573242,9284.393,12.505558
1349.8175888477524,9288.39,12.494529
1349.8189777382966,9288.262,12.501077
1349.8203666287254,9278.69,12.494003
1349.8217555192707,9287.545,12.495542
1349.8231444096994,9293.385,12.4931965
1349.8245333001275,9278.487,12.502988
1349.8259221906721,9275.234,12.493953
1349.8273110811012,9274.391,12.491093
1349.8286999715297,9287.56,12.493192
1349.8300888619572,9281.231,12.5021
1349.8314777525027,9298.73,12.498404
1349.8328666429318,9288.586,12.499341
1349.8342555333595,9287.493,12.498597
1349.8356444237877,9280.785,12.491618
1349.8370333143332,9278.816,12.493048
1349.8384222047614,9297.068,12.50053
1349.8398110951898,9284.266,12.4926605
1349.8411999856182,9288.8125,12.501122
1349.8425888761628,9290.404,12.507166
1349.843977766592,9263.026,12.482053
1349.845366657021,9275.058,12.48833
1349.8467555474492,9293.344,12.494768
1349.8481444378774,9291.093,12.497477
1349.849533328306,9263.462,12.482316
1349.850922218735,9290.296,12.499549
1349.8523111091633,9285.967,12.50481
1349.8536999997075,9304.971,12.500781
1349.8550888901364,9272.862,12.488626
1349.8564777805652,9290.9795,12.499323
1349.857866670993,9305.227,12.507281
1349.8592555614212,9284.125,12.4874115
1349.8606444518502,9272.82,12.4862795
1349.8620333422787,9294.498,12.503371
1349.863422232707,9294.083,12.495912
1349.8648111231353,9271.589,12.492904
1349.8662000135637,9311.303,12.498152
1349.8675889039926,9289.503,12.493186
1349.8689777944217,9281.509,12.490151
1349.87036668485,9281.572,12.493738
1349.8717555752785,9269.229,12.491815
1349.8731444657067,9275.803,12.490337
1349.8745333560194,9280.989,12.489168
1349.8759222464475,9296.408,12.495012
1349.8773111368753,9279.572,12.49062
1349.8787000273044,9263.812,12.493685
1349.8800889177335,9272.847,12.484637
1349.881477808161,9285.334,12.499099
1349.8828666985894,9296.229,12.501962
1349.8842555889019,9284.926,12.488748
1349.8856444793303,9274.491,12.484419
1349.8870333697585,9287.76,12.492863
1349.8884222601869,9294.141,12.499458
1349.8898111506153,9272.3955,12.4875345
1349.891200040928,9273.166,12.485193
1349.8925889313562,9289.491,12.500075
1349.8939778217843,9308.768,12.498233
1349.895366712097,9273.824,12.492193
1349.8967556025254,9283.65,12.498523
1349.8981444929543,9292.894,12.5012245
1349.8995333833827,9287.171,12.484733
1349.9009222736938,9273.446,12.495534
1349.902311164123,9273.696,12.492412
1349.903700054552,9273.672,12.492742
1349.9050889448633,9279.482,12.483897
1349.9064778352915,9278.421,12.488485
1349.9078667256042,9271.992,12.482583
1349.9092556160324,9265.92,12.488785
1349.910644506461,9278.481,12.489853
1349.9120333967728,9277.656,12.508464
1349.913422287201,9278.8955,12.481983
1349.9148111775137,9286.895,12.484663
1349.9162000679419,9277.959,12.491148
1349.917588958254,9268.284,12.478996
1349.918977848683,9275.382,12.486405
1349.920366738995,9292.584,12.508504
1349.921755629424,9281.396,12.494496
1349.9231445197358,9305.118,12.494894
1349.9245334101636,9286.248,12.504356
1349.9259223004763,9276.284,12.480341
1349.9273111909051,9276.743,12.483149
1349.9287000812162,9290.744,12.490186
1349.9300889715282,9266.315,12.479122
1349.931477861957,9278.787,12.492308
1349.9328667522693,9281.221,12.482283
1349.9342556426975,9268.797,12.482683
1349.9356445330093,9278.754,12.492982
1349.9370334233215,9297.726,12.490242
1349.9384223137504,9279.933,12.477896
1349.9398112040624,9303.452,12.501022
1349.9412000943742,9283.41,12.489495
1349.9425889848033,9284.21,12.483941
1349.943977875115,9273.521,12.48786
1349.945366765427,9287.547,12.493111
1349.946755655739,9297.834,12.494674
1349.9481445461672,9299.179,12.492277
1349.94953343648,9305.344,12.491867
1349.9509223267926,9291.551,12.488378
1349.9523112171037,9265.338,12.481026
1349.953700107532,9277.132,12.492218
1349.9550889978448,9282.279,12.48315
1349.9564778881565,9292.34,12.483811
1349.9578667784683,9270.029,12.484772
1349.9592556687805,9259.076,12.476935
1349.9606445590923,9284.957,12.485242
1349.9620334495214,9296.413,12.4951515
1349.9634223398332,9284.494,12.492145
1349.9648112301445,9267.914,12.476602
1349.9662001204572,9293.3,12.488278
1349.9675890107696,9291.047,12.482785
1349.9689779010816,9277.317,12.482522
1349.9703667913934,9268.973,12.479846
1349.9717556817054,9286.039,12.487394
1349.9731445720179,9283.89,12.489918
1349.9745334623306,9257.668,12.4629755
1349.9759223526419,9296.155,12.484086
1349.9773112429536,9296.508,12.49117
1349.9787001332663,9271.098,12.481803
1349.9800890235783,9269.087,12.471495
1349.9814779138903,9276.882,12.481614
1349.982866804202,9268.438,12.473349
1349.9842556945139,9294.371,12.479181
1349.9856445848266,9282.227,12.480656
1349.9870334751386,9279.901,12.474085
1349.9884223654497,9290.338,12.475863
1349.989811255646,9268.863,12.477664
1349.9912001459586,9278.803,12.4734335
1349.9925890362704,9270.866,12.481083
1349.9939779265824,9274.245,12.471561
1349.9953668168944,9284.623,12.47704
1349.996755707207,9266.754,12.467606
1349.9981445974024,9284.135,12.481723
1349.9995334877137,9305.046,12.4906645
1350.0009223780264,9291.856,12.489161
1350.0023112683389,9297.75,12.488485
1350.0037001586509,9295.492,12.484096
1350.0050890488462,9284.427,12.485261
1350.0064779391582,9288.88,12.473826
1350.0078668294702,9278.503,12.478729
1350.0092557196665,9294.255,12.483907
1350.0106446099783,9285.3125,12.474708
1350.0120335002896,9282.557,12.477431
1350.0134223904856,9258.873,12.465144
1350.014811280798,9285.657,12.486353
1350.0162001711103,9275.742,12.4663725
1350.0175890613057,9274.603,12.479867
1350.0189779516174,9277.098,12.4721575
1350.0203668419301,9267.827,12.474452
1350.0217557321257,9255.615,12.467911
1350.0231446224368,9295.7705,12.483711
1350.024533512633,9288.213,12.487415
1350.0259224029458,9284.611,12.475207
1350.027311293141,9292.881,12.47999
1350.028700183453,9286.276,12.469186
1350.0300890736487,9286.869,12.476712
1350.0314779639605,9294.915,12.480434
1350.0328668541567,9268.982,12.466361
1350.0342557444685,9257.154,12.47032
1350.0356446346634,9290.673,12.479419
1350.037033524976,9270.533,12.464284
1350.0384224151724,9297.532,12.481253
1350.0398113054841,9305.5205,12.481002
1350.0412001956795,9297.619,12.491247
1350.0425890858753,9282.733,12.485437
1350.0439779761878,9282.97,12.476133
1350.0453668663833,9282.389,12.46616
1350.0467557566947,9271.974,12.467305
1350.0481446468907,9292.599,12.478064
1350.0495335370867,9285.869,12.4765
1350.050922427398,9291.293,12.486934
1350.0523113175934,9298.131,12.478257
1350.0537002077897,9272.008,12.46969
1350.0550890981017,9294.613,12.481708
1350.0564779882977,9272.676,12.465823
1350.0578668784935,9280.1875,12.465627
1350.0592557686882,9259.145,12.466585
1350.0606446590007,9253.636,12.460893
1350.062033549197,9287.244,12.476267
1350.0634224393925,9294.705,12.470485
1350.064811329588,9272.093,12.466426
1350.0662002197835,9300.522,12.481722
1350.0675891100962,9282.042,12.4762535
1350.0689780002915,9295.37,12.478786
1350.0703668904864,9285.796,12.4771
1350.0717557806827,9279.139,12.470704
1350.073144670879,9299.389,12.481555
1350.0745335610736,9290.317,12.47578
1350.0759224512692,9287.506,12.469326
1350.0773113414652,9277.362,12.475757
1350.0787002316608,9260.961,12.464767
1350.080089121857,9282.372,12.467663
1350.0814780121689,9282.443,12.476316
1350.0828669023638,9295.272,12.470379
1350.08425579256,9293.243,12.475812
1350.085644682756,9294.325,12.481209
1350.0870335729517,9284.772,12.467057
1350.088422463147,9284.813,12.4791
1350.0898113533426,9281.835,12.47409
1350.0912002434222,9284.73,12.481279
1350.0925891336178,9254.476,12.461156
1350.0939780238125,9279.81,12.469133
1350.0953669140088,9284.517,12.476022
1350.096755804205,9275.693,12.470994
1350.0981446944,9275.895,12.463131
1350.0995335845953,9281.577,12.465417
1350.1009224747916,9262.839,12.471928
1350.102311364987,9254.959,12.459099
1350.1037002551832,9279.972,12.467765
1350.1050891452624,9294.976,12.4825325
1350.106478035457,9294.115,12.4738035
1350.1078669256533,9295.47,12.473382
1350.1092558158496,9302.708,12.477004
1350.110644706045,9275.35,12.463109
1350.112033596124,9300.805,12.48397
1350.1134224863197,9257.326,12.456321
1350.114811376516,9279.27,12.47318
1350.1162002667113,9255.508,12.454238
1350.1175891567898,9274.84,12.464682
1350.118978046986,9256.347,12.456877
1350.120366937182,9263.567,12.45766
1350.1217558272604,9275.044,12.458557
1350.123144717456,9295.698,12.47779
1350.124533607652,9281.063,12.463978
1350.1259224977314,9293.574,12.481924
1350.1273113879274,9281.187,12.465642
1350.1287002780066,9277.548,12.463358
1350.1300891682015,9277.198,12.466333
1350.1314780583975,9267.949,12.461935
1350.1328669484772,9299.883,12.475796
1350.1342558386727,9283.766,12.473716
1350.135644728752,9287.11,12.46785
1350.1370336189473,9297.191,12.477919
1350.1384225090271,9290.491,12.4715605
1350.1398113992225,9288.764,12.468427
1350.141200289301,9268.42,12.465545
1350.1425891794972,9287.539,12.491367
1350.143978069577,9290.353,12.470505
1350.1453669597718,9287.695,12.469265
1350.146755849851,9297.82,12.469941
1350.1481447400472,9272.866,12.460936
1350.1495336301261,9284.629,12.476192
1350.150922520205,9279.818,12.473387
1350.152311410401,9278.45,12.469883
1350.1537003004798,9271.583,12.468686
1350.155089190676,9270.446,12.463771
1350.156478080756,9275.305,12.463887
1350.157866970835,9286.336,12.475997
1350.1592558610303,9281.82,12.470769
1350.1606447511094,9287.191,12.467097
1350.162033641189,9298.622,12.475848
1350.1634225313849,9292.15,12.473552
1350.1648114214631,9268.438,12.460985
1350.1662003115428,9279.297,12.470639
1350.1675892016226,9297.189,12.479887
1350.1689780918175,9268.939,12.470282
1350.1703669818964,9260.984,12.457233
1350.1717558719763,9286.987,12.471391
1350.1731447620555,9266.009,12.462253
1350.1745336521346,9283.714,12.467167
1350.17592254233,9276.802,12.466984
1350.177311432409,9287.897,12.4717045
1350.1787003224888,9260.929,12.4607
1350.1800892125686,9277.161,12.458876
1350.1814781026476,9281.1875,12.46726
1350.182866992727,9259.998,12.453965
1350.184255882806,9283.345,12.461623
1350.1856447728858,9288.094,12.470801
1350.1870336629647,9264.589,12.466937
1350.1884225530432,9288.499,12.46339
1350.1898114432395,9279.375,12.463211
1350.191200333319,9286.701,12.479634
1350.1925892233974,9254.129,12.45645
1350.1939781134768,9246.372,12.4573555
1350.1953670035564,9299.181,12.471537
1350.1967558936356,9282.345,12.472749
1350.1981447837145,9300.294,12.474737
1350.1995336736773,9256.999,12.462138
1350.2009225637564,9306.66,12.483549
1350.202311453836,9284.02,12.46781
1350.2037003439157,9271.336,12.465942
1350.205089233995,9262.33,12.457436
1350.206478124074,9288.034,12.46479
1350.207867014153,9294.526,12.467305
1350.2092559042328,9297.37,12.470095
1350.210644794312,9279.349,12.4717865
1350.2120336842738,9277.648,12.467953
1350.2134225743537,9277.177,12.462701
1350.2148114644335,9263.693,12.461183
1350.216200354512,9289.351,12.470876
1350.217589244591,9278.106,12.463226
1350.2189781345544,9284.573,12.466626
1350.2203670246333,9261.623,12.451271
1350.2217559147125,9261.801,12.452831
1350.2231448047917,9276.817,12.467086
1350.2245336947542,9290.073,12.469296
1350.225922584834,9307.867,12.470895
1350.227311474914,9264.633,12.460968
1350.2287003648764,9271.839,12.459604
1350.2300892549556,9287.934,12.467216
1350.2314781450348,9285.903,12.46299
1350.232867034998,9264.606,12.452676
1350.2342559250772,9282.716,12.463771
1350.2356448151556,9304.201,12.471239
1350.2370337051188,9285.299,12.46462
1350.2384225951985,9292.585,12.463627
1350.2398114851605,9264.16,12.4564905
1350.2412003752397,9291.9375,12.4734335
1350.242589265203,9272.714,12.457087
1350.243978155282,9266.115,12.454047
1350.2453670452448,9277.561,12.455831
1350.2467559353238,9271.054,12.470455
1350.2481448252865,9281.402,12.46482
1350.2495337153662,9280.392,12.464142
1350.2509226053296,9295.19,12.4615965
1350.2523114954088,9280.566,12.46423
1350.2537003853715,9298.044,12.467517
1350.2550892754505,9279.0205,12.463574
1350.256478165414,9250.226,12.454354
1350.2578670554929,9301.268,12.469133
1350.259255945455,9286.218,12.466355
1350.2606448354184,9282.42,12.459317
1350.2620337254982,9254.53,12.444854
1350.26342261546,9290.51,12.475333
1350.2648115054228,9265.498,12.45625
1350.2662003955027,9299.3545,12.465991
1350.2675892854652,9290.667,12.461161
1350.2689781754277,9281.078,12.456634
1350.270367065507,9268.014,12.4568205
1350.2717559554696,9298.777,12.469017
1350.273144845433,9295.982,12.469476
1350.2745337353963,9289.729,12.46632
1350.2759226253581,9277.381,12.460886
1350.2773115154375,9286.19,12.459826
1350.2787004054007,9282.441,12.459064
1350.280089295364,9260.657,12.457057
1350.281478185327,9258.363,12.455182
1350.2828670752888,9284.572,12.46369
1350.2842559653684,9301.115,12.472364
1350.2856448553318,9292.018,12.466253
1350.287033745294,9300.987,12.471407
1350.2884226352564,9288.76,12.471357
1350.2898115252199,9266.526,12.455158
1350.2912004151824,9294.04,12.465291
1350.2925893051454,9264.299,12.456399
1350.293978195108,9276.473,12.457376
1350.2953670850704,9317.742,12.475778
1350.2967559750339,9329.93,12.482819
1350.2981448649973,9286.265,12.459441
1350.2995337549594,9282.945,12.465628
1350.300922644922,9287.849,12.463809
1350.3023115348853,9280.009,12.462749
1350.3037004248488,9278.641,12.4589815
1350.3050893148113,9313.304,12.472807
1350.3064782047734,9315.777,12.480696
1350.3078670947368,9288.923,12.462509
1350.3092559847,9276.599,12.461364
1350.3106448746619,9265.063,12.456891
1350.3120337646246,9278.067,12.460028
1350.3134226545878,9273.503,12.45738
1350.3148115444344,9287.735,12.457482
1350.316200434397,9291.745,12.462331
1350.3175893243595,9295.232,12.470086
1350.3189782143224,9286.367,12.471416
1350.3203671042857,9289.788,12.4642315
1350.3217559942489,9296.888,12.469993
1350.3231448840945,9286.093,12.45952
1350.324533774057,9297.969,12.466109
1350.3259226640205,9285.778,12.472616
1350.327311553984,9278.159,12.461438
1350.3287004438303,9277.671,12.467668
1350.330089333792,9279.8125,12.468827
1350.3314782237555,9290.211,12.457971
1350.3328671136026,9270.554,12.454443
1350.3342560035646,9299.155,12.463261
1350.3356448935272,9286.628,12.46592
1350.3370337833742,9320.639,12.476223
1350.3384226733367,9288.035,12.463167
1350.3398115632995,9279.638,12.460156
1350.3412004531458,9251.727,12.442213
1350.3425893431083,9277.444,12.467738
1350.3439782329554,9295.558,12.466416
1350.3453671229188,9260.916,12.443091
1350.3467560127642,9280.359,12.453475
1350.348144902727,9260.794,12.4502945
1350.349533792574,9283.339,12.453741
1350.3509226825372,9292.997,12.4622
1350.3523115723835,9267.143,12.46003
1350.3537004623454,9286.188,12.461464
1350.3550893521922,9292.253,12.459101
1350.3564782421556,9282.751,12.461065
1350.3578671320013,9275.383,12.4574795
1350.3592560219638,9279.099,12.454886
1350.3620338017736,9280.842,12.454679
1350.36342269162,9288.028,12.452231
1350.364811581466,9287.262,12.463952
1350.3662004714288,9296.467,12.46976
1350.3675893612756,9275.462,12.450472
1350.3689782511226,9282.941,12.457195
1350.3703671410847,9277.202,12.45635
1350.3717560309308,9267.896,12.446476
1350.3731449207778,9297.581,12.460443
1350.3745338106248,9278.467,12.451201
1350.3759227005874,9263.142,12.455101
1350.377311590433,9293.035,12.477134
1350.37870048028,9271.504,12.445302
1350.380089370127,9301.964,12.467235
1350.381478260089,9275.783,12.465908
1350.3828671499352,9300.765,12.46945
1350.384256039782,9293.471,12.460735
1350.3856449296284,9286.19,12.471133
1350.3870338194745,9280.419,12.45943
1350.3884227093208,9292.04,12.46495
1350.3898115992836,9259.067,12.460999
1350.3912004891306,9286.441,12.45589
1350.3925893789774,9288.274,12.458385
1350.3939782688228,9275.677,12.45529
1350.3953671586692,9291.047,12.470742
1350.396756048516,9275.424,12.450202
1350.398144938363,9270.21,12.453695
1350.3995338282093,9273.338,12.457369
1350.4009227180547,9293.366,12.460075
1350.4023116079018,9290.558,12.463215
1350.4037004977488,9269.228,12.4562235
1350.4050893875944,9277.559,12.455322
1350.4064782774406,9287.89,12.464725
1350.4078671672876,9271.377,12.449921
1350.4092560571337,9282.959,12.460485
1350.41064494698,9284.028,12.460802
1350.4120338368264,9286.168,12.466064
1350.4134227266725,9289.407,12.467696
1350.4148116165195,9258.399,12.447376
1350.41620050625,9272.389,12.45873
1350.4175893960958,9277.023,12.453694
1350.4189782859419,9281.6455,12.448314
1350.420367175789,9249.973,12.444427
1350.421756065636,9301.518,12.463463
1350.423144955482,9268.945,12.459145
1350.4245338452113,9272.777,12.456465
1350.425922735058,9297.822,12.461699
1350.4273116249049,9274.886,12.462774
1350.4287005147505,9294.267,12.455016
1350.4300894044804,9280.938,12.458061
1350.4314782943272,9279.96,12.455372
1350.4328671841738,9296.239,12.474981
1350.4342560739035,9277.266,12.459497
1350.4356449637496,9277.92,12.456999
1350.437033853596,9280.645,12.461097
1350.4384227433263,9283.768,12.460894
1350.4398116331733,9292.653,12.4585705
1350.441200523019,9278.539,12.466174
1350.4425894127487,9283.436,12.455056
1350.4439783025957,9275.457,12.45056
1350.4453671923263,9324.699,12.472319
1350.4467560821724,9290.884,12.461002
1350.448144972018,9290.239,12.462894
1350.4495338617487,9302.012,12.460987
1350.4509227515957,9275.274,12.451025
1350.4523116413247,9256.833,12.446772
1350.453700531171,9306.555,12.469119
1350.4550894209017,9272.945,12.446652
1350.4564783107478,9280.686,12.459472
1350.4578672004775,9297.42,12.4616375
1350.459256090324,9302.28,12.470793
1350.4606449800538,9281.356,12.454451
1350.4620338697844,9299.852,12.46991
1350.4634227596314,9282.761,12.468329
1350.4648116493604,9273.9375,12.45821
1350.4662005392067,9269.787,12.451486
1350.4675894289371,9292.016,12.470185
1350.4689783186675,9283.428,12.455377
1350.470367208514,9271.512,12.454219
1350.471756098243,9289.203,12.45929
1350.4731449879735,9271.29,12.446019
1350.474533877704,9263.058,12.459141
1350.4759227675497,9263.287,12.450313
1350.4773116572794,9249.099,12.443565
1350.47870054701,9229.918,12.432439
1350.4800894367397,9219.862,12.42695
1350.4814783265863,9233.418,12.433905
1350.482867216316,9224.837,12.439381
1350.4842561060457,9224.611,12.433557
1350.4856449957763,9217.163,12.430373
1350.487033885507,9219.413,12.423503
1350.4884227753525,9234.154,12.437858
1350.4898116650822,9225.512,12.427676
1350.4912005548128,9227.688,12.431506
1350.4925894445435,9227.474,12.43043
1350.4939783342732,9236.042,12.437547
1350.4953672240024,9219.959,12.431622
1350.496756113733,9234.56,12.438642
1350.4981450034634,9240.203,12.43912
1350.4995338931924,9224.047,12.420772
1350.5009227829225,9223.455,12.416314
1350.502311672653,9245.1455,12.433768
1350.5037005623828,9213.599,12.416605
1350.5050894521125,9217.394,12.427839
1350.5064783418422,9240.616,12.438329
1350.5078672315724,9227.234,12.430939
1350.5092561213028,9236.709,12.4332695
1350.5106450110331,9224.517,12.4267
1350.5120339007624,9211.028,12.430538
1350.5134227904923,9209.013,12.423713
1350.5148116802227,9219.627,12.427291
1350.5162005699533,9214.422,12.42421
1350.5175894596832,9240.598,12.433469
1350.5189783492958,9206.692,12.429314
1350.5203672390264,9234.899,12.436832
1350.521756128757,9241.127,12.438801
1350.5231450184863,9225.643,12.431036
1350.524533908216,9212.259,12.426406
1350.5259227978302,9229.804,12.43076
1350.5273116875599,9215.874,12.414257
1350.5287005772898,9233.606,12.431188
1350.5300894670197,9222.601,12.421161
1350.531478356633,9200.738,12.42532
1350.5328672463636,9209.386,12.415436
1350.5356450257068,9216.153,12.437838
1350.5370339154367,9207.899,12.421458
1350.5398116947813,9212.369,12.420059
1350.5412005845112,9210.711,12.429152
1350.5425894742405,9213.665,12.431077
1350.5439783638544,9222.881,12.426844
1350.5453672535848,9210.269,12.42319
1350.5467561431976,9221.192,12.429529
1350.5481450329273,9220.884,12.424121
1350.5495339225415,9232.986,12.440541
1350.5509228122714,9216.395,12.423538
1350.5523117018854,9232.743,12.430494
1350.5537005916156,9231.491,12.422242
1350.5550894812282,9213.151,12.42044
1350.5564783709585,9221.225,12.42062
1350.5578672605727,9221.548,12.426521
1350.559256150302,9220.541,12.422038
1350.5606450399152,9221.001,12.423139
1350.5620339296458,9231.373,12.444869
1350.5634228192591,9227.367,12.417051
1350.5648117088729,9208.149,12.417417
1350.5662005986026,9224.926,12.423735
1350.5675894882168,9211.621,12.415406
1350.568978377831,9208.56,12.424486
1350.57036726756,9200.969,12.417302
1350.5717561571735,9211.337,12.417355
1350.5731450467877,9223.884,12.419988
1350.5745339365174,9212.548,12.4165535
1350.5759228261315,9224.147,12.427469
1350.5773117157448,9207.817,12.428484
1350.5787006053577,9233.149,12.430546
1350.5800894950883,9223.364,12.423058
1350.5814783847022,9250.236,12.435369
1350.5828672743148,9212.218,12.414417
1350.5842561639286,9233.824,12.4293995
1350.5856450535425,9233.669,12.439306
1350.587033943156,9209.55,12.422881
1350.5884228328857,9226.845,12.4296875
1350.5912006121132,9229.925,12.43365
1350.5925895017274,9236.941,12.430137
1350.5939783913402,9235.553,12.438358
1350.5953672809535,9224.782,12.428723
1350.5967561705677,9215.79,12.41562
1350.598145060181,9219.697,12.4281435
1350.5995339497952,9221.297,12.42811
1350.6009228394087,9253.753,12.438139
1350.6023117290213,9248.045,12.442476
1350.6037006186355,9269.379,12.442749
1350.6050895082496,9243.381,12.430681
1350.6064783978625,9260.662,12.444869
1350.6078672874758,9265.301,12.455712
1350.60925617709,9281.079,12.453838
1350.6106450667032,9280.799,12.449209
1350.6120339563167,9275.477,12.452367
1350.6134228459302,9268.989,12.45089
1350.6148117355444,9269.911,12.456569
1350.616200625042,9281.845,12.454186
1350.6175895146546,9298.704,12.465824
1350.618978404268,9286.476,12.463146
1350.620367293882,9287.099,12.459663
1350.6217561834958,9268.935,12.446611
1350.6231450729933,9256.555,12.444754
1350.6245339626068,9286.744,12.451045
1350.6259228522197,9289.387,12.460299
1350.6273117418336,9283.542,12.450471
1350.6287006313312,9277.668,12.455052
1350.630089520944,9281.247,12.457075
1350.6314784105573,9296.4795,12.457113
1350.6328673001715,9263.4795,12.452009
1350.6342561896686,9294.718,12.455306
1350.635645079282,9276.132,12.457938
1350.637033968779,9286.672,12.450392
1350.6384228583931,9301.34,12.469163
1350.6398117480073,9297.12,12.466316
1350.6412006375042,9310.979,12.458938
1350.6425895271177,9285.205,12.454412
1350.6439784166148,9281.285,12.449977
1350.645367306228,9276.719,12.454952
1350.6467561958423,9278.969,12.456639
1350.6481450853391,9290.561,12.45713
1350.649533974952,9270.252,12.44922
1350.6509228644497,9278.699,12.450275
1350.652311754064,9284.754,12.456741
1350.6537006435601,9304.3,12.468833
1350.6550895330572,9259.436,12.4454155
1350.6564784226714,9284.929,12.454372
1350.6578673121683,9277.888,12.4458065
1350.6592562017815,9300.548,12.471568
1350.6606450912786,9263.648,12.448528
1350.6620339807762,9274.83,12.450386
1350.6634228703904,9269.208,12.446464
1350.6648117598875,9295.08,12.459032
1350.6662006493846,9288.475,12.455753
1350.6675895389978,9297.735,12.465639
1350.668978428495,9271.579,12.44828
1350.6703673179925,9302.258,12.460948
1350.671756207606,9286.642,12.455769
1350.6731450971022,9278.019,12.458241
1350.6745339866,9278.3955,12.447621
1350.6759228760977,9284.663,12.454034
1350.6773117657106,9268.041,12.442645
1350.6787006552074,9290.762,12.459195
1350.6800895447052,9277.642,12.445425
1350.681478434202,9284.975,12.449768
1350.6828673236994,9289.323,12.448098
1350.6842562133127,9289.122,12.459296
1350.6856451028104,9305.999,12.467386
1350.687033992308,9282.541,12.456094
1350.688422881805,9287.797,12.453917
1350.689811771302,9299.464,12.450853
1350.691200660799,9295.711,12.46353
1350.6925895502961,9271.334,12.44795
1350.693978439794,9270.996,12.451619
1350.6953673292908,9278.557,12.461813
1350.6967562187872,9298.789,12.462932
1350.698145108285,9303.598,12.463091
1350.6995339977825,9271.639,12.448521
1350.7009228872787,9285.611,12.453975
1350.7023117767758,9283.3,12.455273
1350.7037006662733,9292.1045,12.459883
1350.7050895557707,9290.412,12.4603815
1350.7064784452682,9268.845,12.452438
1350.7078673347653,9290.632,12.456722
1350.7092562242622,9287.633,12.457582
1350.7106451136435,9293.12,12.457964
1350.7120340031404,9291.885,12.450075
1350.7134228926375,9265.573,12.444998
1350.7148117821346,9274.107,12.4505825
1350.7162006716314,9301.454,12.463656
1350.7175895611292,9296.139,12.459531
1350.7189784505097,9298.844,12.468457
1350.720367340006,9301.628,12.4645195
1350.7217562295039,9266.768,12.447313
1350.7231451190016,9269.031,12.455295
1350.7245340083814,9280.847,12.454706
1350.7259228978785,9276.809,12.458114
1350.7273117873763,9284.698,12.452004
1350.7287006767567,9261.357,12.442084
1350.7300895662545,9291.199,12.4617605
1350.7314784557514,9303.595,12.462029
1350.732867345132,9280.32,12.450164
1350.7342562346296,9281.293,12.455943
1350.735645124127,9286.724,12.452058
1350.7370340135074,9272.234,12.445957
1350.7384229030042,9269.121,12.442569
1350.7398117923851,9262.941,12.441883
1350.7412006818827,9296.516,12.465061
1350.7425895712634,9300.305,12.457416
1350.7439784607595,9276.611,12.450579
1350.7453673501407,9273.126,12.440993
1350.7467562396384,9288.806,12.454491
1350.7481451290184,9301.673,12.458512
1350.7495340185153,9275.175,12.448261
1350.7509229078967,9279.075,12.452166
1350.7523117973938,9258.873,12.438775
1350.753700686775,9270.1045,12.445147
1350.7550895761556,9286.063,12.450282
1350.7564784656527,9279.413,12.452653
1350.757867355034,9273.722,12.437766
1350.759256244531,9300.343,12.464485
1350.7606451339113,9288.989,12.44803
1350.7620340232922,9293.609,12.465055
1350.7634229126727,9297.854,12.468042
1350.7648118021705,9257.716,12.446377
1350.766200691551,9261.552,12.453436
1350.767589580931,9285.571,12.456213
1350.7689784704287,9304.521,12.4651375
1350.7703673598098,9307.428,12.467339
1350.7717562491905,9257.401,12.442791
1350.773145138571,9264.561,12.446368
1350.7745340279516,9291.466,12.454331
1350.7759229174487,9306.581,12.45673
1350.77731180683,9284.845,12.45279
1350.7787006962105,9292.2295,12.452089
1350.780089585591,9297.139,12.457456
1350.7814784749723,9299.203,12.4626045
1350.782867364353,9297.879,12.472438
1350.7842562537337,9284.125,12.457288
1350.7856451431142,9271.692,12.447409
1350.7870340324946,9282.629,12.454104
1350.788422921876,9293.788,12.459795
1350.7898118112566,9278.09,12.452282
1350.7912007006364,9283.384,12.45391
1350.7925895900178,9263.916,12.445286
1350.7939784793991,9291.75,12.452013
1350.7953673687796,9295.998,12.46339
1350.7967562581603,9275.337,12.445762
1350.798145147541,9287.416,12.45338
1350.7995340369214,9286.032,12.4499855
1350.8009229263027,9279.355,12.451334
1350.8023118156832,9278.96,12.454232
1350.803700705064,9278.401,12.451034
1350.8050895944452,9294.076,12.453283
1350.806478483826,9286.056,12.461249
1350.80786737309,9290.574,12.459958
1350.8092562624706,9285.942,12.456753
1350.8106451518513,9293.354,12.459761
1350.8120340412324,9272.774,12.45178
1350.8134229306136,9305.827,12.462851
1350.8148118198771,9283.154,12.459761
1350.8162007092578,9278.058,12.453697
1350.817589598639,9268.179,12.457078
1350.8189784879035,9286.812,12.4563055
1350.820367377284,9271.4375,12.454383
1350.8217562666644,9293.138,12.464142
1350.8231451559286,9274.475,12.447783
1350.8245340453097,9292.381,12.471
1350.8259229346907,9285.184,12.455028
1350.8273118239547,9274.322,12.444834
1350.828700713336,9281.879,12.451776
1350.8300896027165,9268.935,12.456475
1350.8314784919808,9293.536,12.461623
1350.8328673813614,9281.873,12.453137
1350.8342562706255,9278.653,12.46664
1350.8356451600068,9288.451,12.455833
1350.8370340492718,9303.496,12.472376
1350.8384229386515,9294.136,12.457787
1350.8398118279158,9281.414,12.461294
1350.8412007172972,9293.102,12.452966
1350.8425896065612,9270.688,12.453137
1350.8439784959417,9268.802,12.448449
1350.8453673852061,9298.238,12.457098
1350.8467562744702,9268.642,12.443739
1350.8481451638515,9276.394,12.449181
1350.8495340531156,9278.676,12.451132
1350.8509229423798,9268.986,12.451317
1350.852311831761,9281.701,12.453286
1350.8537007210252,9287.682,12.45633
1350.85508961029,9288.8545,12.45121
1350.8564784996709,9268.838,12.444854
1350.8578673889342,9302.161,12.4662485
1350.859256278199,9279.395,12.452421
1350.8606451675803,9273.013,12.455056
1350.8620340568439,9258.653,12.440221
1350.863422946108,9279.414,12.447947
1350.8648118353728,9280.883,12.454311
1350.866200724637,9286.626,12.459727
1350.8675896140178,9258.838,12.4363785
1350.8689785032818,9253.655,12.443687
1350.8703673925459,9282.948,12.448589
1350.8717562818108,9279.169,12.44996
1350.873145171075,9264.109,12.449905
1350.8745340603384,9293.284,12.452604
1350.8759229496034,9283.357,12.462983
1350.8773118388683,9280.851,12.4502535
1350.8787007281333,9302.994,12.458114
1350.8800896173973,9280.718,12.45708
1350.8814785066609,9311.975,12.469302
1350.8828673959258,9275.497,12.450536
1350.8842562851905,9277.17,12.446579
1350.8856451744539,9267.504,12.443849
1350.8870340637184,9272.558,12.450816
1350.888422952983,9288.47,12.465813
1350.8898118422474,9262.827,12.442839
1350.8912007315114,9280.326,12.452705
1350.8925896207757,9275.724,12.451013
1350.89397851004,9291.472,12.4559355
1350.8953673993046,9299.6455,12.467235
1350.8967562885693,9273.652,12.447569
1350.898145177833,9285.889,12.460882
1350.8995340669808,9292.469,12.460076
1350.9009229562455,9282.84,12.460344
1350.9023118455104,9281.232,12.447969
1350.9037007347747,9286.887,12.459334
1350.9050896239216,9295.933,12.4586525
1350.9064785131866,9288.597,12.455074
1350.9078674024515,9268.125,12.447399
1350.909256291715,9286.083,12.4626875
1350.9106451808627,9328.547,12.470983
1350.9120340701277,9266.206,12.4444895
1350.9134229593917,9303.187,12.4599085
1350.9148118485396,9270.828,12.464361
1350.9162007378038,9282.345,12.45101
1350.9175896270679,9269.914,12.448001
1350.9189785162164,9276.402,12.447081
1350.9203674054813,9283.993,12.454501
1350.9217562946283,9279.98,12.453914
1350.9231451838925,9270.702,12.447743
1350.924534073041,9280.368,12.452746
1350.92731185157,9278.132,12.456245
1350.9287007407172,9270.187,12.447369
1350.930089629982,9271.891,12.447953
1350.9314785191302,9281.802,12.45768
1350.9328674082774,9267.314,12.450883
1350.9342562975414,9297.115,12.46183
1350.93564518669,9286.975,12.467993
1350.9370340759542,9300.303,12.453039
1350.9384229651025,9292.071,12.461902
1350.9398118542506,9290.307,12.4586115
1350.941200743514,9279.216,12.44688
1350.9425896326622,9286.403,12.448462
1350.9439785218108,9307.016,12.469538
1350.9453674110744,9276.976,12.452356
1350.946756300222,9269.803,12.44241
1350.9481451893705,9289.458,12.457909
1350.9495340786355,9284.13,12.4679785
1350.950922967783,9284.511,12.465057
1350.9523118569302,9262.811,12.453313
1350.9537007460788,9281.875,12.452178
1350.9550896353437,9262.073,12.448188
1350.9564785244913,9300.905,12.459069
1350.957867413639,9291.057,12.460126
1350.959256302787,9266.144,12.439224
1350.9606451919346,9271.778,12.446927
1350.9620340810832,9294.42,12.45739
1350.9634229702308,9283.533,12.455989
1350.964811859378,9299.95,12.455545
1350.966200748643,9313.702,12.462976
1350.9675896377912,9281.066,12.452646
1350.9689785269381,9283.256,12.445177
1350.9703674160862,9285.256,12.450901
1350.9717563052345,9300.519,12.481279
1350.9731451943828,9267.4,12.441734
1350.974534083531,9278.714,12.451564
1350.9759229726778,9288.574,12.45138
1350.9773118618261,9278.015,12.4576025
1350.9787007509747,9295.621,12.452083
1350.9800896400059,9276.327,12.446656
1350.981478529154,9273.0625,12.448738
1350.9828674183016,9302.335,12.456114
1350.9842563074492,9292.09,12.457275
1350.9856451965977,9273.594,12.449741
1350.9870340857456,9276.007,12.44738
1350.9884229748925,9271.971,12.446112
1350.9912007530731,9280.857,12.458814
1350.9925896422203,9284.112,12.445207
1350.993978531368,9310.407,12.461065
1350.9953674204,9291.447,12.457062
1350.9967563095486,9267.273,12.445166
1350.9981451986969,9287.459,12.459685
1350.9995340878438,9278.809,12.455113
1351.0009229768755,9299.245,12.464959
1351.0023118660238,9283.681,12.450734
1351.0037007551716,9287.266,12.455397
1351.0050896442028,9271.252,12.44398
1351.0064785333504,9300.529,12.461835
1351.007867422382,9286.474,12.44938
1351.0092563115304,9291.852,12.460519
1351.0106452006783,9283.329,12.452771
1351.012034089709,9265.185,12.444472
1351.0134229788573,9274.643,12.453141
1351.0148118678892,9288.693,12.461912
1351.0162007570364,9269.926,12.449297
1351.0175896460676,9291.985,12.448197
1351.018978535216,9303.578,12.462465
1351.0203674242482,9278.116,12.445142
1351.0217563133967,9248.734,12.439964
1351.0231452024275,9278.172,12.451275
1351.0245340914587,9261.849,12.446369
1351.0259229806072,9275.845,12.442679
1351.0273118696384,9250.8125,12.4356575
1351.0287007587863,9269.75,12.443445
1351.0300896478177,9276.202,12.453495
1351.031478536849,9293.238,12.450789
1351.0328674259974,9264.776,12.449217
1351.0342563150286,9294.9795,12.458964
1351.0356452040594,9278.831,12.44713
1351.0370340930915,9291.33,12.455245
1351.03842298224,9265.753,12.451633
1351.0398118712712,9282.019,12.451113
1351.0412007603024,9289.1,12.465167
1351.042589649334,9282.294,12.451367
1351.043978538366,9273.608,12.448364
1351.0453674275143,9287.981,12.4546175
1351.046756316545,9304.088,12.462708
1351.0481452055762,9296.193,12.45271
1351.0495340946084,9305.0625,12.462952
1351.0509229836398,9281.809,12.457825
1351.0523118726712,9260.563,12.450201
1351.0537007617024,9292.5205,12.456034
1351.0550896507339,9270.464,12.442633
1351.0564785397657,9277.102,12.457454
1351.0578674287979,9278.402,12.449461
1351.0592563178286,9277.184,12.452927
1351.0606452068598,9288.719,12.459726
1351.062034095892,9286.553,12.4493685
1351.0634229849231,9279.4,12.456945
1351.0648118739548,9281.744,12.449398
1351.066200762986,9284.236,12.455175
1351.0675896520181,9252.507,12.437995
1351.0689785410502,9277.557,12.452392
1351.0703674300808,9275.915,12.457679
1351.0717563191122,9282.903,12.456994
1351.0731452081443,9281.545,12.446146
1351.0745340971755,9286.64,12.451088
1351.0759229860903,9282.47,12.450387
1351.0773118751217,9306.373,12.468012
1351.0787007641532,9272.699,12.443075
1351.0800896531853,9274.588,12.448123
1351.0814785421007,9295.054,12.459632
1351.0828674311313,9268.038,12.44553
1351.084256320163,9295.465,12.471809
1351.0856452091948,9281.132,12.452312
1351.0870340981098,9300.924,12.469576
1351.088422987141,9267.992,12.447906
1351.0898118761722,9273.321,12.456583
1351.091200765088,9282.291,12.451686
1351.0939785430344,9274.636,12.447114
1351.0953674320656,9291.989,12.457967
1351.0967563210977,9281.642,12.456424
1351.0981452100125,9286.799,12.461613
1351.0995340990446,9283.079,12.455436
1351.1009229879596,9286.75,12.454984
1351.1023118769901,9277.832,12.44908
1351.1037007659058,9274.915,12.45713
1351.105089654938,9275.334,12.446646
1351.1064785438523,9297.513,12.458059
1351.1078674328835,9310.707,12.463738
1351.1092563217992,9282.55,12.449261
1351.110645210714,9282.213,12.449219
1351.1120340997454,9284.9375,12.45979
1351.1134229886604,9285.518,12.449494
1351.1148118776925,9276.256,12.45721
1351.116200766608,9291.946,12.452789
1351.117589655523,9281.978,12.454919
1351.1189785445542,9301.292,12.463972
1351.120367433469,9281.029,12.450169
1351.1217563223843,9280.817,12.44911
1351.1231452112997,9273.152,12.450249
1351.1245341003312,9288.751,12.459386
1351.1259229892455,9274.749,12.4425125
1351.127311878161,9275.172,12.463741
1351.1287007670765,9276.313,12.459036
1351.1300896559908,9282.248,12.44838
1351.131478545022,9273.077,12.455353
1351.1328674339377,9286.459,12.459409
1351.1342563228527,9276.004,12.446615
1351.1356452117682,9280.011,12.455802
1351.1370341006834,9282.022,12.457243
1351.1384229895982,9251.632,12.438436
1351.139811878514,9280.2705,12.452268
1351.1412007674287,9279.694,12.458576
1351.1425896563437,9274.019,12.451409
1351.1439785452587,9268.1455,12.447316
1351.1453674341735,9276.429,12.444886
1351.1467563230892,9288.903,12.45622
1351.148145212004,9280.794,12.463567
1351.1495341009183,9262.963,12.447393
1351.150922989834,9257.153,12.438462
1351.1523118787497,9296.61,12.4568615
1351.1537007676638,9279.181,12.452467
1351.1550896565789,9274.648,12.458587
1351.1564785454946,9271.276,12.456891
1351.1578674344094,9289.585,12.472393
1351.1592563232086,9289.038,12.462045
1351.1606452121234,9272.685,12.443657
1351.1620341010382,9299.0625,12.472785
1351.163422989954,9277.698,12.453513
1351.164811878869,9293.465,12.464383
1351.1662007676675,9265.704,12.441707
1351.1675896565823,9289.787,12.458352
1351.1689785454973,9284.763,12.465246
1351.1703674342964,9292.42,12.454206
1351.1717563232114,9280.035,12.453898
1351.1731452121255,9265.328,12.441776
1351.1745341009248,9282.177,12.451326
1351.1759229898405,9258.525,12.443377
1351.1773118787553,9279.701,12.450891
1351.1787007675541,9260.371,12.442953
1351.180089656469,9297.511,12.466227
1351.1814785452673,9287.006,12.46048
1351.182867434183,9263.508,12.450049
1351.1842563229816,9277.667,12.444516
1351.1856452118957,9283.929,12.46575
1351.187034100695,9277.1875,12.447186
1351.1884229896107,9273.714,12.450197
1351.189811878409,9256.726,12.440309
1351.191200767324,9269.399,12.452162
1351.1939785450384,9303.295,12.457894
1351.1953674338374,9269.794,12.447376
1351.1967563227515,9295.534,12.460513
1351.1981452115504,9275.405,12.451212
1351.1995341003494,9292.059,12.462879
1351.2009229892644,9273.452,12.443342
1351.2023118780628,9306.923,12.472638
1351.2037007668612,9275.984,12.450036
1351.20508965566,9305.387,12.464715
1351.2064785445755,9295.436,12.458604
1351.207867433374,9304.468,12.462638
1351.209256322172,9272.17,12.444817
1351.210645210971,9334.042,12.481341
1351.2120340998865,9309.11,12.467814
1351.2134229886858,9275.477,12.446277
1351.2148118774844,9284.772,12.452301
1351.216200766282,9289.3545,12.473068
1351.2175896550814,9295.911,12.458504
1351.2189785438807,9301.35,12.467869
1351.2203674326786,9281.03,12.452368
1351.2217563215934,9276.803,12.458625
1351.2231452103927,9285.919,12.47332
1351.224534099191,9272.958,12.446158
1351.2259229879896,9269.96,12.44932
1351.2273118767882,9298.382,12.459034
1351.2287007655866,9283.498,12.444828
1351.230089654386,9296.07,12.451521
1351.2314785431843,9290.729,12.460102
1351.2328674319822,9295.739,12.459542
1351.234256320665,9288.63,12.451256
1351.2356452094643,9277.909,12.4408655
1351.2370340982634,9293.019,12.457278
1351.238422987062,9299.892,12.459265
1351.23981187586,9284.873,12.453379
1351.241200764659,9284.424,12.456239
1351.242589653458,9285.978,12.442406
1351.2439785421395,9278.285,12.453668
1351.245367430938,9270.31,12.446106
1351.2467563197372,9290.681,12.456073
1351.2481452085358,9276.832,12.451483
1351.2495340973344,9269.724,12.454942
1351.2509229860163,9275.826,12.450875
1351.252311874815,9270.602,12.440328
1351.253700763614,9302.797,12.45975
1351.2550896522969,9272.636,12.442804
1351.2564785410948,9276.248,12.453259
1351.2578674298932,9285.375,12.470212
1351.259256318576,9281.773,12.4561
1351.2620340960573,9275.247,12.448069
1351.2634229848552,9271.997,12.461445
1351.2648118736545,9283.17,12.463042
1351.2662007623373,9271.314,12.44714
1351.267589651135,9280.566,12.457927
1351.2689785398172,9287.475,12.45172
1351.2703674286163,9269.386,12.442499
1351.2717563172985,9267.763,12.4444685
1351.2731452059813,9276.453,12.454463
1351.2745340947797,9258.969,12.448657
1351.2759229834612,9272.561,12.451257
1351.2773118722605,9285.653,12.452668
1351.2787007609431,9268.04,12.44075
1351.2800896496244,9285.703,12.454342
1351.2814785384232,9266.128,12.45226
1351.2828674271059,9311.22,12.470702
1351.2842563157885,9273.419,12.450186
1351.2856452045871,9270.395,12.463691
1351.2870340932684,9290.084,12.454722
1351.2884229819513,9265.213,12.450483
1351.2898118707506,9299.005,12.469571
1351.2912007594325,9265.9375,12.457443
1351.292589648115,9294.419,12.460594
1351.2939785367969,9269.613,12.440871
1351.2953674254788,9287.604,12.454246
1351.2967563141617,9261.726,12.447216
1351.2981452029603,9274.129,12.449795
1351.2995340916416,9297.125,12.469949
1351.3009229803245,9273.177,12.452387
1351.3023118690073,9255.418,12.449564
1351.3037007576888,9286.731,12.454591
1351.3050896463708,9278.671,12.448327
1351.3064785350537,9262.604,12.439507
1351.3078674237365,9274.944,12.45015
1351.3092563124192,9302.204,12.458902
1351.3120340897826,9304.621,12.469411
1351.3134229784653,9279.636,12.450121
1351.3148118671477,9270.429,12.455184
1351.3162007558296,9278.382,12.452461
1351.3175896445116,9274.48,12.450043
1351.318978533194,9291.294,12.461949
1351.3217563104424,9280.54,12.454968
1351.3231451991237,9282.282,12.450317
1351.3245340878063,9279.639,12.452559
1351.3259229764892,9279.112,12.444819
1351.327311865055,9270.906,12.447219
1351.3287007537372,9265.135,12.448082
1351.3300896424191,9277.752,12.456353
1351.331478531102,9279.23,12.451281
1351.33425630835,9272.223,12.4491005
1351.335645197032,9293.859,12.459771
1351.3370340855984,9276.511,12.454791
1351.3384229742803,9289.581,12.462604
1351.3398118629625,9269.16,12.454949
1351.3412007515283,9280.473,12.454506
1351.3425896402102,9288.514,12.465596
1351.3439785287767,9281.344,12.461504
1351.3453674174596,9280.978,12.454565
1351.3467563060244,9294.029,12.465376
1351.3481451947066,9272.682,12.4521055
1351.349534083273,9307.954,12.4688835
1351.350922971955,9282.973,12.45186
1351.3523118605206,9278.875,12.461713
1351.3537007492027,9265.636,12.447649
1351.355089637769,9287.979,12.448245
1351.3564785264518,9263.754,12.443198
1351.357867415017,9279.201,12.451897
1351.3592563035825,9285.787,12.453251
1351.3606451922653,9293.634,12.460115
1351.362034080831,9293.654,12.460297
1351.3634229693969,9287.892,12.4531355
1351.3648118580788,9283.0205,12.450215
1351.3662007466446,9286.321,12.4537945
1351.3675896352108,9278.306,12.462409
1351.3689785238937,9289.303,12.44806
1351.3703674124588,9288.845,12.45376
1351.3717563010243,9279.385,12.449053
1351.3731451895908,9258.161,12.440977
1351.3745340781563,9268.551,12.452006
1351.3759229668387,9280.91,12.456642
1351.3773118554043,9297.763,12.460983
1351.3787007439707,9301.903,12.468013
1351.3800896325372,9304.163,12.462656
1351.381478521102,9275.453,12.455968
1351.3828674096678,9266.107,12.45526
1351.384256298234,9292.499,12.464187
1351.3856451867998,9272.882,12.449684
1351.3870340753663,9297.622,12.465517
1351.3884229639318,9280.777,12.4557085
1351.389811852497,9261.015,12.446719
1351.3925896296296,9254.052,12.435595
1351.3939785181944,9275.542,12.445909
1351.3953674067602,9285.075,12.458879
1351.3967562953264,9295.218,12.46349
1351.3981451838924,9276.176,12.448095
1351.3995340723416,9276.061,12.448261
1351.400922960907,9276.703,12.457961
1351.4023118494736,9274.054,12.445187
1351.40370073804,9263.498,12.447865
1351.4050896266056,9291.735,12.461342
1351.4064785150551,9283.111,12.45885
1351.4078674036207,9271.637,12.445394
1351.4092562921862,9285.831,12.452316
1351.4106451807527,9283.551,12.451887
1351.4120340692018,9273.565,12.452145
1351.413422957767,9296.04,12.461002
1351.4148118463334,9250.78,12.447903
1351.4162007347834,9292.449,12.458732
1351.4175896233485,9313.48,12.470956
1351.418978511914,9286.642,12.465034
1351.420367400364,9282.192,12.449609
1351.4217562889296,9270.558,12.461671
1351.4231451773796,9292.039,12.46186
1351.4245340659452,9274.653,12.453771
1351.4259229543945,9281.965,12.452146
1351.4273118429608,9266.874,12.451628
1351.4287007314103,9284.479,12.45823
1351.430089619976,9261.759,12.455991
1351.431478508425,9273.364,12.447293
1351.432867396991,9295.972,12.456572
1351.4342562854408,9294.719,12.457602
1351.4356451738902,9283.164,12.449961
1351.437034062455,9271.52,12.452401
1351.4384229509049,9270.511,12.451265
1351.4398118394713,9262.832,12.444658
1351.4412007279207,9279.673,12.452953
1351.44258961637,9257.225,12.448628
1351.4439785048191,9273.459,12.452906
1351.445367393385,9268.121,12.457428
1351.4467562818347,9276.021,12.44553
1351.4481451702843,9286.472,12.453204
1351.4495340587334,9291.978,12.455241
1351.4509229473,9290.777,12.464937
1351.452311835749,9255.419,12.444705
1351.4537007241981,9279.716,12.454843
1351.4550896126477,9260.626,12.444458
1351.4564785010969,9274.671,12.452665
1351.457867389547,9264.385,12.44282
1351.459256277997,9284.518,12.448147
1351.4606451664454,9291.161,12.460584
1351.4620340548947,9304.634,12.472319
1351.4634229433448,9290.159,12.460154
1351.464811831794,9269.43,12.4581785
1351.466200720243,9284.107,12.454406
1351.4675896086924,9300.8125,12.456023
1351.4689784971417,9275.384,12.454541
1351.4703673855918,9281.65,12.461659
1351.471756274041,9312.5205,12.458226
1351.4731451624896,9300.734,12.461065
1351.4745340509396,9262.469,12.440189
1351.4759229393894,9277.873,12.46253
1351.4773118278392,9292.211,12.462856
1351.4787007162886,9267.215,12.432903
1351.4800896046206,9258.107,12.443903
1351.4814784930707,9268.169,12.446766
1351.4828673815207,9255.646,12.437021
1351.4842562699694,9294.394,12.463741
1351.485645158302,9273.608,12.460905
1351.4870340467521,9287.074,12.460149
1351.4884229352012,9277.307,12.452656
1351.4898118235344,9280.339,12.458411
1351.4912007119835,9274.675,12.459371
1351.4925896004327,9278.907,12.453665
1351.4939784887663,9284.798,12.462697
1351.4953673772163,9294.159,12.460728
1351.496756265665,9289.611,12.458754
1351.4981451539977,9270.63,12.450943
1351.4995340424477,9283.172,12.461748
1351.5009229307814,9286.885,12.453404
1351.5023118192305,9273.668,12.451936
1351.5037007075628,9276.903,12.455005
1351.5050895960128,9272.072,12.458305
1351.5064784843462,9286.891,12.458297
1351.5078673727946,9267.444,12.447282
1351.5092562611276,9288.795,12.449299
1351.510645149461,9267.53,12.448174
1351.5120340379106,9275.979,12.45206
1351.513422926244,9289.682,12.462106
1351.5148118146933,9281.913,12.455121
1351.5162007030256,9273.345,12.450269
1351.517589591359,9302.972,12.460149
1351.5189784796924,9279.644,12.452906
1351.520367368141,9258.514,12.448734
1351.5217562564737,9285.851,12.459709
1351.5231451448074,9275.815,12.448214
1351.524534033141,9275.546,12.453861
1351.52592292159,9282.584,12.4555855
1351.5273118099224,9286.402,12.452015
1351.528700698256,9282.987,12.449984
1351.5300895865896,9277.037,12.459486
1351.5314784749223,9275.329,12.459602
1351.5328673632553,9280.589,12.4467945
1351.5342562515882,9280.159,12.450872
1351.5356451400373,9278.72,12.449914
1351.537034028371,9284.473,12.462601
1351.5384229167037,9310.699,12.467116
1351.539811805036,9295.255,12.465765
1351.5412006933695,9262.1455,12.445148
1351.5425895817032,9296.48,12.460149
1351.5439784700352,9281.362,12.452143
1351.5453673583681,9262.586,12.444997
1351.5467562465853,9270.187,12.44445
1351.5481451349187,9288.415,12.464306
1351.5495340232521,9298.945,12.454858
1351.5509229115844,9261.959,12.44656
1351.552311799917,9287.206,12.460813
1351.5537006882507,9277.77,12.447846
1351.5550895765837,9285.629,12.45079
1351.5564784648002,9266.6455,12.452691
1351.557867353133,9289.202,12.458093
1351.5592562414658,9277.048,12.4418125
1351.5606451297992,9291.532,12.465778
1351.5620340180158,9276.541,12.4496355
1351.5634229063478,9273.972,12.451672
1351.5648117946814,9279.186,12.445628
1351.5662006828986,9282.88,12.459071
1351.5675895712313,9277.419,12.461379
1351.5689784595645,9282.173,12.458173
1351.5703673477808,9275.234,12.458489
1351.5717562361144,9283.115,12.45226
1351.5731451243316,9292.608,12.465124
1351.5745340126637,9273.033,12.444371
1351.5759229008802,9275.387,12.46009
1351.5773117892136,9286.949,12.462679
1351.57870067743,9295.438,12.472263
1351.5800895657628,9283.548,12.459549
1351.5814784539793,9280.554,12.453976
1351.5828673423123,9285.626,12.449701
1351.5842562305295,9275.642,12.452743
1351.5856451188629,9242.676,12.445643
1351.5870340070785,9279.311,12.455054
1351.5884228952953,9275.822,12.4629755
1351.5912006718452,9296.77,12.476516
1351.5925895600615,9272.295,12.46502
1351.5939784483942,9267.921,12.460353
1351.5953673366114,9274.408,12.441724
1351.5967562248286,9274.284,12.462505
1351.5981451130444,9276.148,12.448963
1351.5995340012607,9267.039,12.451035
1351.6009228895944,9265.266,12.447708
1351.6023117778107,9292.333,12.459112
1351.6037006660279,9271.26,12.460564
1351.6050895542444,9272.891,12.452721
1351.60647844246,9292.143,12.459074
1351.6078673306772,9269.664,12.448794
1351.6092562188944,9276.975,12.465368
1351.6106451071103,9277.218,12.450162
1351.6120339953266,9276.281,12.44822
1351.6134228835438,9293.437,12.464615
1351.61481177176,9279.158,12.448772
1351.6162006599766,9264.701,12.450712
1351.617589548193,9273.555,12.445695
1351.61897843641,9298.355,12.467106
1351.620367324627,9269.966,12.442887
1351.6217562128438,9285.171,12.457456
1351.6231451010601,9250.685,12.453398
1351.6245339892764,9283.341,12.457938
1351.6259228774932,9266.644,12.441418
1351.6273117657101,9289.831,12.4677925
1351.6287006538103,9287.231,12.464598
1351.6300895420259,9295.647,12.460749
1351.6314784302429,9297.133,12.455579
1351.63286731846,9274.813,12.46225
1351.6342562065595,9272.607,12.445445
1351.6356450947758,9271.871,12.449105
1351.637033982993,9296.77,12.461061
1351.638422871093,9291.75,12.457354
1351.63981175931,9280.038,12.457057
1351.6412006475268,9264.499,12.447555
1351.6425895356267,9281.343,12.454156
1351.643978423844,9289.775,12.467808
1351.6453673119438,9281.737,12.455287
1351.6467562001603,9282.278,12.454824
1351.650922864694,9284.719,12.461459
1351.6523117527938,9281.939,12.459897
1351.6537006410097,9272.029,12.455652
1351.6550895291105,9287.736,12.459026
1351.6564784172112,9282.147,12.467274
1351.6578673054275,9268.146,12.44815
1351.6592561935274,9263.136,12.451271
1351.660645081744,9277.561,12.455768
1351.662033969844,9285.725,12.4596
1351.6634228579449,9296.144,12.462642
1351.6648117460447,9303.774,12.475546
1351.666200634261,9283.223,12.46608
1351.6675895223618,9284.761,12.471715
1351.668978410462,9270.208,12.456897
1351.6703672985625,9267.171,12.453091
1351.6717561867792,9304.9795,12.465912
1351.6731450748784,9271.298,12.451805
1351.674533962979,9262.871,12.454993
1351.6759228510798,9293.904,12.462536
1351.6773117391792,9281.175,12.466924
1351.678700627279,9281.687,12.457212
1351.68008951538,9269.037,12.455856
1351.6814784035962,9280.72,12.4631815
1351.6828672916965,9271.419,12.452186
1351.6842561797964,9282.576,12.458593
1351.6856450678963,9251.863,12.441342
1351.687033955997,9297.282,12.466915
1351.6884228440979,9288.138,12.459024
1351.6898117321978,9279.339,12.457326
1351.6912006201815,9287.979,12.4599
1351.6939783963824,9291.585,12.458094
1351.6953672844822,9256.713,12.44643
1351.6967561725817,9293.739,12.450116
1351.6981450606825,9281.9795,12.46019
1351.699533948783,9294.027,12.462749
1351.7009228367658,9271.049,12.451838
1351.702311724866,9284.83,12.459567
1351.7037006129665,9268.542,12.452179
1351.7050895010668,9288.218,12.456838
1351.706478389051,9281.945,12.451376
1351.707867277151,9266.904,12.46132
1351.7092561652505,9274.3545,12.451802
1351.7106450532347,9297.907,12.470745
1351.7120339413352,9290.472,12.457264
1351.7134228294356,9270.766,12.456533
1351.714811717419,9277.557,12.471224
1351.716200605519,9285.745,12.464239
1351.7175894935033,9276.37,12.456113
1351.7189783816032,9266.703,12.448295
1351.7203672695862,9267.34,12.457973
1351.721756157687,9287.055,12.470216
1351.7231450456713,9270.664,12.454988
1351.7245339337712,9278.845,12.460812
1351.725922821755,9285.156,12.461606
1351.727311709855,9274.842,12.457423
1351.7287005978385,9274.188,12.4592705
1351.7300894859393,9285.244,12.468756
1351.7314783739228,9269.595,12.44616
1351.7328672619058,9289.39,12.46664
1351.7342561500066,9271.185,12.458533
1351.735645037991,9270.566,12.454915
1351.7370339259744,9282.554,12.453819
1351.7384228139579,9269.055,12.458061
1351.7398117020582,9268.592,12.454663
1351.7412005900424,9289.34,12.458482
1351.7425894780265,9284.961,12.452212
1351.7439783660095,9267.116,12.451411
1351.745367253993,9279.322,12.460851
1351.7467561420938,9276.918,12.453057
1351.7481450300775,9293.97,12.467589
1351.7495339180612,9282.383,12.46029
1351.7509228060446,9272.025,12.448479
1351.7523116940283,9261.556,12.449491
1351.7537005820125,9304.405,12.463342
1351.7550894699964,9269.551,12.454293
1351.7564783579792,9292.416,12.459409
1351.7592561339477,9282.465,12.463254
1351.760645021932,9270.544,12.454115
1351.7620339099155,9263.557,12.45356
1351.7634227978986,9283.387,12.463639
1351.764811685883,9275.086,12.460679
1351.766200573751,9284.169,12.453431
1351.7675894617337,9276.551,12.466085
1351.7689783497174,9275.3955,12.460131
1351.7703672377017,9285.669,12.469209
1351.7717561256852,9309.8125,12.462715
1351.7731450135523,9285.961,12.472102
1351.774533901536,9296.016,12.464369
1351.7759227895197,9282.669,12.468438
1351.777311677504,9274.224,12.449549
1351.7787005653718,9278.894,12.459331
1351.7800894533545,9275.603,12.464174
1351.7814783413385,9279.43,12.453097
1351.7828672292062,9270.891,12.454447
1351.7842561171904,9293.22,12.464259
1351.7856450050576,9292.52,12.466748
1351.7884227810248,9296.711,12.461343
1351.7912005568762,9268.146,12.468669
1351.7925894447437,9304.226,12.465563
1351.7939783326108,9296.066,12.472443
1351.7953672205942,9277.747,12.458476
1351.7967561084622,9274.632,12.45509
1351.798144996446,9274.024,12.451223
1351.7995338843123,9294.187,12.4670725
1351.8009227721802,9278.003,12.461338
1351.8023116601646,9286.313,12.458623
1351.8037005480312,9260.606,12.450032
1351.8050894358983,9261.657,12.450556
1351.8064783238826,9273.83,12.460277
1351.8078672117497,9273.598,12.458549
1351.8092560996176,9284.512,12.454347
1351.8106449874847,9290.354,12.45749
1351.8120338754686,9290.05,12.469394
1351.8134227633363,9286.011,12.461309
1351.8148116512036,9294.719,12.464387
1351.8162005390707,9292.628,12.460247
1351.8175894269377,9284.611,12.458769
1351.8189783148052,9303.493,12.475315
1351.820367202673,9277.58,12.4552965
1351.8217560905402,9270.12,12.453258
1351.8231449784068,9281.869,12.45533
1351.8245338662746,9291.178,12.469778
1351.8259227541423,9293.451,12.4801855
1351.8273116420098,9277.418,12.460008
1351.8287005298769,9285.104,12.4522505
1351.830089417744,9288.785,12.46706
1351.8314783056112,9261.635,12.452915
1351.832867193479,9265.374,12.452836
1351.8342560813464,9274.597,12.461434
1351.8356449692135,9299.034,12.464953
1351.8370338570815,9272.26,12.454683
1351.838422744832,9308.291,12.474519
1351.8398116326994,9298.433,12.471819
1351.8412005205666,9278.503,12.454897
1351.8425894084337,9280.027,12.46673
1351.8439782961852,9270.826,12.452412
1351.8453671840532,9271.474,12.455984
1351.8467560719196,9281.194,12.463781
1351.8481449596704,9333.152,12.485853
1351.8495338475384,9280.732,12.454705
1351.8509227354054,9271.544,12.451151
1351.852311623156,9276.329,12.455377
1351.8537005110236,9265.473,12.459644
1351.8550893987742,9285.327,12.462101
1351.8564782866422,9285.686,12.46572
1351.8578671745092,9278.844,12.452697
1351.8592560622599,9291.286,12.46312
1351.8606449501278,9280.671,12.461039
1351.8620338378787,9266.17,12.455499
1351.86342272563,9256.875,12.464226
1351.8648116134975,9281.733,12.457249
1351.8662005012475,9278.6455,12.460438
1351.8675893891152,9280.89,12.460611
1351.8689782768668,9295.968,12.463241
1351.870367164617,9276.352,12.457964
1351.871756052484,9301.874,12.462908
1351.8731449402355,9287.734,12.467223
1351.8745338279862,9287.506,12.463655
1351.8759227157377,9299.508,12.46505
1351.877311603605,9290.817,12.468498
1351.878700491355,9281.333,12.457439
1351.8800893791065,9265.403,12.450697
1351.881478266858,9297.13,12.469901
1351.8828671546087,9295.044,12.467679
1351.8842560423595,9279.258,12.460876
1351.8856449302268,9268.965,12.456542
1351.8870338179784,9297.594,12.473915
1351.888422705729,9279.549,12.466937
1351.8898115934792,9272.048,12.449345
1351.8912004812307,9271.665,12.455656
1351.892589368982,9294.011,12.471924
1351.893978256733,9288.332,12.4620905
1351.8953671444835,9285.229,12.458122
1351.8967560322344,9299.068,12.465586
1351.8981449199853,9296.555,12.466693
1351.8995338077366,9302.092,12.474338
1351.900922695371,9271.098,12.45545
1351.9023115831212,9269.927,12.464294
1351.9037004708725,9277.468,12.4621
1351.9050893586239,9257.994,12.448153
1351.906478246375,9279.433,12.458541
1351.9078671340092,9283.017,12.464554
1351.9092560217598,9271.312,12.448727
1351.9106449095113,9282.15,12.454805
1351.912033797263,9270.51,12.455487
1351.9134226848967,9315.562,12.476042
1351.9148115726473,9305.498,12.46995
1351.9162004603988,9291.817,12.459984
1351.917589348033,9286.035,12.462821
1351.918978235784,9296.038,12.470976
1351.9203671234184,9287.966,12.461215
1351.921756011169,9273.698,12.458484
1351.9231448989206,9285.847,12.465339
1351.9245337865548,9277.54,12.4652815
1351.925922674305,9322.027,12.475305
1351.92731156194,9289.196,12.465541
1351.9287004495752,9280.726,12.462796
1351.9300893373265,9265.341,12.460702
1351.931478224961,9285.314,12.470489
1351.9328671127112,9270.392,12.450843
1351.934256000346,9295.651,12.468838
1351.935644887981,9270.044,12.464478
1351.9370337757312,9281.232,12.460876
1351.9384226633656,9270.727,12.460891
1351.9398115510005,9291.139,12.4645
1351.9412004387514,9263.399,12.445105
1351.9425893263863,9289.546,12.454183
1351.943978214021,9263.862,12.466689
1351.9453671016545,9282.156,12.458117
1351.9467559894058,9274.121,12.452954
1351.948144877041,9294.722,12.467307
1351.9495337646747,9282.266,12.460443
1351.950922652309,9297.435,12.458915
1351.952311539944,9278.223,12.463128
1351.9537004275792,9250.795,12.456419
1351.9550893152134,9282.437,12.458779
1351.9564782028472,9276.461,12.460949
1351.9578670904823,9291.557,12.470098
1351.9592559781174,9271.969,12.456969
1351.9606448657516,9275.642,12.456439
1351.9620337533859,9267.784,12.453443
1351.9634226410205,9268.07,12.454347
1351.9648115286548,9294.506,12.468308
1351.96620041629,9268.804,12.448088
1351.9675893039241,9282.709,12.4656
1351.9689781915579,9261.063,12.44891
1351.9703670790766,9276.326,12.473918
1351.9717559667115,9256.615,12.4480715
1351.973144854345,9294.144,12.471532
1351.9745337419797,9274.977,12.455882
1351.9759226294982,9295.465,12.465767
1351.977311517133,9296.349,12.478621
1351.9787004047682,9272.827,12.45473
1351.9800892922856,9257.812,12.444197
1351.9814781799198,9275.837,12.452004
1351.982867067555,9269.426,12.45409
1351.9842559550727,9276.495,12.462399
1351.9856448427074,9287.94,12.45956
1351.9870337303416,9280.303,12.461115
1351.9884226178594,9298.281,12.471716
1351.9898115054946,9271.768,12.45399
1351.9912003930126,9317.219,12.48452
1351.9925892806461,9302.365,12.473481
1351.9939781681649,9262.111,12.46369
1351.9953670556836,9274.65,12.464015
1351.9967559433178,9286.405,12.467897
1351.9981448308358,9267.904,12.454579
1351.9995337184703,9260.298,12.453164
1352.000922605989,9289.355,12.470913
1352.0023114935075,9271.426,12.452023
1352.003700381141,9274.739,12.460127
1352.0050892686593,9275.958,12.454869
1352.0064781561778,9272.202,12.459657
1352.0078670436958,9268.742,12.45586
1352.009255931331,9292.151,12.463534
1352.0106448188487,9299.403,12.470983
1352.0134225938846,9285.859,12.462542
1352.014811481403,9287.687,12.4679165
1352.0162003689204,9287.244,12.46226
1352.0189781440733,9275.301,12.452545
1352.0203670315916,9311.331,12.472734
1352.0217559191094,9292.565,12.465831
1352.0231448066272,9280.055,12.464996
1352.024533694146,9270.537,12.466963
1352.0259225816646,9266.571,12.464611
1352.0273114691825,9242.056,12.447372
1352.028700356584,9262.601,12.448528
1352.030089244102,9267.063,12.460164
1352.03147813162,9280.774,12.464272
1352.0328670191386,9284.672,12.467186
1352.0342559066564,9281.881,12.46356
1352.0356447941738,9276.683,12.468371
1352.0370336816925,9285.56,12.4638815
1352.0384225690948,9279.995,12.461659
1352.039811456612,9281.578,12.468171
1352.04120034413,9297.473,12.475226
1352.0425892315322,9290.127,12.4738455
1352.04397811905,9291.029,12.462865
1352.0453670065688,9283.985,12.46529
1352.0467558939702,9278.477,12.465141
1352.0481447814882,9289.188,12.472278
1352.0495336690067,9283.445,12.458801
1352.0509225564085,9273.055,12.457837
1352.0523114439263,9267.742,12.459534
1352.0537003313277,9278.851,12.464246
1352.0550892188458,9278.035,12.451983
1352.0564781062478,9273.856,12.45391
1352.0578669937665,9291.078,12.471315
1352.0592558811675,9290.791,12.46385
1352.0606447686853,9291.226,12.47603
1352.0620336560876,9298.759,12.46076
1352.0634225434892,9260.782,12.451731
1352.0648114310072,9268.469,12.455976
1352.0662003184086,9295.191,12.474692
1352.06758920581,9266.82,12.455971
1352.0689780933287,9279.825,12.469023
1352.0703669807303,9271.596,12.456704
1352.071755868132,9291.18,12.464553
1352.0731447555343,9286.293,12.4694
1352.074533643052,9285.131,12.464259
1352.0759225304544,9295.759,12.47657
1352.0773114178558,9277.412,12.455546
1352.0787003052567,9300.708,12.475646
1352.080089192659,9271.9795,12.467823
1352.081478080061,9283.278,12.468113
1352.0828669674618,9266.879,12.458742
1352.0842558548636,9310.667,12.486888
1352.0856447422657,9278.693,12.46188
1352.0870336296673,9251.922,12.453168
1352.0884225170687,9287.665,12.4615135
1352.0898114044703,9293.404,12.469639
1352.091200291872,9256.42,12.45965
1352.0925891792742,9261.595,12.451629
1352.0939780666763,9283.8,12.467642
1352.095366954077,9273.557,12.460001
1352.0967558414786,9285.235,12.468678
1352.0981447288807,9261.947,12.453855
1352.0995336161666,9272.995,12.457323
1352.1009225035682,9275.568,12.468438
1352.102311390969,9281.474,12.465598
1352.1037002783712,9266.903,12.454246
1352.105089165657,9280.301,12.476138
1352.1064780530585,9262.3,12.45566
1352.10786694046,9290.908,12.47279
1352.1092558277453,9296.458,12.470565
1352.1106447151467,9275.371,12.464337
1352.112033602549,9276.591,12.465201
1352.113422489834,9267.484,12.461573
1352.114811377235,9289.6455,12.466469
1352.1162002645208,9275.852,12.46767
1352.117589151923,9280.834,12.466739
1352.1189780392074,9299.989,12.467419
1352.120366926609,9278.533,12.463759
1352.1217558138949,9296.841,12.479272
1352.1231447012972,9281.139,12.463742
1352.1245335885828,9301.053,12.475197
1352.1259224758671,9286.094,12.470197
1352.1273113632687,9272.143,12.456742
1352.1287002505544,9281.609,12.478902
1352.1300891378398,9270.215,12.459834
1352.1314780252412,9286.7,12.463083
1352.1328669125262,9294.131,12.4730625
1352.1342557998116,9303.339,12.475727
1352.1356446870973,9279.251,12.456612
1352.137033574499,9277.263,12.462376
1352.1384224617832,9295.806,12.471049
1352.1398113490689,9273.118,12.460302
1352.1412002363547,9277.4795,12.456921
1352.1439780109251,9302.627,12.478619
1352.14536689821,9285.937,12.471318
1352.146755785496,9257.061,12.451779
1352.1481446727819,9275.902,12.464025
1352.1495335600662,9296.125,12.472815
1352.1509224473514,9279.356,12.467612
1352.1523113346373,9297.025,12.478519
1352.1537002219222,9273.852,12.45659
1352.1550891092081,9285.699,12.472764
1352.156477996493,9303.577,12.472715
1352.1578668837776,9277.518,12.462976
1352.1592557710635,9274.999,12.463152
1352.1606446583494,9268.23,12.462034
1352.1620335456337,9266.679,12.45895
1352.1634224328025,9282.833,12.469768
1352.1648113200881,9285.309,12.464249
1352.1662002073733,9291.343,12.485629
1352.1675890946583,9273.506,12.471775
1352.168977981827,9294.798,12.46819
1352.1703668691127,9287.088,12.472471
1352.1717557563986,9285.113,12.471239
1352.1731446435674,9265.713,12.448747
1352.1745335308526,9278.842,12.463605
1352.1759224180212,9271.531,12.472524
1352.1773113053064,9281.067,12.466749
1352.1787001924756,9281.702,12.459898
1352.1800890797608,9285.648,12.467244
1352.191200177461,9266.7295,12.469277
1352.1925890647462,9298.265,12.481668
1352.193977951915,9289.341,12.470614
1352.1953668390843,9284.771,12.468479
1352.196755726253,9295.351,12.470694
1352.198144613538,9283.474,12.467087
1352.1995335007068,9279.942,12.468111
1352.2009223878756,9281.867,12.471015
1352.202311275045,9290.363,12.471638
1352.2037001622143,9281.691,12.467894
1352.2050890493822,9279.67,12.47154
1352.206477936551,9278.957,12.472141
1352.2078668237202,9274.08,12.471111
1352.2092557108892,9289.385,12.474548
1352.2106445980578,9269.28,12.474118
1352.2120334852264,9284.771,12.468987
1352.2134223723954,9286.401,12.4734335
1352.2148112595646,9293.001,12.4754925
1352.2162001467334,9298.862,12.475365
1352.217589033902,9262.0625,12.46283
1352.2189779210714,9282.508,12.483131
1352.22036680824,9295.284,12.468045
1352.2217556954095,9292.195,12.472179
1352.2231445825782,9279.604,12.468875
1352.2245334696297,9284.435,12.474504
1352.2259223567992,9289.664,12.469792
1352.2273112439686,9281.275,12.482975
1352.2287001311367,9280.39,12.46664
1352.230089018189,9275.658,12.473508
1352.2314779053584,9260.556,12.461693
1352.232866792527,9268.931,12.467072
1352.23425567958,9262.486,12.457162
1352.2356445667485,9283.564,12.469254
1352.2370334538002,9294.154,12.472254
1352.2384223409697,9291.949,12.477619
1352.2398112281392,9289.814,12.474387
1352.2412001151913,9280.157,12.476527
1352.2425890023599,9293.35,12.482976
1352.2439778894125,9274.583,12.468107
1352.2453667765817,9292.028,12.477341
1352.246755663634,9298.563,12.478137
1352.2481445506855,9276.231,12.467135
1352.2495334378548,9274.159,12.464686
1352.2509223249078,9277.357,12.474777
1352.2523112119602,9288.284,12.466632
1352.253700099129,9261.1875,12.46743
1352.2550889861811,9282.226,12.471727
1352.2564778732335,9275.335,12.477644
1352.2578667604027,9277.51,12.46233
1352.2592556474553,9275.454,12.465253
1352.2606445345068,9269.161,12.465124
1352.2620334215596,9260.451,12.457287
1352.2634223086127,9278.955,12.465353
1352.2648111956657,9296.04,12.482957
1352.2662000828343,9297.354,12.478775
1352.267588969886,9283.162,12.473209
1352.268977856939,9280.582,12.474471
1352.270366743992,9278.184,12.471023
1352.2717556310436,9257.627,12.467327
1352.273144518096,9286.399,12.478148
1352.274533405149,9277.071,12.468589
1352.2759222922011,9284.002,12.477846
1352.2773111792533,9287.416,12.466478
1352.2787000663056,9268.647,12.467421
1352.2800889532416,9279.998,12.469354
1352.2814778402947,9293.588,12.475233
1352.2828667273475,9271.246,12.486859
1352.284255614399,9287.01,12.474853
1352.2856445014515,9289.094,12.485801
1352.287033388388,9286.723,12.486485
1352.2884222754408,9286.412,12.467565
1352.2898111624932,9284.268,12.479982
1352.2912000495446,9261.832,12.464291
1352.2925889364813,9272.49,12.467193
1352.2939778235343,9275.735,12.474078
1352.2953667105864,9297.508,12.472215
1352.2967555975226,9265.417,12.4723425
1352.2981444845748,9269.296,12.463971
1352.2995333715105,9264.446,12.462408
1352.3009222585636,9278.539,12.46977
1352.3023111454995,9287.84,12.477497
1352.303700032551,9297.2295,12.483675
1352.3050889194876,9276.726,12.473385
1352.3064778065407,9278.598,12.467159
1352.307866693476,9295.878,12.481145
1352.309255580528,9282.787,12.472697
1352.3106444674647,9290.396,12.475986
1352.3120333544014,9286.684,12.47307
1352.3134222414542,9264.983,12.466739
1352.3148111283892,9283.883,12.47692
1352.3162000153254,9279.989,12.470041
1352.3175889023782,9299.951,12.484807
1352.3189777893142,9288.462,12.478301
1352.32036667625,9288.917,12.47484
1352.3217555631857,9288.502,12.472411
1352.3231444501218,9284.278,12.472213
1352.3245333371747,9265.27,12.468383
1352.325922224111,9274.248,12.469846
1352.3273111110464,9307.057,12.483541
1352.3286999979823,9280.629,12.4863825
1352.3300888849187,9283.276,12.478629
1352.331477771855,9296.982,12.476009
1352.3328666587906,9257.579,12.468032
1352.3342555457264,9294.556,12.478248
1352.335644432663,9271.685,12.468371
1352.3370333195996,9285.256,12.4787
1352.338422206535,9288.315,12.474616
1352.3398110934706,9271.681,12.4747
1352.3411999804073,9251.372,12.461363
1352.3425888672266,9309.179,12.488598
1352.3439777541632,9270.02,12.470253
1352.345366641099,9258.925,12.472178
1352.3467555280342,9275.213,12.46545
1352.3481444149709,9278.155,12.475279
1352.349533301791,9282.844,12.474865
1352.3509221887261,9268.513,12.473408
1352.352311075662,9287.4795,12.476909
1352.3536999624823,9283.293,12.487767
1352.355088849418,9278.873,12.471275
1352.3564777363547,9290.1045,12.475212
1352.357866623174,9278.463,12.472596
1352.35925551011,9274.095,12.468569
1352.36064439693,9265.27,12.46742
1352.362033283866,9279.622,12.47434
1352.3634221706855,9276.557,12.469672
1352.3648110576212,9276.497,12.472002
1352.3661999444407,9252.938,12.46013
1352.3675888313771,9302.8545,12.491121
1352.368977718197,9298.395,12.480219
1352.370366605132,9257.938,12.465379
1352.371755491952,9263.483,12.459594
1352.3731443787722,9270.283,12.468852
1352.3745332657081,9282.51,12.482568
1352.3759221525277,9269.982,12.468426
1352.377311039347,9275.613,12.482897
1352.3786999261663,9258.692,12.461746
1352.380088813103,9297.181,12.482389
1352.3814776999225,9309.465,12.483602
1352.382866586742,9262.06,12.463949
1352.3842554735622,9283.276,12.474278
1352.3856443603815,9283.602,12.483479
1352.3870332472009,9276.759,12.463319
1352.3884221341368,9253.908,12.470267
1352.3898110209564,9302.209,12.483223
1352.3911999077766,9272.451,12.461632
1352.3925887945966,9282.781,12.482225
1352.3939776814152,9269.745,12.471296
1352.395366568235,9280.18,12.474126
1352.396755455055,9276.594,12.475223
1352.3981443418745,9301.375,12.4858
1352.3995332286938,9272.335,12.469535
1352.400922115397,9282.647,12.483785
1352.4023110022165,9275.597,12.470298
1352.4036998890365,9298.801,12.4792385
1352.4050887758565,9275.04,12.476137
1352.4064776626753,9282.651,12.483898
1352.4078665493785,9298.097,12.496716
1352.4092554361985,9275.734,12.466375
1352.4106443230187,9299.033,12.482557
1352.4120332098382,9274.356,12.476946
1352.4134220965404,9287.045,12.477571
1352.4148109833607,9260.69,12.474877
1352.416199870181,9292.032,12.477667
1352.4175887568838,9298.178,12.488594
1352.4189776437033,9282.305,12.480653
1352.4203665304065,9278.73,12.471464
1352.4217554172258,9294.826,12.493922
1352.4231443039296,9259.394,12.464453
1352.424533190749,9289.667,12.486319
1352.4259220774513,9297.23,12.486104
1352.4273109642716,9285.896,12.490688
1352.4286998509754,9282.266,12.473782
1352.430088737794,9288.312,12.483263
1352.4314776244971,9263.869,12.469046
1352.432866511201,9268.234,12.470122
1352.434255398021,9280.58,12.484099
1352.4356442847245,9271.495,12.474895
1352.437033171427,9289.217,12.474226
1352.4384220582465,9269.519,12.466501
1352.43981094495,9274.478,12.484342
1352.4411998316534,9265.408,12.470876
1352.4425887183563,9289.816,12.476886
1352.4439776051756,9281.433,12.476949
1352.4453664918788,9318.608,12.493968
1352.4467553785823,9273.592,12.473419
1352.4481442652861,9275.653,12.472513
1352.4495331519886,9280.555,12.481627
1352.4509220386915,9268.8125,12.469572
1352.4523109253953,9286.63,12.480975
1352.4536998120984,9271.599,12.4735565
1352.4550886988015,9301.657,12.483975
1352.4564775855044,9280.537,12.471972
1352.4578664722083,9292.023,12.481834
1352.459255358912,9310.383,12.486619
1352.4606442456143,9290.372,12.491016
1352.4620331323174,9267.288,12.46989
1352.4634220190212,9300.384,12.478898
1352.4648109056077,9282.911,12.479037
1352.4661997923115,9268.614,12.466448
1352.4675886790144,9280.222,12.475679
1352.4689775657168,9292.832,12.480888
1352.4703664524206,9270.918,12.470591
1352.471755339008,9266.692,12.472897
1352.4731442257103,9278.901,12.468734
1352.4745331124134,9269.496,12.474022
1352.4759219990005,9265.862,12.463985
1352.4773108857037,9256.863,12.461767
1352.4786997724075,9285.106,12.477116
1352.480088658994,9294.51,12.484571
1352.4814775456969,9264.071,12.463454
1352.4828664322843,9260.506,12.466075
1352.4842553189874,9274.906,12.475719
1352.485644205574,9278.274,12.470722
1352.487033092277,9278.889,12.475801
1352.4884219788635,9288.441,12.477382
1352.4898108655673,9273.303,12.473259
1352.491199752154,9253.526,12.469278
1352.4925886387398,9292.614,12.484159
1352.4939775254436,9275.79,12.4701
1352.495366412031,9299.028,12.484622
1352.4967552986175,9285.652,12.481031
1352.4981441853208,9264.192,12.473013
1352.4995330719073,9268.493,12.472706
1352.5009219584938,9261.81,12.483012
1352.5023108450812,9278.522,12.483071
1352.503699731784,9281.829,12.477423
1352.505088618371,9287.159,12.48319
1352.5064775049582,9287.455,12.4862585
1352.507866391545,9297.19,12.485318
1352.5092552781323,9284.115,12.479692
1352.5106441647188,9285.522,12.482676
1352.5120330513048,9280.673,12.473423
1352.5134219378922,9287.896,12.489634
1352.5148108244794,9270.951,12.47032
1352.5161997110652,9283.886,12.481421
1352.5175885976519,9274.816,12.482914
1352.518977484239,9271.044,12.4739
1352.520366370826,9300.636,12.490729
1352.5217552574125,9272.411,12.470324
1352.523144143999,9277.063,12.476164
1352.5245330305859,9276.08,12.483523
1352.525921917173,9289.653,12.47685
1352.5273108036438,9298.878,12.4800625
1352.5286996902307,9267.969,12.4731
1352.5300885768172,9297.924,12.483272
1352.5314774634037,9282.533,12.481312
1352.5328663498747,9268.422,12.480837
1352.5342552364611,9289.319,12.482926
1352.5356441230472,9278.561,12.474986
1352.5370330096346,9271.556,12.47285
1352.5384218961055,9294.784,12.482603
1352.539810782692,9277.111,12.476138
1352.5411996691623,9273.579,12.484461
1352.542588555749,9283.1455,12.503053
1352.543977442219,9283.683,12.481937
1352.5453663288065,9277.8,12.479411
1352.5467552152766,9284.955,12.486618
1352.5481441018626,9284.13,12.479057
1352.5495329883336,9286.316,12.482762
1352.550921874921,9280.542,12.483252
1352.552310761391,9297.881,12.492003
1352.5536996479775,9272.883,12.480306
1352.555088534448,9282.509,12.486681
1352.5564774209188,9275.024,12.477141
1352.557866307506,9277.168,12.4803
1352.5592551939756,9291.097,12.481461
1352.5606440804456,9283.515,12.48877
1352.5620329669166,9284.375,12.471257
1352.5634218535033,9297.649,12.480759
1352.5648107399736,9292.467,12.48166
1352.5661996264437,9285.591,12.482062
1352.567588512914,9285.096,12.479471
1352.5689773993847,9278.864,12.481181
1352.570366285972,9279.997,12.4784565
1352.5717551724417,9286.58,12.479244
1352.5731440589118,9284.455,12.479357
1352.5745329453828,9266.496,12.470286
1352.5759218318537,9282.522,12.48045
1352.5773107183238,9282.41,12.480064
1352.5786996047934,9278.847,12.478274
1352.5800884912644,9261.001,12.467371
1352.5814773777354,9268.99,12.475612
1352.5828662642054,9274.008,12.46839
1352.5842551506755,9283.381,12.486637
1352.5856440370294,9294.379,12.481602
1352.5870329234997,9275.798,12.472854
1352.5884218099707,9284.801,12.479698
1352.5898106964407,9287.789,12.477316
1352.5911995829103,9266.208,12.470579
1352.592588469265,9286.812,12.478301
1352.5939773557357,9277.139,12.474307
1352.595366242205,9272.192,12.485053
1352.5967551286756,9296.034,12.483952
1352.59814401503,9267.185,12.472515
1352.5995329015007,9275.163,12.471098
1352.6009217879716,9278.851,12.488547
1352.6023106743248,9294.676,12.491093
1352.603699560795,9286.264,12.481223
1352.6050884471495,9286.359,12.479681
1352.6064773336195,9272.127,12.471213
1352.6078662199736,9278.399,12.476438
1352.6092551064437,9285.592,12.482737
1352.6106439927973,9289.791,12.492178
1352.6120328792683,9284.221,12.480263
1352.613421765623,9284.728,12.489293
1352.6148106520925,9269.599,12.4754925
1352.6161995384462,9279.674,12.473579
1352.6175884249171,9288.494,12.48296
1352.6189773112708,9295.712,12.4878645
1352.6203661976247,9273.5205,12.482301
1352.621755084095,9282.052,12.480297
1352.6231439704495,9295.656,12.483882
1352.6245328568039,9295.736,12.483765
1352.6259217431568,9284.4375,12.48185
1352.6273106296273,9273.74,12.474167
1352.6286995159817,9282.193,12.479618
1352.6300884023356,9308.595,12.489318
1352.63147728869,9271.606,12.47979
1352.6328661750438,9309.304,12.491919
1352.634255061397,9285.633,12.478287
1352.6356439477513,9273.313,12.482601
1352.637032834222,9271.332,12.48617
1352.6384217205753,9277.788,12.476578
1352.6398106069291,9274.7295,12.474537
1352.6411994932835,9277.834,12.475935
1352.6425883796373,9276.524,12.482292
1352.6439772659917,9272.39,12.474412
1352.6453661523458,9268.127,12.477549
1352.646755038583,9268.916,12.482142
1352.6481439249376,9313.089,12.502741
1352.6495328112912,9274.552,12.477816
1352.6509216976451,9283.119,12.483685
1352.652310583999,9278.503,12.478601
1352.6536994703526,9284.314,12.482207
1352.6550883567072,9282.895,12.480431
1352.6564772429454,9263.703,12.47546
1352.6578661292983,9260.041,12.474289
1352.6592550156522,9269.252,12.480752
1352.6606439020068,9305.914,12.501727
1352.662032788244,9282.423,12.487275
1352.6634216745977,9281.886,12.478915
1352.6648105609518,9259.091,12.481975
1352.666199447189,9271.85,12.474704
1352.6675883335436,9272.013,12.476507
1352.6689772197808,9257.026,12.478535
1352.6703661061345,9264.936,12.472479
1352.6717549923726,9278.627,12.4857435
1352.6731438787265,9266.01,12.476128
1352.6745327649644,9289.434,12.480357
1352.6759216513185,9291.451,12.488277
1352.677310537555,9266.335,12.48166
1352.6786994239094,9271.966,12.481949
1352.6800883101475,9308.153,12.489674
1352.6814771965007,9278.891,12.4814415
1352.682866082738,9284.979,12.482809
1352.6842549689761,9291.32,12.488083
1352.6856438553298,9269.974,12.479262
1352.687032741568,9272.106,12.474156
1352.6884216278054,9279.4795,12.487464
1352.6898105141584,9287.413,12.486671
1352.6925882866346,9283.388,12.473446
1352.6939771728719,9281.35,12.480172
1352.695366059226,9275.173,12.478719
1352.6967549454632,9281.407,12.476783
1352.6981438317014,9281.281,12.477857
1352.6995327179395,9302.293,12.491367
1352.700921604176,9273.037,12.476738
1352.7023104904135,9290.58,12.492686
1352.7036993766515,9291.579,12.490346
1352.705088262889,9288.444,12.484142
1352.7064771491262,9289.816,12.488489
1352.7078660353636,9273.515,12.478878
1352.709254921601,9278.41,12.4890785
1352.7106438078392,9276.473,12.479863
1352.7120326940765,9283.212,12.485553
1352.7134215803133,9272.975,12.480808
1352.7148104665512,9282.316,12.499836
1352.716199352789,9301.008,12.4887705
1352.7175882390268,9283.23,12.484371
1352.718977125264,9291.079,12.493527
1352.7203660115013,9275.129,12.481853
1352.721754897623,9270.852,12.481583
1352.7231437838611,9273.977,12.481667
1352.724532670098,9282.535,12.484872
1352.7259215563352,9262.839,12.476607
1352.7273104424569,9273.89,12.482496
1352.7286993286941,9290.753,12.486649
1352.7300882149323,9278.654,12.482659
1352.7314771011695,9295.015,12.494377
1352.7328659872899,9263.403,12.477745
1352.734254873528,9272.192,12.484641
1352.7356437596497,9282.101,12.484601
1352.7370326458865,9292.619,12.48192
1352.7384215321238,9289.468,12.497703
1352.7398104182455,9276.299,12.499895
1352.7411993044827,9274.872,12.477158
1352.7425881906036,9267.809,12.476689
1352.7439770768412,9283.231,12.484167
1352.7453659629628,9302.3955,12.497814
1352.7467548492007,9302.784,12.486878
1352.748143735322,9291.117,12.48872
1352.7495326215592,9297.993,12.487935
1352.75092150768,9283.902,12.485688
1352.7523103938013,9291.9,12.489945
1352.7536992800392,9266.844,12.478337
1352.7550881661602,9297.155,12.490838
1352.7564770522804,9295.2705,12.50119
1352.7578659385183,9287.298,12.482849
1352.75925482464,9288.612,12.488248
1352.760643710761,9290.97,12.493481
1352.7620325968821,9280.224,12.487139
1352.7634214831194,9283.202,12.486537
1352.7648103692404,9280.191,12.485625
1352.766199255362,9296.813,12.4901905
1352.767588141483,9280.451,12.489285
1352.768977027604,9298.306,12.491775
1352.7703659138422,9276.479,12.4952345
1352.771754799963,9277.823,12.476891
1352.7731436860847,9258.303,12.472083
1352.7745325722055,9292.917,12.488646
1352.775921458326,9294.119,12.494204
1352.7773103444476,9271.544,12.478621
1352.7786992305694,9261.262,12.476139
1352.7800881166895,9292.706,12.489441
1352.7814770028106,9251.587,12.479698
1352.782865888932,9286.892,12.484225
1352.7842547750531,9285.846,12.495422
1352.785643661174,9302.442,12.495149
1352.787032547295,9270.855,12.481623
1352.788421433416,9287.056,12.494193
1352.7898103195378,9291.563,12.490845
1352.7911992055429,9297.001,12.496375
1352.792588091664,9285.186,12.491081
1352.7939769777847,9280.851,12.48187
1352.7953658639058,9285.373,12.486253
1352.7967547500273,9277.232,12.489496
1352.7981436361483,9312.513,12.503104
1352.799532522152,9272.871,12.488815
1352.8009214082738,9289.611,12.490061
1352.8023102943955,9275.549,12.486831
1352.8036991804,9255.137,12.483023
1352.8050880665212,9297.987,12.486992
1352.806476952642,9277.204,12.484355
1352.8078658386464,9257.552,12.477896
1352.8092547247682,9274.3955,12.485987
1352.8106436108892,9260.961,12.47925
1352.812032496893,9284.147,12.487637
1352.8134213830147,9284.03,12.486796
1352.81481026902,9266.421,12.481026
1352.8161991551417,9296.696,12.492664
1352.8175880412625,9284.0,12.492441
1352.8189769272665,9279.638,12.488881
1352.8203658133882,9299.758,12.497092
1352.8217546993933,9292.625,12.498689
1352.823143585397,9270.594,12.479253
1352.8245324715183,9268.299,12.484931
1352.8259213575234,9298.488,12.497977
1352.8273102436444,9280.869,12.491529
1352.8286991296495,9302.587,12.492584
1352.8300880157706,9282.848,12.485848
1352.8314769017745,9266.141,12.487593
1352.8328657877796,9293.349,12.493315
1352.8342546739011,9277.228,12.4871235
1352.835643559905,9280.0205,12.486297
1352.8370324459097,9288.766,12.494633
1352.8384213319148,9271.802,12.476605
1352.8398102180365,9278.243,12.486733
1352.8411991040412,9281.484,12.489204
1352.8425879900449,9265.843,12.481782
1352.8439768760502,9264.704,12.481786
1352.845365762172,9296.49,12.495335
1352.8467546481763,9279.523,12.487615
1352.848143534181,9273.604,12.488874
1352.8495324201856,9284.275,12.488219
1352.85092130619,9273.411,12.485431
1352.8523101921953,9312.925,12.510908
1352.8536990781997,9296.383,12.4902935
1352.85508796432,9265.364,12.481863
1352.8564768503254,9301.629,12.497655
1352.8578657363307,9287.599,12.490345
1352.8592546223351,9286.043,12.491025
1352.8606435083395,9275.133,12.4914665
1352.8620323943444,9269.907,12.488359
1352.8634212803495,9288.066,12.489326
1352.8648101663546,9288.027,12.490815
1352.8661990523585,9291.432,12.501073
1352.867587938363,9277.865,12.4886675
1352.8689768243682,9279.398,12.492719
1352.8703657102565,9288.294,12.491921
1352.8717545962616,9270.435,12.484308
1352.8731434822664,9293.562,12.491662
1352.8745323682701,9288.268,12.492431
1352.8759212542752,9279.996,12.485446
1352.8773101402805,9292.843,12.48833
1352.8786990262845,9280.4,12.490582
1352.8800879121725,9277.564,12.490319
1352.8814767981778,9259.442,12.489383
1352.8828656841822,9280.42,12.493311
1352.884254570187,9263.35,12.487114
1352.8856434561915,9276.721,12.4901905
1352.8870323420804,9277.22,12.493662
1352.8884212280857,9285.28,12.5087185
1352.88981011409,9268.775,12.482733
1352.891198999978,9292.781,12.497103
1352.892587885983,9285.487,12.493297
1352.8939767719874,9285.652,12.491514
1352.8953656578763,9260.441,12.48647
1352.8967545438807,9273.24,12.493073
1352.8981434298846,9283.178,12.496045
1352.8995323157735,9290.817,12.502553
1352.9009212017786,9289.494,12.496694
1352.9023100876668,9281.192,12.493274
1352.9036989736712,9288.345,12.508021
1352.9050878596759,9261.478,12.479418
1352.906476745564,9272.005,12.48974
1352.9078656315694,9292.3,12.493237
1352.9092545174574,9247.929,12.478292
1352.9106434034618,9309.908,12.498819
1352.9120322893507,9288.837,12.498415
1352.913421175355,9282.806,12.489587
1352.914810061244,9274.751,12.488197
1352.9161989472486,9293.33,12.495474
1352.917587833136,9297.298,12.500093
1352.9189767190248,9278.257,12.499673
1352.9203656050302,9280.996,12.491473
1352.9217544909177,9276.102,12.493516
1352.923143376922,9259.873,12.482274
1352.924532262811,9298.545,12.505937
1352.925921148699,9291.245,12.494757
1352.9273100347043,9280.656,12.487201
1352.9286989205923,9314.792,12.516092
1352.9300878064798,9260.642,12.493123
1352.9314766924851,9276.58,12.486593
1352.932865578374,9283.103,12.498953
1352.934254464262,9279.4,12.488203
1352.9356433501503,9279.622,12.495133
1352.937032236155,9283.733,12.498281
1352.9384211220438,9266.016,12.493356
1352.9398100079318,9291.009,12.502301
1352.9411988938193,9274.881,12.492148
1352.9425877798244,9262.152,12.48056
1352.943976665713,9289.767,12.500836
1352.9453655516015,9290.01,12.496762
1352.9467544374895,9276.943,12.491559
1352.9481433233775,9275.047,12.485487
1352.9495322093824,9261.911,12.489123
1352.950921095271,9283.694,12.492987
1352.9523099811593,9270.387,12.491153
1352.9536988670466,9277.796,12.49361
1352.9550877529352,9279.739,12.490706
1352.9564766388241,9273.322,12.495829
1352.957865524713,9264.916,12.481685
1352.959254410601,9276.826,12.509437
1352.9606432964886,9281.596,12.501371
1352.9620321824939,9298.6045,12.501576
1352.9634210683828,9281.848,12.502197
1352.96480995427,9282.492,12.493503
1352.9661988401583,9278.831,12.49733
1352.9675877260472,9272.786,12.488457
1352.9689766119352,9264.518,12.480786
1352.970365497824,9290.692,12.501773
1352.971754383712,9261.82,12.48887
1352.9731432695996,9291.391,12.500782
1352.9745321554885,9277.926,12.492382
1352.9759210413774,9282.557,12.493105
1352.9773099271483,9260.855,12.491666
1352.9786988130365,9287.118,12.497682
1352.9800876989252,9278.636,12.496636
1352.981476584814,9259.059,12.486101
1352.9828654707028,9285.693,12.494981
1352.9842543565903,9298.207,12.498852
1352.9856432424783,9268.645,12.49444
1352.9870321283672,9278.037,12.49569
1352.9884210142554,9303.495,12.513173
1352.9898099001437,9281.182,12.493632
1352.9911987859152,9257.787,12.489918
1352.9925876718034,9292.801,12.504565
1352.9939765576921,9273.077,12.491777
1352.9953654435803,9277.057,12.491275
1352.9967543294676,9283.851,12.497233
1352.9981432153565,9297.826,12.507101
1352.999532101129,9277.593,12.503348
1353.000920987017,9271.648,12.49099
1353.0023098729055,9274.65,12.498182
1353.0036987587935,9256.981,12.48192
1353.0050876446824,9253.936,12.484822
1353.0064765304548,9262.533,12.489267
1353.0078654163422,9287.807,12.497516
1353.0092543022304,9280.231,12.493605
1353.010643188119,9275.602,12.497384
1353.0120320738909,9256.529,12.483811
1353.0134209597798,9267.474,12.494611
1353.0148098456677,9295.199,12.5037365
1353.0161987314389,9273.093,12.494525
1353.0175876173278,9292.547,12.506933
1353.0189765032164,9272.682,12.494725
1353.0203653891037,9301.751,12.522435
1353.0217542748758,9273.948,12.488507
1353.0231431607644,9266.551,12.499163
1353.0245320466527,9297.778,12.50723
1353.025920932425,9278.678,12.516111
1353.0273098183131,9293.713,12.498285
1353.0286987040843,9282.976,12.501923
1353.030087589973,9273.264,12.496801
1353.0314764758616,9288.009,12.502656
1353.0328653616336,9297.901,12.509819
1353.0342542475216,9273.799,12.502994
1353.0356431334096,9269.702,12.501826
1353.037032019182,9277.922,12.491804
1353.038420905071,9283.344,12.505184
1353.0398097908421,9282.885,12.507403
1353.0411986767301,9264.684,12.503967
1353.042587562619,9264.877,12.485968
1353.0439764483906,9253.962,12.489697
1353.0453653342788,9268.902,12.49751
1353.0467542200506,9268.207,12.492853
1353.0481431059386,9294.478,12.508747
1353.0495319918275,9253.947,12.500377
1353.050920877599,9290.038,12.504671
1353.0523097634866,9269.35,12.496672
1353.053698649259,9286.064,12.496399
1353.055087535148,9273.74,12.506863
1353.0564764209203,9267.887,12.496722
1353.0578653068085,9276.342,12.502189
1353.0592541925796,9270.753,12.495129
1353.0606430784683,9288.273,12.506636
1353.0620319642405,9266.879,12.50231
1353.063420850128,9271.787,12.501696
1353.0648097358996,9276.161,12.495112
1353.0661986217885,9252.474,12.486488
1353.0675875075603,9266.411,12.51093
1353.068976393449,9284.039,12.507886
1353.070365279221,9263.806,12.498745
1353.0717541651084,9275.822,12.495666
1353.0731430508806,9313.382,12.519585
1353.0745319367695,9300.944,12.506118
1353.0759208225406,9256.456,12.499464
1353.0773097084286,9276.882,12.498204
1353.0786985942011,9263.288,12.496971
1353.08008748009,9267.732,12.493322
1353.0828652517498,9271.965,12.496532
1353.0842541375216,9293.506,12.5126915
1353.0856430234105,9282.489,12.502789
1353.087031909182,9286.714,12.511448
1353.08842079507,9283.651,12.502489
1353.089809680842,9256.651,12.494971
1353.09119856673,9262.153,12.503871
1353.0925874525026,9263.299,12.495407
1353.0939763383915,9284.685,12.508291
1353.0953652241624,9296.748,12.511803
1353.0967541100506,9264.115,12.502103
1353.0995318815947,9276.09,12.51123
1353.1009207674826,9276.899,12.499664
1353.1023096532545,9282.696,12.509089
1353.1036985391431,9283.128,12.506012
1353.1050874249156,9299.242,12.516889
1353.1064763108038,9282.776,12.510481
1353.1078651965756,9290.23,12.508023
1353.1092540824636,9281.872,12.504889
1353.1106429682352,9268.808,12.496735
1353.112031854124,9286.192,12.510288
1353.113420739896,9270.69,12.511345
1353.1148096257832,9258.788,12.497697
1353.1161985115557,9271.216,12.498149
1353.1175873973282,9276.235,12.509428
1353.1189762832157,9286.456,12.504971
1353.1203651689873,9265.431,12.5006895
1353.1217540548762,9248.765,12.495577
1353.1231429406478,9282.159,12.503086
1353.1245318265367,9270.9,12.494178
1353.1259207123082,9285.571,12.508369
1353.1273095981967,9270.517,12.506034
1353.128698483969,9300.558,12.512987
1353.1300873698572,9278.618,12.500137
1353.1314762556287,9267.145,12.503062
1353.1328651414005,9303.976,12.519608
1353.1342540272888,9277.392,12.518915
1353.1356429130612,9272.399,12.500298
1353.13703179895,9284.372,12.506464
1353.1384206847208,9285.131,12.517274
1353.139809570609,9253.563,12.491401
1353.1411984563813,9272.9375,12.503285
1353.1425873422697,9275.473,12.499191
1353.1439762280413,9276.142,12.505377
1353.1453651139293,9261.359,12.495966
1353.1467539997013,9295.776,12.524969
1353.14814288559,9286.895,12.505625
1353.1495317713623,9276.484,12.511625
1353.1509206572505,9287.201,12.5132885
1353.1523095430223,9284.302,12.50674
1353.1536984289103,9297.718,12.510653
1353.1550873146828,9269.357,12.4991865
1353.1564762005708,9271.799,12.505601
1353.1578650863419,9278.859,12.514533
1353.1592539722308,9298.678,12.520291
1353.1606428580033,9262.758,12.50284
1353.1620317438912,9269.66,12.503788
1353.163420629663,9300.301,12.514041
1353.1648095155513,9258.229,12.496056
1353.1661984014393,9297.981,12.518841
1353.1675872872117,9296.423,12.513947
1353.1689761730997,9279.233,12.503141
1353.1703650588709,9272.77,12.508374
1353.1717539447598,9302.339,12.525447
1353.1731428305322,9267.823,12.4993305
1353.174531716421,9261.901,12.50298
1353.1759206023091,9273.839,12.504125
1353.17730948808,9277.011,12.505092
